client_id,cutoff_date,target_next_recurring_merchant
C000001,2026-01-01,streaming
C000005,2026-01-01,mobile
C000007,2026-01-01,cloud
C000009,2026-01-01,streaming
C000012,2026-01-01,software
C000014,2026-01-01,cloud
C000015,2026-01-01,none
C000016,2026-01-01,insurance
C000017,2026-01-01,mobile
C000021,2026-01-01,mobile
C000022,2026-01-01,none
C000024,2026-01-01,gym
C000025,2026-01-01,cloud
C000026,2026-01-01,software
C000027,2026-01-01,music
C000028,2026-01-01,cloud
C000029,2026-01-01,music
C000030,2026-01-01,none
C000033,2026-01-01,none
C000035,2026-01-01,mobile
C000038,2026-01-01,none
C000039,2026-01-01,music
C000040,2026-01-01,cloud
C000041,2026-01-01,insurance
C000043,2026-01-01,none
C000044,2026-01-01,none
C000047,2026-01-01,music
C000053,2026-01-01,gym
C000055,2026-01-01,none
C000060,2026-01-01,insurance
C000062,2026-01-01,none
C000063,2026-01-01,insurance
C000064,2026-01-01,software
C000066,2026-01-01,software
C000069,2026-01-01,none
C000072,2026-01-01,gym
C000073,2026-01-01,none
C000077,2026-01-01,none
C000078,2026-01-01,insurance
C000079,2026-01-01,software
C000080,2026-01-01,none
C000084,2026-01-01,none
C000085,2026-01-01,insurance
C000088,2026-01-01,insurance
C000093,2026-01-01,none
C000094,2026-01-01,cloud
C000095,2026-01-01,software
C000100,2026-01-01,gym
C000101,2026-01-01,none
C000102,2026-01-01,software
C000103,2026-01-01,insurance
C000104,2026-01-01,insurance
C000105,2026-01-01,streaming
C000106,2026-01-01,streaming
C000109,2026-01-01,cloud
C000110,2026-01-01,mobile
C000111,2026-01-01,streaming
C000113,2026-01-01,none
C000115,2026-01-01,none
C000116,2026-01-01,insurance
C000117,2026-01-01,gym
C000119,2026-01-01,streaming
C000120,2026-01-01,gym
C000122,2026-01-01,cloud
C000127,2026-01-01,none
C000128,2026-01-01,mobile
C000129,2026-01-01,software
C000130,2026-01-01,none
C000132,2026-01-01,mobile
C000134,2026-01-01,streaming
C000135,2026-01-01,none
C000136,2026-01-01,none
C000137,2026-01-01,streaming
C000140,2026-01-01,none
C000142,2026-01-01,mobile
C000144,2026-01-01,software
C000148,2026-01-01,streaming
C000149,2026-01-01,streaming
C000150,2026-01-01,software
C000152,2026-01-01,cloud
C000153,2026-01-01,mobile
C000155,2026-01-01,none
C000157,2026-01-01,none
C000159,2026-01-01,insurance
C000160,2026-01-01,cloud
C000162,2026-01-01,none
C000164,2026-01-01,music
C000168,2026-01-01,none
C000169,2026-01-01,none
C000171,2026-01-01,streaming
C000172,2026-01-01,music
C000173,2026-01-01,mobile
C000174,2026-01-01,none
C000175,2026-01-01,insurance
C000177,2026-01-01,mobile
C000179,2026-01-01,music
C000181,2026-01-01,music
C000183,2026-01-01,streaming
C000185,2026-01-01,none
C000187,2026-01-01,insurance
C000189,2026-01-01,software
C000190,2026-01-01,software
C000191,2026-01-01,streaming
C000192,2026-01-01,music
C000196,2026-01-01,cloud
C000197,2026-01-01,music
C000198,2026-01-01,none
C000201,2026-01-01,gym
C000202,2026-01-01,gym
C000203,2026-01-01,gym
C000205,2026-01-01,none
C000206,2026-01-01,music
C000207,2026-01-01,cloud
C000210,2026-01-01,insurance
C000212,2026-01-01,cloud
C000214,2026-01-01,none
C000218,2026-01-01,music
C000219,2026-01-01,gym
C000222,2026-01-01,none
C000223,2026-01-01,cloud
C000226,2026-01-01,insurance
C000228,2026-01-01,insurance
C000230,2026-01-01,insurance
C000233,2026-01-01,music
C000234,2026-01-01,music
C000235,2026-01-01,mobile
C000236,2026-01-01,mobile
C000237,2026-01-01,cloud
C000238,2026-01-01,gym
C000239,2026-01-01,software
C000240,2026-01-01,none
C000242,2026-01-01,mobile
C000245,2026-01-01,none
C000246,2026-01-01,cloud
C000248,2026-01-01,insurance
C000249,2026-01-01,none
C000250,2026-01-01,cloud
C000252,2026-01-01,none
C000254,2026-01-01,streaming
C000257,2026-01-01,cloud
C000259,2026-01-01,music
C000261,2026-01-01,none
C000262,2026-01-01,streaming
C000263,2026-01-01,cloud
C000264,2026-01-01,gym
C000265,2026-01-01,cloud
C000270,2026-01-01,none
C000271,2026-01-01,gym
C000272,2026-01-01,gym
C000274,2026-01-01,cloud
C000275,2026-01-01,cloud
C000276,2026-01-01,mobile
C000281,2026-01-01,insurance
C000283,2026-01-01,streaming
C000284,2026-01-01,software
C000285,2026-01-01,none
C000286,2026-01-01,music
C000290,2026-01-01,mobile
C000292,2026-01-01,none
C000295,2026-01-01,none
C000296,2026-01-01,music
C000297,2026-01-01,none
C000302,2026-01-01,none
C000306,2026-01-01,mobile
C000310,2026-01-01,none
C000311,2026-01-01,none
C000313,2026-01-01,cloud
C000319,2026-01-01,mobile
C000322,2026-01-01,music
C000323,2026-01-01,insurance
C000324,2026-01-01,none
C000326,2026-01-01,none
C000330,2026-01-01,gym
C000332,2026-01-01,none
C000336,2026-01-01,insurance
C000338,2026-01-01,none
C000339,2026-01-01,software
C000342,2026-01-01,software
C000343,2026-01-01,cloud
C000348,2026-01-01,music
C000350,2026-01-01,music
C000351,2026-01-01,software
C000352,2026-01-01,streaming
C000353,2026-01-01,mobile
C000356,2026-01-01,mobile
C000358,2026-01-01,none
C000361,2026-01-01,software
C000363,2026-01-01,software
C000364,2026-01-01,none
C000369,2026-01-01,none
C000372,2026-01-01,streaming
C000375,2026-01-01,software
C000376,2026-01-01,none
C000381,2026-01-01,mobile
C000382,2026-01-01,music
C000387,2026-01-01,none
C000388,2026-01-01,none
C000389,2026-01-01,none
C000390,2026-01-01,streaming
C000392,2026-01-01,streaming
C000394,2026-01-01,none
C000400,2026-01-01,none
C000401,2026-01-01,none
C000403,2026-01-01,insurance
C000406,2026-01-01,streaming
C000407,2026-01-01,streaming
C000408,2026-01-01,none
C000410,2026-01-01,mobile
C000414,2026-01-01,mobile
C000417,2026-01-01,none
C000418,2026-01-01,none
C000420,2026-01-01,gym
C000422,2026-01-01,none
C000424,2026-01-01,software
C000425,2026-01-01,streaming
C000426,2026-01-01,gym
C000427,2026-01-01,none
C000428,2026-01-01,none
C000431,2026-01-01,gym
C000433,2026-01-01,insurance
C000434,2026-01-01,none
C000436,2026-01-01,cloud
C000437,2026-01-01,none
C000438,2026-01-01,gym
C000443,2026-01-01,insurance
C000445,2026-01-01,none
C000446,2026-01-01,insurance
C000447,2026-01-01,insurance
C000448,2026-01-01,music
C000452,2026-01-01,gym
C000453,2026-01-01,streaming
C000454,2026-01-01,software
C000455,2026-01-01,cloud
C000456,2026-01-01,streaming
C000457,2026-01-01,insurance
C000458,2026-01-01,insurance
C000461,2026-01-01,insurance
C000462,2026-01-01,streaming
C000464,2026-01-01,none
C000465,2026-01-01,insurance
C000468,2026-01-01,insurance
C000469,2026-01-01,insurance
C000470,2026-01-01,streaming
C000471,2026-01-01,software
C000472,2026-01-01,gym
C000473,2026-01-01,gym
C000475,2026-01-01,mobile
C000477,2026-01-01,streaming
C000481,2026-01-01,gym
C000482,2026-01-01,streaming
C000484,2026-01-01,none
C000492,2026-01-01,none
C000493,2026-01-01,music
C000497,2026-01-01,none
C000498,2026-01-01,cloud
C000502,2026-01-01,insurance
C000503,2026-01-01,none
C000504,2026-01-01,music
C000506,2026-01-01,software
C000508,2026-01-01,none
C000509,2026-01-01,streaming
C000511,2026-01-01,software
C000512,2026-01-01,gym
C000513,2026-01-01,none
C000516,2026-01-01,streaming
C000518,2026-01-01,cloud
C000521,2026-01-01,music
C000523,2026-01-01,cloud
C000526,2026-01-01,none
C000529,2026-01-01,none
C000531,2026-01-01,gym
C000532,2026-01-01,mobile
C000534,2026-01-01,insurance
C000536,2026-01-01,insurance
C000539,2026-01-01,none
C000540,2026-01-01,none
C000543,2026-01-01,gym
C000544,2026-01-01,none
C000548,2026-01-01,none
C000549,2026-01-01,music
C000550,2026-01-01,none
C000551,2026-01-01,mobile
C000552,2026-01-01,none
C000555,2026-01-01,cloud
C000556,2026-01-01,insurance
C000557,2026-01-01,software
C000558,2026-01-01,none
C000559,2026-01-01,mobile
C000561,2026-01-01,none
C000563,2026-01-01,mobile
C000564,2026-01-01,music
C000567,2026-01-01,cloud
C000579,2026-01-01,gym
C000580,2026-01-01,cloud
C000586,2026-01-01,streaming
C000587,2026-01-01,gym
C000588,2026-01-01,cloud
C000592,2026-01-01,music
C000596,2026-01-01,cloud
C000597,2026-01-01,cloud
C000599,2026-01-01,insurance
C000600,2026-01-01,streaming
C000602,2026-01-01,none
C000605,2026-01-01,mobile
C000606,2026-01-01,streaming
C000607,2026-01-01,cloud
C000609,2026-01-01,cloud
C000612,2026-01-01,gym
C000615,2026-01-01,streaming
C000617,2026-01-01,none
C000618,2026-01-01,software
C000620,2026-01-01,streaming
C000621,2026-01-01,streaming
C000622,2026-01-01,music
C000624,2026-01-01,none
C000626,2026-01-01,streaming
C000627,2026-01-01,none
C000629,2026-01-01,cloud
C000630,2026-01-01,streaming
C000633,2026-01-01,gym
C000636,2026-01-01,insurance
C000638,2026-01-01,gym
C000639,2026-01-01,none
C000640,2026-01-01,insurance
C000641,2026-01-01,music
C000644,2026-01-01,music
C000645,2026-01-01,insurance
C000647,2026-01-01,mobile
C000648,2026-01-01,music
C000649,2026-01-01,mobile
C000651,2026-01-01,streaming
C000652,2026-01-01,streaming
C000657,2026-01-01,streaming
C000660,2026-01-01,none
C000665,2026-01-01,software
C000666,2026-01-01,gym
C000667,2026-01-01,cloud
C000668,2026-01-01,music
C000669,2026-01-01,music
C000670,2026-01-01,streaming
C000672,2026-01-01,cloud
C000675,2026-01-01,none
C000677,2026-01-01,none
C000678,2026-01-01,mobile
C000679,2026-01-01,streaming
C000680,2026-01-01,gym
C000681,2026-01-01,none
C000682,2026-01-01,cloud
C000683,2026-01-01,gym
C000684,2026-01-01,mobile
C000694,2026-01-01,none
C000696,2026-01-01,mobile
C000699,2026-01-01,streaming
C000700,2026-01-01,music
C000701,2026-01-01,music
C000702,2026-01-01,none
C000705,2026-01-01,streaming
C000707,2026-01-01,software
C000709,2026-01-01,insurance
C000712,2026-01-01,cloud
C000713,2026-01-01,mobile
C000717,2026-01-01,none
C000721,2026-01-01,none
C000725,2026-01-01,software
C000728,2026-01-01,insurance
C000732,2026-01-01,none
C000734,2026-01-01,streaming
C000735,2026-01-01,insurance
C000737,2026-01-01,software
C000738,2026-01-01,none
C000743,2026-01-01,none
C000746,2026-01-01,none
C000747,2026-01-01,insurance
C000749,2026-01-01,insurance
C000750,2026-01-01,none
C000756,2026-01-01,music
C000758,2026-01-01,none
C000761,2026-01-01,cloud
C000763,2026-01-01,cloud
C000764,2026-01-01,insurance
C000766,2026-01-01,none
C000769,2026-01-01,none
C000771,2026-01-01,streaming
C000772,2026-01-01,insurance
C000775,2026-01-01,software
C000776,2026-01-01,none
C000778,2026-01-01,cloud
C000781,2026-01-01,mobile
C000783,2026-01-01,streaming
C000787,2026-01-01,music
C000792,2026-01-01,none
C000793,2026-01-01,streaming
C000794,2026-01-01,gym
C000799,2026-01-01,insurance
C000800,2026-01-01,streaming
C000805,2026-01-01,music
C000807,2026-01-01,none
C000808,2026-01-01,none
C000815,2026-01-01,none
C000819,2026-01-01,insurance
C000821,2026-01-01,mobile
C000822,2026-01-01,none
C000823,2026-01-01,cloud
C000826,2026-01-01,cloud
C000827,2026-01-01,none
C000829,2026-01-01,none
C000831,2026-01-01,insurance
C000832,2026-01-01,none
C000835,2026-01-01,cloud
C000836,2026-01-01,cloud
C000837,2026-01-01,software
C000840,2026-01-01,music
C000841,2026-01-01,gym
C000842,2026-01-01,mobile
C000843,2026-01-01,music
C000844,2026-01-01,mobile
C000850,2026-01-01,mobile
C000851,2026-01-01,gym
C000854,2026-01-01,gym
C000856,2026-01-01,none
C000857,2026-01-01,streaming
C000858,2026-01-01,cloud
C000859,2026-01-01,insurance
C000862,2026-01-01,none
C000865,2026-01-01,none
C000868,2026-01-01,software
C000873,2026-01-01,streaming
C000874,2026-01-01,gym
C000877,2026-01-01,software
C000878,2026-01-01,software
C000880,2026-01-01,streaming
C000883,2026-01-01,insurance
C000885,2026-01-01,cloud
C000886,2026-01-01,streaming
C000887,2026-01-01,insurance
C000889,2026-01-01,music
C000891,2026-01-01,software
C000892,2026-01-01,insurance
C000894,2026-01-01,gym
C000895,2026-01-01,gym
C000901,2026-01-01,none
C000903,2026-01-01,software
C000904,2026-01-01,software
C000905,2026-01-01,none
C000907,2026-01-01,mobile
C000911,2026-01-01,none
C000912,2026-01-01,none
C000914,2026-01-01,insurance
C000916,2026-01-01,mobile
C000917,2026-01-01,cloud
C000920,2026-01-01,gym
C000921,2026-01-01,none
C000922,2026-01-01,streaming
C000923,2026-01-01,streaming
C000926,2026-01-01,gym
C000927,2026-01-01,gym
C000930,2026-01-01,software
C000931,2026-01-01,gym
C000932,2026-01-01,music
C000933,2026-01-01,gym
C000936,2026-01-01,music
C000938,2026-01-01,streaming
C000942,2026-01-01,none
C000948,2026-01-01,mobile
C000949,2026-01-01,streaming
C000950,2026-01-01,none
C000951,2026-01-01,music
C000954,2026-01-01,software
C000956,2026-01-01,none
C000957,2026-01-01,gym
C000958,2026-01-01,software
C000959,2026-01-01,none
C000964,2026-01-01,streaming
C000965,2026-01-01,cloud
C000966,2026-01-01,streaming
C000967,2026-01-01,gym
C000968,2026-01-01,streaming
C000971,2026-01-01,music
C000972,2026-01-01,music
C000974,2026-01-01,gym
C000975,2026-01-01,music
C000977,2026-01-01,streaming
C000980,2026-01-01,insurance
C000981,2026-01-01,none
C000983,2026-01-01,music
C000985,2026-01-01,none
C000988,2026-01-01,music
C000990,2026-01-01,mobile
C000993,2026-01-01,gym
C000994,2026-01-01,cloud
C000996,2026-01-01,software
C000997,2026-01-01,gym
C000998,2026-01-01,none
C000999,2026-01-01,none
C001000,2026-01-01,none
C001002,2026-01-01,music
C001004,2026-01-01,mobile
C001006,2026-01-01,cloud
C001008,2026-01-01,gym
C001013,2026-01-01,none
C001018,2026-01-01,music
C001020,2026-01-01,streaming
C001021,2026-01-01,none
C001022,2026-01-01,none
C001024,2026-01-01,none
C001027,2026-01-01,mobile
C001028,2026-01-01,gym
C001029,2026-01-01,gym
C001030,2026-01-01,none
C001033,2026-01-01,streaming
C001035,2026-01-01,insurance
C001037,2026-01-01,none
C001038,2026-01-01,none
C001040,2026-01-01,software
C001043,2026-01-01,cloud
C001046,2026-01-01,gym
C001050,2026-01-01,music
C001051,2026-01-01,music
C001055,2026-01-01,none
C001056,2026-01-01,insurance
C001060,2026-01-01,insurance
C001061,2026-01-01,none
C001062,2026-01-01,none
C001063,2026-01-01,cloud
C001064,2026-01-01,insurance
C001066,2026-01-01,none
C001067,2026-01-01,none
C001068,2026-01-01,insurance
C001072,2026-01-01,insurance
C001074,2026-01-01,software
C001075,2026-01-01,none
C001077,2026-01-01,streaming
C001080,2026-01-01,cloud
C001084,2026-01-01,software
C001086,2026-01-01,none
C001088,2026-01-01,streaming
C001090,2026-01-01,none
C001092,2026-01-01,mobile
C001093,2026-01-01,insurance
C001095,2026-01-01,gym
C001096,2026-01-01,software
C001098,2026-01-01,cloud
C001100,2026-01-01,streaming
C001102,2026-01-01,cloud
C001106,2026-01-01,insurance
C001108,2026-01-01,gym
C001109,2026-01-01,none
C001110,2026-01-01,cloud
C001112,2026-01-01,mobile
C001113,2026-01-01,none
C001115,2026-01-01,streaming
C001119,2026-01-01,none
C001120,2026-01-01,software
C001121,2026-01-01,insurance
C001122,2026-01-01,none
C001123,2026-01-01,mobile
C001129,2026-01-01,music
C001130,2026-01-01,streaming
C001132,2026-01-01,music
C001134,2026-01-01,cloud
C001135,2026-01-01,none
C001136,2026-01-01,insurance
C001138,2026-01-01,mobile
C001139,2026-01-01,none
C001140,2026-01-01,gym
C001141,2026-01-01,none
C001143,2026-01-01,software
C001147,2026-01-01,insurance
C001148,2026-01-01,none
C001149,2026-01-01,mobile
C001151,2026-01-01,none
C001152,2026-01-01,streaming
C001153,2026-01-01,gym
C001154,2026-01-01,music
C001156,2026-01-01,none
C001157,2026-01-01,none
C001160,2026-01-01,music
C001164,2026-01-01,insurance
C001165,2026-01-01,cloud
C001168,2026-01-01,streaming
C001170,2026-01-01,software
C001171,2026-01-01,insurance
C001172,2026-01-01,cloud
C001173,2026-01-01,cloud
C001174,2026-01-01,gym
C001175,2026-01-01,none
C001176,2026-01-01,cloud
C001181,2026-01-01,mobile
C001182,2026-01-01,software
C001183,2026-01-01,none
C001184,2026-01-01,gym
C001185,2026-01-01,software
C001188,2026-01-01,software
C001191,2026-01-01,music
C001192,2026-01-01,software
C001194,2026-01-01,none
C001202,2026-01-01,none
C001203,2026-01-01,software
C001204,2026-01-01,streaming
C001207,2026-01-01,none
C001209,2026-01-01,streaming
C001210,2026-01-01,streaming
C001211,2026-01-01,cloud
C001214,2026-01-01,music
C001216,2026-01-01,streaming
C001220,2026-01-01,cloud
C001221,2026-01-01,none
C001222,2026-01-01,insurance
C001223,2026-01-01,none
C001224,2026-01-01,none
C001225,2026-01-01,none
C001229,2026-01-01,insurance
C001230,2026-01-01,none
C001232,2026-01-01,none
C001234,2026-01-01,insurance
C001237,2026-01-01,gym
C001238,2026-01-01,none
C001239,2026-01-01,cloud
C001241,2026-01-01,software
C001243,2026-01-01,software
C001244,2026-01-01,streaming
C001248,2026-01-01,none
C001249,2026-01-01,software
C001252,2026-01-01,cloud
C001254,2026-01-01,cloud
C001255,2026-01-01,music
C001256,2026-01-01,streaming
C001258,2026-01-01,gym
C001260,2026-01-01,none
C001265,2026-01-01,gym
C001266,2026-01-01,music
C001267,2026-01-01,streaming
C001268,2026-01-01,none
C001269,2026-01-01,mobile
C001271,2026-01-01,music
C001272,2026-01-01,none
C001275,2026-01-01,streaming
C001276,2026-01-01,software
C001279,2026-01-01,cloud
C001280,2026-01-01,none
C001283,2026-01-01,software
C001284,2026-01-01,none
C001288,2026-01-01,software
C001289,2026-01-01,none
C001290,2026-01-01,insurance
C001291,2026-01-01,mobile
C001292,2026-01-01,streaming
C001293,2026-01-01,streaming
C001294,2026-01-01,streaming
C001299,2026-01-01,insurance
C001301,2026-01-01,none
C001306,2026-01-01,insurance
C001307,2026-01-01,streaming
C001308,2026-01-01,none
C001310,2026-01-01,cloud
C001312,2026-01-01,cloud
C001316,2026-01-01,none
C001317,2026-01-01,none
C001318,2026-01-01,none
C001320,2026-01-01,cloud
C001321,2026-01-01,mobile
C001322,2026-01-01,mobile
C001323,2026-01-01,music
C001324,2026-01-01,none
C001326,2026-01-01,none
C001328,2026-01-01,none
C001331,2026-01-01,none
C001335,2026-01-01,cloud
C001336,2026-01-01,none
C001337,2026-01-01,software
C001340,2026-01-01,none
C001345,2026-01-01,none
C001347,2026-01-01,none
C001348,2026-01-01,none
C001351,2026-01-01,insurance
C001354,2026-01-01,cloud
C001355,2026-01-01,none
C001356,2026-01-01,cloud
C001359,2026-01-01,streaming
C001361,2026-01-01,none
C001364,2026-01-01,mobile
C001366,2026-01-01,none
C001367,2026-01-01,cloud
C001374,2026-01-01,cloud
C001377,2026-01-01,none
C001378,2026-01-01,insurance
C001380,2026-01-01,none
C001382,2026-01-01,none
C001385,2026-01-01,none
C001386,2026-01-01,insurance
C001389,2026-01-01,none
C001391,2026-01-01,music
C001397,2026-01-01,cloud
C001399,2026-01-01,mobile
C001400,2026-01-01,streaming
C001402,2026-01-01,none
C001406,2026-01-01,cloud
C001408,2026-01-01,none
C001409,2026-01-01,none
C001410,2026-01-01,insurance
C001413,2026-01-01,none
C001414,2026-01-01,music
C001415,2026-01-01,none
C001416,2026-01-01,insurance
C001417,2026-01-01,streaming
C001419,2026-01-01,insurance
C001420,2026-01-01,music
C001421,2026-01-01,music
C001422,2026-01-01,music
C001424,2026-01-01,software
C001427,2026-01-01,cloud
C001428,2026-01-01,insurance
C001433,2026-01-01,gym
C001436,2026-01-01,insurance
C001437,2026-01-01,cloud
C001439,2026-01-01,cloud
C001440,2026-01-01,none
C001441,2026-01-01,insurance
C001442,2026-01-01,insurance
C001444,2026-01-01,none
C001445,2026-01-01,mobile
C001446,2026-01-01,none
C001448,2026-01-01,mobile
C001449,2026-01-01,music
C001450,2026-01-01,mobile
C001451,2026-01-01,none
C001452,2026-01-01,streaming
C001453,2026-01-01,mobile
C001457,2026-01-01,cloud
C001458,2026-01-01,cloud
C001459,2026-01-01,mobile
C001460,2026-01-01,none
C001461,2026-01-01,insurance
C001462,2026-01-01,music
C001463,2026-01-01,mobile
C001467,2026-01-01,cloud
C001469,2026-01-01,gym
C001470,2026-01-01,insurance
C001472,2026-01-01,none
C001474,2026-01-01,software
C001475,2026-01-01,none
C001484,2026-01-01,gym
C001485,2026-01-01,none
C001486,2026-01-01,mobile
C001487,2026-01-01,gym
C001492,2026-01-01,mobile
C001493,2026-01-01,none
C001497,2026-01-01,cloud
C001498,2026-01-01,software
C001499,2026-01-01,gym
C001500,2026-01-01,software
C001501,2026-01-01,cloud
C001503,2026-01-01,none
C001504,2026-01-01,cloud
C001506,2026-01-01,streaming
C001509,2026-01-01,mobile
C001513,2026-01-01,gym
C001514,2026-01-01,mobile
C001516,2026-01-01,none
C001517,2026-01-01,software
C001520,2026-01-01,gym
C001524,2026-01-01,music
C001525,2026-01-01,none
C001526,2026-01-01,gym
C001527,2026-01-01,software
C001530,2026-01-01,mobile
C001533,2026-01-01,software
C001536,2026-01-01,software
C001540,2026-01-01,mobile
C001548,2026-01-01,insurance
C001549,2026-01-01,mobile
C001554,2026-01-01,insurance
C001555,2026-01-01,none
C001560,2026-01-01,streaming
C001561,2026-01-01,mobile
C001564,2026-01-01,insurance
C001567,2026-01-01,gym
C001569,2026-01-01,music
C001570,2026-01-01,software
C001571,2026-01-01,software
C001572,2026-01-01,none
C001574,2026-01-01,software
C001575,2026-01-01,mobile
C001576,2026-01-01,none
C001577,2026-01-01,gym
C001578,2026-01-01,gym
C001581,2026-01-01,none
C001582,2026-01-01,music
C001583,2026-01-01,music
C001584,2026-01-01,streaming
C001585,2026-01-01,streaming
C001587,2026-01-01,none
C001589,2026-01-01,mobile
C001590,2026-01-01,mobile
C001591,2026-01-01,insurance
C001592,2026-01-01,none
C001593,2026-01-01,insurance
C001594,2026-01-01,insurance
C001599,2026-01-01,music
C001600,2026-01-01,mobile
C001601,2026-01-01,streaming
C001602,2026-01-01,none
C001604,2026-01-01,gym
C001607,2026-01-01,gym
C001608,2026-01-01,gym
C001613,2026-01-01,streaming
C001614,2026-01-01,insurance
C001615,2026-01-01,streaming
C001616,2026-01-01,none
C001617,2026-01-01,mobile
C001618,2026-01-01,none
C001621,2026-01-01,streaming
C001624,2026-01-01,none
C001625,2026-01-01,none
C001626,2026-01-01,none
C001627,2026-01-01,none
C001631,2026-01-01,none
C001634,2026-01-01,mobile
C001635,2026-01-01,streaming
C001639,2026-01-01,music
C001640,2026-01-01,none
C001641,2026-01-01,insurance
C001642,2026-01-01,none
C001644,2026-01-01,none
C001645,2026-01-01,none
C001648,2026-01-01,software
C001650,2026-01-01,insurance
C001655,2026-01-01,streaming
C001656,2026-01-01,insurance
C001660,2026-01-01,none
C001662,2026-01-01,cloud
C001664,2026-01-01,music
C001665,2026-01-01,none
C001666,2026-01-01,none
C001668,2026-01-01,mobile
C001670,2026-01-01,gym
C001672,2026-01-01,mobile
C001673,2026-01-01,streaming
C001674,2026-01-01,music
C001676,2026-01-01,streaming
C001678,2026-01-01,gym
C001680,2026-01-01,music
C001681,2026-01-01,streaming
C001682,2026-01-01,none
C001686,2026-01-01,music
C001692,2026-01-01,software
C001695,2026-01-01,none
C001697,2026-01-01,none
C001699,2026-01-01,none
C001700,2026-01-01,none
C001703,2026-01-01,insurance
C001704,2026-01-01,mobile
C001705,2026-01-01,streaming
C001706,2026-01-01,insurance
C001707,2026-01-01,gym
C001708,2026-01-01,none
C001710,2026-01-01,gym
C001712,2026-01-01,insurance
C001713,2026-01-01,none
C001715,2026-01-01,gym
C001717,2026-01-01,cloud
C001718,2026-01-01,mobile
C001719,2026-01-01,gym
C001720,2026-01-01,none
C001721,2026-01-01,streaming
C001723,2026-01-01,streaming
C001724,2026-01-01,gym
C001732,2026-01-01,none
C001734,2026-01-01,software
C001735,2026-01-01,streaming
C001736,2026-01-01,music
C001737,2026-01-01,cloud
C001740,2026-01-01,cloud
C001742,2026-01-01,software
C001744,2026-01-01,gym
C001749,2026-01-01,cloud
C001751,2026-01-01,none
C001753,2026-01-01,software
C001755,2026-01-01,streaming
C001757,2026-01-01,streaming
C001758,2026-01-01,cloud
C001760,2026-01-01,music
C001762,2026-01-01,none
C001765,2026-01-01,none
C001766,2026-01-01,none
C001768,2026-01-01,none
C001772,2026-01-01,insurance
C001773,2026-01-01,cloud
C001778,2026-01-01,software
C001779,2026-01-01,gym
C001785,2026-01-01,music
C001787,2026-01-01,software
C001788,2026-01-01,cloud
C001789,2026-01-01,cloud
C001791,2026-01-01,mobile
C001792,2026-01-01,software
C001793,2026-01-01,software
C001794,2026-01-01,software
C001795,2026-01-01,streaming
C001797,2026-01-01,none
C001799,2026-01-01,streaming
C001801,2026-01-01,none
C001802,2026-01-01,none
C001806,2026-01-01,music
C001809,2026-01-01,software
C001810,2026-01-01,none
C001813,2026-01-01,insurance
C001815,2026-01-01,gym
C001817,2026-01-01,streaming
C001818,2026-01-01,insurance
C001820,2026-01-01,insurance
C001824,2026-01-01,insurance
C001826,2026-01-01,streaming
C001827,2026-01-01,gym
C001832,2026-01-01,streaming
C001834,2026-01-01,gym
C001838,2026-01-01,streaming
C001840,2026-01-01,none
C001841,2026-01-01,music
C001843,2026-01-01,gym
C001844,2026-01-01,mobile
C001846,2026-01-01,insurance
C001848,2026-01-01,streaming
C001849,2026-01-01,none
C001850,2026-01-01,cloud
C001851,2026-01-01,streaming
C001854,2026-01-01,gym
C001855,2026-01-01,streaming
C001856,2026-01-01,cloud
C001857,2026-01-01,streaming
C001859,2026-01-01,insurance
C001860,2026-01-01,music
C001863,2026-01-01,mobile
C001864,2026-01-01,none
C001866,2026-01-01,none
C001867,2026-01-01,none
C001871,2026-01-01,none
C001873,2026-01-01,cloud
C001875,2026-01-01,music
C001879,2026-01-01,mobile
C001880,2026-01-01,none
C001881,2026-01-01,streaming
C001884,2026-01-01,insurance
C001886,2026-01-01,gym
C001891,2026-01-01,mobile
C001893,2026-01-01,mobile
C001894,2026-01-01,cloud
C001896,2026-01-01,cloud
C001897,2026-01-01,none
C001898,2026-01-01,gym
C001900,2026-01-01,music
C001903,2026-01-01,mobile
C001904,2026-01-01,insurance
C001909,2026-01-01,insurance
C001911,2026-01-01,cloud
C001914,2026-01-01,insurance
C001921,2026-01-01,none
C001922,2026-01-01,mobile
C001923,2026-01-01,music
C001928,2026-01-01,none
C001929,2026-01-01,music
C001930,2026-01-01,insurance
C001931,2026-01-01,streaming
C001932,2026-01-01,software
C001933,2026-01-01,software
C001934,2026-01-01,none
C001935,2026-01-01,streaming
C001937,2026-01-01,insurance
C001939,2026-01-01,none
C001940,2026-01-01,mobile
C001942,2026-01-01,gym
C001943,2026-01-01,insurance
C001947,2026-01-01,music
C001948,2026-01-01,none
C001949,2026-01-01,cloud
C001950,2026-01-01,gym
C001951,2026-01-01,music
C001952,2026-01-01,none
C001953,2026-01-01,insurance
C001955,2026-01-01,software
C001956,2026-01-01,none
C001958,2026-01-01,cloud
C001960,2026-01-01,none
C001962,2026-01-01,none
C001964,2026-01-01,streaming
C001965,2026-01-01,cloud
C001966,2026-01-01,music
C001968,2026-01-01,none
C001970,2026-01-01,mobile
C001973,2026-01-01,mobile
C001974,2026-01-01,gym
C001975,2026-01-01,none
C001978,2026-01-01,insurance
C001983,2026-01-01,streaming
C001984,2026-01-01,gym
C001987,2026-01-01,none
C001993,2026-01-01,none
C001994,2026-01-01,insurance
C001995,2026-01-01,none
C001996,2026-01-01,streaming
C001997,2026-01-01,music
C002000,2026-01-01,cloud
C002002,2026-01-01,none
C002003,2026-01-01,none
C002004,2026-01-01,music
C002005,2026-01-01,software
C002008,2026-01-01,music
C002010,2026-01-01,music
C002012,2026-01-01,none
C002013,2026-01-01,cloud
C002014,2026-01-01,insurance
C002015,2026-01-01,insurance
C002020,2026-01-01,gym
C002021,2026-01-01,mobile
C002022,2026-01-01,cloud
C002024,2026-01-01,music
C002025,2026-01-01,gym
C002026,2026-01-01,none
C002028,2026-01-01,none
C002031,2026-01-01,none
C002033,2026-01-01,insurance
C002037,2026-01-01,music
C002039,2026-01-01,music
C002040,2026-01-01,music
C002041,2026-01-01,mobile
C002042,2026-01-01,software
C002044,2026-01-01,mobile
C002045,2026-01-01,mobile
C002046,2026-01-01,none
C002049,2026-01-01,streaming
C002050,2026-01-01,none
C002051,2026-01-01,none
C002053,2026-01-01,none
C002056,2026-01-01,music
C002057,2026-01-01,music
C002061,2026-01-01,software
C002064,2026-01-01,cloud
C002067,2026-01-01,cloud
C002068,2026-01-01,none
C002069,2026-01-01,cloud
C002072,2026-01-01,gym
C002074,2026-01-01,mobile
C002075,2026-01-01,software
C002076,2026-01-01,streaming
C002078,2026-01-01,insurance
C002079,2026-01-01,streaming
C002081,2026-01-01,insurance
C002082,2026-01-01,none
C002084,2026-01-01,music
C002085,2026-01-01,none
C002086,2026-01-01,gym
C002088,2026-01-01,none
C002089,2026-01-01,music
C002091,2026-01-01,gym
C002094,2026-01-01,music
C002095,2026-01-01,none
C002097,2026-01-01,none
C002098,2026-01-01,software
C002100,2026-01-01,mobile
C002101,2026-01-01,none
C002103,2026-01-01,streaming
C002104,2026-01-01,none
C002108,2026-01-01,insurance
C002111,2026-01-01,none
C002113,2026-01-01,insurance
C002115,2026-01-01,none
C002116,2026-01-01,insurance
C002117,2026-01-01,cloud
C002118,2026-01-01,gym
C002119,2026-01-01,insurance
C002121,2026-01-01,mobile
C002122,2026-01-01,cloud
C002124,2026-01-01,none
C002126,2026-01-01,mobile
C002127,2026-01-01,mobile
C002128,2026-01-01,music
C002129,2026-01-01,music
C002134,2026-01-01,software
C002136,2026-01-01,streaming
C002138,2026-01-01,software
C002139,2026-01-01,none
C002142,2026-01-01,gym
C002144,2026-01-01,mobile
C002146,2026-01-01,none
C002147,2026-01-01,insurance
C002148,2026-01-01,music
C002149,2026-01-01,none
C002150,2026-01-01,none
C002151,2026-01-01,music
C002153,2026-01-01,software
C002154,2026-01-01,gym
C002157,2026-01-01,none
C002158,2026-01-01,none
C002160,2026-01-01,insurance
C002162,2026-01-01,none
C002163,2026-01-01,none
C002165,2026-01-01,cloud
C002166,2026-01-01,gym
C002167,2026-01-01,none
C002168,2026-01-01,none
C002172,2026-01-01,music
C002173,2026-01-01,cloud
C002174,2026-01-01,music
C002175,2026-01-01,music
C002176,2026-01-01,music
C002177,2026-01-01,music
C002183,2026-01-01,mobile
C002184,2026-01-01,mobile
C002187,2026-01-01,mobile
C002188,2026-01-01,none
C002189,2026-01-01,gym
C002191,2026-01-01,insurance
C002194,2026-01-01,none
C002195,2026-01-01,none
C002196,2026-01-01,streaming
C002197,2026-01-01,none
C002198,2026-01-01,none
C002199,2026-01-01,none
C002200,2026-01-01,insurance
C002206,2026-01-01,cloud
C002212,2026-01-01,music
C002215,2026-01-01,streaming
C002216,2026-01-01,gym
C002218,2026-01-01,gym
C002222,2026-01-01,none
C002227,2026-01-01,software
C002232,2026-01-01,cloud
C002234,2026-01-01,none
C002235,2026-01-01,gym
C002236,2026-01-01,insurance
C002238,2026-01-01,none
C002241,2026-01-01,streaming
C002242,2026-01-01,music
C002243,2026-01-01,streaming
C002245,2026-01-01,none
C002247,2026-01-01,none
C002250,2026-01-01,streaming
C002251,2026-01-01,software
C002256,2026-01-01,software
C002261,2026-01-01,gym
C002265,2026-01-01,none
C002266,2026-01-01,music
C002274,2026-01-01,none
C002275,2026-01-01,gym
C002276,2026-01-01,none
C002277,2026-01-01,software
C002278,2026-01-01,none
C002280,2026-01-01,none
C002281,2026-01-01,none
C002282,2026-01-01,cloud
C002285,2026-01-01,none
C002286,2026-01-01,none
C002288,2026-01-01,cloud
C002291,2026-01-01,none
C002292,2026-01-01,mobile
C002293,2026-01-01,software
C002294,2026-01-01,software
C002296,2026-01-01,none
C002297,2026-01-01,streaming
C002299,2026-01-01,none
C002300,2026-01-01,cloud
C002301,2026-01-01,mobile
C002303,2026-01-01,music
C002304,2026-01-01,none
C002307,2026-01-01,none
C002310,2026-01-01,none
C002311,2026-01-01,music
C002312,2026-01-01,software
C002313,2026-01-01,none
C002316,2026-01-01,gym
C002318,2026-01-01,none
C002320,2026-01-01,gym
C002321,2026-01-01,none
C002323,2026-01-01,cloud
C002331,2026-01-01,software
C002333,2026-01-01,music
C002335,2026-01-01,none
C002338,2026-01-01,insurance
C002346,2026-01-01,none
C002349,2026-01-01,none
C002351,2026-01-01,none
C002353,2026-01-01,insurance
C002354,2026-01-01,software
C002355,2026-01-01,music
C002358,2026-01-01,mobile
C002360,2026-01-01,music
C002361,2026-01-01,none
C002362,2026-01-01,gym
C002363,2026-01-01,none
C002365,2026-01-01,music
C002366,2026-01-01,none
C002367,2026-01-01,streaming
C002368,2026-01-01,cloud
C002370,2026-01-01,music
C002371,2026-01-01,none
C002372,2026-01-01,software
C002373,2026-01-01,music
C002375,2026-01-01,none
C002376,2026-01-01,streaming
C002378,2026-01-01,none
C002379,2026-01-01,software
C002380,2026-01-01,mobile
C002382,2026-01-01,none
C002386,2026-01-01,none
C002388,2026-01-01,software
C002389,2026-01-01,none
C002394,2026-01-01,none
C002395,2026-01-01,software
C002397,2026-01-01,none
C002398,2026-01-01,cloud
C002399,2026-01-01,mobile
C002401,2026-01-01,streaming
C002402,2026-01-01,none
C002404,2026-01-01,none
C002405,2026-01-01,insurance
C002406,2026-01-01,software
C002413,2026-01-01,none
C002414,2026-01-01,none
C002419,2026-01-01,mobile
C002421,2026-01-01,streaming
C002424,2026-01-01,music
C002426,2026-01-01,music
C002428,2026-01-01,streaming
C002429,2026-01-01,insurance
C002430,2026-01-01,none
C002431,2026-01-01,cloud
C002438,2026-01-01,none
C002439,2026-01-01,none
C002441,2026-01-01,insurance
C002442,2026-01-01,software
C002448,2026-01-01,none
C002449,2026-01-01,software
C002450,2026-01-01,none
C002451,2026-01-01,insurance
C002452,2026-01-01,insurance
C002456,2026-01-01,software
C002457,2026-01-01,cloud
C002458,2026-01-01,insurance
C002460,2026-01-01,none
C002461,2026-01-01,none
C002462,2026-01-01,mobile
C002463,2026-01-01,none
C002474,2026-01-01,streaming
C002476,2026-01-01,gym
C002479,2026-01-01,none
C002485,2026-01-01,gym
C002488,2026-01-01,none
C002490,2026-01-01,insurance
C002491,2026-01-01,streaming
C002492,2026-01-01,streaming
C002493,2026-01-01,none
C002495,2026-01-01,mobile
C002498,2026-01-01,mobile
C002499,2026-01-01,cloud
C002500,2026-01-01,gym
C002501,2026-01-01,none
C002503,2026-01-01,none
C002512,2026-01-01,cloud
C002514,2026-01-01,insurance
C002516,2026-01-01,software
C002519,2026-01-01,streaming
C002522,2026-01-01,software
C002523,2026-01-01,insurance
C002526,2026-01-01,mobile
C002527,2026-01-01,none
C002528,2026-01-01,none
C002530,2026-01-01,cloud
C002531,2026-01-01,mobile
C002533,2026-01-01,none
C002534,2026-01-01,streaming
C002539,2026-01-01,insurance
C002541,2026-01-01,software
C002542,2026-01-01,streaming
C002544,2026-01-01,software
C002548,2026-01-01,software
C002550,2026-01-01,software
C002553,2026-01-01,insurance
C002555,2026-01-01,insurance
C002559,2026-01-01,none
C002563,2026-01-01,insurance
C002564,2026-01-01,none
C002566,2026-01-01,mobile
C002567,2026-01-01,none
C002569,2026-01-01,insurance
C002571,2026-01-01,music
C002573,2026-01-01,none
C002581,2026-01-01,streaming
C002585,2026-01-01,none
C002587,2026-01-01,music
C002590,2026-01-01,none
C002594,2026-01-01,music
C002595,2026-01-01,mobile
C002599,2026-01-01,none
C002606,2026-01-01,music
C002608,2026-01-01,gym
C002610,2026-01-01,mobile
C002611,2026-01-01,none
C002612,2026-01-01,mobile
C002615,2026-01-01,music
C002617,2026-01-01,none
C002620,2026-01-01,software
C002621,2026-01-01,cloud
C002622,2026-01-01,streaming
C002623,2026-01-01,mobile
C002625,2026-01-01,gym
C002626,2026-01-01,insurance
C002627,2026-01-01,none
C002628,2026-01-01,streaming
C002629,2026-01-01,none
C002634,2026-01-01,none
C002635,2026-01-01,gym
C002636,2026-01-01,none
C002637,2026-01-01,gym
C002638,2026-01-01,streaming
C002642,2026-01-01,software
C002643,2026-01-01,none
C002644,2026-01-01,none
C002647,2026-01-01,mobile
C002649,2026-01-01,software
C002650,2026-01-01,none
C002653,2026-01-01,gym
C002655,2026-01-01,streaming
C002656,2026-01-01,software
C002657,2026-01-01,music
C002660,2026-01-01,gym
C002663,2026-01-01,none
C002665,2026-01-01,music
C002666,2026-01-01,none
C002667,2026-01-01,gym
C002668,2026-01-01,none
C002671,2026-01-01,none
C002677,2026-01-01,cloud
C002678,2026-01-01,mobile
C002680,2026-01-01,cloud
C002683,2026-01-01,none
C002686,2026-01-01,gym
C002687,2026-01-01,software
C002688,2026-01-01,mobile
C002689,2026-01-01,music
C002692,2026-01-01,none
C002694,2026-01-01,software
C002696,2026-01-01,gym
C002697,2026-01-01,mobile
C002698,2026-01-01,streaming
C002699,2026-01-01,cloud
C002700,2026-01-01,software
C002703,2026-01-01,none
C002705,2026-01-01,none
C002707,2026-01-01,cloud
C002714,2026-01-01,gym
C002715,2026-01-01,cloud
C002719,2026-01-01,music
C002720,2026-01-01,gym
C002721,2026-01-01,none
C002725,2026-01-01,music
C002729,2026-01-01,streaming
C002731,2026-01-01,none
C002733,2026-01-01,software
C002734,2026-01-01,music
C002736,2026-01-01,insurance
C002737,2026-01-01,music
C002738,2026-01-01,insurance
C002739,2026-01-01,music
C002740,2026-01-01,gym
C002742,2026-01-01,mobile
C002746,2026-01-01,streaming
C002747,2026-01-01,cloud
C002749,2026-01-01,mobile
C002751,2026-01-01,none
C002753,2026-01-01,software
C002755,2026-01-01,mobile
C002757,2026-01-01,mobile
C002758,2026-01-01,none
C002760,2026-01-01,software
C002762,2026-01-01,cloud
C002764,2026-01-01,software
C002767,2026-01-01,insurance
C002768,2026-01-01,none
C002769,2026-01-01,insurance
C002771,2026-01-01,insurance
C002772,2026-01-01,gym
C002773,2026-01-01,gym
C002775,2026-01-01,none
C002779,2026-01-01,streaming
C002780,2026-01-01,gym
C002786,2026-01-01,gym
C002788,2026-01-01,software
C002793,2026-01-01,none
C002794,2026-01-01,software
C002795,2026-01-01,software
C002796,2026-01-01,music
C002798,2026-01-01,insurance
C002800,2026-01-01,none
C002801,2026-01-01,none
C002802,2026-01-01,streaming
C002804,2026-01-01,none
C002805,2026-01-01,none
C002808,2026-01-01,none
C002809,2026-01-01,mobile
C002810,2026-01-01,streaming
C002812,2026-01-01,cloud
C002813,2026-01-01,mobile
C002814,2026-01-01,music
C002816,2026-01-01,music
C002817,2026-01-01,music
C002820,2026-01-01,cloud
C002821,2026-01-01,mobile
C002822,2026-01-01,cloud
C002826,2026-01-01,streaming
C002829,2026-01-01,software
C002834,2026-01-01,streaming
C002836,2026-01-01,streaming
C002838,2026-01-01,software
C002839,2026-01-01,streaming
C002840,2026-01-01,none
C002842,2026-01-01,none
C002843,2026-01-01,cloud
C002844,2026-01-01,music
C002846,2026-01-01,none
C002847,2026-01-01,none
C002849,2026-01-01,cloud
C002851,2026-01-01,none
C002852,2026-01-01,software
C002853,2026-01-01,insurance
C002855,2026-01-01,gym
C002856,2026-01-01,streaming
C002859,2026-01-01,gym
C002861,2026-01-01,none
C002862,2026-01-01,gym
C002863,2026-01-01,cloud
C002866,2026-01-01,gym
C002869,2026-01-01,none
C002870,2026-01-01,streaming
C002871,2026-01-01,insurance
C002876,2026-01-01,none
C002877,2026-01-01,cloud
C002879,2026-01-01,streaming
C002880,2026-01-01,none
C002883,2026-01-01,cloud
C002884,2026-01-01,software
C002885,2026-01-01,insurance
C002889,2026-01-01,music
C002890,2026-01-01,cloud
C002891,2026-01-01,software
C002892,2026-01-01,none
C002894,2026-01-01,none
C002895,2026-01-01,cloud
C002896,2026-01-01,software
C002898,2026-01-01,gym
C002899,2026-01-01,none
C002900,2026-01-01,software
C002902,2026-01-01,music
C002903,2026-01-01,none
C002907,2026-01-01,none
C002908,2026-01-01,gym
C002909,2026-01-01,mobile
C002910,2026-01-01,streaming
C002912,2026-01-01,insurance
C002913,2026-01-01,none
C002916,2026-01-01,streaming
C002918,2026-01-01,streaming
C002919,2026-01-01,none
C002920,2026-01-01,music
C002924,2026-01-01,insurance
C002926,2026-01-01,none
C002927,2026-01-01,music
C002928,2026-01-01,none
C002931,2026-01-01,cloud
C002932,2026-01-01,mobile
C002934,2026-01-01,none
C002935,2026-01-01,insurance
C002940,2026-01-01,mobile
C002941,2026-01-01,gym
C002942,2026-01-01,mobile
C002943,2026-01-01,none
C002948,2026-01-01,none
C002953,2026-01-01,gym
C002955,2026-01-01,none
C002957,2026-01-01,streaming
C002958,2026-01-01,software
C002964,2026-01-01,gym
C002966,2026-01-01,streaming
C002967,2026-01-01,streaming
C002970,2026-01-01,streaming
C002971,2026-01-01,none
C002973,2026-01-01,none
C002975,2026-01-01,streaming
C002977,2026-01-01,none
C002987,2026-01-01,mobile
C002988,2026-01-01,streaming
C002989,2026-01-01,none
C002990,2026-01-01,none
C002994,2026-01-01,software
C002996,2026-01-01,streaming
C002998,2026-01-01,cloud
C002999,2026-01-01,none
C003001,2026-01-01,mobile
C003004,2026-01-01,none
C003006,2026-01-01,none
C003007,2026-01-01,none
C003008,2026-01-01,cloud
C003009,2026-01-01,cloud
C003010,2026-01-01,none
C003011,2026-01-01,insurance
C003015,2026-01-01,streaming
C003017,2026-01-01,mobile
C003020,2026-01-01,mobile
C003023,2026-01-01,none
C003024,2026-01-01,music
C003025,2026-01-01,insurance
C003026,2026-01-01,insurance
C003031,2026-01-01,none
C003034,2026-01-01,insurance
C003035,2026-01-01,software
C003037,2026-01-01,mobile
C003038,2026-01-01,none
C003041,2026-01-01,none
C003044,2026-01-01,none
C003046,2026-01-01,none
C003049,2026-01-01,streaming
C003051,2026-01-01,music
C003054,2026-01-01,none
C003058,2026-01-01,gym
C003060,2026-01-01,gym
C003062,2026-01-01,mobile
C003065,2026-01-01,music
C003066,2026-01-01,mobile
C003067,2026-01-01,software
C003071,2026-01-01,software
C003072,2026-01-01,none
C003073,2026-01-01,none
C003075,2026-01-01,software
C003076,2026-01-01,mobile
C003079,2026-01-01,insurance
C003083,2026-01-01,mobile
C003084,2026-01-01,software
C003085,2026-01-01,streaming
C003086,2026-01-01,none
C003095,2026-01-01,none
C003096,2026-01-01,streaming
C003098,2026-01-01,none
C003099,2026-01-01,none
C003100,2026-01-01,none
C003106,2026-01-01,insurance
C003108,2026-01-01,software
C003110,2026-01-01,insurance
C003112,2026-01-01,gym
C003113,2026-01-01,none
C003114,2026-01-01,none
C003116,2026-01-01,none
C003118,2026-01-01,software
C003119,2026-01-01,software
C003122,2026-01-01,mobile
C003124,2026-01-01,none
C003126,2026-01-01,none
C003127,2026-01-01,mobile
C003129,2026-01-01,insurance
C003132,2026-01-01,streaming
C003138,2026-01-01,software
C003139,2026-01-01,streaming
C003140,2026-01-01,cloud
C003143,2026-01-01,music
C003144,2026-01-01,none
C003145,2026-01-01,none
C003146,2026-01-01,streaming
C003147,2026-01-01,none
C003148,2026-01-01,none
C003149,2026-01-01,software
C003150,2026-01-01,cloud
C003152,2026-01-01,none
C003153,2026-01-01,insurance
C003154,2026-01-01,music
C003155,2026-01-01,none
C003157,2026-01-01,none
C003160,2026-01-01,gym
C003162,2026-01-01,insurance
C003163,2026-01-01,none
C003164,2026-01-01,music
C003167,2026-01-01,streaming
C003176,2026-01-01,mobile
C003178,2026-01-01,music
C003180,2026-01-01,insurance
C003184,2026-01-01,streaming
C003185,2026-01-01,none
C003186,2026-01-01,none
C003188,2026-01-01,music
C003189,2026-01-01,music
C003191,2026-01-01,gym
C003194,2026-01-01,gym
C003196,2026-01-01,cloud
C003197,2026-01-01,streaming
C003198,2026-01-01,insurance
C003201,2026-01-01,none
C003202,2026-01-01,music
C003203,2026-01-01,music
C003205,2026-01-01,music
C003206,2026-01-01,music
C003210,2026-01-01,gym
C003211,2026-01-01,music
C003214,2026-01-01,software
C003216,2026-01-01,streaming
C003217,2026-01-01,cloud
C003218,2026-01-01,insurance
C003220,2026-01-01,none
C003223,2026-01-01,none
C003228,2026-01-01,insurance
C003229,2026-01-01,streaming
C003231,2026-01-01,none
C003232,2026-01-01,cloud
C003233,2026-01-01,music
C003234,2026-01-01,streaming
C003238,2026-01-01,mobile
C003240,2026-01-01,music
C003242,2026-01-01,none
C003243,2026-01-01,mobile
C003244,2026-01-01,music
C003246,2026-01-01,software
C003247,2026-01-01,none
C003248,2026-01-01,insurance
C003249,2026-01-01,cloud
C003250,2026-01-01,insurance
C003252,2026-01-01,cloud
C003254,2026-01-01,mobile
C003256,2026-01-01,music
C003257,2026-01-01,none
C003259,2026-01-01,gym
C003260,2026-01-01,none
C003261,2026-01-01,none
C003266,2026-01-01,insurance
C003268,2026-01-01,none
C003270,2026-01-01,software
C003278,2026-01-01,none
C003280,2026-01-01,none
C003281,2026-01-01,none
C003282,2026-01-01,none
C003283,2026-01-01,gym
C003285,2026-01-01,streaming
C003290,2026-01-01,none
C003294,2026-01-01,mobile
C003295,2026-01-01,insurance
C003299,2026-01-01,none
C003301,2026-01-01,software
C003302,2026-01-01,insurance
C003303,2026-01-01,none
C003305,2026-01-01,none
C003306,2026-01-01,software
C003308,2026-01-01,streaming
C003310,2026-01-01,none
C003311,2026-01-01,music
C003312,2026-01-01,none
C003313,2026-01-01,none
C003315,2026-01-01,gym
C003319,2026-01-01,streaming
C003322,2026-01-01,gym
C003325,2026-01-01,none
C003326,2026-01-01,streaming
C003327,2026-01-01,mobile
C003330,2026-01-01,none
C003332,2026-01-01,mobile
C003333,2026-01-01,streaming
C003334,2026-01-01,none
C003338,2026-01-01,streaming
C003339,2026-01-01,gym
C003340,2026-01-01,music
C003342,2026-01-01,mobile
C003343,2026-01-01,cloud
C003345,2026-01-01,none
C003346,2026-01-01,gym
C003347,2026-01-01,none
C003348,2026-01-01,streaming
C003349,2026-01-01,insurance
C003352,2026-01-01,none
C003354,2026-01-01,insurance
C003355,2026-01-01,none
C003356,2026-01-01,mobile
C003357,2026-01-01,none
C003359,2026-01-01,none
C003361,2026-01-01,gym
C003362,2026-01-01,none
C003364,2026-01-01,gym
C003365,2026-01-01,cloud
C003371,2026-01-01,mobile
C003372,2026-01-01,none
C003373,2026-01-01,insurance
C003374,2026-01-01,none
C003375,2026-01-01,software
C003376,2026-01-01,cloud
C003378,2026-01-01,insurance
C003381,2026-01-01,mobile
C003382,2026-01-01,none
C003383,2026-01-01,music
C003385,2026-01-01,gym
C003386,2026-01-01,mobile
C003387,2026-01-01,none
C003388,2026-01-01,cloud
C003392,2026-01-01,music
C003393,2026-01-01,gym
C003396,2026-01-01,streaming
C003398,2026-01-01,software
C003399,2026-01-01,software
C003400,2026-01-01,music
C003401,2026-01-01,none
C003403,2026-01-01,mobile
C003404,2026-01-01,insurance
C003405,2026-01-01,none
C003406,2026-01-01,mobile
C003408,2026-01-01,insurance
C003409,2026-01-01,streaming
C003412,2026-01-01,insurance
C003414,2026-01-01,gym
C003419,2026-01-01,gym
C003420,2026-01-01,insurance
C003421,2026-01-01,none
C003422,2026-01-01,none
C003423,2026-01-01,none
C003428,2026-01-01,software
C003430,2026-01-01,software
C003431,2026-01-01,gym
C003435,2026-01-01,cloud
C003437,2026-01-01,mobile
C003446,2026-01-01,gym
C003447,2026-01-01,music
C003448,2026-01-01,none
C003449,2026-01-01,gym
C003453,2026-01-01,mobile
C003455,2026-01-01,mobile
C003456,2026-01-01,gym
C003457,2026-01-01,none
C003460,2026-01-01,music
C003462,2026-01-01,none
C003466,2026-01-01,none
C003468,2026-01-01,cloud
C003469,2026-01-01,none
C003470,2026-01-01,cloud
C003472,2026-01-01,streaming
C003473,2026-01-01,streaming
C003474,2026-01-01,streaming
C003475,2026-01-01,mobile
C003478,2026-01-01,streaming
C003479,2026-01-01,insurance
C003481,2026-01-01,cloud
C003482,2026-01-01,software
C003484,2026-01-01,insurance
C003487,2026-01-01,mobile
C003488,2026-01-01,none
C003489,2026-01-01,music
C003490,2026-01-01,none
C003491,2026-01-01,none
C003492,2026-01-01,software
C003493,2026-01-01,none
C003494,2026-01-01,insurance
C003496,2026-01-01,insurance
C003497,2026-01-01,none
C003498,2026-01-01,none
C003504,2026-01-01,none
C003506,2026-01-01,music
C003507,2026-01-01,software
C003508,2026-01-01,software
C003510,2026-01-01,cloud
C003514,2026-01-01,music
C003515,2026-01-01,streaming
C003516,2026-01-01,cloud
C003517,2026-01-01,mobile
C003518,2026-01-01,music
C003520,2026-01-01,none
C003521,2026-01-01,streaming
C003522,2026-01-01,cloud
C003526,2026-01-01,none
C003528,2026-01-01,gym
C003529,2026-01-01,none
C003531,2026-01-01,none
C003532,2026-01-01,gym
C003534,2026-01-01,insurance
C003537,2026-01-01,gym
C003540,2026-01-01,none
C003542,2026-01-01,mobile
C003543,2026-01-01,software
C003544,2026-01-01,mobile
C003546,2026-01-01,cloud
C003549,2026-01-01,none
C003550,2026-01-01,none
C003553,2026-01-01,music
C003558,2026-01-01,gym
C003559,2026-01-01,insurance
C003562,2026-01-01,gym
C003563,2026-01-01,software
C003567,2026-01-01,mobile
C003569,2026-01-01,none
C003570,2026-01-01,streaming
C003573,2026-01-01,software
C003576,2026-01-01,insurance
C003577,2026-01-01,streaming
C003579,2026-01-01,software
C003580,2026-01-01,none
C003585,2026-01-01,none
C003586,2026-01-01,none
C003590,2026-01-01,mobile
C003591,2026-01-01,none
C003593,2026-01-01,none
C003594,2026-01-01,streaming
C003595,2026-01-01,none
C003596,2026-01-01,gym
C003597,2026-01-01,music
C003598,2026-01-01,music
C003599,2026-01-01,gym
C003600,2026-01-01,mobile
C003607,2026-01-01,none
C003609,2026-01-01,none
C003612,2026-01-01,streaming
C003613,2026-01-01,none
C003614,2026-01-01,none
C003617,2026-01-01,cloud
C003619,2026-01-01,mobile
C003621,2026-01-01,mobile
C003623,2026-01-01,none
C003624,2026-01-01,insurance
C003626,2026-01-01,none
C003629,2026-01-01,none
C003631,2026-01-01,gym
C003634,2026-01-01,software
C003635,2026-01-01,none
C003636,2026-01-01,none
C003638,2026-01-01,cloud
C003639,2026-01-01,none
C003640,2026-01-01,gym
C003642,2026-01-01,none
C003647,2026-01-01,none
C003648,2026-01-01,streaming
C003649,2026-01-01,music
C003652,2026-01-01,software
C003653,2026-01-01,mobile
C003654,2026-01-01,insurance
C003658,2026-01-01,none
C003659,2026-01-01,insurance
C003660,2026-01-01,mobile
C003661,2026-01-01,mobile
C003662,2026-01-01,none
C003663,2026-01-01,music
C003664,2026-01-01,software
C003666,2026-01-01,gym
C003667,2026-01-01,cloud
C003669,2026-01-01,software
C003672,2026-01-01,none
C003676,2026-01-01,none
C003677,2026-01-01,mobile
C003684,2026-01-01,streaming
C003687,2026-01-01,software
C003689,2026-01-01,none
C003690,2026-01-01,gym
C003693,2026-01-01,none
C003696,2026-01-01,mobile
C003697,2026-01-01,streaming
C003698,2026-01-01,software
C003699,2026-01-01,insurance
C003700,2026-01-01,software
C003708,2026-01-01,none
C003710,2026-01-01,cloud
C003715,2026-01-01,insurance
C003716,2026-01-01,none
C003717,2026-01-01,cloud
C003718,2026-01-01,gym
C003719,2026-01-01,insurance
C003722,2026-01-01,none
C003723,2026-01-01,cloud
C003727,2026-01-01,mobile
C003728,2026-01-01,software
C003733,2026-01-01,none
C003734,2026-01-01,streaming
C003736,2026-01-01,music
C003738,2026-01-01,streaming
C003739,2026-01-01,none
C003740,2026-01-01,cloud
C003741,2026-01-01,none
C003743,2026-01-01,gym
C003745,2026-01-01,none
C003746,2026-01-01,insurance
C003748,2026-01-01,insurance
C003750,2026-01-01,none
C003751,2026-01-01,insurance
C003753,2026-01-01,insurance
C003754,2026-01-01,software
C003756,2026-01-01,none
C003764,2026-01-01,none
C003765,2026-01-01,mobile
C003766,2026-01-01,none
C003770,2026-01-01,insurance
C003773,2026-01-01,software
C003774,2026-01-01,mobile
C003775,2026-01-01,none
C003776,2026-01-01,software
C003778,2026-01-01,none
C003779,2026-01-01,none
C003781,2026-01-01,cloud
C003784,2026-01-01,none
C003785,2026-01-01,insurance
C003786,2026-01-01,insurance
C003788,2026-01-01,music
C003789,2026-01-01,none
C003790,2026-01-01,mobile
C003791,2026-01-01,none
C003792,2026-01-01,insurance
C003793,2026-01-01,streaming
C003799,2026-01-01,software
C003801,2026-01-01,none
C003802,2026-01-01,streaming
C003805,2026-01-01,streaming
C003806,2026-01-01,none
C003807,2026-01-01,streaming
C003808,2026-01-01,none
C003809,2026-01-01,streaming
C003811,2026-01-01,gym
C003812,2026-01-01,streaming
C003813,2026-01-01,software
C003814,2026-01-01,music
C003816,2026-01-01,software
C003817,2026-01-01,cloud
C003818,2026-01-01,streaming
C003821,2026-01-01,insurance
C003822,2026-01-01,mobile
C003823,2026-01-01,none
C003824,2026-01-01,none
C003826,2026-01-01,none
C003831,2026-01-01,none
C003838,2026-01-01,music
C003843,2026-01-01,cloud
C003846,2026-01-01,streaming
C003848,2026-01-01,gym
C003850,2026-01-01,insurance
C003852,2026-01-01,software
C003854,2026-01-01,none
C003856,2026-01-01,gym
C003858,2026-01-01,music
C003860,2026-01-01,none
C003862,2026-01-01,streaming
C003869,2026-01-01,none
C003870,2026-01-01,none
C003872,2026-01-01,none
C003873,2026-01-01,mobile
C003877,2026-01-01,software
C003880,2026-01-01,none
C003881,2026-01-01,gym
C003886,2026-01-01,mobile
C003887,2026-01-01,gym
C003888,2026-01-01,cloud
C003889,2026-01-01,insurance
C003891,2026-01-01,none
C003892,2026-01-01,none
C003894,2026-01-01,none
C003898,2026-01-01,music
C003901,2026-01-01,cloud
C003907,2026-01-01,mobile
C003908,2026-01-01,none
C003910,2026-01-01,mobile
C003912,2026-01-01,music
C003918,2026-01-01,none
C003919,2026-01-01,software
C003920,2026-01-01,none
C003921,2026-01-01,none
C003924,2026-01-01,none
C003925,2026-01-01,software
C003926,2026-01-01,streaming
C003928,2026-01-01,insurance
C003929,2026-01-01,streaming
C003930,2026-01-01,none
C003931,2026-01-01,music
C003933,2026-01-01,software
C003935,2026-01-01,music
C003936,2026-01-01,insurance
C003938,2026-01-01,software
C003939,2026-01-01,streaming
C003941,2026-01-01,gym
C003942,2026-01-01,music
C003944,2026-01-01,software
C003946,2026-01-01,cloud
C003947,2026-01-01,mobile
C003949,2026-01-01,software
C003959,2026-01-01,gym
C003961,2026-01-01,cloud
C003963,2026-01-01,software
C003964,2026-01-01,music
C003965,2026-01-01,gym
C003966,2026-01-01,cloud
C003967,2026-01-01,insurance
C003970,2026-01-01,software
C003976,2026-01-01,none
C003978,2026-01-01,music
C003980,2026-01-01,streaming
C003981,2026-01-01,cloud
C003982,2026-01-01,mobile
C003985,2026-01-01,streaming
C003986,2026-01-01,gym
C003987,2026-01-01,none
C003988,2026-01-01,software
C003990,2026-01-01,music
C003991,2026-01-01,none
C003992,2026-01-01,streaming
C003993,2026-01-01,software
C003994,2026-01-01,none
C003995,2026-01-01,gym
C003999,2026-01-01,cloud
U000000,2026-01-01,software
U000001,2026-01-01,insurance
U000002,2026-01-01,mobile
U000003,2026-01-01,gym
U000004,2026-01-01,none
U000005,2026-01-01,none
U000007,2026-01-01,none
U000008,2026-01-01,cloud
U000009,2026-01-01,cloud
U000011,2026-01-01,insurance
U000012,2026-01-01,none
U000014,2026-01-01,software
U000015,2026-01-01,cloud
U000016,2026-01-01,gym
U000017,2026-01-01,none
U000019,2026-01-01,music
U000020,2026-01-01,none
U000021,2026-01-01,none
U000023,2026-01-01,none
U000025,2026-01-01,cloud
U000026,2026-01-01,insurance
U000029,2026-01-01,music
U000031,2026-01-01,mobile
U000032,2026-01-01,insurance
U000034,2026-01-01,mobile
U000036,2026-01-01,cloud
U000037,2026-01-01,music
U000039,2026-01-01,streaming
U000041,2026-01-01,none
U000045,2026-01-01,gym
U000046,2026-01-01,insurance
U000047,2026-01-01,insurance
U000050,2026-01-01,insurance
U000051,2026-01-01,mobile
U000054,2026-01-01,none
U000055,2026-01-01,none
U000057,2026-01-01,none
U000058,2026-01-01,none
U000059,2026-01-01,insurance
U000062,2026-01-01,none
U000063,2026-01-01,streaming
U000064,2026-01-01,insurance
U000065,2026-01-01,mobile
U000066,2026-01-01,gym
U000068,2026-01-01,software
U000069,2026-01-01,software
U000070,2026-01-01,none
U000071,2026-01-01,cloud
U000072,2026-01-01,music
U000073,2026-01-01,none
U000074,2026-01-01,streaming
U000075,2026-01-01,software
U000076,2026-01-01,mobile
U000078,2026-01-01,none
U000079,2026-01-01,insurance
U000082,2026-01-01,none
U000083,2026-01-01,none
U000085,2026-01-01,cloud
U000087,2026-01-01,cloud
U000089,2026-01-01,software
U000090,2026-01-01,music
U000091,2026-01-01,music
U000092,2026-01-01,streaming
U000094,2026-01-01,cloud
U000095,2026-01-01,software
U000096,2026-01-01,cloud
U000097,2026-01-01,mobile
U000098,2026-01-01,mobile
U000099,2026-01-01,none
U000101,2026-01-01,software
U000102,2026-01-01,none
U000104,2026-01-01,insurance
U000105,2026-01-01,insurance
U000106,2026-01-01,none
U000107,2026-01-01,mobile
U000108,2026-01-01,none
U000109,2026-01-01,gym
U000110,2026-01-01,none
U000112,2026-01-01,streaming
U000113,2026-01-01,mobile
U000114,2026-01-01,cloud
U000115,2026-01-01,gym
U000116,2026-01-01,none
U000117,2026-01-01,none
U000118,2026-01-01,software
U000119,2026-01-01,none
U000120,2026-01-01,mobile
U000122,2026-01-01,gym
U000123,2026-01-01,none
U000124,2026-01-01,gym
U000125,2026-01-01,mobile
U000126,2026-01-01,mobile
U000128,2026-01-01,mobile
U000129,2026-01-01,music
U000130,2026-01-01,gym
U000131,2026-01-01,none
U000132,2026-01-01,gym
U000133,2026-01-01,none
U000134,2026-01-01,none
U000136,2026-01-01,music
U000137,2026-01-01,software
U000138,2026-01-01,insurance
U000139,2026-01-01,streaming
U000140,2026-01-01,cloud
U000143,2026-01-01,streaming
U000144,2026-01-01,software
U000147,2026-01-01,streaming
U000149,2026-01-01,none
U000150,2026-01-01,cloud
U000152,2026-01-01,mobile
U000155,2026-01-01,none
U000158,2026-01-01,software
U000159,2026-01-01,software
U000160,2026-01-01,none
U000162,2026-01-01,streaming
U000163,2026-01-01,none
U000164,2026-01-01,software
U000166,2026-01-01,mobile
U000167,2026-01-01,gym
U000168,2026-01-01,insurance
U000170,2026-01-01,streaming
U000171,2026-01-01,none
U000172,2026-01-01,none
U000174,2026-01-01,none
U000175,2026-01-01,cloud
U000176,2026-01-01,insurance
U000177,2026-01-01,none
U000178,2026-01-01,software
U000179,2026-01-01,none
U000180,2026-01-01,cloud
U000181,2026-01-01,gym
U000182,2026-01-01,none
U000184,2026-01-01,insurance
U000185,2026-01-01,cloud
U000186,2026-01-01,insurance
U000187,2026-01-01,none
U000189,2026-01-01,music
U000190,2026-01-01,none
U000191,2026-01-01,cloud
U000192,2026-01-01,none
U000194,2026-01-01,software
U000196,2026-01-01,insurance
U000197,2026-01-01,cloud
U000198,2026-01-01,none
U000199,2026-01-01,software
U000200,2026-01-01,music
U000201,2026-01-01,none
U000202,2026-01-01,music
U000203,2026-01-01,gym
U000204,2026-01-01,software
U000205,2026-01-01,music
U000206,2026-01-01,none
U000208,2026-01-01,none
U000209,2026-01-01,none
U000211,2026-01-01,insurance
U000212,2026-01-01,mobile
U000214,2026-01-01,none
U000215,2026-01-01,none
U000216,2026-01-01,cloud
U000217,2026-01-01,none
U000218,2026-01-01,insurance
U000221,2026-01-01,none
U000223,2026-01-01,software
U000225,2026-01-01,software
U000226,2026-01-01,gym
U000228,2026-01-01,none
U000229,2026-01-01,none
U000230,2026-01-01,software
U000232,2026-01-01,none
U000233,2026-01-01,music
U000234,2026-01-01,insurance
U000235,2026-01-01,none
U000236,2026-01-01,insurance
U000238,2026-01-01,streaming
U000239,2026-01-01,software
U000241,2026-01-01,none
U000242,2026-01-01,gym
U000244,2026-01-01,none
U000245,2026-01-01,cloud
U000247,2026-01-01,mobile
U000248,2026-01-01,software
U000249,2026-01-01,music
U000250,2026-01-01,streaming
U000251,2026-01-01,streaming
U000252,2026-01-01,music
U000253,2026-01-01,cloud
U000254,2026-01-01,none
U000255,2026-01-01,none
U000256,2026-01-01,none
U000257,2026-01-01,none
U000258,2026-01-01,insurance
U000261,2026-01-01,cloud
U000263,2026-01-01,cloud
U000264,2026-01-01,streaming
U000265,2026-01-01,music
U000267,2026-01-01,mobile
U000268,2026-01-01,insurance
U000269,2026-01-01,none
U000270,2026-01-01,none
U000272,2026-01-01,mobile
U000273,2026-01-01,gym
U000276,2026-01-01,none
U000277,2026-01-01,cloud
U000278,2026-01-01,mobile
U000280,2026-01-01,gym
U000281,2026-01-01,cloud
U000282,2026-01-01,music
U000283,2026-01-01,none
U000286,2026-01-01,cloud
U000287,2026-01-01,mobile
U000288,2026-01-01,streaming
U000289,2026-01-01,streaming
U000293,2026-01-01,mobile
U000294,2026-01-01,streaming
U000295,2026-01-01,mobile
U000296,2026-01-01,streaming
U000297,2026-01-01,music
U000298,2026-01-01,mobile
U000299,2026-01-01,software
U000300,2026-01-01,insurance
U000302,2026-01-01,mobile
U000303,2026-01-01,streaming
U000305,2026-01-01,none
U000306,2026-01-01,none
U000307,2026-01-01,mobile
U000311,2026-01-01,none
U000312,2026-01-01,mobile
U000313,2026-01-01,insurance
U000314,2026-01-01,mobile
U000315,2026-01-01,none
U000316,2026-01-01,cloud
U000318,2026-01-01,gym
U000319,2026-01-01,software
U000320,2026-01-01,none
U000321,2026-01-01,none
U000323,2026-01-01,none
U000324,2026-01-01,cloud
U000325,2026-01-01,mobile
U000326,2026-01-01,mobile
U000327,2026-01-01,mobile
U000329,2026-01-01,software
U000330,2026-01-01,none
U000331,2026-01-01,none
U000332,2026-01-01,music
U000333,2026-01-01,none
U000336,2026-01-01,software
U000337,2026-01-01,mobile
U000338,2026-01-01,gym
U000339,2026-01-01,insurance
U000342,2026-01-01,music
U000343,2026-01-01,gym
U000344,2026-01-01,gym
U000345,2026-01-01,software
U000346,2026-01-01,gym
U000347,2026-01-01,insurance
U000349,2026-01-01,streaming
U000350,2026-01-01,none
U000351,2026-01-01,none
U000352,2026-01-01,none
U000355,2026-01-01,none
U000357,2026-01-01,gym
U000358,2026-01-01,mobile
U000359,2026-01-01,cloud
U000361,2026-01-01,none
U000362,2026-01-01,mobile
U000363,2026-01-01,none
U000364,2026-01-01,none
U000365,2026-01-01,none
U000366,2026-01-01,software
U000367,2026-01-01,none
U000368,2026-01-01,software
U000369,2026-01-01,none
U000370,2026-01-01,mobile
U000371,2026-01-01,software
U000372,2026-01-01,insurance
U000373,2026-01-01,none
U000374,2026-01-01,software
U000375,2026-01-01,none
U000376,2026-01-01,music
U000377,2026-01-01,none
U000378,2026-01-01,cloud
U000379,2026-01-01,none
U000380,2026-01-01,music
U000381,2026-01-01,music
U000382,2026-01-01,none
U000384,2026-01-01,gym
U000386,2026-01-01,cloud
U000387,2026-01-01,insurance
U000388,2026-01-01,none
U000389,2026-01-01,mobile
U000390,2026-01-01,none
U000391,2026-01-01,none
U000394,2026-01-01,none
U000395,2026-01-01,music
U000396,2026-01-01,gym
U000397,2026-01-01,insurance
U000398,2026-01-01,streaming
U000399,2026-01-01,none
U000401,2026-01-01,none
U000402,2026-01-01,insurance
U000404,2026-01-01,insurance
U000405,2026-01-01,gym
U000406,2026-01-01,none
U000407,2026-01-01,none
U000410,2026-01-01,software
U000411,2026-01-01,streaming
U000413,2026-01-01,insurance
U000414,2026-01-01,cloud
U000416,2026-01-01,none
U000418,2026-01-01,software
U000419,2026-01-01,none
U000420,2026-01-01,none
U000421,2026-01-01,none
U000423,2026-01-01,cloud
U000425,2026-01-01,cloud
U000426,2026-01-01,none
U000427,2026-01-01,gym
U000428,2026-01-01,streaming
U000429,2026-01-01,streaming
U000430,2026-01-01,music
U000433,2026-01-01,insurance
U000434,2026-01-01,streaming
U000435,2026-01-01,insurance
U000436,2026-01-01,cloud
U000437,2026-01-01,none
U000438,2026-01-01,mobile
U000439,2026-01-01,streaming
U000440,2026-01-01,mobile
U000441,2026-01-01,music
U000442,2026-01-01,cloud
U000443,2026-01-01,none
U000444,2026-01-01,gym
U000445,2026-01-01,streaming
U000447,2026-01-01,gym
U000449,2026-01-01,none
U000450,2026-01-01,gym
U000451,2026-01-01,none
U000453,2026-01-01,none
U000454,2026-01-01,music
U000456,2026-01-01,none
U000457,2026-01-01,none
U000458,2026-01-01,software
U000461,2026-01-01,none
U000464,2026-01-01,gym
U000465,2026-01-01,none
U000466,2026-01-01,none
U000467,2026-01-01,insurance
U000468,2026-01-01,streaming
U000469,2026-01-01,mobile
U000472,2026-01-01,music
U000473,2026-01-01,none
U000475,2026-01-01,software
U000476,2026-01-01,none
U000477,2026-01-01,streaming
U000478,2026-01-01,software
U000480,2026-01-01,none
U000482,2026-01-01,none
U000483,2026-01-01,cloud
U000485,2026-01-01,streaming
U000486,2026-01-01,cloud
U000487,2026-01-01,mobile
U000488,2026-01-01,mobile
U000489,2026-01-01,none
U000490,2026-01-01,music
U000491,2026-01-01,software
U000492,2026-01-01,none
U000493,2026-01-01,none
U000494,2026-01-01,none
U000495,2026-01-01,music
U000496,2026-01-01,software
U000499,2026-01-01,none
U000502,2026-01-01,none
U000503,2026-01-01,gym
U000504,2026-01-01,streaming
U000505,2026-01-01,gym
U000507,2026-01-01,none
U000508,2026-01-01,cloud
U000509,2026-01-01,software
U000512,2026-01-01,insurance
U000515,2026-01-01,mobile
U000517,2026-01-01,gym
U000520,2026-01-01,music
U000521,2026-01-01,none
U000522,2026-01-01,mobile
U000523,2026-01-01,software
U000526,2026-01-01,none
U000527,2026-01-01,insurance
U000528,2026-01-01,cloud
U000529,2026-01-01,none
U000531,2026-01-01,mobile
U000533,2026-01-01,none
U000534,2026-01-01,mobile
U000535,2026-01-01,insurance
U000536,2026-01-01,cloud
U000537,2026-01-01,mobile
U000538,2026-01-01,software
U000539,2026-01-01,gym
U000541,2026-01-01,insurance
U000542,2026-01-01,gym
U000547,2026-01-01,software
U000548,2026-01-01,streaming
U000549,2026-01-01,none
U000551,2026-01-01,insurance
U000552,2026-01-01,insurance
U000553,2026-01-01,insurance
U000554,2026-01-01,cloud
U000556,2026-01-01,gym
U000557,2026-01-01,cloud
U000558,2026-01-01,none
U000559,2026-01-01,insurance
U000560,2026-01-01,software
U000563,2026-01-01,insurance
U000564,2026-01-01,cloud
U000566,2026-01-01,mobile
U000568,2026-01-01,mobile
U000569,2026-01-01,none
U000571,2026-01-01,none
U000572,2026-01-01,streaming
U000574,2026-01-01,insurance
U000575,2026-01-01,none
U000577,2026-01-01,mobile
U000579,2026-01-01,music
U000580,2026-01-01,cloud
U000581,2026-01-01,insurance
U000582,2026-01-01,mobile
U000583,2026-01-01,software
U000584,2026-01-01,none
U000585,2026-01-01,software
U000587,2026-01-01,cloud
U000588,2026-01-01,none
U000589,2026-01-01,none
U000591,2026-01-01,mobile
U000592,2026-01-01,gym
U000593,2026-01-01,streaming
U000594,2026-01-01,mobile
U000595,2026-01-01,none
U000596,2026-01-01,insurance
U000597,2026-01-01,software
U000600,2026-01-01,mobile
U000601,2026-01-01,software
U000602,2026-01-01,none
U000604,2026-01-01,none
U000605,2026-01-01,none
U000607,2026-01-01,streaming
U000608,2026-01-01,software
U000611,2026-01-01,mobile
U000612,2026-01-01,none
U000613,2026-01-01,insurance
U000614,2026-01-01,mobile
U000616,2026-01-01,none
U000617,2026-01-01,none
U000618,2026-01-01,music
U000619,2026-01-01,none
U000621,2026-01-01,streaming
U000622,2026-01-01,none
U000623,2026-01-01,cloud
U000624,2026-01-01,software
U000625,2026-01-01,insurance
U000626,2026-01-01,gym
U000627,2026-01-01,software
U000628,2026-01-01,none
U000629,2026-01-01,streaming
U000630,2026-01-01,mobile
U000634,2026-01-01,mobile
U000635,2026-01-01,music
U000636,2026-01-01,cloud
U000637,2026-01-01,insurance
U000638,2026-01-01,mobile
U000639,2026-01-01,insurance
U000640,2026-01-01,cloud
U000641,2026-01-01,cloud
U000642,2026-01-01,none
U000643,2026-01-01,software
U000644,2026-01-01,gym
U000645,2026-01-01,none
U000647,2026-01-01,streaming
U000648,2026-01-01,software
U000649,2026-01-01,mobile
U000650,2026-01-01,none
U000651,2026-01-01,insurance
U000652,2026-01-01,streaming
U000653,2026-01-01,none
U000654,2026-01-01,insurance
U000655,2026-01-01,none
U000656,2026-01-01,cloud
U000657,2026-01-01,none
U000658,2026-01-01,none
U000659,2026-01-01,insurance
U000660,2026-01-01,insurance
U000661,2026-01-01,mobile
U000662,2026-01-01,gym
U000666,2026-01-01,insurance
U000667,2026-01-01,none
U000668,2026-01-01,none
U000671,2026-01-01,none
U000672,2026-01-01,insurance
U000673,2026-01-01,none
U000674,2026-01-01,gym
U000675,2026-01-01,none
U000676,2026-01-01,none
U000677,2026-01-01,gym
U000679,2026-01-01,streaming
U000680,2026-01-01,gym
U000681,2026-01-01,mobile
U000684,2026-01-01,software
U000685,2026-01-01,none
U000686,2026-01-01,music
U000687,2026-01-01,cloud
U000688,2026-01-01,insurance
U000689,2026-01-01,mobile
U000690,2026-01-01,gym
U000691,2026-01-01,none
U000692,2026-01-01,none
U000693,2026-01-01,none
U000694,2026-01-01,none
U000695,2026-01-01,none
U000697,2026-01-01,none
U000699,2026-01-01,gym
U000700,2026-01-01,cloud
U000701,2026-01-01,software
U000702,2026-01-01,none
U000703,2026-01-01,mobile
U000704,2026-01-01,none
U000705,2026-01-01,none
U000707,2026-01-01,cloud
U000709,2026-01-01,music
U000711,2026-01-01,none
U000712,2026-01-01,gym
U000713,2026-01-01,none
U000715,2026-01-01,mobile
U000717,2026-01-01,none
U000718,2026-01-01,cloud
U000719,2026-01-01,none
U000720,2026-01-01,software
U000723,2026-01-01,mobile
U000724,2026-01-01,gym
U000725,2026-01-01,insurance
U000726,2026-01-01,cloud
U000727,2026-01-01,software
U000728,2026-01-01,music
U000729,2026-01-01,cloud
U000731,2026-01-01,music
U000733,2026-01-01,music
U000734,2026-01-01,cloud
U000737,2026-01-01,streaming
U000738,2026-01-01,software
U000739,2026-01-01,none
U000741,2026-01-01,none
U000743,2026-01-01,none
U000745,2026-01-01,none
U000747,2026-01-01,gym
U000748,2026-01-01,cloud
U000749,2026-01-01,software
U000750,2026-01-01,none
U000752,2026-01-01,none
U000753,2026-01-01,insurance
U000755,2026-01-01,none
U000756,2026-01-01,none
U000757,2026-01-01,insurance
U000758,2026-01-01,software
U000759,2026-01-01,none
U000760,2026-01-01,streaming
U000761,2026-01-01,none
U000762,2026-01-01,none
U000764,2026-01-01,music
U000765,2026-01-01,mobile
U000769,2026-01-01,software
U000772,2026-01-01,music
U000774,2026-01-01,none
U000775,2026-01-01,none
U000776,2026-01-01,insurance
U000777,2026-01-01,insurance
U000778,2026-01-01,none
U000779,2026-01-01,software
U000780,2026-01-01,none
U000783,2026-01-01,mobile
U000784,2026-01-01,gym
U000786,2026-01-01,none
U000788,2026-01-01,streaming
U000789,2026-01-01,none
U000791,2026-01-01,insurance
U000792,2026-01-01,none
U000793,2026-01-01,gym
U000795,2026-01-01,mobile
U000796,2026-01-01,none
U000797,2026-01-01,cloud
U000799,2026-01-01,none
U000800,2026-01-01,none
U000801,2026-01-01,music
U000802,2026-01-01,none
U000803,2026-01-01,none
U000804,2026-01-01,software
U000806,2026-01-01,none
U000807,2026-01-01,music
U000809,2026-01-01,insurance
U000810,2026-01-01,none
U000811,2026-01-01,none
U000812,2026-01-01,mobile
U000813,2026-01-01,none
U000814,2026-01-01,gym
U000816,2026-01-01,music
U000817,2026-01-01,insurance
U000819,2026-01-01,none
U000821,2026-01-01,gym
U000822,2026-01-01,mobile
U000823,2026-01-01,none
U000824,2026-01-01,gym
U000825,2026-01-01,streaming
U000826,2026-01-01,insurance
U000827,2026-01-01,none
U000828,2026-01-01,mobile
U000829,2026-01-01,insurance
U000830,2026-01-01,none
U000831,2026-01-01,none
U000832,2026-01-01,none
U000833,2026-01-01,mobile
U000834,2026-01-01,none
U000835,2026-01-01,none
U000837,2026-01-01,music
U000839,2026-01-01,mobile
U000840,2026-01-01,gym
U000842,2026-01-01,music
U000843,2026-01-01,none
U000844,2026-01-01,streaming
U000845,2026-01-01,insurance
U000846,2026-01-01,cloud
U000848,2026-01-01,gym
U000850,2026-01-01,streaming
U000851,2026-01-01,software
U000852,2026-01-01,software
U000853,2026-01-01,none
U000855,2026-01-01,software
U000856,2026-01-01,cloud
U000858,2026-01-01,insurance
U000860,2026-01-01,none
U000862,2026-01-01,insurance
U000863,2026-01-01,none
U000864,2026-01-01,insurance
U000865,2026-01-01,none
U000866,2026-01-01,streaming
U000867,2026-01-01,none
U000869,2026-01-01,none
U000872,2026-01-01,mobile
U000873,2026-01-01,none
U000874,2026-01-01,insurance
U000875,2026-01-01,insurance
U000878,2026-01-01,gym
U000879,2026-01-01,none
U000880,2026-01-01,cloud
U000881,2026-01-01,streaming
U000882,2026-01-01,cloud
U000883,2026-01-01,mobile
U000884,2026-01-01,streaming
U000885,2026-01-01,gym
U000887,2026-01-01,music
U000888,2026-01-01,software
U000889,2026-01-01,cloud
U000891,2026-01-01,cloud
U000893,2026-01-01,none
U000894,2026-01-01,none
U000897,2026-01-01,none
U000898,2026-01-01,cloud
U000899,2026-01-01,gym
U000900,2026-01-01,none
U000901,2026-01-01,streaming
U000903,2026-01-01,none
U000904,2026-01-01,none
U000907,2026-01-01,none
U000908,2026-01-01,cloud
U000910,2026-01-01,gym
U000912,2026-01-01,none
U000913,2026-01-01,streaming
U000914,2026-01-01,none
U000915,2026-01-01,cloud
U000916,2026-01-01,none
U000917,2026-01-01,insurance
U000918,2026-01-01,software
U000919,2026-01-01,music
U000920,2026-01-01,software
U000922,2026-01-01,none
U000923,2026-01-01,software
U000924,2026-01-01,none
U000925,2026-01-01,mobile
U000926,2026-01-01,music
U000927,2026-01-01,none
U000928,2026-01-01,none
U000929,2026-01-01,mobile
U000931,2026-01-01,none
U000932,2026-01-01,none
U000933,2026-01-01,none
U000935,2026-01-01,insurance
U000936,2026-01-01,cloud
U000937,2026-01-01,none
U000938,2026-01-01,cloud
U000939,2026-01-01,music
U000940,2026-01-01,insurance
U000941,2026-01-01,software
U000942,2026-01-01,gym
U000945,2026-01-01,software
U000946,2026-01-01,software
U000947,2026-01-01,software
U000950,2026-01-01,gym
U000951,2026-01-01,music
U000952,2026-01-01,none
U000953,2026-01-01,software
U000954,2026-01-01,none
U000958,2026-01-01,none
U000960,2026-01-01,none
U000963,2026-01-01,cloud
U000964,2026-01-01,streaming
U000965,2026-01-01,none
U000968,2026-01-01,none
U000969,2026-01-01,insurance
U000971,2026-01-01,gym
U000972,2026-01-01,insurance
U000973,2026-01-01,none
U000974,2026-01-01,software
U000975,2026-01-01,none
U000978,2026-01-01,cloud
U000979,2026-01-01,music
U000980,2026-01-01,none
U000981,2026-01-01,cloud
U000982,2026-01-01,none
U000983,2026-01-01,none
U000985,2026-01-01,none
U000986,2026-01-01,insurance
U000988,2026-01-01,music
U000990,2026-01-01,gym
U000991,2026-01-01,mobile
U000993,2026-01-01,none
U000994,2026-01-01,gym
U000995,2026-01-01,streaming
U000997,2026-01-01,insurance
U000999,2026-01-01,mobile
U001000,2026-01-01,software
U001002,2026-01-01,cloud
U001003,2026-01-01,none
U001004,2026-01-01,none
U001005,2026-01-01,streaming
U001006,2026-01-01,gym
U001007,2026-01-01,software
U001009,2026-01-01,none
U001010,2026-01-01,none
U001012,2026-01-01,none
U001013,2026-01-01,none
U001014,2026-01-01,none
U001015,2026-01-01,none
U001016,2026-01-01,none
U001017,2026-01-01,software
U001018,2026-01-01,none
U001019,2026-01-01,cloud
U001020,2026-01-01,none
U001022,2026-01-01,none
U001023,2026-01-01,streaming
U001024,2026-01-01,streaming
U001025,2026-01-01,none
U001027,2026-01-01,none
U001028,2026-01-01,gym
U001031,2026-01-01,none
U001032,2026-01-01,none
U001033,2026-01-01,cloud
U001034,2026-01-01,streaming
U001035,2026-01-01,insurance
U001037,2026-01-01,software
U001038,2026-01-01,insurance
U001041,2026-01-01,gym
U001042,2026-01-01,none
U001044,2026-01-01,mobile
U001046,2026-01-01,none
U001047,2026-01-01,streaming
U001048,2026-01-01,streaming
U001051,2026-01-01,insurance
U001052,2026-01-01,cloud
U001053,2026-01-01,software
U001055,2026-01-01,music
U001057,2026-01-01,insurance
U001058,2026-01-01,none
U001059,2026-01-01,streaming
U001060,2026-01-01,insurance
U001061,2026-01-01,streaming
U001063,2026-01-01,music
U001064,2026-01-01,none
U001065,2026-01-01,insurance
U001066,2026-01-01,software
U001068,2026-01-01,none
U001071,2026-01-01,gym
U001074,2026-01-01,streaming
U001077,2026-01-01,mobile
U001078,2026-01-01,mobile
U001079,2026-01-01,streaming
U001080,2026-01-01,none
U001081,2026-01-01,insurance
U001082,2026-01-01,none
U001085,2026-01-01,streaming
U001086,2026-01-01,none
U001087,2026-01-01,insurance
U001088,2026-01-01,gym
U001090,2026-01-01,streaming
U001091,2026-01-01,cloud
U001092,2026-01-01,cloud
U001093,2026-01-01,streaming
U001094,2026-01-01,mobile
U001096,2026-01-01,none
U001097,2026-01-01,mobile
U001098,2026-01-01,music
U001099,2026-01-01,insurance
U001100,2026-01-01,none
U001101,2026-01-01,none
U001102,2026-01-01,music
U001103,2026-01-01,insurance
U001104,2026-01-01,music
U001106,2026-01-01,none
U001108,2026-01-01,streaming
U001109,2026-01-01,gym
U001110,2026-01-01,streaming
U001111,2026-01-01,streaming
U001113,2026-01-01,gym
U001115,2026-01-01,none
U001116,2026-01-01,insurance
U001118,2026-01-01,streaming
U001119,2026-01-01,streaming
U001120,2026-01-01,mobile
U001121,2026-01-01,gym
U001122,2026-01-01,none
U001123,2026-01-01,insurance
U001124,2026-01-01,none
U001126,2026-01-01,gym
U001127,2026-01-01,none
U001129,2026-01-01,insurance
U001130,2026-01-01,streaming
U001131,2026-01-01,mobile
U001132,2026-01-01,streaming
U001136,2026-01-01,gym
U001137,2026-01-01,cloud
U001139,2026-01-01,insurance
U001140,2026-01-01,software
U001141,2026-01-01,streaming
U001143,2026-01-01,streaming
U001144,2026-01-01,none
U001145,2026-01-01,none
U001146,2026-01-01,streaming
U001147,2026-01-01,streaming
U001148,2026-01-01,music
U001149,2026-01-01,insurance
U001150,2026-01-01,software
U001152,2026-01-01,none
U001154,2026-01-01,none
U001155,2026-01-01,gym
U001156,2026-01-01,music
U001157,2026-01-01,mobile
U001158,2026-01-01,insurance
U001163,2026-01-01,none
U001164,2026-01-01,streaming
U001166,2026-01-01,none
U001167,2026-01-01,software
U001168,2026-01-01,software
U001169,2026-01-01,none
U001171,2026-01-01,none
U001173,2026-01-01,none
U001175,2026-01-01,none
U001176,2026-01-01,streaming
U001178,2026-01-01,none
U001179,2026-01-01,gym
U001181,2026-01-01,streaming
U001182,2026-01-01,mobile
U001184,2026-01-01,gym
U001185,2026-01-01,cloud
U001189,2026-01-01,software
U001190,2026-01-01,streaming
U001191,2026-01-01,music
U001192,2026-01-01,gym
U001195,2026-01-01,insurance
U001197,2026-01-01,none
U001198,2026-01-01,none
U001199,2026-01-01,insurance
U001200,2026-01-01,none
U001201,2026-01-01,none
U001202,2026-01-01,insurance
U001203,2026-01-01,insurance
U001204,2026-01-01,none
U001205,2026-01-01,none
U001206,2026-01-01,mobile
U001209,2026-01-01,none
U001210,2026-01-01,streaming
U001211,2026-01-01,gym
U001212,2026-01-01,insurance
U001213,2026-01-01,none
U001214,2026-01-01,cloud
U001215,2026-01-01,none
U001216,2026-01-01,cloud
U001217,2026-01-01,insurance
U001219,2026-01-01,software
U001220,2026-01-01,software
U001221,2026-01-01,none
U001222,2026-01-01,cloud
U001223,2026-01-01,gym
U001224,2026-01-01,software
U001225,2026-01-01,streaming
U001226,2026-01-01,music
U001227,2026-01-01,insurance
U001229,2026-01-01,insurance
U001230,2026-01-01,mobile
U001231,2026-01-01,cloud
U001233,2026-01-01,mobile
U001235,2026-01-01,music
U001236,2026-01-01,mobile
U001238,2026-01-01,none
U001239,2026-01-01,insurance
U001240,2026-01-01,none
U001241,2026-01-01,none
U001242,2026-01-01,software
U001243,2026-01-01,streaming
U001246,2026-01-01,none
U001247,2026-01-01,cloud
U001248,2026-01-01,software
U001249,2026-01-01,none
U001251,2026-01-01,none
U001253,2026-01-01,cloud
U001254,2026-01-01,gym
U001255,2026-01-01,music
U001256,2026-01-01,mobile
U001257,2026-01-01,none
U001258,2026-01-01,streaming
U001259,2026-01-01,none
U001260,2026-01-01,software
U001261,2026-01-01,streaming
U001262,2026-01-01,none
U001264,2026-01-01,cloud
U001265,2026-01-01,insurance
U001266,2026-01-01,none
U001268,2026-01-01,insurance
U001269,2026-01-01,none
U001271,2026-01-01,streaming
U001272,2026-01-01,software
U001273,2026-01-01,none
U001274,2026-01-01,none
U001277,2026-01-01,streaming
U001278,2026-01-01,software
U001280,2026-01-01,none
U001281,2026-01-01,none
U001282,2026-01-01,cloud
U001283,2026-01-01,none
U001284,2026-01-01,insurance
U001285,2026-01-01,software
U001287,2026-01-01,none
U001288,2026-01-01,none
U001289,2026-01-01,none
U001294,2026-01-01,gym
U001295,2026-01-01,music
U001296,2026-01-01,software
U001298,2026-01-01,none
U001299,2026-01-01,mobile
U001300,2026-01-01,gym
U001302,2026-01-01,music
U001303,2026-01-01,insurance
U001304,2026-01-01,mobile
U001305,2026-01-01,streaming
U001306,2026-01-01,cloud
U001307,2026-01-01,insurance
U001308,2026-01-01,mobile
U001309,2026-01-01,none
U001310,2026-01-01,software
U001311,2026-01-01,software
U001312,2026-01-01,insurance
U001314,2026-01-01,insurance
U001316,2026-01-01,none
U001317,2026-01-01,none
U001318,2026-01-01,software
U001319,2026-01-01,music
U001320,2026-01-01,mobile
U001321,2026-01-01,none
U001322,2026-01-01,streaming
U001323,2026-01-01,none
U001324,2026-01-01,none
U001326,2026-01-01,none
U001327,2026-01-01,cloud
U001328,2026-01-01,streaming
U001329,2026-01-01,none
U001331,2026-01-01,none
U001332,2026-01-01,none
U001334,2026-01-01,mobile
U001336,2026-01-01,none
U001338,2026-01-01,none
U001340,2026-01-01,cloud
U001341,2026-01-01,none
U001344,2026-01-01,insurance
U001345,2026-01-01,cloud
U001346,2026-01-01,music
U001347,2026-01-01,mobile
U001351,2026-01-01,none
U001353,2026-01-01,none
U001356,2026-01-01,gym
U001357,2026-01-01,gym
U001360,2026-01-01,cloud
U001361,2026-01-01,none
U001362,2026-01-01,none
U001363,2026-01-01,music
U001364,2026-01-01,none
U001365,2026-01-01,insurance
U001367,2026-01-01,music
U001368,2026-01-01,insurance
U001369,2026-01-01,software
U001370,2026-01-01,none
U001371,2026-01-01,insurance
U001372,2026-01-01,none
U001373,2026-01-01,none
U001374,2026-01-01,none
U001375,2026-01-01,mobile
U001377,2026-01-01,streaming
U001378,2026-01-01,cloud
U001379,2026-01-01,none
U001380,2026-01-01,mobile
U001381,2026-01-01,gym
U001382,2026-01-01,none
U001383,2026-01-01,music
U001384,2026-01-01,none
U001385,2026-01-01,software
U001386,2026-01-01,streaming
U001387,2026-01-01,none
U001388,2026-01-01,cloud
U001389,2026-01-01,cloud
U001390,2026-01-01,software
U001391,2026-01-01,software
U001392,2026-01-01,music
U001393,2026-01-01,software
U001396,2026-01-01,software
U001398,2026-01-01,gym
U001399,2026-01-01,none
U001400,2026-01-01,mobile
U001401,2026-01-01,none
U001404,2026-01-01,none
U001405,2026-01-01,none
U001406,2026-01-01,gym
U001408,2026-01-01,music
U001409,2026-01-01,mobile
U001410,2026-01-01,cloud
U001412,2026-01-01,none
U001413,2026-01-01,streaming
U001414,2026-01-01,music
U001415,2026-01-01,none
U001418,2026-01-01,none
U001420,2026-01-01,none
U001421,2026-01-01,insurance
U001422,2026-01-01,gym
U001423,2026-01-01,mobile
U001424,2026-01-01,none
U001426,2026-01-01,none
U001428,2026-01-01,gym
U001429,2026-01-01,insurance
U001432,2026-01-01,gym
U001433,2026-01-01,gym
U001435,2026-01-01,software
U001436,2026-01-01,streaming
U001439,2026-01-01,music
U001440,2026-01-01,insurance
U001442,2026-01-01,none
U001443,2026-01-01,none
U001444,2026-01-01,gym
U001445,2026-01-01,insurance
U001446,2026-01-01,streaming
U001447,2026-01-01,streaming
U001448,2026-01-01,none
U001449,2026-01-01,mobile
U001450,2026-01-01,none
U001451,2026-01-01,mobile
U001452,2026-01-01,music
U001453,2026-01-01,none
U001454,2026-01-01,gym
U001455,2026-01-01,none
U001457,2026-01-01,none
U001459,2026-01-01,none
U001460,2026-01-01,cloud
U001462,2026-01-01,none
U001463,2026-01-01,music
U001465,2026-01-01,insurance
U001467,2026-01-01,music
U001468,2026-01-01,none
U001469,2026-01-01,gym
U001471,2026-01-01,music
U001472,2026-01-01,mobile
U001473,2026-01-01,none
U001475,2026-01-01,mobile
U001476,2026-01-01,mobile
U001477,2026-01-01,cloud
U001478,2026-01-01,gym
U001479,2026-01-01,cloud
U001480,2026-01-01,music
U001481,2026-01-01,none
U001483,2026-01-01,mobile
U001484,2026-01-01,insurance
U001485,2026-01-01,none
U001489,2026-01-01,cloud
U001490,2026-01-01,software
U001491,2026-01-01,gym
U001492,2026-01-01,none
U001493,2026-01-01,none
U001494,2026-01-01,insurance
U001495,2026-01-01,software
U001496,2026-01-01,none
U001497,2026-01-01,none
U001498,2026-01-01,none
U001500,2026-01-01,streaming
U001502,2026-01-01,none
U001503,2026-01-01,none
U001504,2026-01-01,none
U001505,2026-01-01,none
U001506,2026-01-01,insurance
U001507,2026-01-01,mobile
U001508,2026-01-01,music
U001509,2026-01-01,music
U001510,2026-01-01,none
U001511,2026-01-01,software
U001512,2026-01-01,none
U001513,2026-01-01,mobile
U001514,2026-01-01,cloud
U001515,2026-01-01,gym
U001516,2026-01-01,insurance
U001517,2026-01-01,insurance
U001518,2026-01-01,none
U001519,2026-01-01,gym
U001520,2026-01-01,software
U001521,2026-01-01,insurance
U001523,2026-01-01,streaming
U001524,2026-01-01,software
U001525,2026-01-01,mobile
U001528,2026-01-01,software
U001530,2026-01-01,insurance
U001531,2026-01-01,none
U001532,2026-01-01,insurance
U001533,2026-01-01,none
U001534,2026-01-01,software
U001536,2026-01-01,mobile
U001538,2026-01-01,insurance
U001539,2026-01-01,none
U001540,2026-01-01,music
U001543,2026-01-01,none
U001545,2026-01-01,cloud
U001546,2026-01-01,insurance
U001547,2026-01-01,software
U001548,2026-01-01,mobile
U001549,2026-01-01,streaming
U001551,2026-01-01,none
U001553,2026-01-01,insurance
U001554,2026-01-01,music
U001555,2026-01-01,streaming
U001557,2026-01-01,none
U001559,2026-01-01,music
U001561,2026-01-01,none
U001562,2026-01-01,mobile
U001563,2026-01-01,insurance
U001564,2026-01-01,streaming
U001565,2026-01-01,gym
U001568,2026-01-01,gym
U001569,2026-01-01,none
U001570,2026-01-01,none
U001571,2026-01-01,music
U001572,2026-01-01,none
U001573,2026-01-01,cloud
U001575,2026-01-01,none
U001578,2026-01-01,mobile
U001580,2026-01-01,music
U001581,2026-01-01,software
U001582,2026-01-01,none
U001583,2026-01-01,none
U001584,2026-01-01,software
U001586,2026-01-01,cloud
U001587,2026-01-01,none
U001588,2026-01-01,software
U001589,2026-01-01,mobile
U001590,2026-01-01,mobile
U001591,2026-01-01,none
U001592,2026-01-01,streaming
U001593,2026-01-01,none
U001594,2026-01-01,insurance
U001595,2026-01-01,insurance
U001596,2026-01-01,none
U001597,2026-01-01,gym
U001600,2026-01-01,none
U001601,2026-01-01,insurance
U001603,2026-01-01,insurance
U001604,2026-01-01,cloud
U001605,2026-01-01,software
U001606,2026-01-01,streaming
U001607,2026-01-01,insurance
U001609,2026-01-01,gym
U001610,2026-01-01,mobile
U001612,2026-01-01,mobile
U001613,2026-01-01,none
U001614,2026-01-01,cloud
U001615,2026-01-01,none
U001616,2026-01-01,none
U001617,2026-01-01,music
U001618,2026-01-01,streaming
U001621,2026-01-01,none
U001622,2026-01-01,mobile
U001623,2026-01-01,cloud
U001624,2026-01-01,cloud
U001625,2026-01-01,insurance
U001626,2026-01-01,none
U001629,2026-01-01,none
U001630,2026-01-01,none
U001632,2026-01-01,cloud
U001633,2026-01-01,mobile
U001634,2026-01-01,none
U001635,2026-01-01,insurance
U001636,2026-01-01,none
U001637,2026-01-01,none
U001639,2026-01-01,none
U001640,2026-01-01,gym
U001642,2026-01-01,cloud
U001643,2026-01-01,none
U001644,2026-01-01,mobile
U001645,2026-01-01,software
U001646,2026-01-01,mobile
U001647,2026-01-01,none
U001648,2026-01-01,mobile
U001649,2026-01-01,insurance
U001650,2026-01-01,music
U001651,2026-01-01,insurance
U001654,2026-01-01,none
U001656,2026-01-01,streaming
U001657,2026-01-01,none
U001661,2026-01-01,none
U001662,2026-01-01,none
U001663,2026-01-01,software
U001665,2026-01-01,none
U001666,2026-01-01,music
U001668,2026-01-01,insurance
U001672,2026-01-01,insurance
U001673,2026-01-01,insurance
U001674,2026-01-01,music
U001675,2026-01-01,none
U001676,2026-01-01,mobile
U001677,2026-01-01,music
U001678,2026-01-01,none
U001679,2026-01-01,cloud
U001680,2026-01-01,cloud
U001681,2026-01-01,mobile
U001683,2026-01-01,music
U001684,2026-01-01,streaming
U001685,2026-01-01,none
U001686,2026-01-01,insurance
U001687,2026-01-01,streaming
U001688,2026-01-01,none
U001690,2026-01-01,none
U001691,2026-01-01,insurance
U001692,2026-01-01,gym
U001693,2026-01-01,gym
U001695,2026-01-01,gym
U001698,2026-01-01,none
U001699,2026-01-01,cloud
U001700,2026-01-01,none
U001702,2026-01-01,software
U001703,2026-01-01,cloud
U001706,2026-01-01,cloud
U001709,2026-01-01,insurance
U001710,2026-01-01,none
U001711,2026-01-01,streaming
U001712,2026-01-01,none
U001713,2026-01-01,none
U001714,2026-01-01,insurance
U001716,2026-01-01,insurance
U001717,2026-01-01,none
U001719,2026-01-01,gym
U001721,2026-01-01,gym
U001724,2026-01-01,software
U001725,2026-01-01,streaming
U001728,2026-01-01,mobile
U001729,2026-01-01,none
U001730,2026-01-01,none
U001732,2026-01-01,cloud
U001733,2026-01-01,none
U001734,2026-01-01,mobile
U001735,2026-01-01,gym
U001736,2026-01-01,none
U001737,2026-01-01,software
U001739,2026-01-01,cloud
U001742,2026-01-01,none
U001743,2026-01-01,mobile
U001744,2026-01-01,insurance
U001745,2026-01-01,none
U001746,2026-01-01,cloud
U001747,2026-01-01,none
U001748,2026-01-01,none
U001749,2026-01-01,none
U001750,2026-01-01,none
U001751,2026-01-01,streaming
U001752,2026-01-01,insurance
U001753,2026-01-01,music
U001755,2026-01-01,none
U001757,2026-01-01,insurance
U001759,2026-01-01,none
U001760,2026-01-01,music
U001761,2026-01-01,music
U001762,2026-01-01,music
U001763,2026-01-01,gym
U001764,2026-01-01,insurance
U001766,2026-01-01,gym
U001767,2026-01-01,none
U001768,2026-01-01,gym
U001769,2026-01-01,mobile
U001770,2026-01-01,insurance
U001771,2026-01-01,none
U001772,2026-01-01,insurance
U001775,2026-01-01,streaming
U001779,2026-01-01,streaming
U001782,2026-01-01,streaming
U001783,2026-01-01,none
U001784,2026-01-01,gym
U001785,2026-01-01,none
U001788,2026-01-01,cloud
U001791,2026-01-01,none
U001792,2026-01-01,streaming
U001793,2026-01-01,none
U001795,2026-01-01,music
U001796,2026-01-01,none
U001797,2026-01-01,streaming
U001799,2026-01-01,none
U001800,2026-01-01,cloud
U001801,2026-01-01,gym
U001803,2026-01-01,none
U001804,2026-01-01,insurance
U001805,2026-01-01,software
U001807,2026-01-01,none
U001808,2026-01-01,insurance
U001809,2026-01-01,streaming
U001811,2026-01-01,none
U001812,2026-01-01,none
U001814,2026-01-01,none
U001815,2026-01-01,none
U001816,2026-01-01,none
U001817,2026-01-01,cloud
U001818,2026-01-01,music
U001819,2026-01-01,none
U001821,2026-01-01,cloud
U001825,2026-01-01,mobile
U001827,2026-01-01,none
U001828,2026-01-01,insurance
U001829,2026-01-01,insurance
U001830,2026-01-01,mobile
U001832,2026-01-01,cloud
U001833,2026-01-01,gym
U001835,2026-01-01,music
U001836,2026-01-01,mobile
U001838,2026-01-01,cloud
U001840,2026-01-01,cloud
U001841,2026-01-01,none
U001842,2026-01-01,none
U001845,2026-01-01,none
U001848,2026-01-01,none
U001849,2026-01-01,streaming
U001851,2026-01-01,gym
U001852,2026-01-01,gym
U001853,2026-01-01,none
U001854,2026-01-01,music
U001855,2026-01-01,software
U001859,2026-01-01,insurance
U001860,2026-01-01,cloud
U001861,2026-01-01,gym
U001863,2026-01-01,none
U001864,2026-01-01,gym
U001865,2026-01-01,music
U001867,2026-01-01,insurance
U001868,2026-01-01,none
U001871,2026-01-01,gym
U001873,2026-01-01,streaming
U001874,2026-01-01,cloud
U001876,2026-01-01,cloud
U001877,2026-01-01,music
U001878,2026-01-01,gym
U001879,2026-01-01,music
U001880,2026-01-01,cloud
U001881,2026-01-01,none
U001883,2026-01-01,none
U001884,2026-01-01,streaming
U001885,2026-01-01,none
U001888,2026-01-01,streaming
U001889,2026-01-01,software
U001891,2026-01-01,music
U001893,2026-01-01,insurance
U001894,2026-01-01,none
U001895,2026-01-01,music
U001896,2026-01-01,mobile
U001898,2026-01-01,gym
U001900,2026-01-01,gym
U001901,2026-01-01,gym
U001902,2026-01-01,none
U001903,2026-01-01,software
U001904,2026-01-01,insurance
U001905,2026-01-01,none
U001907,2026-01-01,insurance
U001908,2026-01-01,gym
U001909,2026-01-01,none
U001910,2026-01-01,software
U001912,2026-01-01,none
U001914,2026-01-01,streaming
U001915,2026-01-01,streaming
U001916,2026-01-01,insurance
U001917,2026-01-01,gym
U001918,2026-01-01,insurance
U001920,2026-01-01,mobile
U001922,2026-01-01,streaming
U001923,2026-01-01,none
U001924,2026-01-01,gym
U001925,2026-01-01,none
U001926,2026-01-01,none
U001927,2026-01-01,software
U001928,2026-01-01,none
U001929,2026-01-01,music
U001930,2026-01-01,gym
U001931,2026-01-01,mobile
U001932,2026-01-01,mobile
U001933,2026-01-01,insurance
U001935,2026-01-01,insurance
U001939,2026-01-01,streaming
U001940,2026-01-01,none
U001941,2026-01-01,mobile
U001942,2026-01-01,none
U001943,2026-01-01,none
U001945,2026-01-01,none
U001948,2026-01-01,software
U001950,2026-01-01,streaming
U001951,2026-01-01,cloud
U001955,2026-01-01,music
U001957,2026-01-01,mobile
U001958,2026-01-01,mobile
U001960,2026-01-01,software
U001964,2026-01-01,gym
U001965,2026-01-01,insurance
U001969,2026-01-01,none
U001971,2026-01-01,insurance
U001972,2026-01-01,insurance
U001973,2026-01-01,music
U001974,2026-01-01,none
U001975,2026-01-01,insurance
U001976,2026-01-01,gym
U001977,2026-01-01,none
U001978,2026-01-01,gym
U001981,2026-01-01,streaming
U001983,2026-01-01,none
U001984,2026-01-01,insurance
U001985,2026-01-01,none
U001986,2026-01-01,streaming
U001987,2026-01-01,mobile
U001988,2026-01-01,none
U001990,2026-01-01,insurance
U001991,2026-01-01,none
U001992,2026-01-01,software
U001993,2026-01-01,insurance
U001994,2026-01-01,insurance
U001997,2026-01-01,none
U001998,2026-01-01,none
U001999,2026-01-01,insurance
U002000,2026-01-01,insurance
U002002,2026-01-01,software
U002004,2026-01-01,gym
U002006,2026-01-01,insurance
U002007,2026-01-01,mobile
U002008,2026-01-01,none
U002009,2026-01-01,music
U002012,2026-01-01,cloud
U002013,2026-01-01,cloud
U002014,2026-01-01,streaming
U002016,2026-01-01,software
U002017,2026-01-01,streaming
U002018,2026-01-01,cloud
U002020,2026-01-01,none
U002021,2026-01-01,insurance
U002022,2026-01-01,none
U002023,2026-01-01,music
U002024,2026-01-01,mobile
U002025,2026-01-01,gym
U002026,2026-01-01,none
U002028,2026-01-01,gym
U002029,2026-01-01,insurance
U002030,2026-01-01,mobile
U002031,2026-01-01,none
U002032,2026-01-01,software
U002034,2026-01-01,insurance
U002035,2026-01-01,none
U002036,2026-01-01,mobile
U002037,2026-01-01,none
U002038,2026-01-01,none
U002040,2026-01-01,gym
U002041,2026-01-01,gym
U002043,2026-01-01,none
U002044,2026-01-01,gym
U002045,2026-01-01,none
U002046,2026-01-01,music
U002048,2026-01-01,cloud
U002049,2026-01-01,cloud
U002050,2026-01-01,none
U002051,2026-01-01,cloud
U002052,2026-01-01,music
U002056,2026-01-01,none
U002057,2026-01-01,gym
U002058,2026-01-01,none
U002060,2026-01-01,mobile
U002061,2026-01-01,none
U002062,2026-01-01,music
U002063,2026-01-01,none
U002064,2026-01-01,none
U002067,2026-01-01,none
U002068,2026-01-01,none
U002069,2026-01-01,streaming
U002070,2026-01-01,software
U002071,2026-01-01,gym
U002072,2026-01-01,insurance
U002073,2026-01-01,none
U002074,2026-01-01,software
U002075,2026-01-01,mobile
U002077,2026-01-01,mobile
U002078,2026-01-01,music
U002079,2026-01-01,music
U002080,2026-01-01,none
U002081,2026-01-01,none
U002083,2026-01-01,none
U002085,2026-01-01,software
U002087,2026-01-01,gym
U002088,2026-01-01,music
U002090,2026-01-01,software
U002092,2026-01-01,streaming
U002093,2026-01-01,insurance
U002094,2026-01-01,none
U002095,2026-01-01,mobile
U002096,2026-01-01,none
U002097,2026-01-01,none
U002098,2026-01-01,insurance
U002101,2026-01-01,gym
U002103,2026-01-01,mobile
U002104,2026-01-01,none
U002105,2026-01-01,none
U002107,2026-01-01,streaming
U002108,2026-01-01,mobile
U002109,2026-01-01,gym
U002110,2026-01-01,streaming
U002111,2026-01-01,software
U002112,2026-01-01,cloud
U002113,2026-01-01,none
U002114,2026-01-01,cloud
U002115,2026-01-01,none
U002117,2026-01-01,gym
U002120,2026-01-01,insurance
U002121,2026-01-01,streaming
U002122,2026-01-01,none
U002123,2026-01-01,streaming
U002124,2026-01-01,cloud
U002125,2026-01-01,mobile
U002127,2026-01-01,insurance
U002128,2026-01-01,cloud
U002129,2026-01-01,none
U002130,2026-01-01,cloud
U002131,2026-01-01,insurance
U002134,2026-01-01,none
U002135,2026-01-01,none
U002138,2026-01-01,music
U002139,2026-01-01,none
U002140,2026-01-01,none
U002141,2026-01-01,streaming
U002144,2026-01-01,music
U002145,2026-01-01,cloud
U002146,2026-01-01,software
U002149,2026-01-01,none
U002150,2026-01-01,gym
U002151,2026-01-01,none
U002153,2026-01-01,cloud
U002155,2026-01-01,music
U002156,2026-01-01,none
U002157,2026-01-01,none
U002158,2026-01-01,none
U002159,2026-01-01,music
U002162,2026-01-01,mobile
U002164,2026-01-01,insurance
U002166,2026-01-01,cloud
U002168,2026-01-01,none
U002169,2026-01-01,software
U002170,2026-01-01,none
U002171,2026-01-01,streaming
U002174,2026-01-01,software
U002176,2026-01-01,none
U002177,2026-01-01,mobile
U002179,2026-01-01,software
U002181,2026-01-01,cloud
U002182,2026-01-01,mobile
U002186,2026-01-01,insurance
U002188,2026-01-01,software
U002189,2026-01-01,none
U002190,2026-01-01,insurance
U002191,2026-01-01,music
U002192,2026-01-01,streaming
U002193,2026-01-01,none
U002194,2026-01-01,none
U002195,2026-01-01,gym
U002196,2026-01-01,streaming
U002197,2026-01-01,mobile
U002198,2026-01-01,software
U002199,2026-01-01,streaming
U002200,2026-01-01,streaming
U002201,2026-01-01,mobile
U002202,2026-01-01,gym
U002203,2026-01-01,none
U002205,2026-01-01,music
U002206,2026-01-01,gym
U002208,2026-01-01,software
U002209,2026-01-01,insurance
U002210,2026-01-01,mobile
U002212,2026-01-01,none
U002213,2026-01-01,none
U002214,2026-01-01,none
U002216,2026-01-01,none
U002217,2026-01-01,none
U002219,2026-01-01,none
U002220,2026-01-01,software
U002223,2026-01-01,none
U002224,2026-01-01,none
U002225,2026-01-01,none
U002227,2026-01-01,mobile
U002228,2026-01-01,none
U002229,2026-01-01,mobile
U002230,2026-01-01,insurance
U002231,2026-01-01,insurance
U002232,2026-01-01,gym
U002233,2026-01-01,mobile
U002234,2026-01-01,gym
U002238,2026-01-01,insurance
U002240,2026-01-01,cloud
U002242,2026-01-01,none
U002243,2026-01-01,software
U002248,2026-01-01,none
U002249,2026-01-01,mobile
U002250,2026-01-01,none
U002252,2026-01-01,music
U002253,2026-01-01,streaming
U002254,2026-01-01,none
U002255,2026-01-01,none
U002256,2026-01-01,cloud
U002257,2026-01-01,mobile
U002258,2026-01-01,none
U002259,2026-01-01,none
U002260,2026-01-01,none
U002262,2026-01-01,none
U002264,2026-01-01,music
U002265,2026-01-01,none
U002266,2026-01-01,none
U002268,2026-01-01,none
U002272,2026-01-01,insurance
U002274,2026-01-01,insurance
U002275,2026-01-01,none
U002277,2026-01-01,music
U002278,2026-01-01,gym
U002280,2026-01-01,gym
U002281,2026-01-01,none
U002282,2026-01-01,none
U002284,2026-01-01,gym
U002287,2026-01-01,none
U002290,2026-01-01,software
U002291,2026-01-01,music
U002292,2026-01-01,none
U002294,2026-01-01,insurance
U002295,2026-01-01,none
U002297,2026-01-01,none
U002298,2026-01-01,mobile
U002299,2026-01-01,cloud
U002300,2026-01-01,gym
U002301,2026-01-01,gym
U002302,2026-01-01,insurance
U002304,2026-01-01,insurance
U002305,2026-01-01,software
U002306,2026-01-01,gym
U002307,2026-01-01,streaming
U002310,2026-01-01,none
U002311,2026-01-01,gym
U002312,2026-01-01,none
U002314,2026-01-01,gym
U002316,2026-01-01,gym
U002317,2026-01-01,streaming
U002319,2026-01-01,streaming
U002321,2026-01-01,gym
U002322,2026-01-01,cloud
U002324,2026-01-01,streaming
U002325,2026-01-01,none
U002326,2026-01-01,music
U002327,2026-01-01,gym
U002328,2026-01-01,gym
U002329,2026-01-01,insurance
U002330,2026-01-01,gym
U002331,2026-01-01,mobile
U002332,2026-01-01,none
U002333,2026-01-01,none
U002334,2026-01-01,music
U002335,2026-01-01,insurance
U002336,2026-01-01,none
U002337,2026-01-01,mobile
U002338,2026-01-01,insurance
U002339,2026-01-01,music
U002341,2026-01-01,cloud
U002343,2026-01-01,streaming
U002344,2026-01-01,streaming
U002345,2026-01-01,none
U002346,2026-01-01,mobile
U002349,2026-01-01,software
U002350,2026-01-01,none
U002351,2026-01-01,streaming
U002352,2026-01-01,insurance
U002354,2026-01-01,none
U002357,2026-01-01,software
U002358,2026-01-01,none
U002359,2026-01-01,cloud
U002360,2026-01-01,software
U002361,2026-01-01,none
U002363,2026-01-01,mobile
U002368,2026-01-01,none
U002369,2026-01-01,none
U002370,2026-01-01,none
U002371,2026-01-01,music
U002372,2026-01-01,gym
U002373,2026-01-01,cloud
U002374,2026-01-01,music
U002375,2026-01-01,music
U002378,2026-01-01,none
U002379,2026-01-01,none
U002380,2026-01-01,none
U002382,2026-01-01,streaming
U002383,2026-01-01,insurance
U002385,2026-01-01,mobile
U002386,2026-01-01,none
U002387,2026-01-01,insurance
U002389,2026-01-01,insurance
U002390,2026-01-01,insurance
U002392,2026-01-01,none
U002393,2026-01-01,none
U002396,2026-01-01,none
U002398,2026-01-01,none
U002403,2026-01-01,mobile
U002404,2026-01-01,none
U002405,2026-01-01,insurance
U002407,2026-01-01,none
U002410,2026-01-01,none
U002412,2026-01-01,music
U002413,2026-01-01,software
U002415,2026-01-01,streaming
U002416,2026-01-01,none
U002417,2026-01-01,cloud
U002418,2026-01-01,insurance
U002419,2026-01-01,gym
U002420,2026-01-01,streaming
U002421,2026-01-01,none
U002422,2026-01-01,none
U002423,2026-01-01,none
U002425,2026-01-01,gym
U002426,2026-01-01,none
U002427,2026-01-01,none
U002428,2026-01-01,insurance
U002429,2026-01-01,none
U002430,2026-01-01,none
U002431,2026-01-01,none
U002433,2026-01-01,gym
U002434,2026-01-01,insurance
U002435,2026-01-01,streaming
U002438,2026-01-01,mobile
U002439,2026-01-01,cloud
U002440,2026-01-01,none
U002442,2026-01-01,streaming
U002445,2026-01-01,mobile
U002446,2026-01-01,none
U002447,2026-01-01,none
U002448,2026-01-01,software
U002449,2026-01-01,cloud
U002450,2026-01-01,software
U002451,2026-01-01,streaming
U002452,2026-01-01,none
U002453,2026-01-01,none
U002454,2026-01-01,gym
U002456,2026-01-01,none
U002457,2026-01-01,music
U002459,2026-01-01,gym
U002463,2026-01-01,streaming
U002465,2026-01-01,none
U002466,2026-01-01,none
U002467,2026-01-01,none
U002468,2026-01-01,gym
U002469,2026-01-01,music
U002471,2026-01-01,software
U002472,2026-01-01,none
U002473,2026-01-01,none
U002474,2026-01-01,streaming
U002475,2026-01-01,music
U002476,2026-01-01,cloud
U002478,2026-01-01,cloud
U002479,2026-01-01,insurance
U002481,2026-01-01,cloud
U002482,2026-01-01,none
U002483,2026-01-01,music
U002484,2026-01-01,insurance
U002485,2026-01-01,music
U002486,2026-01-01,music
U002487,2026-01-01,software
U002489,2026-01-01,mobile
U002491,2026-01-01,none
U002492,2026-01-01,streaming
U002493,2026-01-01,streaming
U002495,2026-01-01,none
U002496,2026-01-01,music
U002497,2026-01-01,cloud
U002498,2026-01-01,mobile
U002500,2026-01-01,gym
U002503,2026-01-01,none
U002504,2026-01-01,streaming
U002505,2026-01-01,none
U002507,2026-01-01,mobile
U002508,2026-01-01,none
U002509,2026-01-01,mobile
U002510,2026-01-01,cloud
U002512,2026-01-01,software
U002513,2026-01-01,mobile
U002514,2026-01-01,gym
U002515,2026-01-01,gym
U002516,2026-01-01,software
U002517,2026-01-01,mobile
U002518,2026-01-01,music
U002519,2026-01-01,none
U002520,2026-01-01,none
U002523,2026-01-01,mobile
U002525,2026-01-01,none
U002528,2026-01-01,gym
U002529,2026-01-01,mobile
U002530,2026-01-01,none
U002531,2026-01-01,none
U002533,2026-01-01,insurance
U002534,2026-01-01,mobile
U002535,2026-01-01,cloud
U002537,2026-01-01,software
U002538,2026-01-01,cloud
U002539,2026-01-01,none
U002540,2026-01-01,streaming
U002541,2026-01-01,insurance
U002543,2026-01-01,insurance
U002544,2026-01-01,mobile
U002545,2026-01-01,none
U002546,2026-01-01,gym
U002547,2026-01-01,none
U002548,2026-01-01,software
U002549,2026-01-01,cloud
U002550,2026-01-01,none
U002551,2026-01-01,streaming
U002552,2026-01-01,cloud
U002555,2026-01-01,none
U002556,2026-01-01,gym
U002557,2026-01-01,none
U002558,2026-01-01,none
U002559,2026-01-01,mobile
U002560,2026-01-01,cloud
U002561,2026-01-01,music
U002562,2026-01-01,software
U002563,2026-01-01,music
U002564,2026-01-01,none
U002566,2026-01-01,cloud
U002567,2026-01-01,gym
U002569,2026-01-01,none
U002570,2026-01-01,none
U002571,2026-01-01,cloud
U002574,2026-01-01,none
U002575,2026-01-01,none
U002576,2026-01-01,none
U002577,2026-01-01,none
U002580,2026-01-01,none
U002581,2026-01-01,cloud
U002582,2026-01-01,gym
U002584,2026-01-01,cloud
U002586,2026-01-01,gym
U002588,2026-01-01,cloud
U002590,2026-01-01,mobile
U002591,2026-01-01,gym
U002593,2026-01-01,none
U002595,2026-01-01,none
U002598,2026-01-01,insurance
U002599,2026-01-01,software
U002600,2026-01-01,none
U002601,2026-01-01,none
U002603,2026-01-01,gym
U002606,2026-01-01,gym
U002607,2026-01-01,none
U002608,2026-01-01,none
U002610,2026-01-01,music
U002612,2026-01-01,cloud
U002613,2026-01-01,music
U002614,2026-01-01,none
U002616,2026-01-01,none
U002617,2026-01-01,gym
U002621,2026-01-01,none
U002623,2026-01-01,software
U002624,2026-01-01,gym
U002625,2026-01-01,none
U002626,2026-01-01,insurance
U002627,2026-01-01,streaming
U002628,2026-01-01,software
U002629,2026-01-01,music
U002632,2026-01-01,music
U002634,2026-01-01,mobile
U002636,2026-01-01,software
U002637,2026-01-01,none
U002638,2026-01-01,none
U002640,2026-01-01,none
U002642,2026-01-01,none
U002643,2026-01-01,none
U002645,2026-01-01,gym
U002646,2026-01-01,none
U002647,2026-01-01,streaming
U002648,2026-01-01,none
U002649,2026-01-01,mobile
U002650,2026-01-01,none
U002651,2026-01-01,none
U002652,2026-01-01,none
U002653,2026-01-01,cloud
U002654,2026-01-01,insurance
U002655,2026-01-01,cloud
U002656,2026-01-01,none
U002657,2026-01-01,gym
U002658,2026-01-01,none
U002659,2026-01-01,none
U002660,2026-01-01,mobile
U002662,2026-01-01,cloud
U002663,2026-01-01,none
U002664,2026-01-01,none
U002665,2026-01-01,none
U002666,2026-01-01,music
U002667,2026-01-01,insurance
U002669,2026-01-01,none
U002670,2026-01-01,gym
U002671,2026-01-01,gym
U002672,2026-01-01,none
U002674,2026-01-01,cloud
U002675,2026-01-01,gym
U002676,2026-01-01,insurance
U002677,2026-01-01,software
U002678,2026-01-01,none
U002679,2026-01-01,gym
U002680,2026-01-01,insurance
U002681,2026-01-01,insurance
U002684,2026-01-01,none
U002685,2026-01-01,music
U002686,2026-01-01,none
U002687,2026-01-01,none
U002688,2026-01-01,none
U002689,2026-01-01,software
U002691,2026-01-01,insurance
U002694,2026-01-01,mobile
U002695,2026-01-01,none
U002697,2026-01-01,none
U002700,2026-01-01,mobile
U002706,2026-01-01,insurance
U002707,2026-01-01,streaming
U002708,2026-01-01,none
U002709,2026-01-01,none
U002711,2026-01-01,mobile
U002713,2026-01-01,streaming
U002714,2026-01-01,none
U002715,2026-01-01,streaming
U002716,2026-01-01,streaming
U002717,2026-01-01,cloud
U002718,2026-01-01,none
U002719,2026-01-01,cloud
U002720,2026-01-01,none
U002721,2026-01-01,music
U002722,2026-01-01,gym
U002723,2026-01-01,insurance
U002724,2026-01-01,none
U002726,2026-01-01,music
U002727,2026-01-01,none
U002728,2026-01-01,cloud
U002729,2026-01-01,mobile
U002731,2026-01-01,none
U002732,2026-01-01,none
U002733,2026-01-01,none
U002736,2026-01-01,streaming
U002737,2026-01-01,none
U002738,2026-01-01,software
U002739,2026-01-01,cloud
U002740,2026-01-01,cloud
U002741,2026-01-01,streaming
U002743,2026-01-01,cloud
U002744,2026-01-01,cloud
U002745,2026-01-01,music
U002748,2026-01-01,gym
U002749,2026-01-01,insurance
U002750,2026-01-01,streaming
U002751,2026-01-01,none
U002752,2026-01-01,none
U002753,2026-01-01,mobile
U002754,2026-01-01,none
U002756,2026-01-01,software
U002757,2026-01-01,music
U002758,2026-01-01,insurance
U002759,2026-01-01,none
U002761,2026-01-01,insurance
U002763,2026-01-01,insurance
U002764,2026-01-01,none
U002765,2026-01-01,insurance
U002766,2026-01-01,gym
U002767,2026-01-01,mobile
U002768,2026-01-01,none
U002769,2026-01-01,none
U002770,2026-01-01,software
U002771,2026-01-01,none
U002775,2026-01-01,streaming
U002776,2026-01-01,none
U002778,2026-01-01,cloud
U002779,2026-01-01,software
U002780,2026-01-01,cloud
U002781,2026-01-01,none
U002785,2026-01-01,none
U002786,2026-01-01,cloud
U002787,2026-01-01,none
U002788,2026-01-01,music
U002789,2026-01-01,cloud
U002790,2026-01-01,streaming
U002791,2026-01-01,mobile
U002792,2026-01-01,insurance
U002793,2026-01-01,none
U002794,2026-01-01,insurance
U002796,2026-01-01,none
U002797,2026-01-01,software
U002800,2026-01-01,mobile
U002802,2026-01-01,none
U002803,2026-01-01,cloud
U002804,2026-01-01,streaming
U002805,2026-01-01,none
U002806,2026-01-01,none
U002807,2026-01-01,none
U002808,2026-01-01,none
U002811,2026-01-01,gym
U002813,2026-01-01,insurance
U002814,2026-01-01,none
U002815,2026-01-01,cloud
U002817,2026-01-01,gym
U002818,2026-01-01,none
U002819,2026-01-01,none
U002820,2026-01-01,none
U002823,2026-01-01,gym
U002825,2026-01-01,none
U002826,2026-01-01,gym
U002827,2026-01-01,none
U002828,2026-01-01,insurance
U002829,2026-01-01,none
U002830,2026-01-01,streaming
U002831,2026-01-01,insurance
U002835,2026-01-01,streaming
U002836,2026-01-01,streaming
U002837,2026-01-01,software
U002839,2026-01-01,cloud
U002840,2026-01-01,none
U002843,2026-01-01,cloud
U002846,2026-01-01,music
U002848,2026-01-01,none
U002849,2026-01-01,none
U002850,2026-01-01,software
U002851,2026-01-01,cloud
U002852,2026-01-01,insurance
U002853,2026-01-01,none
U002854,2026-01-01,none
U002855,2026-01-01,none
U002856,2026-01-01,cloud
U002857,2026-01-01,none
U002858,2026-01-01,music
U002862,2026-01-01,gym
U002863,2026-01-01,mobile
U002864,2026-01-01,gym
U002865,2026-01-01,none
U002867,2026-01-01,gym
U002868,2026-01-01,mobile
U002869,2026-01-01,insurance
U002870,2026-01-01,gym
U002871,2026-01-01,insurance
U002872,2026-01-01,music
U002873,2026-01-01,none
U002874,2026-01-01,none
U002875,2026-01-01,mobile
U002876,2026-01-01,none
U002877,2026-01-01,streaming
U002879,2026-01-01,insurance
U002885,2026-01-01,gym
U002887,2026-01-01,mobile
U002888,2026-01-01,gym
U002889,2026-01-01,insurance
U002890,2026-01-01,gym
U002892,2026-01-01,music
U002894,2026-01-01,streaming
U002896,2026-01-01,music
U002897,2026-01-01,insurance
U002898,2026-01-01,none
U002899,2026-01-01,music
U002900,2026-01-01,insurance
U002901,2026-01-01,none
U002903,2026-01-01,music
U002904,2026-01-01,none
U002905,2026-01-01,streaming
U002906,2026-01-01,none
U002907,2026-01-01,none
U002909,2026-01-01,cloud
U002910,2026-01-01,none
U002912,2026-01-01,none
U002913,2026-01-01,insurance
U002914,2026-01-01,streaming
U002915,2026-01-01,insurance
U002916,2026-01-01,cloud
U002917,2026-01-01,insurance
U002918,2026-01-01,music
U002920,2026-01-01,gym
U002921,2026-01-01,software
U002922,2026-01-01,software
U002923,2026-01-01,mobile
U002924,2026-01-01,gym
U002926,2026-01-01,software
U002928,2026-01-01,cloud
U002929,2026-01-01,software
U002930,2026-01-01,mobile
U002932,2026-01-01,software
U002933,2026-01-01,cloud
U002936,2026-01-01,gym
U002937,2026-01-01,cloud
U002938,2026-01-01,cloud
U002939,2026-01-01,mobile
U002940,2026-01-01,none
U002941,2026-01-01,none
U002942,2026-01-01,mobile
U002944,2026-01-01,gym
U002947,2026-01-01,cloud
U002950,2026-01-01,insurance
U002951,2026-01-01,none
U002953,2026-01-01,none
U002954,2026-01-01,cloud
U002955,2026-01-01,streaming
U002956,2026-01-01,none
U002961,2026-01-01,gym
U002963,2026-01-01,software
U002964,2026-01-01,music
U002965,2026-01-01,cloud
U002966,2026-01-01,insurance
U002969,2026-01-01,insurance
U002970,2026-01-01,mobile
U002972,2026-01-01,gym
U002973,2026-01-01,cloud
U002974,2026-01-01,none
U002975,2026-01-01,gym
U002976,2026-01-01,none
U002979,2026-01-01,streaming
U002980,2026-01-01,none
U002981,2026-01-01,none
U002982,2026-01-01,gym
U002983,2026-01-01,music
U002984,2026-01-01,cloud
U002986,2026-01-01,mobile
U002987,2026-01-01,software
U002988,2026-01-01,none
U002989,2026-01-01,mobile
U002992,2026-01-01,software
U002993,2026-01-01,insurance
U002994,2026-01-01,music
U002995,2026-01-01,none
U002996,2026-01-01,insurance
U002997,2026-01-01,streaming
U002998,2026-01-01,none
U002999,2026-01-01,insurance
U003000,2026-01-01,none
U003001,2026-01-01,cloud
U003002,2026-01-01,gym
U003003,2026-01-01,software
U003004,2026-01-01,none
U003005,2026-01-01,mobile
U003006,2026-01-01,none
U003009,2026-01-01,insurance
U003010,2026-01-01,streaming
U003011,2026-01-01,cloud
U003013,2026-01-01,music
U003014,2026-01-01,streaming
U003015,2026-01-01,software
U003017,2026-01-01,none
U003019,2026-01-01,none
U003021,2026-01-01,software
U003022,2026-01-01,none
U003024,2026-01-01,none
U003026,2026-01-01,none
U003027,2026-01-01,mobile
U003028,2026-01-01,streaming
U003030,2026-01-01,none
U003032,2026-01-01,none
U003033,2026-01-01,none
U003035,2026-01-01,streaming
U003036,2026-01-01,none
U003037,2026-01-01,cloud
U003038,2026-01-01,streaming
U003039,2026-01-01,none
U003041,2026-01-01,cloud
U003042,2026-01-01,none
U003043,2026-01-01,none
U003045,2026-01-01,mobile
U003047,2026-01-01,none
U003049,2026-01-01,none
U003051,2026-01-01,music
U003053,2026-01-01,none
U003056,2026-01-01,insurance
U003057,2026-01-01,none
U003059,2026-01-01,mobile
U003060,2026-01-01,none
U003061,2026-01-01,none
U003062,2026-01-01,cloud
U003063,2026-01-01,gym
U003064,2026-01-01,none
U003067,2026-01-01,music
U003069,2026-01-01,music
U003070,2026-01-01,none
U003072,2026-01-01,software
U003073,2026-01-01,none
U003074,2026-01-01,none
U003076,2026-01-01,software
U003077,2026-01-01,insurance
U003078,2026-01-01,insurance
U003079,2026-01-01,none
U003080,2026-01-01,cloud
U003081,2026-01-01,cloud
U003082,2026-01-01,mobile
U003085,2026-01-01,streaming
U003088,2026-01-01,none
U003089,2026-01-01,none
U003091,2026-01-01,insurance
U003096,2026-01-01,software
U003097,2026-01-01,none
U003098,2026-01-01,none
U003099,2026-01-01,mobile
U003101,2026-01-01,gym
U003102,2026-01-01,software
U003105,2026-01-01,none
U003106,2026-01-01,none
U003107,2026-01-01,none
U003108,2026-01-01,none
U003110,2026-01-01,gym
U003111,2026-01-01,gym
U003112,2026-01-01,gym
U003113,2026-01-01,streaming
U003114,2026-01-01,music
U003116,2026-01-01,music
U003119,2026-01-01,streaming
U003120,2026-01-01,none
U003121,2026-01-01,insurance
U003124,2026-01-01,none
U003125,2026-01-01,none
U003126,2026-01-01,gym
U003131,2026-01-01,none
U003134,2026-01-01,cloud
U003135,2026-01-01,music
U003136,2026-01-01,cloud
U003137,2026-01-01,mobile
U003138,2026-01-01,insurance
U003139,2026-01-01,none
U003140,2026-01-01,streaming
U003141,2026-01-01,none
U003142,2026-01-01,cloud
U003143,2026-01-01,insurance
U003144,2026-01-01,none
U003146,2026-01-01,cloud
U003147,2026-01-01,none
U003148,2026-01-01,none
U003150,2026-01-01,cloud
U003153,2026-01-01,streaming
U003154,2026-01-01,streaming
U003155,2026-01-01,software
U003156,2026-01-01,none
U003157,2026-01-01,none
U003158,2026-01-01,insurance
U003161,2026-01-01,streaming
U003162,2026-01-01,gym
U003163,2026-01-01,none
U003164,2026-01-01,none
U003165,2026-01-01,streaming
U003168,2026-01-01,streaming
U003169,2026-01-01,none
U003172,2026-01-01,none
U003173,2026-01-01,cloud
U003174,2026-01-01,gym
U003175,2026-01-01,insurance
U003177,2026-01-01,none
U003178,2026-01-01,none
U003179,2026-01-01,mobile
U003180,2026-01-01,music
U003181,2026-01-01,none
U003183,2026-01-01,none
U003184,2026-01-01,software
U003185,2026-01-01,streaming
U003186,2026-01-01,gym
U003192,2026-01-01,mobile
U003194,2026-01-01,gym
U003195,2026-01-01,none
U003196,2026-01-01,music
U003198,2026-01-01,gym
U003199,2026-01-01,streaming
U003200,2026-01-01,gym
U003201,2026-01-01,music
U003204,2026-01-01,cloud
U003205,2026-01-01,insurance
U003206,2026-01-01,mobile
U003207,2026-01-01,streaming
U003208,2026-01-01,streaming
U003209,2026-01-01,software
U003211,2026-01-01,none
U003213,2026-01-01,music
U003214,2026-01-01,none
U003215,2026-01-01,none
U003216,2026-01-01,gym
U003217,2026-01-01,none
U003220,2026-01-01,none
U003221,2026-01-01,none
U003222,2026-01-01,none
U003224,2026-01-01,mobile
U003227,2026-01-01,streaming
U003229,2026-01-01,cloud
U003233,2026-01-01,mobile
U003234,2026-01-01,music
U003235,2026-01-01,music
U003236,2026-01-01,insurance
U003237,2026-01-01,insurance
U003239,2026-01-01,insurance
U003240,2026-01-01,cloud
U003241,2026-01-01,streaming
U003242,2026-01-01,insurance
U003243,2026-01-01,music
U003244,2026-01-01,insurance
U003245,2026-01-01,music
U003246,2026-01-01,none
U003247,2026-01-01,none
U003248,2026-01-01,software
U003250,2026-01-01,none
U003251,2026-01-01,software
U003252,2026-01-01,gym
U003253,2026-01-01,streaming
U003254,2026-01-01,none
U003255,2026-01-01,streaming
U003256,2026-01-01,music
U003257,2026-01-01,cloud
U003258,2026-01-01,none
U003260,2026-01-01,none
U003261,2026-01-01,insurance
U003263,2026-01-01,cloud
U003264,2026-01-01,software
U003265,2026-01-01,gym
U003266,2026-01-01,none
U003267,2026-01-01,software
U003268,2026-01-01,streaming
U003269,2026-01-01,none
U003270,2026-01-01,music
U003271,2026-01-01,gym
U003272,2026-01-01,none
U003274,2026-01-01,software
U003276,2026-01-01,mobile
U003277,2026-01-01,gym
U003278,2026-01-01,software
U003280,2026-01-01,software
U003281,2026-01-01,none
U003282,2026-01-01,music
U003284,2026-01-01,none
U003285,2026-01-01,streaming
U003286,2026-01-01,none
U003287,2026-01-01,music
U003288,2026-01-01,none
U003289,2026-01-01,streaming
U003294,2026-01-01,streaming
U003295,2026-01-01,cloud
U003297,2026-01-01,cloud
U003298,2026-01-01,mobile
U003299,2026-01-01,none
U003300,2026-01-01,gym
U003301,2026-01-01,cloud
U003303,2026-01-01,music
U003304,2026-01-01,gym
U003306,2026-01-01,streaming
U003307,2026-01-01,gym
U003308,2026-01-01,gym
U003309,2026-01-01,music
U003310,2026-01-01,software
U003312,2026-01-01,mobile
U003313,2026-01-01,gym
U003314,2026-01-01,gym
U003315,2026-01-01,music
U003316,2026-01-01,music
U003317,2026-01-01,software
U003318,2026-01-01,cloud
U003320,2026-01-01,software
U003322,2026-01-01,mobile
U003323,2026-01-01,mobile
U003324,2026-01-01,mobile
U003325,2026-01-01,cloud
U003326,2026-01-01,none
U003327,2026-01-01,software
U003328,2026-01-01,cloud
U003329,2026-01-01,none
U003330,2026-01-01,streaming
U003331,2026-01-01,mobile
U003332,2026-01-01,none
U003333,2026-01-01,streaming
U003335,2026-01-01,music
U003336,2026-01-01,cloud
U003337,2026-01-01,none
U003340,2026-01-01,none
U003342,2026-01-01,cloud
U003344,2026-01-01,gym
U003345,2026-01-01,cloud
U003346,2026-01-01,music
U003347,2026-01-01,streaming
U003348,2026-01-01,none
U003349,2026-01-01,mobile
U003350,2026-01-01,mobile
U003351,2026-01-01,insurance
U003354,2026-01-01,none
U003355,2026-01-01,insurance
U003356,2026-01-01,software
U003357,2026-01-01,mobile
U003358,2026-01-01,gym
U003359,2026-01-01,music
U003360,2026-01-01,insurance
U003362,2026-01-01,streaming
U003363,2026-01-01,insurance
U003365,2026-01-01,mobile
U003367,2026-01-01,insurance
U003368,2026-01-01,none
U003369,2026-01-01,insurance
U003370,2026-01-01,software
U003371,2026-01-01,none
U003373,2026-01-01,streaming
U003374,2026-01-01,mobile
U003375,2026-01-01,software
U003376,2026-01-01,software
U003377,2026-01-01,mobile
U003378,2026-01-01,cloud
U003380,2026-01-01,software
U003381,2026-01-01,gym
U003384,2026-01-01,none
U003385,2026-01-01,gym
U003386,2026-01-01,none
U003387,2026-01-01,mobile
U003388,2026-01-01,gym
U003389,2026-01-01,insurance
U003391,2026-01-01,software
U003392,2026-01-01,music
U003393,2026-01-01,software
U003394,2026-01-01,streaming
U003395,2026-01-01,insurance
U003397,2026-01-01,mobile
U003398,2026-01-01,none
U003399,2026-01-01,gym
U003402,2026-01-01,none
U003404,2026-01-01,software
U003405,2026-01-01,none
U003406,2026-01-01,gym
U003407,2026-01-01,insurance
U003408,2026-01-01,none
U003409,2026-01-01,streaming
U003414,2026-01-01,gym
U003416,2026-01-01,cloud
U003417,2026-01-01,none
U003418,2026-01-01,none
U003421,2026-01-01,none
U003422,2026-01-01,mobile
U003423,2026-01-01,gym
U003424,2026-01-01,none
U003425,2026-01-01,none
U003428,2026-01-01,none
U003429,2026-01-01,mobile
U003431,2026-01-01,insurance
U003433,2026-01-01,none
U003436,2026-01-01,streaming
U003437,2026-01-01,gym
U003438,2026-01-01,music
U003439,2026-01-01,gym
U003440,2026-01-01,none
U003441,2026-01-01,insurance
U003443,2026-01-01,mobile
U003444,2026-01-01,none
U003445,2026-01-01,music
U003446,2026-01-01,cloud
U003447,2026-01-01,none
U003450,2026-01-01,insurance
U003451,2026-01-01,insurance
U003452,2026-01-01,gym
U003453,2026-01-01,cloud
U003455,2026-01-01,cloud
U003456,2026-01-01,none
U003457,2026-01-01,software
U003458,2026-01-01,none
U003461,2026-01-01,cloud
U003462,2026-01-01,mobile
U003463,2026-01-01,none
U003464,2026-01-01,cloud
U003465,2026-01-01,music
U003466,2026-01-01,music
U003467,2026-01-01,software
U003468,2026-01-01,streaming
U003469,2026-01-01,none
U003470,2026-01-01,gym
U003471,2026-01-01,gym
U003472,2026-01-01,insurance
U003475,2026-01-01,cloud
U003477,2026-01-01,streaming
U003478,2026-01-01,gym
U003481,2026-01-01,insurance
U003482,2026-01-01,none
U003487,2026-01-01,gym
U003488,2026-01-01,software
U003493,2026-01-01,none
U003494,2026-01-01,none
U003496,2026-01-01,none
U003497,2026-01-01,cloud
U003498,2026-01-01,gym
U003499,2026-01-01,none
U003501,2026-01-01,none
U003502,2026-01-01,gym
U003503,2026-01-01,insurance
U003504,2026-01-01,insurance
U003506,2026-01-01,none
U003507,2026-01-01,streaming
U003508,2026-01-01,mobile
U003509,2026-01-01,software
U003510,2026-01-01,none
U003511,2026-01-01,mobile
U003512,2026-01-01,music
U003513,2026-01-01,mobile
U003514,2026-01-01,software
U003515,2026-01-01,mobile
U003516,2026-01-01,insurance
U003518,2026-01-01,none
U003520,2026-01-01,mobile
U003521,2026-01-01,streaming
U003522,2026-01-01,none
U003524,2026-01-01,software
U003525,2026-01-01,cloud
U003526,2026-01-01,none
U003527,2026-01-01,none
U003530,2026-01-01,none
U003531,2026-01-01,none
U003532,2026-01-01,software
U003534,2026-01-01,streaming
U003535,2026-01-01,none
U003536,2026-01-01,music
U003539,2026-01-01,mobile
U003540,2026-01-01,none
U003541,2026-01-01,cloud
U003545,2026-01-01,mobile
U003546,2026-01-01,music
U003547,2026-01-01,gym
U003548,2026-01-01,mobile
U003549,2026-01-01,mobile
U003552,2026-01-01,none
U003553,2026-01-01,music
U003554,2026-01-01,none
U003555,2026-01-01,none
U003556,2026-01-01,none
U003558,2026-01-01,music
U003559,2026-01-01,mobile
U003561,2026-01-01,insurance
U003562,2026-01-01,none
U003563,2026-01-01,music
U003564,2026-01-01,none
U003565,2026-01-01,music
U003566,2026-01-01,streaming
U003567,2026-01-01,none
U003568,2026-01-01,software
U003569,2026-01-01,cloud
U003570,2026-01-01,cloud
U003571,2026-01-01,software
U003572,2026-01-01,streaming
U003573,2026-01-01,software
U003574,2026-01-01,music
U003575,2026-01-01,cloud
U003576,2026-01-01,software
U003577,2026-01-01,music
U003578,2026-01-01,software
U003580,2026-01-01,none
U003582,2026-01-01,gym
U003583,2026-01-01,gym
U003584,2026-01-01,mobile
U003585,2026-01-01,none
U003586,2026-01-01,none
U003587,2026-01-01,software
U003588,2026-01-01,music
U003589,2026-01-01,none
U003590,2026-01-01,insurance
U003591,2026-01-01,none
U003592,2026-01-01,gym
U003593,2026-01-01,streaming
U003594,2026-01-01,insurance
U003596,2026-01-01,none
U003597,2026-01-01,none
U003599,2026-01-01,none
U003600,2026-01-01,streaming
U003601,2026-01-01,none
U003602,2026-01-01,music
U003604,2026-01-01,software
U003605,2026-01-01,none
U003606,2026-01-01,music
U003607,2026-01-01,insurance
U003610,2026-01-01,cloud
U003612,2026-01-01,cloud
U003613,2026-01-01,music
U003614,2026-01-01,streaming
U003616,2026-01-01,insurance
U003618,2026-01-01,music
U003621,2026-01-01,none
U003622,2026-01-01,insurance
U003623,2026-01-01,gym
U003624,2026-01-01,none
U003625,2026-01-01,mobile
U003626,2026-01-01,software
U003630,2026-01-01,none
U003631,2026-01-01,insurance
U003634,2026-01-01,software
U003635,2026-01-01,insurance
U003637,2026-01-01,insurance
U003638,2026-01-01,music
U003639,2026-01-01,music
U003641,2026-01-01,none
U003642,2026-01-01,none
U003644,2026-01-01,insurance
U003645,2026-01-01,none
U003646,2026-01-01,music
U003647,2026-01-01,streaming
U003648,2026-01-01,music
U003649,2026-01-01,music
U003651,2026-01-01,none
U003652,2026-01-01,insurance
U003654,2026-01-01,none
U003655,2026-01-01,none
U003656,2026-01-01,insurance
U003657,2026-01-01,insurance
U003659,2026-01-01,none
U003660,2026-01-01,gym
U003661,2026-01-01,none
U003662,2026-01-01,gym
U003663,2026-01-01,insurance
U003664,2026-01-01,streaming
U003666,2026-01-01,none
U003668,2026-01-01,mobile
U003669,2026-01-01,gym
U003670,2026-01-01,gym
U003672,2026-01-01,software
U003674,2026-01-01,none
U003675,2026-01-01,insurance
U003676,2026-01-01,music
U003678,2026-01-01,software
U003679,2026-01-01,none
U003681,2026-01-01,none
U003682,2026-01-01,none
U003684,2026-01-01,software
U003686,2026-01-01,none
U003687,2026-01-01,gym
U003688,2026-01-01,none
U003690,2026-01-01,none
U003691,2026-01-01,none
U003692,2026-01-01,none
U003694,2026-01-01,none
U003697,2026-01-01,software
U003699,2026-01-01,insurance
U003700,2026-01-01,none
U003701,2026-01-01,none
U003702,2026-01-01,insurance
U003703,2026-01-01,gym
U003705,2026-01-01,music
U003706,2026-01-01,cloud
U003707,2026-01-01,software
U003709,2026-01-01,cloud
U003710,2026-01-01,gym
U003715,2026-01-01,none
U003716,2026-01-01,streaming
U003717,2026-01-01,none
U003719,2026-01-01,music
U003720,2026-01-01,streaming
U003722,2026-01-01,none
U003723,2026-01-01,software
U003724,2026-01-01,software
U003725,2026-01-01,streaming
U003726,2026-01-01,gym
U003728,2026-01-01,none
U003731,2026-01-01,cloud
U003734,2026-01-01,software
U003735,2026-01-01,none
U003737,2026-01-01,mobile
U003738,2026-01-01,none
U003739,2026-01-01,music
U003740,2026-01-01,gym
U003741,2026-01-01,software
U003742,2026-01-01,music
U003743,2026-01-01,software
U003745,2026-01-01,none
U003747,2026-01-01,music
U003748,2026-01-01,insurance
U003750,2026-01-01,music
U003751,2026-01-01,cloud
U003752,2026-01-01,insurance
U003754,2026-01-01,streaming
U003755,2026-01-01,none
U003756,2026-01-01,mobile
U003757,2026-01-01,none
U003760,2026-01-01,none
U003761,2026-01-01,streaming
U003763,2026-01-01,none
U003765,2026-01-01,none
U003766,2026-01-01,software
U003768,2026-01-01,none
U003769,2026-01-01,none
U003770,2026-01-01,gym
U003771,2026-01-01,cloud
U003772,2026-01-01,software
U003773,2026-01-01,mobile
U003775,2026-01-01,gym
U003776,2026-01-01,none
U003777,2026-01-01,cloud
U003778,2026-01-01,none
U003779,2026-01-01,music
U003780,2026-01-01,cloud
U003781,2026-01-01,none
U003782,2026-01-01,gym
U003783,2026-01-01,gym
U003784,2026-01-01,streaming
U003786,2026-01-01,none
U003788,2026-01-01,streaming
U003789,2026-01-01,mobile
U003790,2026-01-01,none
U003791,2026-01-01,software
U003792,2026-01-01,software
U003795,2026-01-01,none
U003796,2026-01-01,software
U003797,2026-01-01,mobile
U003799,2026-01-01,none
U003800,2026-01-01,insurance
U003801,2026-01-01,none
U003802,2026-01-01,streaming
U003803,2026-01-01,software
U003804,2026-01-01,gym
U003806,2026-01-01,none
U003807,2026-01-01,software
U003808,2026-01-01,streaming
U003809,2026-01-01,mobile
U003810,2026-01-01,none
U003811,2026-01-01,none
U003813,2026-01-01,cloud
U003815,2026-01-01,cloud
U003817,2026-01-01,none
U003818,2026-01-01,mobile
U003819,2026-01-01,none
U003822,2026-01-01,insurance
U003823,2026-01-01,none
U003825,2026-01-01,none
U003827,2026-01-01,none
U003829,2026-01-01,none
U003830,2026-01-01,none
U003831,2026-01-01,gym
U003832,2026-01-01,cloud
U003833,2026-01-01,gym
U003834,2026-01-01,none
U003835,2026-01-01,none
U003836,2026-01-01,none
U003837,2026-01-01,mobile
U003838,2026-01-01,streaming
U003839,2026-01-01,cloud
U003841,2026-01-01,music
U003842,2026-01-01,software
U003843,2026-01-01,cloud
U003844,2026-01-01,software
U003845,2026-01-01,insurance
U003846,2026-01-01,mobile
U003847,2026-01-01,streaming
U003848,2026-01-01,cloud
U003849,2026-01-01,none
U003850,2026-01-01,music
U003851,2026-01-01,none
U003852,2026-01-01,streaming
U003853,2026-01-01,mobile
U003854,2026-01-01,none
U003855,2026-01-01,cloud
U003856,2026-01-01,none
U003857,2026-01-01,insurance
U003858,2026-01-01,none
U003859,2026-01-01,streaming
U003860,2026-01-01,none
U003861,2026-01-01,software
U003862,2026-01-01,mobile
U003863,2026-01-01,none
U003866,2026-01-01,none
U003867,2026-01-01,insurance
U003868,2026-01-01,mobile
U003869,2026-01-01,mobile
U003870,2026-01-01,cloud
U003871,2026-01-01,mobile
U003872,2026-01-01,music
U003873,2026-01-01,none
U003874,2026-01-01,none
U003875,2026-01-01,streaming
U003879,2026-01-01,cloud
U003880,2026-01-01,streaming
U003882,2026-01-01,none
U003885,2026-01-01,cloud
U003886,2026-01-01,cloud
U003887,2026-01-01,cloud
U003888,2026-01-01,none
U003890,2026-01-01,gym
U003891,2026-01-01,none
U003892,2026-01-01,none
U003895,2026-01-01,none
U003898,2026-01-01,mobile
U003901,2026-01-01,mobile
U003903,2026-01-01,none
U003904,2026-01-01,insurance
U003905,2026-01-01,software
U003906,2026-01-01,software
U003908,2026-01-01,none
U003909,2026-01-01,streaming
U003911,2026-01-01,none
U003912,2026-01-01,insurance
U003915,2026-01-01,none
U003916,2026-01-01,none
U003917,2026-01-01,none
U003918,2026-01-01,gym
U003919,2026-01-01,none
U003920,2026-01-01,none
U003922,2026-01-01,none
U003924,2026-01-01,software
U003925,2026-01-01,software
U003926,2026-01-01,mobile
U003927,2026-01-01,music
U003928,2026-01-01,cloud
U003929,2026-01-01,music
U003930,2026-01-01,software
U003932,2026-01-01,none
U003933,2026-01-01,cloud
U003934,2026-01-01,mobile
U003937,2026-01-01,gym
U003938,2026-01-01,music
U003939,2026-01-01,mobile
U003940,2026-01-01,none
U003942,2026-01-01,software
U003946,2026-01-01,none
U003947,2026-01-01,insurance
U003948,2026-01-01,gym
U003951,2026-01-01,music
U003952,2026-01-01,none
U003953,2026-01-01,none
U003954,2026-01-01,none
U003955,2026-01-01,mobile
U003957,2026-01-01,none
U003960,2026-01-01,mobile
U003961,2026-01-01,cloud
U003963,2026-01-01,music
U003965,2026-01-01,software
U003966,2026-01-01,none
U003967,2026-01-01,insurance
U003968,2026-01-01,none
U003969,2026-01-01,music
U003971,2026-01-01,none
U003972,2026-01-01,none
U003975,2026-01-01,software
U003979,2026-01-01,music
U003980,2026-01-01,mobile
U003981,2026-01-01,insurance
U003983,2026-01-01,streaming
U003984,2026-01-01,mobile
U003985,2026-01-01,none
U003986,2026-01-01,gym
U003987,2026-01-01,none
U003989,2026-01-01,none
U003991,2026-01-01,none
U003995,2026-01-01,none
U003997,2026-01-01,cloud
U003998,2026-01-01,insurance
U004000,2026-01-01,music
U004001,2026-01-01,insurance
U004004,2026-01-01,music
U004005,2026-01-01,cloud
U004006,2026-01-01,software
U004007,2026-01-01,none
U004008,2026-01-01,mobile
U004010,2026-01-01,none
U004011,2026-01-01,insurance
U004012,2026-01-01,music
U004013,2026-01-01,none
U004014,2026-01-01,cloud
U004015,2026-01-01,none
U004016,2026-01-01,none
U004017,2026-01-01,none
U004018,2026-01-01,gym
U004019,2026-01-01,none
U004020,2026-01-01,streaming
U004021,2026-01-01,music
U004023,2026-01-01,cloud
U004025,2026-01-01,streaming
U004026,2026-01-01,gym
U004027,2026-01-01,gym
U004029,2026-01-01,none
U004030,2026-01-01,software
U004032,2026-01-01,none
U004033,2026-01-01,mobile
U004037,2026-01-01,none
U004038,2026-01-01,streaming
U004041,2026-01-01,none
U004042,2026-01-01,insurance
U004043,2026-01-01,mobile
U004045,2026-01-01,none
U004048,2026-01-01,gym
U004050,2026-01-01,cloud
U004051,2026-01-01,software
U004053,2026-01-01,cloud
U004056,2026-01-01,insurance
U004058,2026-01-01,gym
U004062,2026-01-01,none
U004063,2026-01-01,mobile
U004064,2026-01-01,streaming
U004065,2026-01-01,cloud
U004066,2026-01-01,gym
U004067,2026-01-01,none
U004069,2026-01-01,mobile
U004071,2026-01-01,none
U004073,2026-01-01,insurance
U004074,2026-01-01,insurance
U004075,2026-01-01,none
U004076,2026-01-01,mobile
U004077,2026-01-01,music
U004078,2026-01-01,software
U004079,2026-01-01,software
U004081,2026-01-01,music
U004082,2026-01-01,none
U004084,2026-01-01,insurance
U004086,2026-01-01,cloud
U004087,2026-01-01,mobile
U004088,2026-01-01,none
U004089,2026-01-01,insurance
U004090,2026-01-01,mobile
U004091,2026-01-01,gym
U004092,2026-01-01,music
U004093,2026-01-01,music
U004095,2026-01-01,none
U004097,2026-01-01,cloud
U004098,2026-01-01,none
U004099,2026-01-01,music
U004100,2026-01-01,cloud
U004101,2026-01-01,none
U004102,2026-01-01,mobile
U004103,2026-01-01,none
U004104,2026-01-01,software
U004105,2026-01-01,streaming
U004106,2026-01-01,insurance
U004108,2026-01-01,cloud
U004110,2026-01-01,insurance
U004111,2026-01-01,none
U004112,2026-01-01,gym
U004116,2026-01-01,music
U004117,2026-01-01,insurance
U004118,2026-01-01,none
U004119,2026-01-01,software
U004120,2026-01-01,streaming
U004121,2026-01-01,none
U004123,2026-01-01,insurance
U004124,2026-01-01,mobile
U004125,2026-01-01,streaming
U004126,2026-01-01,mobile
U004127,2026-01-01,gym
U004128,2026-01-01,streaming
U004129,2026-01-01,streaming
U004130,2026-01-01,music
U004131,2026-01-01,cloud
U004132,2026-01-01,music
U004133,2026-01-01,gym
U004136,2026-01-01,none
U004138,2026-01-01,none
U004139,2026-01-01,cloud
U004140,2026-01-01,none
U004143,2026-01-01,cloud
U004145,2026-01-01,cloud
U004147,2026-01-01,cloud
U004148,2026-01-01,music
U004149,2026-01-01,none
U004151,2026-01-01,music
U004152,2026-01-01,none
U004153,2026-01-01,gym
U004155,2026-01-01,music
U004156,2026-01-01,software
U004159,2026-01-01,none
U004161,2026-01-01,music
U004162,2026-01-01,insurance
U004164,2026-01-01,none
U004166,2026-01-01,gym
U004168,2026-01-01,none
U004170,2026-01-01,insurance
U004171,2026-01-01,none
U004172,2026-01-01,insurance
U004173,2026-01-01,music
U004176,2026-01-01,none
U004177,2026-01-01,none
U004179,2026-01-01,none
U004181,2026-01-01,music
U004182,2026-01-01,none
U004184,2026-01-01,cloud
U004185,2026-01-01,software
U004186,2026-01-01,none
U004187,2026-01-01,streaming
U004188,2026-01-01,gym
U004189,2026-01-01,music
U004190,2026-01-01,streaming
U004192,2026-01-01,mobile
U004194,2026-01-01,cloud
U004195,2026-01-01,cloud
U004197,2026-01-01,cloud
U004198,2026-01-01,software
U004199,2026-01-01,music
U004200,2026-01-01,none
U004203,2026-01-01,none
U004204,2026-01-01,none
U004205,2026-01-01,none
U004206,2026-01-01,cloud
U004207,2026-01-01,none
U004208,2026-01-01,none
U004210,2026-01-01,none
U004211,2026-01-01,none
U004213,2026-01-01,software
U004214,2026-01-01,none
U004215,2026-01-01,none
U004216,2026-01-01,music
U004217,2026-01-01,none
U004218,2026-01-01,software
U004221,2026-01-01,music
U004222,2026-01-01,insurance
U004223,2026-01-01,none
U004224,2026-01-01,gym
U004225,2026-01-01,software
U004227,2026-01-01,none
U004228,2026-01-01,none
U004230,2026-01-01,none
U004231,2026-01-01,none
U004232,2026-01-01,insurance
U004234,2026-01-01,insurance
U004236,2026-01-01,none
U004237,2026-01-01,none
U004238,2026-01-01,gym
U004240,2026-01-01,none
U004242,2026-01-01,software
U004243,2026-01-01,insurance
U004244,2026-01-01,none
U004245,2026-01-01,streaming
U004246,2026-01-01,none
U004247,2026-01-01,none
U004248,2026-01-01,mobile
U004250,2026-01-01,insurance
U004251,2026-01-01,gym
U004252,2026-01-01,music
U004253,2026-01-01,streaming
U004255,2026-01-01,music
U004256,2026-01-01,cloud
U004257,2026-01-01,mobile
U004258,2026-01-01,none
U004259,2026-01-01,software
U004260,2026-01-01,none
U004261,2026-01-01,none
U004262,2026-01-01,mobile
U004263,2026-01-01,gym
U004264,2026-01-01,cloud
U004265,2026-01-01,streaming
U004267,2026-01-01,none
U004268,2026-01-01,none
U004270,2026-01-01,streaming
U004271,2026-01-01,none
U004273,2026-01-01,cloud
U004276,2026-01-01,software
U004277,2026-01-01,insurance
U004278,2026-01-01,insurance
U004280,2026-01-01,software
U004284,2026-01-01,none
U004285,2026-01-01,mobile
U004287,2026-01-01,none
U004289,2026-01-01,none
U004290,2026-01-01,gym
U004292,2026-01-01,insurance
U004294,2026-01-01,cloud
U004295,2026-01-01,streaming
U004297,2026-01-01,software
U004299,2026-01-01,gym
U004301,2026-01-01,cloud
U004302,2026-01-01,streaming
U004303,2026-01-01,none
U004305,2026-01-01,none
U004306,2026-01-01,music
U004308,2026-01-01,none
U004309,2026-01-01,none
U004310,2026-01-01,mobile
U004311,2026-01-01,none
U004312,2026-01-01,insurance
U004313,2026-01-01,none
U004314,2026-01-01,insurance
U004315,2026-01-01,gym
U004316,2026-01-01,none
U004317,2026-01-01,none
U004318,2026-01-01,none
U004319,2026-01-01,none
U004320,2026-01-01,cloud
U004322,2026-01-01,none
U004323,2026-01-01,streaming
U004324,2026-01-01,music
U004325,2026-01-01,gym
U004326,2026-01-01,cloud
U004329,2026-01-01,software
U004330,2026-01-01,insurance
U004331,2026-01-01,none
U004332,2026-01-01,none
U004333,2026-01-01,none
U004335,2026-01-01,none
U004336,2026-01-01,insurance
U004338,2026-01-01,gym
U004339,2026-01-01,none
U004340,2026-01-01,insurance
U004341,2026-01-01,cloud
U004342,2026-01-01,insurance
U004343,2026-01-01,mobile
U004345,2026-01-01,none
U004346,2026-01-01,none
U004348,2026-01-01,music
U004349,2026-01-01,streaming
U004350,2026-01-01,none
U004351,2026-01-01,mobile
U004352,2026-01-01,none
U004353,2026-01-01,mobile
U004354,2026-01-01,cloud
U004355,2026-01-01,gym
U004356,2026-01-01,software
U004357,2026-01-01,mobile
U004358,2026-01-01,software
U004359,2026-01-01,mobile
U004360,2026-01-01,none
U004363,2026-01-01,streaming
U004365,2026-01-01,gym
U004367,2026-01-01,none
U004371,2026-01-01,none
U004372,2026-01-01,music
U004373,2026-01-01,gym
U004374,2026-01-01,software
U004378,2026-01-01,cloud
U004379,2026-01-01,none
U004383,2026-01-01,none
U004385,2026-01-01,insurance
U004386,2026-01-01,gym
U004387,2026-01-01,none
U004388,2026-01-01,none
U004390,2026-01-01,insurance
U004391,2026-01-01,streaming
U004392,2026-01-01,none
U004393,2026-01-01,none
U004396,2026-01-01,gym
U004397,2026-01-01,none
U004398,2026-01-01,insurance
U004399,2026-01-01,none
U004401,2026-01-01,gym
U004402,2026-01-01,none
U004403,2026-01-01,gym
U004404,2026-01-01,insurance
U004405,2026-01-01,mobile
U004407,2026-01-01,cloud
U004408,2026-01-01,mobile
U004413,2026-01-01,none
U004414,2026-01-01,insurance
U004415,2026-01-01,none
U004416,2026-01-01,insurance
U004417,2026-01-01,gym
U004418,2026-01-01,none
U004421,2026-01-01,streaming
U004422,2026-01-01,software
U004423,2026-01-01,none
U004424,2026-01-01,software
U004429,2026-01-01,mobile
U004430,2026-01-01,gym
U004431,2026-01-01,none
U004432,2026-01-01,gym
U004433,2026-01-01,cloud
U004434,2026-01-01,music
U004435,2026-01-01,streaming
U004439,2026-01-01,streaming
U004440,2026-01-01,streaming
U004442,2026-01-01,none
U004443,2026-01-01,none
U004444,2026-01-01,cloud
U004445,2026-01-01,none
U004446,2026-01-01,cloud
U004447,2026-01-01,streaming
U004448,2026-01-01,streaming
U004451,2026-01-01,software
U004452,2026-01-01,none
U004453,2026-01-01,gym
U004454,2026-01-01,streaming
U004455,2026-01-01,none
U004456,2026-01-01,mobile
U004457,2026-01-01,none
U004459,2026-01-01,software
U004460,2026-01-01,insurance
U004462,2026-01-01,none
U004463,2026-01-01,music
U004464,2026-01-01,gym
U004465,2026-01-01,mobile
U004466,2026-01-01,cloud
U004468,2026-01-01,streaming
U004469,2026-01-01,insurance
U004470,2026-01-01,software
U004471,2026-01-01,music
U004472,2026-01-01,none
U004473,2026-01-01,none
U004474,2026-01-01,gym
U004475,2026-01-01,cloud
U004477,2026-01-01,insurance
U004479,2026-01-01,streaming
U004482,2026-01-01,none
U004483,2026-01-01,none
U004484,2026-01-01,none
U004488,2026-01-01,streaming
U004489,2026-01-01,insurance
U004490,2026-01-01,gym
U004491,2026-01-01,insurance
U004492,2026-01-01,gym
U004494,2026-01-01,gym
U004495,2026-01-01,none
U004496,2026-01-01,software
U004497,2026-01-01,none
U004498,2026-01-01,cloud
U004499,2026-01-01,none
U004500,2026-01-01,mobile
U004501,2026-01-01,cloud
U004503,2026-01-01,cloud
U004504,2026-01-01,none
U004505,2026-01-01,cloud
U004506,2026-01-01,none
U004508,2026-01-01,none
U004509,2026-01-01,none
U004510,2026-01-01,insurance
U004512,2026-01-01,mobile
U004513,2026-01-01,gym
U004514,2026-01-01,insurance
U004515,2026-01-01,none
U004516,2026-01-01,none
U004517,2026-01-01,none
U004518,2026-01-01,music
U004519,2026-01-01,none
U004520,2026-01-01,music
U004524,2026-01-01,cloud
U004525,2026-01-01,gym
U004526,2026-01-01,cloud
U004527,2026-01-01,cloud
U004529,2026-01-01,software
U004530,2026-01-01,music
U004531,2026-01-01,mobile
U004532,2026-01-01,software
U004533,2026-01-01,gym
U004534,2026-01-01,insurance
U004535,2026-01-01,mobile
U004537,2026-01-01,streaming
U004538,2026-01-01,insurance
U004540,2026-01-01,none
U004542,2026-01-01,none
U004543,2026-01-01,software
U004544,2026-01-01,cloud
U004545,2026-01-01,software
U004546,2026-01-01,software
U004547,2026-01-01,software
U004548,2026-01-01,software
U004549,2026-01-01,none
U004550,2026-01-01,none
U004552,2026-01-01,gym
U004553,2026-01-01,streaming
U004554,2026-01-01,none
U004555,2026-01-01,software
U004556,2026-01-01,mobile
U004557,2026-01-01,software
U004559,2026-01-01,mobile
U004560,2026-01-01,none
U004561,2026-01-01,none
U004562,2026-01-01,none
U004569,2026-01-01,mobile
U004570,2026-01-01,insurance
U004572,2026-01-01,none
U004574,2026-01-01,none
U004575,2026-01-01,cloud
U004576,2026-01-01,gym
U004577,2026-01-01,none
U004578,2026-01-01,insurance
U004579,2026-01-01,music
U004580,2026-01-01,cloud
U004581,2026-01-01,none
U004584,2026-01-01,none
U004585,2026-01-01,streaming
U004586,2026-01-01,insurance
U004588,2026-01-01,gym
U004589,2026-01-01,cloud
U004590,2026-01-01,music
U004591,2026-01-01,streaming
U004592,2026-01-01,cloud
U004593,2026-01-01,none
U004594,2026-01-01,streaming
U004596,2026-01-01,software
U004597,2026-01-01,software
U004598,2026-01-01,none
U004599,2026-01-01,none
U004602,2026-01-01,none
U004603,2026-01-01,none
U004604,2026-01-01,none
U004605,2026-01-01,insurance
U004606,2026-01-01,insurance
U004607,2026-01-01,gym
U004609,2026-01-01,gym
U004610,2026-01-01,none
U004613,2026-01-01,insurance
U004614,2026-01-01,insurance
U004615,2026-01-01,insurance
U004620,2026-01-01,none
U004621,2026-01-01,gym
U004623,2026-01-01,insurance
U004625,2026-01-01,insurance
U004626,2026-01-01,streaming
U004628,2026-01-01,none
U004629,2026-01-01,software
U004630,2026-01-01,cloud
U004631,2026-01-01,none
U004632,2026-01-01,music
U004633,2026-01-01,software
U004634,2026-01-01,none
U004635,2026-01-01,none
U004638,2026-01-01,cloud
U004640,2026-01-01,none
U004641,2026-01-01,none
U004644,2026-01-01,insurance
U004646,2026-01-01,cloud
U004647,2026-01-01,cloud
U004649,2026-01-01,insurance
U004650,2026-01-01,gym
U004651,2026-01-01,mobile
U004652,2026-01-01,streaming
U004653,2026-01-01,none
U004654,2026-01-01,none
U004657,2026-01-01,cloud
U004658,2026-01-01,insurance
U004659,2026-01-01,software
U004660,2026-01-01,software
U004661,2026-01-01,cloud
U004662,2026-01-01,cloud
U004663,2026-01-01,gym
U004664,2026-01-01,insurance
U004665,2026-01-01,none
U004666,2026-01-01,none
U004667,2026-01-01,insurance
U004668,2026-01-01,mobile
U004669,2026-01-01,none
U004670,2026-01-01,insurance
U004671,2026-01-01,none
U004672,2026-01-01,music
U004673,2026-01-01,none
U004676,2026-01-01,none
U004677,2026-01-01,cloud
U004679,2026-01-01,gym
U004680,2026-01-01,gym
U004682,2026-01-01,none
U004683,2026-01-01,software
U004684,2026-01-01,none
U004685,2026-01-01,none
U004686,2026-01-01,none
U004687,2026-01-01,none
U004688,2026-01-01,none
U004690,2026-01-01,insurance
U004691,2026-01-01,none
U004692,2026-01-01,music
U004693,2026-01-01,none
U004694,2026-01-01,streaming
U004696,2026-01-01,insurance
U004698,2026-01-01,insurance
U004699,2026-01-01,insurance
U004700,2026-01-01,none
U004701,2026-01-01,streaming
U004702,2026-01-01,gym
U004704,2026-01-01,none
U004708,2026-01-01,music
U004709,2026-01-01,none
U004710,2026-01-01,mobile
U004711,2026-01-01,streaming
U004712,2026-01-01,insurance
U004713,2026-01-01,none
U004715,2026-01-01,mobile
U004716,2026-01-01,mobile
U004719,2026-01-01,none
U004720,2026-01-01,none
U004722,2026-01-01,music
U004724,2026-01-01,cloud
U004726,2026-01-01,none
U004729,2026-01-01,none
U004730,2026-01-01,none
U004731,2026-01-01,none
U004733,2026-01-01,mobile
U004734,2026-01-01,gym
U004735,2026-01-01,software
U004736,2026-01-01,music
U004737,2026-01-01,streaming
U004740,2026-01-01,none
U004742,2026-01-01,music
U004743,2026-01-01,software
U004744,2026-01-01,mobile
U004745,2026-01-01,insurance
U004746,2026-01-01,software
U004747,2026-01-01,none
U004748,2026-01-01,none
U004749,2026-01-01,none
U004750,2026-01-01,none
U004751,2026-01-01,software
U004752,2026-01-01,music
U004753,2026-01-01,software
U004755,2026-01-01,none
U004757,2026-01-01,streaming
U004758,2026-01-01,none
U004759,2026-01-01,mobile
U004760,2026-01-01,cloud
U004762,2026-01-01,gym
U004764,2026-01-01,gym
U004766,2026-01-01,gym
U004769,2026-01-01,cloud
U004771,2026-01-01,software
U004772,2026-01-01,gym
U004773,2026-01-01,software
U004774,2026-01-01,mobile
U004776,2026-01-01,insurance
U004777,2026-01-01,mobile
U004778,2026-01-01,cloud
U004779,2026-01-01,software
U004780,2026-01-01,mobile
U004781,2026-01-01,none
U004782,2026-01-01,none
U004783,2026-01-01,music
U004784,2026-01-01,software
U004785,2026-01-01,mobile
U004786,2026-01-01,music
U004787,2026-01-01,mobile
U004788,2026-01-01,none
U004789,2026-01-01,none
U004790,2026-01-01,software
U004792,2026-01-01,none
U004794,2026-01-01,none
U004795,2026-01-01,none
U004796,2026-01-01,none
U004802,2026-01-01,none
U004805,2026-01-01,none
U004807,2026-01-01,insurance
U004809,2026-01-01,music
U004811,2026-01-01,mobile
U004818,2026-01-01,cloud
U004819,2026-01-01,cloud
U004820,2026-01-01,none
U004821,2026-01-01,streaming
U004824,2026-01-01,music
U004825,2026-01-01,none
U004826,2026-01-01,insurance
U004827,2026-01-01,software
U004828,2026-01-01,cloud
U004829,2026-01-01,software
U004830,2026-01-01,streaming
U004831,2026-01-01,none
U004832,2026-01-01,music
U004833,2026-01-01,streaming
U004834,2026-01-01,none
U004835,2026-01-01,none
U004837,2026-01-01,none
U004839,2026-01-01,insurance
U004840,2026-01-01,streaming
U004841,2026-01-01,mobile
U004842,2026-01-01,insurance
U004843,2026-01-01,cloud
U004845,2026-01-01,cloud
U004847,2026-01-01,mobile
U004848,2026-01-01,insurance
U004849,2026-01-01,mobile
U004850,2026-01-01,mobile
U004851,2026-01-01,gym
U004852,2026-01-01,streaming
U004853,2026-01-01,music
U004854,2026-01-01,none
U004855,2026-01-01,software
U004856,2026-01-01,none
U004857,2026-01-01,software
U004858,2026-01-01,mobile
U004861,2026-01-01,gym
U004862,2026-01-01,insurance
U004865,2026-01-01,streaming
U004866,2026-01-01,none
U004867,2026-01-01,none
U004869,2026-01-01,insurance
U004870,2026-01-01,music
U004872,2026-01-01,none
U004873,2026-01-01,insurance
U004875,2026-01-01,streaming
U004876,2026-01-01,software
U004878,2026-01-01,music
U004879,2026-01-01,insurance
U004880,2026-01-01,none
U004882,2026-01-01,streaming
U004883,2026-01-01,streaming
U004884,2026-01-01,software
U004887,2026-01-01,none
U004889,2026-01-01,music
U004890,2026-01-01,streaming
U004891,2026-01-01,none
U004893,2026-01-01,mobile
U004894,2026-01-01,music
U004895,2026-01-01,none
U004896,2026-01-01,music
U004898,2026-01-01,none
U004899,2026-01-01,music
U004901,2026-01-01,cloud
U004902,2026-01-01,insurance
U004903,2026-01-01,cloud
U004905,2026-01-01,none
U004908,2026-01-01,cloud
U004909,2026-01-01,gym
U004911,2026-01-01,insurance
U004912,2026-01-01,none
U004913,2026-01-01,none
U004915,2026-01-01,streaming
U004916,2026-01-01,none
U004917,2026-01-01,cloud
U004918,2026-01-01,mobile
U004919,2026-01-01,none
U004920,2026-01-01,none
U004922,2026-01-01,software
U004924,2026-01-01,none
U004925,2026-01-01,insurance
U004926,2026-01-01,mobile
U004928,2026-01-01,none
U004929,2026-01-01,insurance
U004930,2026-01-01,gym
U004931,2026-01-01,none
U004932,2026-01-01,none
U004933,2026-01-01,cloud
U004934,2026-01-01,insurance
U004936,2026-01-01,mobile
U004937,2026-01-01,music
U004938,2026-01-01,streaming
U004940,2026-01-01,none
U004941,2026-01-01,streaming
U004942,2026-01-01,gym
U004943,2026-01-01,insurance
U004944,2026-01-01,gym
U004945,2026-01-01,mobile
U004947,2026-01-01,none
U004949,2026-01-01,none
U004950,2026-01-01,none
U004951,2026-01-01,music
U004957,2026-01-01,none
U004959,2026-01-01,none
U004961,2026-01-01,streaming
U004962,2026-01-01,none
U004963,2026-01-01,software
U004964,2026-01-01,none
U004965,2026-01-01,cloud
U004966,2026-01-01,software
U004967,2026-01-01,streaming
U004968,2026-01-01,gym
U004969,2026-01-01,software
U004970,2026-01-01,mobile
U004972,2026-01-01,none
U004973,2026-01-01,music
U004974,2026-01-01,none
U004975,2026-01-01,none
U004976,2026-01-01,music
U004977,2026-01-01,gym
U004979,2026-01-01,mobile
U004980,2026-01-01,none
U004981,2026-01-01,none
U004983,2026-01-01,cloud
U004984,2026-01-01,insurance
U004985,2026-01-01,none
U004986,2026-01-01,mobile
U004987,2026-01-01,music
U004988,2026-01-01,software
U004989,2026-01-01,none
U004990,2026-01-01,none
U004991,2026-01-01,none
U004992,2026-01-01,software
U004994,2026-01-01,none
U004995,2026-01-01,streaming
U004996,2026-01-01,software
U004997,2026-01-01,none
U004998,2026-01-01,none
U004999,2026-01-01,mobile
U005001,2026-01-01,insurance
U005002,2026-01-01,none
U005004,2026-01-01,mobile
U005005,2026-01-01,cloud
U005009,2026-01-01,streaming
U005010,2026-01-01,none
U005011,2026-01-01,none
U005012,2026-01-01,none
U005013,2026-01-01,none
U005014,2026-01-01,insurance
U005015,2026-01-01,gym
U005017,2026-01-01,none
U005018,2026-01-01,cloud
U005019,2026-01-01,gym
U005021,2026-01-01,none
U005023,2026-01-01,streaming
U005028,2026-01-01,cloud
U005030,2026-01-01,cloud
U005033,2026-01-01,gym
U005034,2026-01-01,streaming
U005038,2026-01-01,none
U005039,2026-01-01,cloud
U005040,2026-01-01,mobile
U005041,2026-01-01,streaming
U005042,2026-01-01,music
U005043,2026-01-01,none
U005044,2026-01-01,gym
U005045,2026-01-01,mobile
U005047,2026-01-01,none
U005048,2026-01-01,mobile
U005049,2026-01-01,music
U005050,2026-01-01,streaming
U005051,2026-01-01,gym
U005052,2026-01-01,cloud
U005053,2026-01-01,none
U005054,2026-01-01,music
U005055,2026-01-01,cloud
U005058,2026-01-01,cloud
U005059,2026-01-01,none
U005061,2026-01-01,none
U005062,2026-01-01,none
U005063,2026-01-01,mobile
U005064,2026-01-01,none
U005066,2026-01-01,none
U005067,2026-01-01,cloud
U005069,2026-01-01,none
U005070,2026-01-01,streaming
U005071,2026-01-01,mobile
U005072,2026-01-01,none
U005073,2026-01-01,streaming
U005075,2026-01-01,none
U005076,2026-01-01,insurance
U005077,2026-01-01,cloud
U005078,2026-01-01,cloud
U005080,2026-01-01,streaming
U005081,2026-01-01,music
U005083,2026-01-01,software
U005085,2026-01-01,mobile
U005086,2026-01-01,software
U005087,2026-01-01,software
U005090,2026-01-01,software
U005092,2026-01-01,cloud
U005095,2026-01-01,none
U005096,2026-01-01,mobile
U005097,2026-01-01,mobile
U005098,2026-01-01,cloud
U005099,2026-01-01,mobile
U005100,2026-01-01,streaming
U005102,2026-01-01,mobile
U005103,2026-01-01,cloud
U005104,2026-01-01,insurance
U005105,2026-01-01,none
U005106,2026-01-01,none
U005108,2026-01-01,cloud
U005111,2026-01-01,none
U005112,2026-01-01,insurance
U005114,2026-01-01,music
U005117,2026-01-01,none
U005118,2026-01-01,software
U005119,2026-01-01,cloud
U005120,2026-01-01,software
U005121,2026-01-01,cloud
U005122,2026-01-01,cloud
U005124,2026-01-01,insurance
U005125,2026-01-01,cloud
U005126,2026-01-01,mobile
U005127,2026-01-01,none
U005128,2026-01-01,software
U005129,2026-01-01,none
U005130,2026-01-01,insurance
U005131,2026-01-01,mobile
U005132,2026-01-01,none
U005133,2026-01-01,gym
U005134,2026-01-01,streaming
U005136,2026-01-01,insurance
U005137,2026-01-01,cloud
U005138,2026-01-01,none
U005139,2026-01-01,insurance
U005141,2026-01-01,gym
U005142,2026-01-01,none
U005143,2026-01-01,cloud
U005144,2026-01-01,none
U005146,2026-01-01,insurance
U005147,2026-01-01,none
U005148,2026-01-01,gym
U005149,2026-01-01,none
U005150,2026-01-01,insurance
U005152,2026-01-01,gym
U005153,2026-01-01,insurance
U005154,2026-01-01,gym
U005155,2026-01-01,insurance
U005156,2026-01-01,none
U005157,2026-01-01,insurance
U005158,2026-01-01,none
U005159,2026-01-01,mobile
U005162,2026-01-01,mobile
U005163,2026-01-01,none
U005164,2026-01-01,none
U005165,2026-01-01,none
U005167,2026-01-01,none
U005168,2026-01-01,none
U005169,2026-01-01,insurance
U005171,2026-01-01,streaming
U005172,2026-01-01,insurance
U005173,2026-01-01,none
U005174,2026-01-01,none
U005175,2026-01-01,none
U005176,2026-01-01,none
U005177,2026-01-01,insurance
U005179,2026-01-01,music
U005180,2026-01-01,cloud
U005181,2026-01-01,software
U005182,2026-01-01,insurance
U005184,2026-01-01,software
U005185,2026-01-01,mobile
U005186,2026-01-01,none
U005187,2026-01-01,music
U005188,2026-01-01,none
U005189,2026-01-01,none
U005190,2026-01-01,none
U005191,2026-01-01,software
U005192,2026-01-01,music
U005194,2026-01-01,none
U005196,2026-01-01,none
U005197,2026-01-01,cloud
U005199,2026-01-01,mobile
U005200,2026-01-01,none
U005202,2026-01-01,music
U005203,2026-01-01,cloud
U005204,2026-01-01,insurance
U005205,2026-01-01,none
U005206,2026-01-01,gym
U005207,2026-01-01,none
U005209,2026-01-01,gym
U005210,2026-01-01,none
U005211,2026-01-01,gym
U005212,2026-01-01,gym
U005214,2026-01-01,cloud
U005215,2026-01-01,none
U005218,2026-01-01,mobile
U005219,2026-01-01,none
U005220,2026-01-01,software
U005221,2026-01-01,cloud
U005223,2026-01-01,streaming
U005224,2026-01-01,streaming
U005225,2026-01-01,none
U005226,2026-01-01,cloud
U005227,2026-01-01,mobile
U005228,2026-01-01,mobile
U005229,2026-01-01,streaming
U005231,2026-01-01,none
U005232,2026-01-01,none
U005233,2026-01-01,none
U005234,2026-01-01,none
U005235,2026-01-01,software
U005236,2026-01-01,mobile
U005237,2026-01-01,music
U005238,2026-01-01,streaming
U005239,2026-01-01,cloud
U005240,2026-01-01,none
U005241,2026-01-01,none
U005242,2026-01-01,gym
U005243,2026-01-01,streaming
U005245,2026-01-01,insurance
U005246,2026-01-01,mobile
U005247,2026-01-01,music
U005248,2026-01-01,none
U005249,2026-01-01,gym
U005251,2026-01-01,insurance
U005252,2026-01-01,none
U005253,2026-01-01,none
U005255,2026-01-01,none
U005256,2026-01-01,music
U005258,2026-01-01,insurance
U005259,2026-01-01,gym
U005260,2026-01-01,none
U005261,2026-01-01,software
U005263,2026-01-01,music
U005264,2026-01-01,none
U005266,2026-01-01,music
U005267,2026-01-01,insurance
U005268,2026-01-01,none
U005270,2026-01-01,streaming
U005271,2026-01-01,none
U005272,2026-01-01,none
U005273,2026-01-01,streaming
U005274,2026-01-01,none
U005275,2026-01-01,mobile
U005276,2026-01-01,gym
U005277,2026-01-01,cloud
U005278,2026-01-01,none
U005279,2026-01-01,none
U005280,2026-01-01,gym
U005282,2026-01-01,software
U005285,2026-01-01,mobile
U005289,2026-01-01,software
U005290,2026-01-01,gym
U005292,2026-01-01,music
U005293,2026-01-01,insurance
U005294,2026-01-01,none
U005295,2026-01-01,software
U005296,2026-01-01,insurance
U005297,2026-01-01,mobile
U005298,2026-01-01,insurance
U005299,2026-01-01,mobile
U005300,2026-01-01,streaming
U005302,2026-01-01,cloud
U005304,2026-01-01,streaming
U005305,2026-01-01,none
U005306,2026-01-01,streaming
U005309,2026-01-01,cloud
U005310,2026-01-01,none
U005311,2026-01-01,music
U005315,2026-01-01,none
U005316,2026-01-01,none
U005317,2026-01-01,streaming
U005320,2026-01-01,music
U005324,2026-01-01,cloud
U005325,2026-01-01,none
U005326,2026-01-01,mobile
U005327,2026-01-01,music
U005329,2026-01-01,gym
U005330,2026-01-01,none
U005331,2026-01-01,none
U005333,2026-01-01,none
U005334,2026-01-01,cloud
U005335,2026-01-01,none
U005336,2026-01-01,none
U005337,2026-01-01,insurance
U005338,2026-01-01,streaming
U005339,2026-01-01,software
U005342,2026-01-01,none
U005343,2026-01-01,insurance
U005345,2026-01-01,none
U005347,2026-01-01,none
U005348,2026-01-01,gym
U005349,2026-01-01,music
U005350,2026-01-01,none
U005351,2026-01-01,software
U005352,2026-01-01,gym
U005353,2026-01-01,mobile
U005357,2026-01-01,gym
U005358,2026-01-01,streaming
U005359,2026-01-01,insurance
U005360,2026-01-01,insurance
U005361,2026-01-01,cloud
U005364,2026-01-01,software
U005367,2026-01-01,none
U005369,2026-01-01,gym
U005370,2026-01-01,mobile
U005371,2026-01-01,cloud
U005373,2026-01-01,cloud
U005374,2026-01-01,insurance
U005375,2026-01-01,streaming
U005378,2026-01-01,mobile
U005379,2026-01-01,insurance
U005380,2026-01-01,cloud
U005381,2026-01-01,music
U005384,2026-01-01,streaming
U005385,2026-01-01,none
U005386,2026-01-01,software
U005388,2026-01-01,mobile
U005389,2026-01-01,insurance
U005391,2026-01-01,mobile
U005392,2026-01-01,none
U005393,2026-01-01,none
U005396,2026-01-01,none
U005397,2026-01-01,none
U005398,2026-01-01,insurance
U005399,2026-01-01,streaming
U005400,2026-01-01,none
U005402,2026-01-01,gym
U005404,2026-01-01,mobile
U005405,2026-01-01,cloud
U005407,2026-01-01,software
U005408,2026-01-01,mobile
U005409,2026-01-01,gym
U005410,2026-01-01,insurance
U005411,2026-01-01,gym
U005412,2026-01-01,music
U005413,2026-01-01,software
U005415,2026-01-01,none
U005417,2026-01-01,mobile
U005418,2026-01-01,music
U005419,2026-01-01,none
U005420,2026-01-01,music
U005421,2026-01-01,streaming
U005422,2026-01-01,cloud
U005423,2026-01-01,software
U005425,2026-01-01,software
U005426,2026-01-01,none
U005427,2026-01-01,insurance
U005428,2026-01-01,streaming
U005429,2026-01-01,none
U005430,2026-01-01,insurance
U005431,2026-01-01,gym
U005434,2026-01-01,none
U005435,2026-01-01,streaming
U005436,2026-01-01,none
U005437,2026-01-01,gym
U005438,2026-01-01,streaming
U005439,2026-01-01,mobile
U005440,2026-01-01,none
U005441,2026-01-01,streaming
U005442,2026-01-01,none
U005443,2026-01-01,cloud
U005444,2026-01-01,none
U005447,2026-01-01,none
U005448,2026-01-01,music
U005449,2026-01-01,gym
U005450,2026-01-01,none
U005451,2026-01-01,cloud
U005453,2026-01-01,music
U005454,2026-01-01,gym
U005455,2026-01-01,music
U005456,2026-01-01,none
U005457,2026-01-01,mobile
U005458,2026-01-01,music
U005459,2026-01-01,insurance
U005460,2026-01-01,streaming
U005464,2026-01-01,streaming
U005465,2026-01-01,none
U005466,2026-01-01,gym
U005468,2026-01-01,software
U005469,2026-01-01,gym
U005470,2026-01-01,none
U005472,2026-01-01,software
U005473,2026-01-01,gym
U005475,2026-01-01,software
U005476,2026-01-01,insurance
U005479,2026-01-01,gym
U005481,2026-01-01,none
U005482,2026-01-01,none
U005483,2026-01-01,none
U005484,2026-01-01,music
U005485,2026-01-01,streaming
U005487,2026-01-01,insurance
U005488,2026-01-01,insurance
U005489,2026-01-01,mobile
U005491,2026-01-01,music
U005492,2026-01-01,software
U005493,2026-01-01,gym
U005494,2026-01-01,gym
U005495,2026-01-01,none
U005496,2026-01-01,mobile
U005497,2026-01-01,gym
U005498,2026-01-01,none
U005500,2026-01-01,none
U005501,2026-01-01,mobile
U005502,2026-01-01,gym
U005506,2026-01-01,music
U005507,2026-01-01,gym
U005508,2026-01-01,gym
U005509,2026-01-01,streaming
U005511,2026-01-01,gym
U005512,2026-01-01,none
U005513,2026-01-01,none
U005514,2026-01-01,mobile
U005515,2026-01-01,software
U005517,2026-01-01,mobile
U005518,2026-01-01,cloud
U005519,2026-01-01,cloud
U005520,2026-01-01,gym
U005521,2026-01-01,software
U005522,2026-01-01,software
U005523,2026-01-01,none
U005525,2026-01-01,gym
U005526,2026-01-01,insurance
U005527,2026-01-01,none
U005528,2026-01-01,mobile
U005529,2026-01-01,gym
U005530,2026-01-01,insurance
U005531,2026-01-01,insurance
U005532,2026-01-01,none
U005533,2026-01-01,gym
U005534,2026-01-01,none
U005535,2026-01-01,none
U005536,2026-01-01,none
U005537,2026-01-01,none
U005538,2026-01-01,mobile
U005539,2026-01-01,none
U005540,2026-01-01,cloud
U005541,2026-01-01,none
U005542,2026-01-01,none
U005546,2026-01-01,none
U005547,2026-01-01,streaming
U005548,2026-01-01,mobile
U005549,2026-01-01,none
U005550,2026-01-01,software
U005551,2026-01-01,cloud
U005552,2026-01-01,cloud
U005554,2026-01-01,none
U005556,2026-01-01,gym
U005557,2026-01-01,insurance
U005559,2026-01-01,none
U005560,2026-01-01,none
U005561,2026-01-01,mobile
U005562,2026-01-01,music
U005564,2026-01-01,insurance
U005565,2026-01-01,software
U005566,2026-01-01,mobile
U005567,2026-01-01,software
U005568,2026-01-01,none
U005570,2026-01-01,music
U005573,2026-01-01,none
U005574,2026-01-01,none
U005575,2026-01-01,music
U005578,2026-01-01,gym
U005579,2026-01-01,gym
U005580,2026-01-01,music
U005581,2026-01-01,none
U005582,2026-01-01,software
U005583,2026-01-01,music
U005585,2026-01-01,none
U005586,2026-01-01,cloud
U005587,2026-01-01,none
U005589,2026-01-01,gym
U005590,2026-01-01,mobile
U005591,2026-01-01,streaming
U005593,2026-01-01,none
U005595,2026-01-01,gym
U005596,2026-01-01,none
U005599,2026-01-01,none
U005600,2026-01-01,none
U005601,2026-01-01,none
U005603,2026-01-01,gym
U005604,2026-01-01,music
U005606,2026-01-01,streaming
U005608,2026-01-01,music
U005609,2026-01-01,none
U005613,2026-01-01,software
U005614,2026-01-01,none
U005615,2026-01-01,gym
U005616,2026-01-01,music
U005617,2026-01-01,cloud
U005619,2026-01-01,cloud
U005620,2026-01-01,gym
U005621,2026-01-01,none
U005622,2026-01-01,mobile
U005623,2026-01-01,mobile
U005624,2026-01-01,none
U005625,2026-01-01,gym
U005626,2026-01-01,none
U005627,2026-01-01,mobile
U005629,2026-01-01,cloud
U005631,2026-01-01,streaming
U005632,2026-01-01,software
U005635,2026-01-01,music
U005636,2026-01-01,cloud
U005637,2026-01-01,none
U005638,2026-01-01,none
U005640,2026-01-01,none
U005641,2026-01-01,insurance
U005642,2026-01-01,music
U005643,2026-01-01,streaming
U005644,2026-01-01,mobile
U005645,2026-01-01,cloud
U005646,2026-01-01,cloud
U005648,2026-01-01,cloud
U005650,2026-01-01,music
U005651,2026-01-01,insurance
U005652,2026-01-01,none
U005653,2026-01-01,cloud
U005654,2026-01-01,none
U005655,2026-01-01,music
U005656,2026-01-01,music
U005657,2026-01-01,music
U005658,2026-01-01,none
U005659,2026-01-01,music
U005660,2026-01-01,none
U005661,2026-01-01,streaming
U005662,2026-01-01,cloud
U005663,2026-01-01,mobile
U005664,2026-01-01,cloud
U005666,2026-01-01,none
U005668,2026-01-01,insurance
U005669,2026-01-01,music
U005670,2026-01-01,insurance
U005673,2026-01-01,none
U005674,2026-01-01,software
U005675,2026-01-01,gym
U005676,2026-01-01,music
U005678,2026-01-01,mobile
U005679,2026-01-01,mobile
U005680,2026-01-01,insurance
U005683,2026-01-01,none
U005684,2026-01-01,gym
U005685,2026-01-01,software
U005687,2026-01-01,none
U005688,2026-01-01,mobile
U005689,2026-01-01,none
U005690,2026-01-01,none
U005691,2026-01-01,mobile
U005692,2026-01-01,software
U005693,2026-01-01,software
U005694,2026-01-01,streaming
U005695,2026-01-01,music
U005696,2026-01-01,none
U005697,2026-01-01,mobile
U005698,2026-01-01,none
U005699,2026-01-01,streaming
U005701,2026-01-01,music
U005702,2026-01-01,none
U005703,2026-01-01,cloud
U005704,2026-01-01,music
U005706,2026-01-01,none
U005707,2026-01-01,software
U005708,2026-01-01,music
U005709,2026-01-01,cloud
U005710,2026-01-01,streaming
U005711,2026-01-01,software
U005713,2026-01-01,none
U005714,2026-01-01,none
U005717,2026-01-01,music
U005719,2026-01-01,streaming
U005722,2026-01-01,none
U005723,2026-01-01,none
U005724,2026-01-01,none
U005725,2026-01-01,streaming
U005726,2026-01-01,none
U005727,2026-01-01,insurance
U005729,2026-01-01,none
U005730,2026-01-01,none
U005733,2026-01-01,cloud
U005734,2026-01-01,none
U005735,2026-01-01,streaming
U005737,2026-01-01,none
U005738,2026-01-01,mobile
U005739,2026-01-01,none
U005742,2026-01-01,music
U005744,2026-01-01,gym
U005745,2026-01-01,streaming
U005747,2026-01-01,gym
U005748,2026-01-01,mobile
U005749,2026-01-01,cloud
U005750,2026-01-01,none
U005751,2026-01-01,gym
U005752,2026-01-01,software
U005753,2026-01-01,streaming
U005754,2026-01-01,software
U005755,2026-01-01,mobile
U005757,2026-01-01,none
U005758,2026-01-01,none
U005759,2026-01-01,none
U005760,2026-01-01,none
U005761,2026-01-01,streaming
U005766,2026-01-01,insurance
U005768,2026-01-01,software
U005769,2026-01-01,gym
U005771,2026-01-01,none
U005772,2026-01-01,insurance
U005774,2026-01-01,software
U005775,2026-01-01,software
U005776,2026-01-01,streaming
U005777,2026-01-01,gym
U005779,2026-01-01,gym
U005780,2026-01-01,mobile
U005781,2026-01-01,none
U005782,2026-01-01,none
U005784,2026-01-01,none
U005785,2026-01-01,none
U005786,2026-01-01,cloud
U005787,2026-01-01,gym
U005788,2026-01-01,mobile
U005789,2026-01-01,streaming
U005792,2026-01-01,none
U005794,2026-01-01,none
U005795,2026-01-01,streaming
U005796,2026-01-01,music
U005798,2026-01-01,none
U005800,2026-01-01,insurance
U005801,2026-01-01,software
U005803,2026-01-01,none
U005804,2026-01-01,mobile
U005805,2026-01-01,cloud
U005806,2026-01-01,streaming
U005808,2026-01-01,mobile
U005809,2026-01-01,insurance
U005810,2026-01-01,mobile
U005812,2026-01-01,insurance
U005813,2026-01-01,software
U005814,2026-01-01,none
U005815,2026-01-01,software
U005816,2026-01-01,software
U005817,2026-01-01,music
U005818,2026-01-01,none
U005821,2026-01-01,none
U005823,2026-01-01,none
U005824,2026-01-01,software
U005825,2026-01-01,none
U005826,2026-01-01,mobile
U005827,2026-01-01,insurance
U005828,2026-01-01,gym
U005829,2026-01-01,mobile
U005831,2026-01-01,music
U005832,2026-01-01,none
U005833,2026-01-01,insurance
U005834,2026-01-01,gym
U005835,2026-01-01,none
U005836,2026-01-01,gym
U005837,2026-01-01,none
U005838,2026-01-01,gym
U005839,2026-01-01,cloud
U005841,2026-01-01,none
U005842,2026-01-01,insurance
U005844,2026-01-01,streaming
U005845,2026-01-01,mobile
U005846,2026-01-01,music
U005847,2026-01-01,mobile
U005848,2026-01-01,streaming
U005850,2026-01-01,none
U005852,2026-01-01,mobile
U005853,2026-01-01,cloud
U005854,2026-01-01,none
U005855,2026-01-01,cloud
U005856,2026-01-01,music
U005857,2026-01-01,none
U005858,2026-01-01,streaming
U005860,2026-01-01,none
U005861,2026-01-01,none
U005862,2026-01-01,none
U005863,2026-01-01,cloud
U005864,2026-01-01,none
U005866,2026-01-01,none
U005867,2026-01-01,insurance
U005868,2026-01-01,insurance
U005869,2026-01-01,none
U005871,2026-01-01,gym
U005873,2026-01-01,mobile
U005875,2026-01-01,streaming
U005876,2026-01-01,none
U005877,2026-01-01,insurance
U005879,2026-01-01,software
U005880,2026-01-01,insurance
U005881,2026-01-01,none
U005883,2026-01-01,streaming
U005885,2026-01-01,none
U005888,2026-01-01,gym
U005889,2026-01-01,none
U005890,2026-01-01,mobile
U005892,2026-01-01,software
U005893,2026-01-01,none
U005894,2026-01-01,mobile
U005895,2026-01-01,music
U005896,2026-01-01,gym
U005897,2026-01-01,none
U005898,2026-01-01,music
U005899,2026-01-01,none
U005900,2026-01-01,none
U005901,2026-01-01,software
U005902,2026-01-01,gym
U005903,2026-01-01,gym
U005904,2026-01-01,insurance
U005905,2026-01-01,software
U005906,2026-01-01,software
U005907,2026-01-01,software
U005908,2026-01-01,insurance
U005909,2026-01-01,none
U005911,2026-01-01,cloud
U005912,2026-01-01,gym
U005913,2026-01-01,software
U005916,2026-01-01,none
U005918,2026-01-01,software
U005919,2026-01-01,music
U005920,2026-01-01,mobile
U005921,2026-01-01,none
U005922,2026-01-01,none
U005923,2026-01-01,mobile
U005924,2026-01-01,mobile
U005925,2026-01-01,none
U005927,2026-01-01,streaming
U005928,2026-01-01,none
U005929,2026-01-01,gym
U005930,2026-01-01,streaming
U005932,2026-01-01,cloud
U005933,2026-01-01,insurance
U005937,2026-01-01,cloud
U005938,2026-01-01,software
U005939,2026-01-01,none
U005940,2026-01-01,gym
U005941,2026-01-01,software
U005942,2026-01-01,cloud
U005944,2026-01-01,gym
U005945,2026-01-01,gym
U005946,2026-01-01,gym
U005952,2026-01-01,none
U005953,2026-01-01,streaming
U005954,2026-01-01,music
U005955,2026-01-01,insurance
U005959,2026-01-01,software
U005960,2026-01-01,cloud
U005961,2026-01-01,software
U005962,2026-01-01,streaming
U005963,2026-01-01,gym
U005964,2026-01-01,gym
U005966,2026-01-01,none
U005968,2026-01-01,streaming
U005970,2026-01-01,none
U005971,2026-01-01,none
U005972,2026-01-01,none
U005974,2026-01-01,none
U005975,2026-01-01,none
U005976,2026-01-01,none
U005977,2026-01-01,insurance
U005978,2026-01-01,none
U005979,2026-01-01,gym
U005981,2026-01-01,none
U005983,2026-01-01,gym
U005985,2026-01-01,mobile
U005986,2026-01-01,software
U005987,2026-01-01,none
U005988,2026-01-01,none
U005990,2026-01-01,insurance
U005993,2026-01-01,none
U005994,2026-01-01,streaming
U005995,2026-01-01,insurance
U005996,2026-01-01,gym
U005997,2026-01-01,cloud
U005998,2026-01-01,insurance
U005999,2026-01-01,streaming
U006001,2026-01-01,none
U006002,2026-01-01,insurance
U006003,2026-01-01,cloud
U006004,2026-01-01,gym
U006005,2026-01-01,music
U006008,2026-01-01,none
U006009,2026-01-01,streaming
U006010,2026-01-01,gym
U006012,2026-01-01,none
U006014,2026-01-01,mobile
U006015,2026-01-01,streaming
U006017,2026-01-01,gym
U006018,2026-01-01,cloud
U006020,2026-01-01,gym
U006022,2026-01-01,cloud
U006023,2026-01-01,streaming
U006024,2026-01-01,none
U006027,2026-01-01,cloud
U006028,2026-01-01,music
U006029,2026-01-01,streaming
U006031,2026-01-01,cloud
U006032,2026-01-01,gym
U006033,2026-01-01,none
U006034,2026-01-01,insurance
U006035,2026-01-01,gym
U006037,2026-01-01,software
U006038,2026-01-01,streaming
U006039,2026-01-01,mobile
U006040,2026-01-01,cloud
U006041,2026-01-01,none
U006042,2026-01-01,music
U006043,2026-01-01,insurance
U006045,2026-01-01,streaming
U006047,2026-01-01,none
U006048,2026-01-01,cloud
U006050,2026-01-01,insurance
U006051,2026-01-01,none
U006053,2026-01-01,none
U006054,2026-01-01,mobile
U006055,2026-01-01,gym
U006056,2026-01-01,insurance
U006057,2026-01-01,streaming
U006058,2026-01-01,gym
U006059,2026-01-01,insurance
U006060,2026-01-01,none
U006061,2026-01-01,none
U006062,2026-01-01,music
U006063,2026-01-01,gym
U006064,2026-01-01,insurance
U006066,2026-01-01,gym
U006068,2026-01-01,insurance
U006070,2026-01-01,none
U006071,2026-01-01,none
U006073,2026-01-01,none
U006076,2026-01-01,streaming
U006078,2026-01-01,none
U006079,2026-01-01,software
U006080,2026-01-01,none
U006082,2026-01-01,streaming
U006083,2026-01-01,insurance
U006084,2026-01-01,insurance
U006086,2026-01-01,mobile
U006087,2026-01-01,music
U006090,2026-01-01,none
U006092,2026-01-01,cloud
U006093,2026-01-01,none
U006094,2026-01-01,cloud
U006095,2026-01-01,none
U006096,2026-01-01,software
U006097,2026-01-01,none
U006098,2026-01-01,cloud
U006100,2026-01-01,cloud
U006102,2026-01-01,streaming
U006104,2026-01-01,music
U006105,2026-01-01,none
U006112,2026-01-01,cloud
U006114,2026-01-01,streaming
U006115,2026-01-01,mobile
U006118,2026-01-01,gym
U006119,2026-01-01,software
U006120,2026-01-01,streaming
U006121,2026-01-01,streaming
U006122,2026-01-01,mobile
U006124,2026-01-01,none
U006126,2026-01-01,none
U006128,2026-01-01,none
U006130,2026-01-01,cloud
U006131,2026-01-01,insurance
U006132,2026-01-01,insurance
U006134,2026-01-01,none
U006135,2026-01-01,software
U006138,2026-01-01,gym
U006139,2026-01-01,insurance
U006140,2026-01-01,software
U006142,2026-01-01,software
U006145,2026-01-01,insurance
U006146,2026-01-01,streaming
U006147,2026-01-01,none
U006148,2026-01-01,none
U006149,2026-01-01,software
U006150,2026-01-01,gym
U006151,2026-01-01,software
U006152,2026-01-01,none
U006153,2026-01-01,software
U006154,2026-01-01,none
U006156,2026-01-01,insurance
U006157,2026-01-01,gym
U006158,2026-01-01,none
U006160,2026-01-01,streaming
U006161,2026-01-01,software
U006162,2026-01-01,software
U006166,2026-01-01,gym
U006167,2026-01-01,cloud
U006168,2026-01-01,gym
U006170,2026-01-01,none
U006171,2026-01-01,mobile
U006175,2026-01-01,software
U006176,2026-01-01,mobile
U006177,2026-01-01,software
U006178,2026-01-01,mobile
U006180,2026-01-01,music
U006181,2026-01-01,cloud
U006182,2026-01-01,none
U006183,2026-01-01,none
U006185,2026-01-01,none
U006186,2026-01-01,mobile
U006187,2026-01-01,cloud
U006188,2026-01-01,none
U006189,2026-01-01,none
U006190,2026-01-01,music
U006191,2026-01-01,mobile
U006192,2026-01-01,streaming
U006195,2026-01-01,music
U006197,2026-01-01,music
U006198,2026-01-01,none
U006199,2026-01-01,streaming
U006200,2026-01-01,music
U006201,2026-01-01,cloud
U006202,2026-01-01,cloud
U006203,2026-01-01,streaming
U006204,2026-01-01,none
U006205,2026-01-01,mobile
U006208,2026-01-01,insurance
U006211,2026-01-01,streaming
U006212,2026-01-01,music
U006214,2026-01-01,none
U006216,2026-01-01,software
U006217,2026-01-01,mobile
U006218,2026-01-01,insurance
U006219,2026-01-01,none
U006220,2026-01-01,music
U006221,2026-01-01,music
U006223,2026-01-01,cloud
U006224,2026-01-01,none
U006225,2026-01-01,cloud
U006226,2026-01-01,streaming
U006228,2026-01-01,insurance
U006231,2026-01-01,insurance
U006232,2026-01-01,software
U006233,2026-01-01,cloud
U006234,2026-01-01,insurance
U006235,2026-01-01,none
U006236,2026-01-01,none
U006237,2026-01-01,none
U006239,2026-01-01,streaming
U006241,2026-01-01,software
U006242,2026-01-01,none
U006244,2026-01-01,none
U006246,2026-01-01,none
U006248,2026-01-01,gym
U006249,2026-01-01,software
U006250,2026-01-01,cloud
U006251,2026-01-01,insurance
U006253,2026-01-01,streaming
U006255,2026-01-01,none
U006256,2026-01-01,none
U006257,2026-01-01,music
U006258,2026-01-01,none
U006260,2026-01-01,none
U006261,2026-01-01,streaming
U006262,2026-01-01,cloud
U006263,2026-01-01,software
U006264,2026-01-01,software
U006265,2026-01-01,streaming
U006266,2026-01-01,gym
U006267,2026-01-01,streaming
U006268,2026-01-01,none
U006270,2026-01-01,cloud
U006271,2026-01-01,music
U006273,2026-01-01,insurance
U006274,2026-01-01,mobile
U006275,2026-01-01,gym
U006276,2026-01-01,none
U006278,2026-01-01,insurance
U006279,2026-01-01,none
U006280,2026-01-01,none
U006281,2026-01-01,streaming
U006282,2026-01-01,gym
U006283,2026-01-01,music
U006284,2026-01-01,none
U006285,2026-01-01,music
U006286,2026-01-01,none
U006287,2026-01-01,none
U006288,2026-01-01,cloud
U006289,2026-01-01,mobile
U006290,2026-01-01,music
U006291,2026-01-01,mobile
U006293,2026-01-01,streaming
U006296,2026-01-01,streaming
U006298,2026-01-01,mobile
U006299,2026-01-01,none
U006300,2026-01-01,mobile
U006301,2026-01-01,streaming
U006303,2026-01-01,none
U006304,2026-01-01,software
U006306,2026-01-01,gym
U006307,2026-01-01,mobile
U006308,2026-01-01,insurance
U006310,2026-01-01,insurance
U006311,2026-01-01,music
U006313,2026-01-01,cloud
U006316,2026-01-01,none
U006317,2026-01-01,none
U006318,2026-01-01,none
U006319,2026-01-01,music
U006320,2026-01-01,music
U006322,2026-01-01,cloud
U006326,2026-01-01,software
U006327,2026-01-01,gym
U006329,2026-01-01,gym
U006330,2026-01-01,streaming
U006331,2026-01-01,none
U006332,2026-01-01,mobile
U006333,2026-01-01,mobile
U006334,2026-01-01,cloud
U006335,2026-01-01,none
U006337,2026-01-01,mobile
U006339,2026-01-01,none
U006342,2026-01-01,none
U006344,2026-01-01,mobile
U006345,2026-01-01,streaming
U006347,2026-01-01,none
U006349,2026-01-01,gym
U006351,2026-01-01,gym
U006352,2026-01-01,none
U006353,2026-01-01,music
U006354,2026-01-01,none
U006355,2026-01-01,gym
U006356,2026-01-01,none
U006357,2026-01-01,none
U006360,2026-01-01,streaming
U006361,2026-01-01,mobile
U006362,2026-01-01,mobile
U006364,2026-01-01,software
U006365,2026-01-01,none
U006366,2026-01-01,gym
U006368,2026-01-01,streaming
U006369,2026-01-01,gym
U006371,2026-01-01,none
U006372,2026-01-01,insurance
U006373,2026-01-01,mobile
U006374,2026-01-01,gym
U006375,2026-01-01,mobile
U006376,2026-01-01,none
U006377,2026-01-01,cloud
U006378,2026-01-01,none
U006379,2026-01-01,cloud
U006380,2026-01-01,software
U006381,2026-01-01,mobile
U006382,2026-01-01,software
U006383,2026-01-01,none
U006386,2026-01-01,gym
U006388,2026-01-01,music
U006389,2026-01-01,gym
U006391,2026-01-01,none
U006392,2026-01-01,none
U006393,2026-01-01,none
U006395,2026-01-01,streaming
U006396,2026-01-01,mobile
U006397,2026-01-01,software
U006398,2026-01-01,music
U006399,2026-01-01,gym
U006400,2026-01-01,none
U006402,2026-01-01,none
U006405,2026-01-01,gym
U006406,2026-01-01,none
U006407,2026-01-01,cloud
U006408,2026-01-01,cloud
U006410,2026-01-01,streaming
U006411,2026-01-01,none
U006412,2026-01-01,gym
U006413,2026-01-01,gym
U006414,2026-01-01,mobile
U006415,2026-01-01,insurance
U006416,2026-01-01,software
U006417,2026-01-01,cloud
U006418,2026-01-01,none
U006419,2026-01-01,none
U006421,2026-01-01,gym
U006422,2026-01-01,none
U006423,2026-01-01,streaming
U006424,2026-01-01,gym
U006426,2026-01-01,music
U006427,2026-01-01,software
U006429,2026-01-01,mobile
U006430,2026-01-01,none
U006431,2026-01-01,cloud
U006433,2026-01-01,mobile
U006434,2026-01-01,mobile
U006435,2026-01-01,none
U006436,2026-01-01,none
U006438,2026-01-01,none
U006439,2026-01-01,none
U006440,2026-01-01,none
U006442,2026-01-01,none
U006443,2026-01-01,mobile
U006444,2026-01-01,cloud
U006446,2026-01-01,music
U006447,2026-01-01,none
U006449,2026-01-01,mobile
U006451,2026-01-01,gym
U006452,2026-01-01,music
U006453,2026-01-01,mobile
U006454,2026-01-01,streaming
U006455,2026-01-01,none
U006456,2026-01-01,insurance
U006457,2026-01-01,software
U006458,2026-01-01,insurance
U006459,2026-01-01,streaming
U006460,2026-01-01,mobile
U006461,2026-01-01,streaming
U006462,2026-01-01,mobile
U006463,2026-01-01,streaming
U006465,2026-01-01,music
U006466,2026-01-01,insurance
U006468,2026-01-01,none
U006469,2026-01-01,gym
U006470,2026-01-01,none
U006471,2026-01-01,cloud
U006475,2026-01-01,none
U006476,2026-01-01,none
U006479,2026-01-01,none
U006480,2026-01-01,mobile
U006482,2026-01-01,none
U006483,2026-01-01,insurance
U006484,2026-01-01,none
U006485,2026-01-01,none
U006486,2026-01-01,none
U006488,2026-01-01,mobile
U006490,2026-01-01,none
U006491,2026-01-01,none
U006493,2026-01-01,none
U006494,2026-01-01,music
U006495,2026-01-01,music
U006496,2026-01-01,mobile
U006497,2026-01-01,mobile
U006498,2026-01-01,cloud
U006502,2026-01-01,music
U006503,2026-01-01,none
U006505,2026-01-01,none
U006506,2026-01-01,none
U006508,2026-01-01,software
U006509,2026-01-01,gym
U006510,2026-01-01,none
U006511,2026-01-01,streaming
U006513,2026-01-01,cloud
U006514,2026-01-01,none
U006515,2026-01-01,none
U006516,2026-01-01,software
U006517,2026-01-01,streaming
U006518,2026-01-01,cloud
U006521,2026-01-01,streaming
U006522,2026-01-01,none
U006524,2026-01-01,none
U006527,2026-01-01,insurance
U006528,2026-01-01,none
U006529,2026-01-01,software
U006531,2026-01-01,mobile
U006532,2026-01-01,streaming
U006533,2026-01-01,mobile
U006535,2026-01-01,mobile
U006536,2026-01-01,none
U006537,2026-01-01,software
U006538,2026-01-01,none
U006540,2026-01-01,none
U006541,2026-01-01,insurance
U006542,2026-01-01,streaming
U006545,2026-01-01,insurance
U006546,2026-01-01,gym
U006547,2026-01-01,streaming
U006548,2026-01-01,none
U006549,2026-01-01,none
U006550,2026-01-01,cloud
U006551,2026-01-01,mobile
U006552,2026-01-01,music
U006553,2026-01-01,none
U006554,2026-01-01,streaming
U006556,2026-01-01,software
U006557,2026-01-01,gym
U006558,2026-01-01,none
U006559,2026-01-01,software
U006560,2026-01-01,music
U006561,2026-01-01,insurance
U006562,2026-01-01,music
U006563,2026-01-01,software
U006565,2026-01-01,cloud
U006566,2026-01-01,gym
U006568,2026-01-01,music
U006569,2026-01-01,cloud
U006570,2026-01-01,software
U006572,2026-01-01,mobile
U006573,2026-01-01,none
U006574,2026-01-01,software
U006575,2026-01-01,none
U006576,2026-01-01,none
U006577,2026-01-01,streaming
U006578,2026-01-01,gym
U006579,2026-01-01,none
U006581,2026-01-01,gym
U006583,2026-01-01,streaming
U006584,2026-01-01,mobile
U006585,2026-01-01,insurance
U006586,2026-01-01,cloud
U006588,2026-01-01,insurance
U006589,2026-01-01,cloud
U006590,2026-01-01,none
U006591,2026-01-01,streaming
U006592,2026-01-01,mobile
U006593,2026-01-01,none
U006594,2026-01-01,none
U006596,2026-01-01,gym
U006599,2026-01-01,none
U006600,2026-01-01,software
U006601,2026-01-01,streaming
U006603,2026-01-01,none
U006607,2026-01-01,music
U006610,2026-01-01,streaming
U006611,2026-01-01,software
U006612,2026-01-01,mobile
U006613,2026-01-01,music
U006614,2026-01-01,none
U006615,2026-01-01,music
U006617,2026-01-01,streaming
U006618,2026-01-01,gym
U006619,2026-01-01,gym
U006620,2026-01-01,gym
U006621,2026-01-01,streaming
U006622,2026-01-01,cloud
U006623,2026-01-01,cloud
U006624,2026-01-01,none
U006625,2026-01-01,streaming
U006626,2026-01-01,mobile
U006629,2026-01-01,software
U006630,2026-01-01,gym
U006631,2026-01-01,cloud
U006632,2026-01-01,streaming
U006633,2026-01-01,mobile
U006634,2026-01-01,gym
U006635,2026-01-01,gym
U006637,2026-01-01,gym
U006638,2026-01-01,mobile
U006639,2026-01-01,none
U006640,2026-01-01,insurance
U006641,2026-01-01,streaming
U006642,2026-01-01,music
U006643,2026-01-01,none
U006645,2026-01-01,software
U006646,2026-01-01,none
U006648,2026-01-01,none
U006649,2026-01-01,mobile
U006650,2026-01-01,streaming
U006652,2026-01-01,software
U006654,2026-01-01,mobile
U006655,2026-01-01,streaming
U006656,2026-01-01,none
U006657,2026-01-01,none
U006659,2026-01-01,music
U006661,2026-01-01,music
U006662,2026-01-01,none
U006663,2026-01-01,insurance
U006664,2026-01-01,gym
U006666,2026-01-01,none
U006667,2026-01-01,none
U006671,2026-01-01,none
U006672,2026-01-01,none
U006674,2026-01-01,insurance
U006676,2026-01-01,software
U006677,2026-01-01,mobile
U006679,2026-01-01,gym
U006681,2026-01-01,none
U006682,2026-01-01,none
U006683,2026-01-01,gym
U006684,2026-01-01,gym
U006685,2026-01-01,none
U006687,2026-01-01,gym
U006690,2026-01-01,insurance
U006691,2026-01-01,mobile
U006692,2026-01-01,music
U006694,2026-01-01,insurance
U006695,2026-01-01,cloud
U006699,2026-01-01,none
U006701,2026-01-01,streaming
U006702,2026-01-01,none
U006703,2026-01-01,insurance
U006704,2026-01-01,gym
U006705,2026-01-01,music
U006708,2026-01-01,cloud
U006712,2026-01-01,insurance
U006715,2026-01-01,cloud
U006716,2026-01-01,software
U006718,2026-01-01,software
U006719,2026-01-01,none
U006720,2026-01-01,streaming
U006722,2026-01-01,streaming
U006724,2026-01-01,music
U006726,2026-01-01,gym
U006728,2026-01-01,none
U006729,2026-01-01,mobile
U006730,2026-01-01,music
U006731,2026-01-01,cloud
U006732,2026-01-01,cloud
U006733,2026-01-01,none
U006735,2026-01-01,none
U006736,2026-01-01,gym
U006737,2026-01-01,streaming
U006738,2026-01-01,cloud
U006739,2026-01-01,software
U006740,2026-01-01,gym
U006741,2026-01-01,insurance
U006745,2026-01-01,gym
U006746,2026-01-01,none
U006748,2026-01-01,none
U006749,2026-01-01,insurance
U006752,2026-01-01,cloud
U006753,2026-01-01,insurance
U006755,2026-01-01,none
U006756,2026-01-01,gym
U006757,2026-01-01,none
U006758,2026-01-01,none
U006759,2026-01-01,gym
U006760,2026-01-01,cloud
U006761,2026-01-01,music
U006763,2026-01-01,music
U006769,2026-01-01,none
U006771,2026-01-01,streaming
U006773,2026-01-01,insurance
U006774,2026-01-01,insurance
U006775,2026-01-01,none
U006777,2026-01-01,cloud
U006778,2026-01-01,software
U006779,2026-01-01,music
U006780,2026-01-01,none
U006781,2026-01-01,none
U006782,2026-01-01,streaming
U006783,2026-01-01,insurance
U006784,2026-01-01,software
U006785,2026-01-01,music
U006786,2026-01-01,mobile
U006790,2026-01-01,cloud
U006792,2026-01-01,none
U006793,2026-01-01,none
U006794,2026-01-01,mobile
U006795,2026-01-01,none
U006796,2026-01-01,none
U006797,2026-01-01,streaming
U006798,2026-01-01,none
U006799,2026-01-01,insurance
U006800,2026-01-01,none
U006801,2026-01-01,insurance
U006802,2026-01-01,none
U006805,2026-01-01,gym
U006807,2026-01-01,cloud
U006808,2026-01-01,software
U006809,2026-01-01,none
U006810,2026-01-01,mobile
U006811,2026-01-01,music
U006812,2026-01-01,software
U006814,2026-01-01,none
U006815,2026-01-01,insurance
U006816,2026-01-01,none
U006818,2026-01-01,streaming
U006819,2026-01-01,none
U006820,2026-01-01,software
U006821,2026-01-01,cloud
U006823,2026-01-01,none
U006824,2026-01-01,insurance
U006825,2026-01-01,cloud
U006826,2026-01-01,streaming
U006827,2026-01-01,streaming
U006828,2026-01-01,insurance
U006830,2026-01-01,software
U006831,2026-01-01,cloud
U006832,2026-01-01,music
U006834,2026-01-01,none
U006835,2026-01-01,streaming
U006836,2026-01-01,cloud
U006837,2026-01-01,insurance
U006838,2026-01-01,streaming
U006839,2026-01-01,none
U006840,2026-01-01,mobile
U006841,2026-01-01,insurance
U006844,2026-01-01,insurance
U006845,2026-01-01,streaming
U006846,2026-01-01,software
U006848,2026-01-01,none
U006849,2026-01-01,software
U006852,2026-01-01,none
U006854,2026-01-01,insurance
U006856,2026-01-01,none
U006858,2026-01-01,mobile
U006861,2026-01-01,streaming
U006862,2026-01-01,insurance
U006863,2026-01-01,none
U006866,2026-01-01,software
U006867,2026-01-01,gym
U006868,2026-01-01,gym
U006869,2026-01-01,none
U006871,2026-01-01,streaming
U006872,2026-01-01,none
U006873,2026-01-01,mobile
U006874,2026-01-01,software
U006875,2026-01-01,none
U006876,2026-01-01,none
U006877,2026-01-01,software
U006878,2026-01-01,none
U006879,2026-01-01,software
U006880,2026-01-01,none
U006881,2026-01-01,gym
U006882,2026-01-01,gym
U006884,2026-01-01,gym
U006885,2026-01-01,music
U006886,2026-01-01,software
U006888,2026-01-01,mobile
U006889,2026-01-01,none
U006890,2026-01-01,mobile
U006892,2026-01-01,mobile
U006893,2026-01-01,none
U006894,2026-01-01,gym
U006895,2026-01-01,music
U006896,2026-01-01,gym
U006897,2026-01-01,streaming
U006899,2026-01-01,insurance
U006900,2026-01-01,insurance
U006902,2026-01-01,cloud
U006903,2026-01-01,none
U006904,2026-01-01,streaming
U006906,2026-01-01,gym
U006907,2026-01-01,mobile
U006908,2026-01-01,streaming
U006909,2026-01-01,music
U006910,2026-01-01,streaming
U006911,2026-01-01,streaming
U006912,2026-01-01,cloud
U006913,2026-01-01,streaming
U006914,2026-01-01,insurance
U006916,2026-01-01,cloud
U006917,2026-01-01,none
U006920,2026-01-01,mobile
U006921,2026-01-01,music
U006922,2026-01-01,streaming
U006923,2026-01-01,mobile
U006925,2026-01-01,mobile
U006926,2026-01-01,insurance
U006928,2026-01-01,insurance
U006929,2026-01-01,streaming
U006930,2026-01-01,none
U006931,2026-01-01,software
U006932,2026-01-01,none
U006933,2026-01-01,gym
U006934,2026-01-01,none
U006935,2026-01-01,none
U006936,2026-01-01,music
U006937,2026-01-01,gym
U006938,2026-01-01,none
U006939,2026-01-01,streaming
U006940,2026-01-01,none
U006941,2026-01-01,gym
U006943,2026-01-01,music
U006944,2026-01-01,mobile
U006945,2026-01-01,cloud
U006947,2026-01-01,software
U006949,2026-01-01,none
U006950,2026-01-01,mobile
U006951,2026-01-01,software
U006952,2026-01-01,none
U006954,2026-01-01,cloud
U006955,2026-01-01,insurance
U006956,2026-01-01,none
U006957,2026-01-01,software
U006959,2026-01-01,cloud
U006960,2026-01-01,none
U006961,2026-01-01,streaming
U006962,2026-01-01,none
U006966,2026-01-01,none
U006967,2026-01-01,none
U006968,2026-01-01,none
U006969,2026-01-01,none
U006970,2026-01-01,none
U006972,2026-01-01,music
U006974,2026-01-01,gym
U006975,2026-01-01,cloud
U006976,2026-01-01,none
U006977,2026-01-01,mobile
U006979,2026-01-01,insurance
U006981,2026-01-01,insurance
U006982,2026-01-01,none
U006983,2026-01-01,streaming
U006984,2026-01-01,insurance
U006986,2026-01-01,none
U006987,2026-01-01,gym
U006988,2026-01-01,none
U006989,2026-01-01,none
U006990,2026-01-01,mobile
U006991,2026-01-01,insurance
U006992,2026-01-01,none
U006993,2026-01-01,gym
U006994,2026-01-01,software
U006995,2026-01-01,music
U006996,2026-01-01,insurance
U006998,2026-01-01,insurance
U006999,2026-01-01,gym
U007001,2026-01-01,mobile
U007003,2026-01-01,none
U007004,2026-01-01,music
U007005,2026-01-01,software
U007006,2026-01-01,software
U007007,2026-01-01,music
U007008,2026-01-01,none
U007012,2026-01-01,software
U007013,2026-01-01,mobile
U007016,2026-01-01,gym
U007017,2026-01-01,software
U007018,2026-01-01,none
U007020,2026-01-01,cloud
U007021,2026-01-01,none
U007022,2026-01-01,mobile
U007023,2026-01-01,none
U007024,2026-01-01,insurance
U007025,2026-01-01,insurance
U007026,2026-01-01,none
U007027,2026-01-01,none
U007028,2026-01-01,streaming
U007031,2026-01-01,software
U007032,2026-01-01,none
U007033,2026-01-01,insurance
U007034,2026-01-01,streaming
U007035,2026-01-01,cloud
U007037,2026-01-01,cloud
U007038,2026-01-01,streaming
U007039,2026-01-01,streaming
U007040,2026-01-01,streaming
U007042,2026-01-01,software
U007043,2026-01-01,streaming
U007045,2026-01-01,none
U007046,2026-01-01,none
U007047,2026-01-01,mobile
U007048,2026-01-01,software
U007049,2026-01-01,mobile
U007050,2026-01-01,insurance
U007051,2026-01-01,music
U007053,2026-01-01,none
U007054,2026-01-01,streaming
U007055,2026-01-01,insurance
U007059,2026-01-01,none
U007060,2026-01-01,cloud
U007063,2026-01-01,mobile
U007065,2026-01-01,none
U007066,2026-01-01,none
U007067,2026-01-01,mobile
U007068,2026-01-01,gym
U007070,2026-01-01,gym
U007072,2026-01-01,mobile
U007073,2026-01-01,insurance
U007074,2026-01-01,none
U007075,2026-01-01,gym
U007076,2026-01-01,software
U007077,2026-01-01,software
U007078,2026-01-01,software
U007079,2026-01-01,none
U007080,2026-01-01,mobile
U007081,2026-01-01,none
U007082,2026-01-01,cloud
U007083,2026-01-01,streaming
U007084,2026-01-01,streaming
U007086,2026-01-01,cloud
U007087,2026-01-01,software
U007088,2026-01-01,cloud
U007089,2026-01-01,none
U007090,2026-01-01,gym
U007092,2026-01-01,none
U007093,2026-01-01,gym
U007094,2026-01-01,mobile
U007095,2026-01-01,none
U007096,2026-01-01,gym
U007097,2026-01-01,streaming
U007098,2026-01-01,streaming
U007099,2026-01-01,software
U007101,2026-01-01,software
U007102,2026-01-01,insurance
U007103,2026-01-01,none
U007105,2026-01-01,insurance
U007106,2026-01-01,streaming
U007108,2026-01-01,none
U007109,2026-01-01,music
U007110,2026-01-01,streaming
U007111,2026-01-01,software
U007113,2026-01-01,software
U007114,2026-01-01,gym
U007115,2026-01-01,none
U007116,2026-01-01,none
U007117,2026-01-01,software
U007120,2026-01-01,software
U007122,2026-01-01,mobile
U007124,2026-01-01,cloud
U007127,2026-01-01,none
U007129,2026-01-01,software
U007131,2026-01-01,mobile
U007132,2026-01-01,gym
U007133,2026-01-01,software
U007134,2026-01-01,cloud
U007136,2026-01-01,none
U007137,2026-01-01,none
U007138,2026-01-01,streaming
U007140,2026-01-01,mobile
U007141,2026-01-01,none
U007142,2026-01-01,none
U007143,2026-01-01,none
U007144,2026-01-01,software
U007145,2026-01-01,streaming
U007148,2026-01-01,none
U007149,2026-01-01,gym
U007150,2026-01-01,software
U007151,2026-01-01,cloud
U007152,2026-01-01,software
U007154,2026-01-01,none
U007155,2026-01-01,none
U007158,2026-01-01,software
U007160,2026-01-01,mobile
U007162,2026-01-01,none
U007164,2026-01-01,none
U007165,2026-01-01,streaming
U007166,2026-01-01,insurance
U007169,2026-01-01,cloud
U007170,2026-01-01,software
U007171,2026-01-01,mobile
U007172,2026-01-01,none
U007173,2026-01-01,cloud
U007174,2026-01-01,software
U007179,2026-01-01,mobile
U007180,2026-01-01,gym
U007181,2026-01-01,none
U007186,2026-01-01,streaming
U007187,2026-01-01,music
U007188,2026-01-01,software
U007189,2026-01-01,cloud
U007190,2026-01-01,music
U007192,2026-01-01,cloud
U007193,2026-01-01,software
U007194,2026-01-01,insurance
U007196,2026-01-01,insurance
U007198,2026-01-01,insurance
U007200,2026-01-01,mobile
U007201,2026-01-01,none
U007203,2026-01-01,none
U007205,2026-01-01,music
U007206,2026-01-01,none
U007207,2026-01-01,insurance
U007208,2026-01-01,music
U007210,2026-01-01,streaming
U007211,2026-01-01,mobile
U007214,2026-01-01,streaming
U007215,2026-01-01,music
U007216,2026-01-01,cloud
U007217,2026-01-01,mobile
U007218,2026-01-01,none
U007219,2026-01-01,music
U007220,2026-01-01,software
U007221,2026-01-01,gym
U007222,2026-01-01,none
U007223,2026-01-01,streaming
U007225,2026-01-01,mobile
U007226,2026-01-01,none
U007227,2026-01-01,none
U007228,2026-01-01,gym
U007229,2026-01-01,software
U007233,2026-01-01,none
U007234,2026-01-01,none
U007235,2026-01-01,gym
U007236,2026-01-01,cloud
U007238,2026-01-01,music
U007239,2026-01-01,software
U007240,2026-01-01,insurance
U007242,2026-01-01,cloud
U007244,2026-01-01,none
U007245,2026-01-01,none
U007246,2026-01-01,insurance
U007247,2026-01-01,music
U007248,2026-01-01,music
U007250,2026-01-01,none
U007251,2026-01-01,software
U007253,2026-01-01,cloud
U007254,2026-01-01,none
U007255,2026-01-01,gym
U007256,2026-01-01,none
U007257,2026-01-01,none
U007258,2026-01-01,gym
U007259,2026-01-01,streaming
U007260,2026-01-01,none
U007261,2026-01-01,none
U007263,2026-01-01,music
U007264,2026-01-01,mobile
U007265,2026-01-01,insurance
U007266,2026-01-01,music
U007268,2026-01-01,insurance
U007269,2026-01-01,insurance
U007270,2026-01-01,mobile
U007271,2026-01-01,none
U007272,2026-01-01,gym
U007273,2026-01-01,none
U007274,2026-01-01,none
U007275,2026-01-01,none
U007276,2026-01-01,none
U007278,2026-01-01,mobile
U007279,2026-01-01,mobile
U007280,2026-01-01,mobile
U007281,2026-01-01,mobile
U007283,2026-01-01,music
U007284,2026-01-01,music
U007285,2026-01-01,cloud
U007288,2026-01-01,gym
U007289,2026-01-01,none
U007291,2026-01-01,mobile
U007293,2026-01-01,insurance
U007294,2026-01-01,music
U007295,2026-01-01,gym
U007296,2026-01-01,cloud
U007297,2026-01-01,none
U007298,2026-01-01,gym
U007299,2026-01-01,none
U007300,2026-01-01,cloud
U007301,2026-01-01,none
U007303,2026-01-01,none
U007304,2026-01-01,streaming
U007305,2026-01-01,insurance
U007306,2026-01-01,none
U007307,2026-01-01,gym
U007312,2026-01-01,software
U007313,2026-01-01,none
U007314,2026-01-01,insurance
U007315,2026-01-01,none
U007316,2026-01-01,music
U007317,2026-01-01,gym
U007319,2026-01-01,none
U007320,2026-01-01,insurance
U007321,2026-01-01,none
U007322,2026-01-01,none
U007324,2026-01-01,none
U007325,2026-01-01,cloud
U007327,2026-01-01,cloud
U007329,2026-01-01,music
U007331,2026-01-01,gym
U007333,2026-01-01,none
U007335,2026-01-01,music
U007336,2026-01-01,insurance
U007337,2026-01-01,streaming
U007339,2026-01-01,insurance
U007341,2026-01-01,mobile
U007342,2026-01-01,streaming
U007343,2026-01-01,mobile
U007344,2026-01-01,streaming
U007345,2026-01-01,none
U007346,2026-01-01,insurance
U007348,2026-01-01,streaming
U007349,2026-01-01,none
U007350,2026-01-01,none
U007351,2026-01-01,insurance
U007352,2026-01-01,none
U007354,2026-01-01,none
U007355,2026-01-01,gym
U007356,2026-01-01,software
U007359,2026-01-01,gym
U007360,2026-01-01,music
U007361,2026-01-01,none
U007362,2026-01-01,streaming
U007363,2026-01-01,software
U007365,2026-01-01,cloud
U007367,2026-01-01,none
U007368,2026-01-01,none
U007371,2026-01-01,none
U007372,2026-01-01,music
U007374,2026-01-01,insurance
U007375,2026-01-01,gym
U007376,2026-01-01,insurance
U007377,2026-01-01,software
U007378,2026-01-01,none
U007379,2026-01-01,software
U007380,2026-01-01,none
U007381,2026-01-01,mobile
U007383,2026-01-01,insurance
U007384,2026-01-01,cloud
U007385,2026-01-01,none
U007386,2026-01-01,none
U007389,2026-01-01,cloud
U007391,2026-01-01,gym
U007392,2026-01-01,none
U007397,2026-01-01,none
U007400,2026-01-01,none
U007402,2026-01-01,none
U007403,2026-01-01,mobile
U007404,2026-01-01,music
U007405,2026-01-01,software
U007406,2026-01-01,none
U007407,2026-01-01,insurance
U007408,2026-01-01,streaming
U007410,2026-01-01,none
U007411,2026-01-01,streaming
U007412,2026-01-01,none
U007413,2026-01-01,mobile
U007414,2026-01-01,software
U007415,2026-01-01,insurance
U007416,2026-01-01,mobile
U007417,2026-01-01,none
U007418,2026-01-01,streaming
U007419,2026-01-01,none
U007420,2026-01-01,none
U007422,2026-01-01,insurance
U007424,2026-01-01,gym
U007425,2026-01-01,mobile
U007426,2026-01-01,mobile
U007427,2026-01-01,music
U007429,2026-01-01,none
U007430,2026-01-01,insurance
U007431,2026-01-01,insurance
U007433,2026-01-01,none
U007435,2026-01-01,none
U007437,2026-01-01,software
U007438,2026-01-01,music
U007439,2026-01-01,insurance
U007441,2026-01-01,insurance
U007442,2026-01-01,software
U007443,2026-01-01,streaming
U007445,2026-01-01,insurance
U007446,2026-01-01,cloud
U007447,2026-01-01,none
U007448,2026-01-01,none
U007450,2026-01-01,none
U007452,2026-01-01,none
U007453,2026-01-01,none
U007454,2026-01-01,none
U007455,2026-01-01,none
U007457,2026-01-01,insurance
U007458,2026-01-01,music
U007459,2026-01-01,mobile
U007461,2026-01-01,cloud
U007462,2026-01-01,streaming
U007463,2026-01-01,insurance
U007464,2026-01-01,software
U007465,2026-01-01,none
U007467,2026-01-01,streaming
U007469,2026-01-01,software
U007471,2026-01-01,music
U007472,2026-01-01,streaming
U007473,2026-01-01,none
U007474,2026-01-01,none
U007475,2026-01-01,streaming
U007476,2026-01-01,gym
U007477,2026-01-01,none
U007478,2026-01-01,gym
U007479,2026-01-01,cloud
U007481,2026-01-01,mobile
U007482,2026-01-01,streaming
U007483,2026-01-01,none
U007484,2026-01-01,insurance
U007486,2026-01-01,software
U007487,2026-01-01,software
U007488,2026-01-01,none
U007490,2026-01-01,streaming
U007491,2026-01-01,insurance
U007493,2026-01-01,none
U007494,2026-01-01,insurance
U007496,2026-01-01,mobile
U007498,2026-01-01,none
U007499,2026-01-01,gym
U007500,2026-01-01,none
U007502,2026-01-01,none
U007503,2026-01-01,insurance
U007504,2026-01-01,none
U007506,2026-01-01,insurance
U007507,2026-01-01,music
U007508,2026-01-01,none
U007509,2026-01-01,gym
U007510,2026-01-01,streaming
U007511,2026-01-01,none
U007513,2026-01-01,insurance
U007515,2026-01-01,none
U007519,2026-01-01,none
U007520,2026-01-01,streaming
U007521,2026-01-01,cloud
U007523,2026-01-01,insurance
U007527,2026-01-01,music
U007528,2026-01-01,cloud
U007529,2026-01-01,none
U007531,2026-01-01,insurance
U007532,2026-01-01,mobile
U007533,2026-01-01,insurance
U007534,2026-01-01,none
U007535,2026-01-01,none
U007536,2026-01-01,music
U007537,2026-01-01,cloud
U007540,2026-01-01,software
U007542,2026-01-01,none
U007544,2026-01-01,music
U007545,2026-01-01,insurance
U007548,2026-01-01,streaming
U007549,2026-01-01,none
U007554,2026-01-01,cloud
U007555,2026-01-01,mobile
U007556,2026-01-01,none
U007557,2026-01-01,none
U007559,2026-01-01,cloud
U007561,2026-01-01,music
U007562,2026-01-01,streaming
U007564,2026-01-01,none
U007565,2026-01-01,none
U007567,2026-01-01,cloud
U007569,2026-01-01,gym
U007570,2026-01-01,software
U007571,2026-01-01,music
U007574,2026-01-01,streaming
U007575,2026-01-01,software
U007577,2026-01-01,software
U007578,2026-01-01,none
U007579,2026-01-01,software
U007580,2026-01-01,mobile
U007581,2026-01-01,none
U007585,2026-01-01,none
U007586,2026-01-01,music
U007587,2026-01-01,insurance
U007588,2026-01-01,none
U007589,2026-01-01,insurance
U007590,2026-01-01,music
U007591,2026-01-01,gym
U007592,2026-01-01,none
U007593,2026-01-01,none
U007594,2026-01-01,cloud
U007595,2026-01-01,gym
U007596,2026-01-01,none
U007601,2026-01-01,gym
U007602,2026-01-01,none
U007603,2026-01-01,gym
U007604,2026-01-01,gym
U007605,2026-01-01,none
U007606,2026-01-01,software
U007607,2026-01-01,streaming
U007609,2026-01-01,software
U007610,2026-01-01,none
U007611,2026-01-01,music
U007612,2026-01-01,cloud
U007613,2026-01-01,gym
U007614,2026-01-01,cloud
U007615,2026-01-01,software
U007616,2026-01-01,streaming
U007617,2026-01-01,none
U007618,2026-01-01,streaming
U007619,2026-01-01,cloud
U007620,2026-01-01,insurance
U007621,2026-01-01,cloud
U007622,2026-01-01,software
U007623,2026-01-01,streaming
U007624,2026-01-01,gym
U007625,2026-01-01,cloud
U007626,2026-01-01,mobile
U007627,2026-01-01,none
U007628,2026-01-01,insurance
U007629,2026-01-01,music
U007631,2026-01-01,none
U007633,2026-01-01,mobile
U007635,2026-01-01,none
U007637,2026-01-01,gym
U007640,2026-01-01,none
U007642,2026-01-01,none
U007643,2026-01-01,streaming
U007644,2026-01-01,none
U007645,2026-01-01,none
U007646,2026-01-01,gym
U007648,2026-01-01,gym
U007649,2026-01-01,software
U007651,2026-01-01,music
U007652,2026-01-01,gym
U007654,2026-01-01,insurance
U007656,2026-01-01,gym
U007657,2026-01-01,none
U007658,2026-01-01,none
U007659,2026-01-01,gym
U007661,2026-01-01,none
U007662,2026-01-01,gym
U007663,2026-01-01,music
U007665,2026-01-01,streaming
U007666,2026-01-01,music
U007667,2026-01-01,cloud
U007668,2026-01-01,none
U007669,2026-01-01,mobile
U007670,2026-01-01,cloud
U007671,2026-01-01,none
U007672,2026-01-01,none
U007673,2026-01-01,mobile
U007674,2026-01-01,none
U007677,2026-01-01,cloud
U007679,2026-01-01,streaming
U007681,2026-01-01,none
U007682,2026-01-01,mobile
U007684,2026-01-01,gym
U007685,2026-01-01,none
U007686,2026-01-01,none
U007689,2026-01-01,none
U007690,2026-01-01,streaming
U007691,2026-01-01,none
U007692,2026-01-01,gym
U007694,2026-01-01,software
U007695,2026-01-01,cloud
U007696,2026-01-01,insurance
U007697,2026-01-01,gym
U007698,2026-01-01,mobile
U007700,2026-01-01,none
U007701,2026-01-01,cloud
U007703,2026-01-01,software
U007704,2026-01-01,cloud
U007705,2026-01-01,none
U007706,2026-01-01,none
U007708,2026-01-01,none
U007709,2026-01-01,music
U007710,2026-01-01,none
U007713,2026-01-01,streaming
U007714,2026-01-01,music
U007716,2026-01-01,software
U007717,2026-01-01,none
U007718,2026-01-01,none
U007719,2026-01-01,gym
U007720,2026-01-01,music
U007721,2026-01-01,insurance
U007722,2026-01-01,none
U007723,2026-01-01,insurance
U007724,2026-01-01,gym
U007726,2026-01-01,none
U007727,2026-01-01,insurance
U007728,2026-01-01,none
U007729,2026-01-01,gym
U007730,2026-01-01,software
U007732,2026-01-01,music
U007738,2026-01-01,cloud
U007739,2026-01-01,streaming
U007742,2026-01-01,gym
U007746,2026-01-01,insurance
U007747,2026-01-01,mobile
U007749,2026-01-01,insurance
U007750,2026-01-01,software
U007753,2026-01-01,streaming
U007754,2026-01-01,mobile
U007755,2026-01-01,cloud
U007756,2026-01-01,mobile
U007757,2026-01-01,cloud
U007759,2026-01-01,none
U007760,2026-01-01,none
U007761,2026-01-01,cloud
U007762,2026-01-01,none
U007763,2026-01-01,insurance
U007764,2026-01-01,cloud
U007765,2026-01-01,cloud
U007766,2026-01-01,cloud
U007767,2026-01-01,gym
U007769,2026-01-01,none
U007771,2026-01-01,software
U007772,2026-01-01,none
U007773,2026-01-01,none
U007774,2026-01-01,none
U007775,2026-01-01,software
U007777,2026-01-01,none
U007781,2026-01-01,software
U007786,2026-01-01,none
U007790,2026-01-01,music
U007792,2026-01-01,none
U007793,2026-01-01,software
U007795,2026-01-01,gym
U007796,2026-01-01,mobile
U007797,2026-01-01,software
U007798,2026-01-01,none
U007799,2026-01-01,cloud
U007800,2026-01-01,none
U007802,2026-01-01,insurance
U007803,2026-01-01,none
U007804,2026-01-01,mobile
U007805,2026-01-01,music
U007806,2026-01-01,streaming
U007807,2026-01-01,none
U007809,2026-01-01,mobile
U007810,2026-01-01,software
U007811,2026-01-01,music
U007812,2026-01-01,insurance
U007815,2026-01-01,mobile
U007816,2026-01-01,none
U007818,2026-01-01,insurance
U007819,2026-01-01,gym
U007821,2026-01-01,music
U007822,2026-01-01,gym
U007823,2026-01-01,mobile
U007824,2026-01-01,streaming
U007826,2026-01-01,gym
U007827,2026-01-01,none
U007828,2026-01-01,insurance
U007831,2026-01-01,software
U007833,2026-01-01,none
U007834,2026-01-01,software
U007835,2026-01-01,insurance
U007836,2026-01-01,insurance
U007837,2026-01-01,none
U007838,2026-01-01,cloud
U007839,2026-01-01,none
U007844,2026-01-01,mobile
U007845,2026-01-01,none
U007846,2026-01-01,music
U007847,2026-01-01,none
U007848,2026-01-01,mobile
U007850,2026-01-01,none
U007851,2026-01-01,insurance
U007853,2026-01-01,none
U007854,2026-01-01,none
U007855,2026-01-01,insurance
U007856,2026-01-01,software
U007857,2026-01-01,none
U007858,2026-01-01,none
U007859,2026-01-01,music
U007860,2026-01-01,cloud
U007861,2026-01-01,cloud
U007862,2026-01-01,mobile
U007863,2026-01-01,cloud
U007864,2026-01-01,software
U007866,2026-01-01,none
U007868,2026-01-01,software
U007869,2026-01-01,none
U007870,2026-01-01,none
U007871,2026-01-01,none
U007873,2026-01-01,none
U007874,2026-01-01,insurance
U007875,2026-01-01,gym
U007876,2026-01-01,music
U007877,2026-01-01,insurance
U007878,2026-01-01,none
U007879,2026-01-01,gym
U007880,2026-01-01,cloud
U007881,2026-01-01,cloud
U007882,2026-01-01,streaming
U007883,2026-01-01,music
U007884,2026-01-01,software
U007888,2026-01-01,software
U007890,2026-01-01,none
U007892,2026-01-01,mobile
U007893,2026-01-01,none
U007894,2026-01-01,software
U007895,2026-01-01,mobile
U007896,2026-01-01,none
U007897,2026-01-01,gym
U007898,2026-01-01,none
U007899,2026-01-01,insurance
U007901,2026-01-01,mobile
U007903,2026-01-01,cloud
U007909,2026-01-01,music
U007911,2026-01-01,software
U007912,2026-01-01,none
U007913,2026-01-01,none
U007915,2026-01-01,mobile
U007916,2026-01-01,insurance
U007918,2026-01-01,none
U007921,2026-01-01,none
U007922,2026-01-01,software
U007923,2026-01-01,cloud
U007925,2026-01-01,none
U007926,2026-01-01,none
U007927,2026-01-01,insurance
U007928,2026-01-01,streaming
U007929,2026-01-01,streaming
U007932,2026-01-01,mobile
U007934,2026-01-01,insurance
U007935,2026-01-01,software
U007936,2026-01-01,insurance
U007940,2026-01-01,none
U007942,2026-01-01,none
U007943,2026-01-01,none
U007944,2026-01-01,cloud
U007945,2026-01-01,cloud
U007947,2026-01-01,software
U007949,2026-01-01,none
U007951,2026-01-01,none
U007952,2026-01-01,streaming
U007953,2026-01-01,software
U007954,2026-01-01,mobile
U007955,2026-01-01,none
U007956,2026-01-01,none
U007958,2026-01-01,cloud
U007960,2026-01-01,mobile
U007961,2026-01-01,insurance
U007962,2026-01-01,gym
U007963,2026-01-01,none
U007964,2026-01-01,insurance
U007967,2026-01-01,streaming
U007968,2026-01-01,music
U007969,2026-01-01,none
U007970,2026-01-01,music
U007972,2026-01-01,music
U007973,2026-01-01,none
U007974,2026-01-01,none
U007975,2026-01-01,software
U007976,2026-01-01,cloud
U007977,2026-01-01,none
U007980,2026-01-01,mobile
U007981,2026-01-01,insurance
U007982,2026-01-01,streaming
U007983,2026-01-01,software
U007984,2026-01-01,none
U007986,2026-01-01,music
U007987,2026-01-01,music
U007988,2026-01-01,cloud
U007989,2026-01-01,none
U007991,2026-01-01,gym
U007993,2026-01-01,none
U007994,2026-01-01,software
U007996,2026-01-01,none
U007997,2026-01-01,none
U007998,2026-01-01,none
U008001,2026-01-01,software
U008002,2026-01-01,mobile
U008003,2026-01-01,none
U008004,2026-01-01,none
U008005,2026-01-01,none
U008006,2026-01-01,none
U008007,2026-01-01,cloud
U008008,2026-01-01,software
U008010,2026-01-01,none
U008011,2026-01-01,insurance
U008013,2026-01-01,cloud
U008014,2026-01-01,none
U008015,2026-01-01,streaming
U008017,2026-01-01,insurance
U008019,2026-01-01,none
U008021,2026-01-01,none
U008022,2026-01-01,none
U008023,2026-01-01,streaming
U008025,2026-01-01,gym
U008026,2026-01-01,software
U008027,2026-01-01,streaming
U008028,2026-01-01,music
U008029,2026-01-01,gym
U008030,2026-01-01,gym
U008031,2026-01-01,streaming
U008033,2026-01-01,cloud
U008035,2026-01-01,none
U008036,2026-01-01,music
U008037,2026-01-01,cloud
U008038,2026-01-01,none
U008039,2026-01-01,mobile
U008040,2026-01-01,insurance
U008042,2026-01-01,streaming
U008043,2026-01-01,software
U008044,2026-01-01,software
U008048,2026-01-01,software
U008049,2026-01-01,insurance
U008050,2026-01-01,none
U008051,2026-01-01,music
U008052,2026-01-01,software
U008053,2026-01-01,software
U008054,2026-01-01,music
U008055,2026-01-01,mobile
U008056,2026-01-01,none
U008057,2026-01-01,mobile
U008058,2026-01-01,insurance
U008059,2026-01-01,software
U008060,2026-01-01,none
U008061,2026-01-01,insurance
U008067,2026-01-01,none
U008068,2026-01-01,cloud
U008069,2026-01-01,none
U008070,2026-01-01,software
U008072,2026-01-01,none
U008073,2026-01-01,cloud
U008074,2026-01-01,none
U008075,2026-01-01,cloud
U008076,2026-01-01,none
U008077,2026-01-01,none
U008078,2026-01-01,insurance
U008079,2026-01-01,none
U008080,2026-01-01,insurance
U008081,2026-01-01,cloud
U008082,2026-01-01,software
U008083,2026-01-01,music
U008084,2026-01-01,gym
U008086,2026-01-01,music
U008088,2026-01-01,none
U008089,2026-01-01,mobile
U008090,2026-01-01,mobile
U008091,2026-01-01,none
U008092,2026-01-01,none
U008095,2026-01-01,mobile
U008096,2026-01-01,software
U008097,2026-01-01,none
U008098,2026-01-01,none
U008099,2026-01-01,gym
U008100,2026-01-01,none
U008101,2026-01-01,software
U008102,2026-01-01,insurance
U008103,2026-01-01,software
U008104,2026-01-01,streaming
U008105,2026-01-01,none
U008106,2026-01-01,gym
U008108,2026-01-01,none
U008109,2026-01-01,mobile
U008110,2026-01-01,insurance
U008112,2026-01-01,gym
U008113,2026-01-01,music
U008114,2026-01-01,mobile
U008115,2026-01-01,cloud
U008116,2026-01-01,mobile
U008117,2026-01-01,insurance
U008119,2026-01-01,streaming
U008122,2026-01-01,none
U008123,2026-01-01,cloud
U008124,2026-01-01,music
U008125,2026-01-01,none
U008128,2026-01-01,insurance
U008130,2026-01-01,insurance
U008131,2026-01-01,software
U008132,2026-01-01,insurance
U008134,2026-01-01,none
U008136,2026-01-01,none
U008138,2026-01-01,cloud
U008140,2026-01-01,mobile
U008141,2026-01-01,mobile
U008142,2026-01-01,insurance
U008143,2026-01-01,none
U008144,2026-01-01,streaming
U008146,2026-01-01,music
U008148,2026-01-01,none
U008149,2026-01-01,cloud
U008150,2026-01-01,none
U008151,2026-01-01,insurance
U008152,2026-01-01,streaming
U008153,2026-01-01,none
U008155,2026-01-01,none
U008156,2026-01-01,music
U008157,2026-01-01,insurance
U008158,2026-01-01,software
U008159,2026-01-01,none
U008161,2026-01-01,none
U008162,2026-01-01,none
U008163,2026-01-01,software
U008165,2026-01-01,none
U008166,2026-01-01,cloud
U008167,2026-01-01,none
U008168,2026-01-01,none
U008169,2026-01-01,none
U008170,2026-01-01,none
U008173,2026-01-01,gym
U008175,2026-01-01,software
U008176,2026-01-01,music
U008177,2026-01-01,none
U008178,2026-01-01,none
U008179,2026-01-01,software
U008182,2026-01-01,music
U008185,2026-01-01,cloud
U008187,2026-01-01,gym
U008188,2026-01-01,streaming
U008189,2026-01-01,gym
U008190,2026-01-01,cloud
U008191,2026-01-01,gym
U008192,2026-01-01,insurance
U008195,2026-01-01,music
U008196,2026-01-01,streaming
U008197,2026-01-01,none
U008198,2026-01-01,gym
U008200,2026-01-01,cloud
U008201,2026-01-01,mobile
U008202,2026-01-01,software
U008204,2026-01-01,music
U008205,2026-01-01,insurance
U008206,2026-01-01,music
U008207,2026-01-01,mobile
U008208,2026-01-01,none
U008209,2026-01-01,insurance
U008210,2026-01-01,software
U008211,2026-01-01,gym
U008212,2026-01-01,mobile
U008214,2026-01-01,music
U008217,2026-01-01,gym
U008218,2026-01-01,gym
U008220,2026-01-01,cloud
U008222,2026-01-01,none
U008224,2026-01-01,insurance
U008225,2026-01-01,none
U008226,2026-01-01,insurance
U008227,2026-01-01,none
U008229,2026-01-01,music
U008230,2026-01-01,music
U008231,2026-01-01,cloud
U008232,2026-01-01,gym
U008233,2026-01-01,none
U008237,2026-01-01,gym
U008240,2026-01-01,gym
U008241,2026-01-01,software
U008243,2026-01-01,music
U008244,2026-01-01,insurance
U008245,2026-01-01,music
U008246,2026-01-01,streaming
U008247,2026-01-01,software
U008248,2026-01-01,none
U008249,2026-01-01,gym
U008250,2026-01-01,streaming
U008251,2026-01-01,mobile
U008252,2026-01-01,gym
U008253,2026-01-01,cloud
U008254,2026-01-01,gym
U008256,2026-01-01,insurance
U008257,2026-01-01,mobile
U008258,2026-01-01,cloud
U008259,2026-01-01,none
U008260,2026-01-01,software
U008261,2026-01-01,cloud
U008264,2026-01-01,none
U008266,2026-01-01,none
U008268,2026-01-01,cloud
U008269,2026-01-01,none
U008271,2026-01-01,mobile
U008272,2026-01-01,insurance
U008273,2026-01-01,insurance
U008274,2026-01-01,mobile
U008276,2026-01-01,streaming
U008278,2026-01-01,insurance
U008279,2026-01-01,cloud
U008280,2026-01-01,gym
U008281,2026-01-01,mobile
U008282,2026-01-01,streaming
U008283,2026-01-01,streaming
U008284,2026-01-01,none
U008285,2026-01-01,streaming
U008286,2026-01-01,cloud
U008289,2026-01-01,insurance
U008290,2026-01-01,gym
U008291,2026-01-01,music
U008294,2026-01-01,none
U008295,2026-01-01,music
U008296,2026-01-01,none
U008297,2026-01-01,none
U008298,2026-01-01,gym
U008302,2026-01-01,gym
U008303,2026-01-01,streaming
U008304,2026-01-01,insurance
U008306,2026-01-01,streaming
U008307,2026-01-01,music
U008308,2026-01-01,none
U008310,2026-01-01,none
U008311,2026-01-01,none
U008313,2026-01-01,software
U008315,2026-01-01,none
U008316,2026-01-01,mobile
U008317,2026-01-01,music
U008320,2026-01-01,none
U008321,2026-01-01,cloud
U008323,2026-01-01,streaming
U008324,2026-01-01,none
U008325,2026-01-01,none
U008326,2026-01-01,mobile
U008327,2026-01-01,none
U008328,2026-01-01,none
U008329,2026-01-01,insurance
U008332,2026-01-01,streaming
U008335,2026-01-01,software
U008336,2026-01-01,insurance
U008340,2026-01-01,none
U008343,2026-01-01,software
U008345,2026-01-01,cloud
U008346,2026-01-01,software
U008347,2026-01-01,insurance
U008348,2026-01-01,gym
U008349,2026-01-01,insurance
U008350,2026-01-01,mobile
U008353,2026-01-01,none
U008354,2026-01-01,gym
U008355,2026-01-01,cloud
U008356,2026-01-01,cloud
U008359,2026-01-01,mobile
U008360,2026-01-01,none
U008361,2026-01-01,none
U008363,2026-01-01,cloud
U008364,2026-01-01,none
U008366,2026-01-01,none
U008368,2026-01-01,none
U008369,2026-01-01,insurance
U008370,2026-01-01,none
U008371,2026-01-01,mobile
U008372,2026-01-01,gym
U008373,2026-01-01,none
U008374,2026-01-01,streaming
U008375,2026-01-01,none
U008376,2026-01-01,cloud
U008377,2026-01-01,none
U008378,2026-01-01,music
U008379,2026-01-01,cloud
U008381,2026-01-01,none
U008383,2026-01-01,insurance
U008384,2026-01-01,none
U008385,2026-01-01,software
U008386,2026-01-01,gym
U008388,2026-01-01,music
U008389,2026-01-01,software
U008390,2026-01-01,mobile
U008391,2026-01-01,none
U008392,2026-01-01,streaming
U008393,2026-01-01,gym
U008394,2026-01-01,insurance
U008395,2026-01-01,music
U008396,2026-01-01,mobile
U008398,2026-01-01,insurance
U008400,2026-01-01,mobile
U008401,2026-01-01,none
U008402,2026-01-01,none
U008403,2026-01-01,streaming
U008404,2026-01-01,gym
U008405,2026-01-01,none
U008407,2026-01-01,music
U008409,2026-01-01,gym
U008411,2026-01-01,music
U008413,2026-01-01,cloud
U008414,2026-01-01,music
U008415,2026-01-01,none
U008416,2026-01-01,insurance
U008417,2026-01-01,insurance
U008419,2026-01-01,insurance
U008422,2026-01-01,streaming
U008425,2026-01-01,insurance
U008426,2026-01-01,none
U008427,2026-01-01,streaming
U008429,2026-01-01,gym
U008430,2026-01-01,none
U008431,2026-01-01,mobile
U008432,2026-01-01,music
U008433,2026-01-01,mobile
U008434,2026-01-01,gym
U008435,2026-01-01,cloud
U008436,2026-01-01,software
U008437,2026-01-01,none
U008438,2026-01-01,gym
U008439,2026-01-01,insurance
U008440,2026-01-01,software
U008441,2026-01-01,none
U008442,2026-01-01,gym
U008443,2026-01-01,software
U008445,2026-01-01,streaming
U008446,2026-01-01,none
U008448,2026-01-01,music
U008449,2026-01-01,streaming
U008450,2026-01-01,mobile
U008451,2026-01-01,mobile
U008452,2026-01-01,none
U008453,2026-01-01,music
U008455,2026-01-01,insurance
U008456,2026-01-01,none
U008458,2026-01-01,none
U008459,2026-01-01,software
U008460,2026-01-01,none
U008462,2026-01-01,software
U008465,2026-01-01,gym
U008467,2026-01-01,cloud
U008468,2026-01-01,mobile
U008469,2026-01-01,none
U008470,2026-01-01,software
U008471,2026-01-01,software
U008475,2026-01-01,gym
U008476,2026-01-01,mobile
U008477,2026-01-01,music
U008478,2026-01-01,gym
U008479,2026-01-01,none
U008480,2026-01-01,streaming
U008482,2026-01-01,none
U008483,2026-01-01,software
U008484,2026-01-01,music
U008486,2026-01-01,software
U008487,2026-01-01,mobile
U008488,2026-01-01,streaming
U008489,2026-01-01,none
U008490,2026-01-01,gym
U008491,2026-01-01,none
U008492,2026-01-01,music
U008493,2026-01-01,gym
U008494,2026-01-01,none
U008496,2026-01-01,mobile
U008497,2026-01-01,none
U008498,2026-01-01,streaming
U008499,2026-01-01,software
U008500,2026-01-01,insurance
U008501,2026-01-01,none
U008503,2026-01-01,none
U008504,2026-01-01,none
U008505,2026-01-01,insurance
U008506,2026-01-01,streaming
U008507,2026-01-01,software
U008508,2026-01-01,none
U008509,2026-01-01,none
U008511,2026-01-01,gym
U008513,2026-01-01,cloud
U008514,2026-01-01,none
U008516,2026-01-01,software
U008517,2026-01-01,cloud
U008519,2026-01-01,none
U008520,2026-01-01,software
U008522,2026-01-01,none
U008523,2026-01-01,none
U008524,2026-01-01,cloud
U008526,2026-01-01,none
U008527,2026-01-01,none
U008528,2026-01-01,none
U008530,2026-01-01,none
U008531,2026-01-01,cloud
U008533,2026-01-01,software
U008534,2026-01-01,software
U008535,2026-01-01,none
U008537,2026-01-01,music
U008538,2026-01-01,none
U008539,2026-01-01,none
U008540,2026-01-01,gym
U008541,2026-01-01,streaming
U008542,2026-01-01,software
U008543,2026-01-01,none
U008544,2026-01-01,mobile
U008545,2026-01-01,cloud
U008546,2026-01-01,none
U008551,2026-01-01,insurance
U008552,2026-01-01,none
U008553,2026-01-01,software
U008554,2026-01-01,none
U008555,2026-01-01,gym
U008556,2026-01-01,insurance
U008559,2026-01-01,cloud
U008560,2026-01-01,music
U008561,2026-01-01,cloud
U008562,2026-01-01,insurance
U008563,2026-01-01,none
U008566,2026-01-01,none
U008568,2026-01-01,none
U008569,2026-01-01,none
U008571,2026-01-01,streaming
U008572,2026-01-01,none
U008573,2026-01-01,none
U008574,2026-01-01,none
U008577,2026-01-01,mobile
U008578,2026-01-01,cloud
U008579,2026-01-01,cloud
U008580,2026-01-01,none
U008581,2026-01-01,software
U008582,2026-01-01,none
U008583,2026-01-01,software
U008584,2026-01-01,none
U008585,2026-01-01,software
U008587,2026-01-01,streaming
U008588,2026-01-01,music
U008589,2026-01-01,none
U008590,2026-01-01,mobile
U008591,2026-01-01,none
U008592,2026-01-01,cloud
U008594,2026-01-01,insurance
U008596,2026-01-01,cloud
U008599,2026-01-01,music
U008600,2026-01-01,cloud
U008602,2026-01-01,software
U008603,2026-01-01,insurance
U008605,2026-01-01,none
U008607,2026-01-01,mobile
U008609,2026-01-01,none
U008610,2026-01-01,cloud
U008614,2026-01-01,none
U008615,2026-01-01,none
U008616,2026-01-01,none
U008617,2026-01-01,none
U008618,2026-01-01,mobile
U008619,2026-01-01,gym
U008620,2026-01-01,music
U008621,2026-01-01,cloud
U008622,2026-01-01,streaming
U008625,2026-01-01,streaming
U008626,2026-01-01,mobile
U008627,2026-01-01,none
U008631,2026-01-01,cloud
U008632,2026-01-01,mobile
U008633,2026-01-01,gym
U008635,2026-01-01,mobile
U008636,2026-01-01,none
U008638,2026-01-01,streaming
U008640,2026-01-01,none
U008644,2026-01-01,none
U008645,2026-01-01,none
U008646,2026-01-01,mobile
U008647,2026-01-01,gym
U008649,2026-01-01,streaming
U008650,2026-01-01,cloud
U008651,2026-01-01,none
U008653,2026-01-01,none
U008654,2026-01-01,gym
U008655,2026-01-01,gym
U008658,2026-01-01,none
U008659,2026-01-01,music
U008662,2026-01-01,software
U008664,2026-01-01,music
U008666,2026-01-01,streaming
U008667,2026-01-01,cloud
U008670,2026-01-01,none
U008671,2026-01-01,none
U008673,2026-01-01,none
U008674,2026-01-01,none
U008676,2026-01-01,none
U008677,2026-01-01,gym
U008678,2026-01-01,none
U008679,2026-01-01,none
U008680,2026-01-01,none
U008681,2026-01-01,none
U008683,2026-01-01,none
U008684,2026-01-01,insurance
U008687,2026-01-01,streaming
U008688,2026-01-01,none
U008689,2026-01-01,software
U008691,2026-01-01,insurance
U008692,2026-01-01,software
U008693,2026-01-01,music
U008695,2026-01-01,music
U008696,2026-01-01,none
U008697,2026-01-01,software
U008698,2026-01-01,none
U008699,2026-01-01,streaming
U008701,2026-01-01,streaming
U008702,2026-01-01,cloud
U008703,2026-01-01,streaming
U008706,2026-01-01,mobile
U008707,2026-01-01,streaming
U008709,2026-01-01,none
U008710,2026-01-01,none
U008713,2026-01-01,music
U008714,2026-01-01,cloud
U008715,2026-01-01,streaming
U008716,2026-01-01,gym
U008717,2026-01-01,cloud
U008718,2026-01-01,cloud
U008720,2026-01-01,none
U008721,2026-01-01,music
U008722,2026-01-01,streaming
U008724,2026-01-01,cloud
U008725,2026-01-01,streaming
U008726,2026-01-01,streaming
U008727,2026-01-01,software
U008728,2026-01-01,none
U008730,2026-01-01,none
U008731,2026-01-01,none
U008732,2026-01-01,streaming
U008735,2026-01-01,none
U008737,2026-01-01,cloud
U008738,2026-01-01,gym
U008739,2026-01-01,mobile
U008740,2026-01-01,none
U008741,2026-01-01,gym
U008743,2026-01-01,gym
U008744,2026-01-01,cloud
U008745,2026-01-01,insurance
U008746,2026-01-01,music
U008747,2026-01-01,music
U008748,2026-01-01,none
U008749,2026-01-01,insurance
U008750,2026-01-01,insurance
U008751,2026-01-01,mobile
U008753,2026-01-01,none
U008754,2026-01-01,streaming
U008755,2026-01-01,music
U008757,2026-01-01,mobile
U008760,2026-01-01,gym
U008761,2026-01-01,none
U008762,2026-01-01,gym
U008763,2026-01-01,gym
U008765,2026-01-01,software
U008766,2026-01-01,streaming
U008769,2026-01-01,none
U008770,2026-01-01,streaming
U008773,2026-01-01,none
U008774,2026-01-01,none
U008775,2026-01-01,mobile
U008776,2026-01-01,software
U008777,2026-01-01,cloud
U008778,2026-01-01,none
U008779,2026-01-01,cloud
U008781,2026-01-01,none
U008782,2026-01-01,streaming
U008783,2026-01-01,none
U008784,2026-01-01,mobile
U008785,2026-01-01,none
U008786,2026-01-01,mobile
U008787,2026-01-01,none
U008788,2026-01-01,insurance
U008789,2026-01-01,software
U008791,2026-01-01,cloud
U008792,2026-01-01,none
U008794,2026-01-01,insurance
U008795,2026-01-01,mobile
U008796,2026-01-01,none
U008797,2026-01-01,software
U008798,2026-01-01,streaming
U008799,2026-01-01,none
U008800,2026-01-01,insurance
U008801,2026-01-01,none
U008802,2026-01-01,none
U008803,2026-01-01,mobile
U008804,2026-01-01,insurance
U008805,2026-01-01,none
U008806,2026-01-01,none
U008807,2026-01-01,gym
U008808,2026-01-01,none
U008809,2026-01-01,none
U008810,2026-01-01,none
U008812,2026-01-01,insurance
U008813,2026-01-01,streaming
U008814,2026-01-01,none
U008815,2026-01-01,none
U008818,2026-01-01,gym
U008819,2026-01-01,streaming
U008820,2026-01-01,gym
U008822,2026-01-01,none
U008824,2026-01-01,streaming
U008825,2026-01-01,streaming
U008826,2026-01-01,mobile
U008828,2026-01-01,insurance
U008829,2026-01-01,mobile
U008830,2026-01-01,none
U008833,2026-01-01,streaming
U008834,2026-01-01,software
U008835,2026-01-01,mobile
U008836,2026-01-01,insurance
U008837,2026-01-01,streaming
U008838,2026-01-01,software
U008839,2026-01-01,none
U008842,2026-01-01,none
U008843,2026-01-01,insurance
U008844,2026-01-01,cloud
U008845,2026-01-01,gym
U008846,2026-01-01,software
U008847,2026-01-01,gym
U008848,2026-01-01,streaming
U008850,2026-01-01,gym
U008852,2026-01-01,insurance
U008853,2026-01-01,streaming
U008855,2026-01-01,none
U008858,2026-01-01,music
U008859,2026-01-01,gym
U008861,2026-01-01,music
U008862,2026-01-01,software
U008864,2026-01-01,software
U008865,2026-01-01,none
U008866,2026-01-01,software
U008867,2026-01-01,mobile
U008868,2026-01-01,insurance
U008869,2026-01-01,none
U008870,2026-01-01,none
U008872,2026-01-01,none
U008873,2026-01-01,software
U008874,2026-01-01,none
U008875,2026-01-01,none
U008877,2026-01-01,none
U008879,2026-01-01,cloud
U008880,2026-01-01,software
U008881,2026-01-01,gym
U008883,2026-01-01,gym
U008885,2026-01-01,insurance
U008886,2026-01-01,none
U008887,2026-01-01,gym
U008888,2026-01-01,none
U008889,2026-01-01,mobile
U008890,2026-01-01,cloud
U008891,2026-01-01,none
U008892,2026-01-01,software
U008893,2026-01-01,none
U008895,2026-01-01,none
U008896,2026-01-01,none
U008897,2026-01-01,gym
U008900,2026-01-01,streaming
U008903,2026-01-01,none
U008904,2026-01-01,none
U008905,2026-01-01,mobile
U008908,2026-01-01,none
U008909,2026-01-01,music
U008911,2026-01-01,gym
U008912,2026-01-01,software
U008913,2026-01-01,gym
U008914,2026-01-01,insurance
U008915,2026-01-01,cloud
U008916,2026-01-01,none
U008917,2026-01-01,none
U008919,2026-01-01,gym
U008920,2026-01-01,none
U008921,2026-01-01,cloud
U008922,2026-01-01,streaming
U008923,2026-01-01,cloud
U008924,2026-01-01,gym
U008925,2026-01-01,none
U008926,2026-01-01,streaming
U008928,2026-01-01,software
U008929,2026-01-01,gym
U008931,2026-01-01,mobile
U008933,2026-01-01,gym
U008934,2026-01-01,none
U008936,2026-01-01,cloud
U008937,2026-01-01,gym
U008938,2026-01-01,none
U008940,2026-01-01,insurance
U008941,2026-01-01,mobile
U008943,2026-01-01,software
U008946,2026-01-01,streaming
U008948,2026-01-01,mobile
U008949,2026-01-01,none
U008950,2026-01-01,streaming
U008952,2026-01-01,streaming
U008953,2026-01-01,mobile
U008954,2026-01-01,streaming
U008959,2026-01-01,none
U008960,2026-01-01,insurance
U008961,2026-01-01,music
U008963,2026-01-01,mobile
U008964,2026-01-01,mobile
U008965,2026-01-01,software
U008967,2026-01-01,gym
U008968,2026-01-01,none
U008969,2026-01-01,streaming
U008971,2026-01-01,cloud
U008972,2026-01-01,gym
U008973,2026-01-01,cloud
U008974,2026-01-01,music
U008975,2026-01-01,none
U008976,2026-01-01,music
U008977,2026-01-01,music
U008978,2026-01-01,streaming
U008979,2026-01-01,gym
U008980,2026-01-01,none
U008981,2026-01-01,none
U008982,2026-01-01,music
U008983,2026-01-01,none
U008985,2026-01-01,music
U008986,2026-01-01,music
U008987,2026-01-01,cloud
U008991,2026-01-01,insurance
U008992,2026-01-01,streaming
U008993,2026-01-01,streaming
U008994,2026-01-01,cloud
U008995,2026-01-01,cloud
U008996,2026-01-01,mobile
U008998,2026-01-01,cloud
U009000,2026-01-01,mobile
U009001,2026-01-01,software
U009002,2026-01-01,mobile
U009003,2026-01-01,cloud
U009004,2026-01-01,software
U009005,2026-01-01,none
U009006,2026-01-01,cloud
U009007,2026-01-01,software
U009008,2026-01-01,streaming
U009009,2026-01-01,insurance
U009010,2026-01-01,cloud
U009011,2026-01-01,software
U009012,2026-01-01,none
U009013,2026-01-01,insurance
U009014,2026-01-01,music
U009016,2026-01-01,gym
U009017,2026-01-01,streaming
U009018,2026-01-01,streaming
U009019,2026-01-01,software
U009021,2026-01-01,software
U009022,2026-01-01,cloud
U009023,2026-01-01,none
U009025,2026-01-01,gym
U009027,2026-01-01,gym
U009028,2026-01-01,software
U009029,2026-01-01,none
U009032,2026-01-01,none
U009034,2026-01-01,streaming
U009035,2026-01-01,mobile
U009036,2026-01-01,gym
U009037,2026-01-01,none
U009038,2026-01-01,none
U009040,2026-01-01,none
U009041,2026-01-01,software
U009042,2026-01-01,mobile
U009043,2026-01-01,none
U009044,2026-01-01,insurance
U009045,2026-01-01,cloud
U009046,2026-01-01,insurance
U009047,2026-01-01,streaming
U009048,2026-01-01,cloud
U009049,2026-01-01,mobile
U009050,2026-01-01,software
U009051,2026-01-01,software
U009052,2026-01-01,streaming
U009053,2026-01-01,none
U009054,2026-01-01,none
U009056,2026-01-01,insurance
U009057,2026-01-01,none
U009058,2026-01-01,cloud
U009059,2026-01-01,streaming
U009060,2026-01-01,music
U009061,2026-01-01,none
U009062,2026-01-01,gym
U009064,2026-01-01,streaming
U009067,2026-01-01,music
U009068,2026-01-01,streaming
U009069,2026-01-01,cloud
U009070,2026-01-01,mobile
U009072,2026-01-01,none
U009073,2026-01-01,none
U009074,2026-01-01,cloud
U009075,2026-01-01,mobile
U009076,2026-01-01,gym
U009077,2026-01-01,none
U009079,2026-01-01,software
U009080,2026-01-01,none
U009082,2026-01-01,none
U009085,2026-01-01,none
U009086,2026-01-01,none
U009087,2026-01-01,cloud
U009089,2026-01-01,insurance
U009090,2026-01-01,gym
U009092,2026-01-01,insurance
U009093,2026-01-01,gym
U009094,2026-01-01,mobile
U009095,2026-01-01,none
U009096,2026-01-01,software
U009098,2026-01-01,software
U009099,2026-01-01,mobile
U009102,2026-01-01,none
U009103,2026-01-01,mobile
U009106,2026-01-01,insurance
U009107,2026-01-01,music
U009108,2026-01-01,none
U009109,2026-01-01,mobile
U009110,2026-01-01,none
U009111,2026-01-01,none
U009114,2026-01-01,gym
U009115,2026-01-01,none
U009116,2026-01-01,none
U009117,2026-01-01,music
U009119,2026-01-01,music
U009120,2026-01-01,music
U009122,2026-01-01,none
U009123,2026-01-01,gym
U009124,2026-01-01,gym
U009125,2026-01-01,music
U009126,2026-01-01,none
U009128,2026-01-01,none
U009129,2026-01-01,none
U009130,2026-01-01,insurance
U009132,2026-01-01,insurance
U009134,2026-01-01,streaming
U009136,2026-01-01,music
U009137,2026-01-01,insurance
U009139,2026-01-01,none
U009141,2026-01-01,mobile
U009142,2026-01-01,none
U009144,2026-01-01,none
U009146,2026-01-01,none
U009147,2026-01-01,none
U009149,2026-01-01,mobile
U009150,2026-01-01,gym
U009151,2026-01-01,none
U009152,2026-01-01,software
U009153,2026-01-01,none
U009154,2026-01-01,cloud
U009158,2026-01-01,cloud
U009159,2026-01-01,none
U009160,2026-01-01,gym
U009162,2026-01-01,none
U009163,2026-01-01,software
U009164,2026-01-01,none
U009165,2026-01-01,gym
U009166,2026-01-01,none
U009168,2026-01-01,software
U009169,2026-01-01,music
U009170,2026-01-01,none
U009171,2026-01-01,streaming
U009172,2026-01-01,none
U009174,2026-01-01,streaming
U009175,2026-01-01,gym
U009178,2026-01-01,streaming
U009179,2026-01-01,software
U009181,2026-01-01,cloud
U009184,2026-01-01,none
U009185,2026-01-01,music
U009187,2026-01-01,none
U009189,2026-01-01,mobile
U009190,2026-01-01,none
U009191,2026-01-01,gym
U009192,2026-01-01,insurance
U009193,2026-01-01,software
U009195,2026-01-01,software
U009196,2026-01-01,gym
U009197,2026-01-01,mobile
U009199,2026-01-01,mobile
U009202,2026-01-01,streaming
U009203,2026-01-01,streaming
U009204,2026-01-01,none
U009206,2026-01-01,gym
U009207,2026-01-01,none
U009208,2026-01-01,gym
U009209,2026-01-01,gym
U009210,2026-01-01,mobile
U009211,2026-01-01,cloud
U009212,2026-01-01,music
U009213,2026-01-01,insurance
U009215,2026-01-01,music
U009218,2026-01-01,none
U009219,2026-01-01,insurance
U009220,2026-01-01,gym
U009222,2026-01-01,cloud
U009223,2026-01-01,none
U009225,2026-01-01,software
U009226,2026-01-01,insurance
U009227,2026-01-01,insurance
U009230,2026-01-01,none
U009231,2026-01-01,none
U009232,2026-01-01,none
U009234,2026-01-01,none
U009235,2026-01-01,music
U009237,2026-01-01,music
U009242,2026-01-01,none
U009243,2026-01-01,insurance
U009245,2026-01-01,none
U009247,2026-01-01,cloud
U009249,2026-01-01,streaming
U009250,2026-01-01,cloud
U009251,2026-01-01,none
U009252,2026-01-01,gym
U009253,2026-01-01,gym
U009254,2026-01-01,streaming
U009256,2026-01-01,insurance
U009257,2026-01-01,cloud
U009259,2026-01-01,gym
U009265,2026-01-01,software
U009267,2026-01-01,cloud
U009268,2026-01-01,none
U009269,2026-01-01,none
U009270,2026-01-01,gym
U009271,2026-01-01,cloud
U009275,2026-01-01,none
U009276,2026-01-01,streaming
U009277,2026-01-01,software
U009278,2026-01-01,none
U009279,2026-01-01,mobile
U009280,2026-01-01,insurance
U009281,2026-01-01,mobile
U009283,2026-01-01,none
U009284,2026-01-01,software
U009285,2026-01-01,streaming
U009286,2026-01-01,mobile
U009287,2026-01-01,none
U009288,2026-01-01,none
U009289,2026-01-01,mobile
U009291,2026-01-01,none
U009292,2026-01-01,cloud
U009293,2026-01-01,insurance
U009294,2026-01-01,gym
U009295,2026-01-01,music
U009297,2026-01-01,insurance
U009298,2026-01-01,insurance
U009301,2026-01-01,music
U009302,2026-01-01,none
U009303,2026-01-01,streaming
U009304,2026-01-01,none
U009305,2026-01-01,streaming
U009308,2026-01-01,insurance
U009309,2026-01-01,gym
U009310,2026-01-01,insurance
U009312,2026-01-01,streaming
U009313,2026-01-01,none
U009315,2026-01-01,none
U009316,2026-01-01,none
U009317,2026-01-01,none
U009318,2026-01-01,mobile
U009322,2026-01-01,software
U009323,2026-01-01,none
U009324,2026-01-01,none
U009325,2026-01-01,none
U009326,2026-01-01,music
U009327,2026-01-01,music
U009328,2026-01-01,music
U009329,2026-01-01,software
U009330,2026-01-01,streaming
U009332,2026-01-01,cloud
U009333,2026-01-01,none
U009335,2026-01-01,music
U009336,2026-01-01,none
U009337,2026-01-01,insurance
U009338,2026-01-01,gym
U009340,2026-01-01,insurance
U009342,2026-01-01,none
U009343,2026-01-01,none
U009345,2026-01-01,streaming
U009346,2026-01-01,none
U009348,2026-01-01,none
U009349,2026-01-01,gym
U009350,2026-01-01,streaming
U009352,2026-01-01,none
U009353,2026-01-01,software
U009354,2026-01-01,software
U009356,2026-01-01,software
U009357,2026-01-01,insurance
U009359,2026-01-01,none
U009361,2026-01-01,none
U009362,2026-01-01,cloud
U009365,2026-01-01,none
U009366,2026-01-01,insurance
U009367,2026-01-01,insurance
U009368,2026-01-01,none
U009369,2026-01-01,gym
U009370,2026-01-01,streaming
U009373,2026-01-01,streaming
U009374,2026-01-01,none
U009375,2026-01-01,none
U009376,2026-01-01,none
U009377,2026-01-01,music
U009378,2026-01-01,none
U009380,2026-01-01,music
U009383,2026-01-01,gym
U009384,2026-01-01,software
U009385,2026-01-01,none
U009387,2026-01-01,music
U009388,2026-01-01,cloud
U009389,2026-01-01,streaming
U009391,2026-01-01,music
U009392,2026-01-01,none
U009394,2026-01-01,streaming
U009395,2026-01-01,none
U009396,2026-01-01,mobile
U009397,2026-01-01,mobile
U009398,2026-01-01,none
U009400,2026-01-01,none
U009401,2026-01-01,none
U009402,2026-01-01,gym
U009403,2026-01-01,streaming
U009408,2026-01-01,software
U009409,2026-01-01,insurance
U009411,2026-01-01,none
U009412,2026-01-01,none
U009413,2026-01-01,cloud
U009414,2026-01-01,gym
U009415,2026-01-01,music
U009418,2026-01-01,streaming
U009419,2026-01-01,none
U009421,2026-01-01,gym
U009423,2026-01-01,mobile
U009425,2026-01-01,cloud
U009427,2026-01-01,none
U009428,2026-01-01,none
U009429,2026-01-01,insurance
U009430,2026-01-01,none
U009431,2026-01-01,software
U009432,2026-01-01,gym
U009434,2026-01-01,insurance
U009436,2026-01-01,music
U009437,2026-01-01,streaming
U009438,2026-01-01,none
U009439,2026-01-01,none
U009440,2026-01-01,cloud
U009441,2026-01-01,cloud
U009443,2026-01-01,insurance
U009445,2026-01-01,cloud
U009446,2026-01-01,gym
U009447,2026-01-01,mobile
U009449,2026-01-01,none
U009450,2026-01-01,gym
U009451,2026-01-01,mobile
U009453,2026-01-01,insurance
U009454,2026-01-01,cloud
U009455,2026-01-01,music
U009457,2026-01-01,gym
U009459,2026-01-01,gym
U009460,2026-01-01,streaming
U009462,2026-01-01,none
U009463,2026-01-01,insurance
U009465,2026-01-01,none
U009467,2026-01-01,insurance
U009469,2026-01-01,mobile
U009470,2026-01-01,none
U009471,2026-01-01,none
U009472,2026-01-01,none
U009473,2026-01-01,none
U009474,2026-01-01,cloud
U009475,2026-01-01,none
U009476,2026-01-01,mobile
U009477,2026-01-01,none
U009478,2026-01-01,cloud
U009481,2026-01-01,music
U009482,2026-01-01,software
U009483,2026-01-01,gym
U009484,2026-01-01,music
U009485,2026-01-01,streaming
U009487,2026-01-01,mobile
U009488,2026-01-01,music
U009489,2026-01-01,gym
U009491,2026-01-01,insurance
U009494,2026-01-01,none
U009495,2026-01-01,insurance
U009497,2026-01-01,none
U009498,2026-01-01,mobile
U009499,2026-01-01,none
U009500,2026-01-01,cloud
U009502,2026-01-01,streaming
U009503,2026-01-01,insurance
U009505,2026-01-01,cloud
U009507,2026-01-01,none
U009508,2026-01-01,gym
U009511,2026-01-01,software
U009512,2026-01-01,none
U009514,2026-01-01,music
U009515,2026-01-01,none
U009516,2026-01-01,none
U009517,2026-01-01,mobile
U009518,2026-01-01,streaming
U009522,2026-01-01,music
U009523,2026-01-01,cloud
U009525,2026-01-01,mobile
U009526,2026-01-01,mobile
U009527,2026-01-01,none
U009528,2026-01-01,mobile
U009529,2026-01-01,streaming
U009533,2026-01-01,cloud
U009534,2026-01-01,software
U009537,2026-01-01,none
U009538,2026-01-01,none
U009539,2026-01-01,streaming
U009540,2026-01-01,mobile
U009541,2026-01-01,insurance
U009542,2026-01-01,none
U009543,2026-01-01,none
U009544,2026-01-01,software
U009547,2026-01-01,none
U009549,2026-01-01,none
U009550,2026-01-01,streaming
U009551,2026-01-01,none
U009552,2026-01-01,streaming
U009553,2026-01-01,streaming
U009554,2026-01-01,mobile
U009555,2026-01-01,mobile
U009557,2026-01-01,none
U009560,2026-01-01,none
U009561,2026-01-01,streaming
U009563,2026-01-01,insurance
U009564,2026-01-01,mobile
U009565,2026-01-01,none
U009566,2026-01-01,none
U009568,2026-01-01,software
U009570,2026-01-01,streaming
U009571,2026-01-01,none
U009572,2026-01-01,insurance
U009573,2026-01-01,gym
U009574,2026-01-01,mobile
U009575,2026-01-01,none
U009576,2026-01-01,none
U009577,2026-01-01,none
U009578,2026-01-01,none
U009579,2026-01-01,none
U009580,2026-01-01,software
U009583,2026-01-01,none
U009584,2026-01-01,mobile
U009585,2026-01-01,gym
U009588,2026-01-01,none
U009589,2026-01-01,music
U009590,2026-01-01,none
U009591,2026-01-01,streaming
U009593,2026-01-01,music
U009594,2026-01-01,mobile
U009598,2026-01-01,cloud
U009599,2026-01-01,gym
U009604,2026-01-01,streaming
U009605,2026-01-01,insurance
U009606,2026-01-01,none
U009607,2026-01-01,none
U009608,2026-01-01,music
U009609,2026-01-01,none
U009611,2026-01-01,none
U009612,2026-01-01,insurance
U009613,2026-01-01,none
U009614,2026-01-01,software
U009616,2026-01-01,none
U009617,2026-01-01,insurance
U009618,2026-01-01,insurance
U009621,2026-01-01,streaming
U009622,2026-01-01,cloud
U009623,2026-01-01,insurance
U009624,2026-01-01,mobile
U009625,2026-01-01,none
U009627,2026-01-01,gym
U009628,2026-01-01,cloud
U009629,2026-01-01,music
U009632,2026-01-01,streaming
U009634,2026-01-01,software
U009635,2026-01-01,none
U009636,2026-01-01,mobile
U009637,2026-01-01,none
U009638,2026-01-01,none
U009639,2026-01-01,none
U009641,2026-01-01,insurance
U009642,2026-01-01,none
U009643,2026-01-01,streaming
U009644,2026-01-01,none
U009645,2026-01-01,none
U009646,2026-01-01,none
U009647,2026-01-01,mobile
U009649,2026-01-01,gym
U009650,2026-01-01,mobile
U009651,2026-01-01,none
U009653,2026-01-01,cloud
U009654,2026-01-01,software
U009655,2026-01-01,gym
U009656,2026-01-01,insurance
U009657,2026-01-01,software
U009658,2026-01-01,music
U009659,2026-01-01,none
U009660,2026-01-01,cloud
U009661,2026-01-01,insurance
U009663,2026-01-01,cloud
U009664,2026-01-01,insurance
U009665,2026-01-01,music
U009666,2026-01-01,music
U009667,2026-01-01,mobile
U009668,2026-01-01,music
U009669,2026-01-01,music
U009670,2026-01-01,none
U009672,2026-01-01,none
U009673,2026-01-01,insurance
U009674,2026-01-01,none
U009675,2026-01-01,none
U009676,2026-01-01,cloud
U009677,2026-01-01,software
U009678,2026-01-01,none
U009679,2026-01-01,none
U009681,2026-01-01,gym
U009683,2026-01-01,music
U009684,2026-01-01,none
U009685,2026-01-01,streaming
U009687,2026-01-01,cloud
U009688,2026-01-01,none
U009689,2026-01-01,streaming
U009690,2026-01-01,cloud
U009691,2026-01-01,none
U009692,2026-01-01,none
U009693,2026-01-01,cloud
U009694,2026-01-01,none
U009695,2026-01-01,none
U009697,2026-01-01,music
U009699,2026-01-01,cloud
U009700,2026-01-01,music
U009701,2026-01-01,cloud
U009702,2026-01-01,streaming
U009705,2026-01-01,none
U009706,2026-01-01,streaming
U009707,2026-01-01,streaming
U009708,2026-01-01,music
U009709,2026-01-01,none
U009711,2026-01-01,insurance
U009712,2026-01-01,none
U009713,2026-01-01,none
U009714,2026-01-01,gym
U009715,2026-01-01,none
U009716,2026-01-01,software
U009717,2026-01-01,streaming
U009718,2026-01-01,none
U009720,2026-01-01,music
U009721,2026-01-01,cloud
U009722,2026-01-01,insurance
U009723,2026-01-01,mobile
U009724,2026-01-01,mobile
U009725,2026-01-01,music
U009726,2026-01-01,cloud
U009727,2026-01-01,none
U009728,2026-01-01,none
U009731,2026-01-01,streaming
U009732,2026-01-01,software
U009733,2026-01-01,none
U009735,2026-01-01,none
U009736,2026-01-01,software
U009737,2026-01-01,software
U009738,2026-01-01,streaming
U009740,2026-01-01,none
U009741,2026-01-01,none
U009743,2026-01-01,none
U009745,2026-01-01,none
U009750,2026-01-01,music
U009751,2026-01-01,streaming
U009754,2026-01-01,none
U009756,2026-01-01,insurance
U009757,2026-01-01,gym
U009758,2026-01-01,none
U009760,2026-01-01,none
U009761,2026-01-01,music
U009762,2026-01-01,none
U009763,2026-01-01,none
U009764,2026-01-01,none
U009765,2026-01-01,cloud
U009766,2026-01-01,mobile
U009767,2026-01-01,streaming
U009769,2026-01-01,none
U009770,2026-01-01,none
U009772,2026-01-01,mobile
U009773,2026-01-01,software
U009774,2026-01-01,none
U009775,2026-01-01,streaming
U009776,2026-01-01,streaming
U009777,2026-01-01,streaming
U009778,2026-01-01,cloud
U009779,2026-01-01,none
U009780,2026-01-01,music
U009781,2026-01-01,cloud
U009782,2026-01-01,streaming
U009783,2026-01-01,software
U009784,2026-01-01,gym
U009785,2026-01-01,cloud
U009786,2026-01-01,none
U009787,2026-01-01,none
U009788,2026-01-01,software
U009789,2026-01-01,none
U009790,2026-01-01,none
U009791,2026-01-01,cloud
U009792,2026-01-01,none
U009793,2026-01-01,none
U009794,2026-01-01,none
U009795,2026-01-01,mobile
U009796,2026-01-01,gym
U009797,2026-01-01,mobile
U009799,2026-01-01,none
U009800,2026-01-01,software
U009801,2026-01-01,none
U009803,2026-01-01,none
U009805,2026-01-01,insurance
U009806,2026-01-01,gym
U009807,2026-01-01,mobile
U009809,2026-01-01,none
U009811,2026-01-01,mobile
U009812,2026-01-01,cloud
U009814,2026-01-01,none
U009815,2026-01-01,none
U009816,2026-01-01,streaming
U009817,2026-01-01,none
U009818,2026-01-01,none
U009819,2026-01-01,none
U009820,2026-01-01,gym
U009822,2026-01-01,none
U009823,2026-01-01,software
U009824,2026-01-01,mobile
U009825,2026-01-01,mobile
U009827,2026-01-01,software
U009828,2026-01-01,gym
U009829,2026-01-01,software
U009830,2026-01-01,gym
U009831,2026-01-01,none
U009832,2026-01-01,streaming
U009834,2026-01-01,none
U009837,2026-01-01,none
U009838,2026-01-01,software
U009839,2026-01-01,none
U009840,2026-01-01,cloud
U009843,2026-01-01,none
U009846,2026-01-01,none
U009847,2026-01-01,music
U009848,2026-01-01,mobile
U009849,2026-01-01,streaming
U009850,2026-01-01,streaming
U009851,2026-01-01,none
U009854,2026-01-01,streaming
U009855,2026-01-01,none
U009856,2026-01-01,none
U009858,2026-01-01,none
U009859,2026-01-01,none
U009862,2026-01-01,streaming
U009863,2026-01-01,gym
U009865,2026-01-01,none
U009867,2026-01-01,streaming
U009868,2026-01-01,software
U009870,2026-01-01,insurance
U009871,2026-01-01,none
U009873,2026-01-01,cloud
U009874,2026-01-01,gym
U009875,2026-01-01,music
U009877,2026-01-01,none
U009878,2026-01-01,gym
U009879,2026-01-01,mobile
U009882,2026-01-01,none
U009884,2026-01-01,music
U009885,2026-01-01,software
U009887,2026-01-01,none
U009888,2026-01-01,streaming
U009889,2026-01-01,cloud
U009890,2026-01-01,none
U009891,2026-01-01,none
U009893,2026-01-01,none
U009895,2026-01-01,cloud
U009896,2026-01-01,mobile
U009897,2026-01-01,gym
U009899,2026-01-01,software
U009900,2026-01-01,mobile
U009901,2026-01-01,none
U009902,2026-01-01,insurance
U009903,2026-01-01,none
U009904,2026-01-01,none
U009905,2026-01-01,streaming
U009906,2026-01-01,music
U009907,2026-01-01,mobile
U009912,2026-01-01,insurance
U009913,2026-01-01,streaming
U009915,2026-01-01,none
U009916,2026-01-01,mobile
U009918,2026-01-01,none
U009919,2026-01-01,streaming
U009920,2026-01-01,none
U009921,2026-01-01,none
U009924,2026-01-01,streaming
U009925,2026-01-01,streaming
U009927,2026-01-01,software
U009928,2026-01-01,none
U009929,2026-01-01,mobile
U009932,2026-01-01,insurance
U009933,2026-01-01,software
U009934,2026-01-01,none
U009935,2026-01-01,mobile
U009938,2026-01-01,none
U009939,2026-01-01,none
U009940,2026-01-01,cloud
U009941,2026-01-01,none
U009943,2026-01-01,software
U009948,2026-01-01,none
U009949,2026-01-01,cloud
U009950,2026-01-01,music
U009951,2026-01-01,none
U009952,2026-01-01,none
U009953,2026-01-01,music
U009954,2026-01-01,none
U009955,2026-01-01,none
U009956,2026-01-01,music
U009957,2026-01-01,none
U009958,2026-01-01,software
U009959,2026-01-01,none
U009960,2026-01-01,streaming
U009961,2026-01-01,streaming
U009962,2026-01-01,software
U009966,2026-01-01,none
U009971,2026-01-01,insurance
U009972,2026-01-01,mobile
U009973,2026-01-01,gym
U009974,2026-01-01,streaming
U009975,2026-01-01,insurance
U009976,2026-01-01,insurance
U009977,2026-01-01,none
U009978,2026-01-01,music
U009979,2026-01-01,insurance
U009981,2026-01-01,insurance
U009982,2026-01-01,streaming
U009983,2026-01-01,streaming
U009985,2026-01-01,software
U009986,2026-01-01,insurance
U009988,2026-01-01,software
U009989,2026-01-01,streaming
U009993,2026-01-01,streaming
U009997,2026-01-01,none
U009998,2026-01-01,software
U009999,2026-01-01,gym
