client_id,cutoff_date,target_next_recurring_merchant
C000001,2026-01-01,streaming
C000005,2026-01-01,mobile
C000007,2026-01-01,cloud
C000009,2026-01-01,streaming
C000012,2026-01-01,software
C000014,2026-01-01,cloud
C000015,2026-01-01,none
C000016,2026-01-01,insurance
C000017,2026-01-01,mobile
C000021,2026-01-01,mobile
C000022,2026-01-01,none
C000024,2026-01-01,gym
C000025,2026-01-01,cloud
C000026,2026-01-01,software
C000027,2026-01-01,music
C000028,2026-01-01,cloud
C000029,2026-01-01,music
C000030,2026-01-01,none
C000033,2026-01-01,none
C000035,2026-01-01,mobile
C000038,2026-01-01,none
C000039,2026-01-01,music
C000040,2026-01-01,cloud
C000041,2026-01-01,insurance
C000043,2026-01-01,none
C000044,2026-01-01,none
C000047,2026-01-01,music
C000053,2026-01-01,gym
C000055,2026-01-01,none
C000060,2026-01-01,insurance
C000062,2026-01-01,none
C000063,2026-01-01,insurance
C000064,2026-01-01,software
C000066,2026-01-01,software
C000069,2026-01-01,none
C000072,2026-01-01,gym
C000073,2026-01-01,none
C000077,2026-01-01,none
C000078,2026-01-01,insurance
C000079,2026-01-01,software
C000080,2026-01-01,none
C000084,2026-01-01,none
C000085,2026-01-01,insurance
C000088,2026-01-01,insurance
C000093,2026-01-01,none
C000094,2026-01-01,cloud
C000095,2026-01-01,software
C000100,2026-01-01,gym
C000101,2026-01-01,none
C000102,2026-01-01,software
C000103,2026-01-01,insurance
C000104,2026-01-01,insurance
C000105,2026-01-01,streaming
C000106,2026-01-01,streaming
C000109,2026-01-01,cloud
C000110,2026-01-01,mobile
C000111,2026-01-01,streaming
C000113,2026-01-01,none
C000115,2026-01-01,none
C000116,2026-01-01,insurance
C000117,2026-01-01,gym
C000119,2026-01-01,streaming
C000120,2026-01-01,gym
C000122,2026-01-01,cloud
C000127,2026-01-01,none
C000128,2026-01-01,mobile
C000129,2026-01-01,software
C000130,2026-01-01,none
C000132,2026-01-01,mobile
C000134,2026-01-01,streaming
C000135,2026-01-01,none
C000136,2026-01-01,none
C000137,2026-01-01,streaming
C000140,2026-01-01,none
C000142,2026-01-01,mobile
C000144,2026-01-01,software
C000148,2026-01-01,streaming
C000149,2026-01-01,streaming
C000150,2026-01-01,software
C000152,2026-01-01,cloud
C000153,2026-01-01,mobile
C000155,2026-01-01,none
C000157,2026-01-01,none
C000159,2026-01-01,insurance
C000160,2026-01-01,cloud
C000162,2026-01-01,none
C000164,2026-01-01,music
C000168,2026-01-01,none
C000169,2026-01-01,none
C000171,2026-01-01,streaming
C000172,2026-01-01,music
C000173,2026-01-01,mobile
C000174,2026-01-01,none
C000175,2026-01-01,insurance
C000177,2026-01-01,mobile
C000179,2026-01-01,music
C000181,2026-01-01,music
C000183,2026-01-01,streaming
C000185,2026-01-01,none
C000187,2026-01-01,insurance
C000189,2026-01-01,software
C000190,2026-01-01,software
C000191,2026-01-01,streaming
C000192,2026-01-01,music
C000196,2026-01-01,cloud
C000197,2026-01-01,music
C000198,2026-01-01,none
C000201,2026-01-01,gym
C000202,2026-01-01,gym
C000203,2026-01-01,gym
C000205,2026-01-01,none
C000206,2026-01-01,music
C000207,2026-01-01,cloud
C000210,2026-01-01,insurance
C000212,2026-01-01,cloud
C000214,2026-01-01,none
C000218,2026-01-01,music
C000219,2026-01-01,gym
C000222,2026-01-01,none
C000223,2026-01-01,cloud
C000226,2026-01-01,insurance
C000228,2026-01-01,insurance
C000230,2026-01-01,insurance
C000233,2026-01-01,music
C000234,2026-01-01,music
C000235,2026-01-01,mobile
C000236,2026-01-01,mobile
C000237,2026-01-01,cloud
C000238,2026-01-01,gym
C000239,2026-01-01,software
C000240,2026-01-01,none
C000242,2026-01-01,mobile
C000245,2026-01-01,none
C000246,2026-01-01,cloud
C000248,2026-01-01,insurance
C000249,2026-01-01,none
C000250,2026-01-01,cloud
C000252,2026-01-01,none
C000254,2026-01-01,streaming
C000257,2026-01-01,cloud
C000259,2026-01-01,music
C000261,2026-01-01,none
C000262,2026-01-01,streaming
C000263,2026-01-01,cloud
C000264,2026-01-01,gym
C000265,2026-01-01,cloud
C000270,2026-01-01,none
C000271,2026-01-01,gym
C000272,2026-01-01,gym
C000274,2026-01-01,cloud
C000275,2026-01-01,cloud
C000276,2026-01-01,mobile
C000281,2026-01-01,insurance
C000283,2026-01-01,streaming
C000284,2026-01-01,software
C000285,2026-01-01,none
C000286,2026-01-01,music
C000290,2026-01-01,mobile
C000292,2026-01-01,none
C000295,2026-01-01,none
C000296,2026-01-01,music
C000297,2026-01-01,none
C000302,2026-01-01,none
C000306,2026-01-01,mobile
C000310,2026-01-01,none
C000311,2026-01-01,none
C000313,2026-01-01,cloud
C000319,2026-01-01,mobile
C000322,2026-01-01,music
C000323,2026-01-01,insurance
C000324,2026-01-01,none
C000326,2026-01-01,none
C000330,2026-01-01,gym
C000332,2026-01-01,none
C000336,2026-01-01,insurance
C000338,2026-01-01,none
C000339,2026-01-01,software
C000342,2026-01-01,software
C000343,2026-01-01,cloud
C000348,2026-01-01,music
C000350,2026-01-01,music
C000351,2026-01-01,software
C000352,2026-01-01,streaming
C000353,2026-01-01,mobile
C000356,2026-01-01,mobile
C000358,2026-01-01,none
C000361,2026-01-01,software
C000363,2026-01-01,software
C000364,2026-01-01,none
C000369,2026-01-01,none
C000372,2026-01-01,streaming
C000375,2026-01-01,software
C000376,2026-01-01,none
C000381,2026-01-01,mobile
C000382,2026-01-01,music
C000387,2026-01-01,none
C000388,2026-01-01,none
C000389,2026-01-01,none
C000390,2026-01-01,streaming
C000392,2026-01-01,streaming
C000394,2026-01-01,none
C000400,2026-01-01,none
C000401,2026-01-01,none
C000403,2026-01-01,insurance
C000406,2026-01-01,streaming
C000407,2026-01-01,streaming
C000408,2026-01-01,none
C000410,2026-01-01,mobile
C000414,2026-01-01,mobile
C000417,2026-01-01,none
C000418,2026-01-01,none
C000420,2026-01-01,gym
C000422,2026-01-01,none
C000424,2026-01-01,software
C000425,2026-01-01,streaming
C000426,2026-01-01,gym
C000427,2026-01-01,none
C000428,2026-01-01,none
C000431,2026-01-01,gym
C000433,2026-01-01,insurance
C000434,2026-01-01,none
C000436,2026-01-01,cloud
C000437,2026-01-01,none
C000438,2026-01-01,gym
C000443,2026-01-01,insurance
C000445,2026-01-01,none
C000446,2026-01-01,insurance
C000447,2026-01-01,insurance
C000448,2026-01-01,music
C000452,2026-01-01,gym
C000453,2026-01-01,streaming
C000454,2026-01-01,software
C000455,2026-01-01,cloud
C000456,2026-01-01,streaming
C000457,2026-01-01,insurance
C000458,2026-01-01,insurance
C000461,2026-01-01,insurance
C000462,2026-01-01,streaming
C000464,2026-01-01,none
C000465,2026-01-01,insurance
C000468,2026-01-01,insurance
C000469,2026-01-01,insurance
C000470,2026-01-01,streaming
C000471,2026-01-01,software
C000472,2026-01-01,gym
C000473,2026-01-01,gym
C000475,2026-01-01,mobile
C000477,2026-01-01,streaming
C000481,2026-01-01,gym
C000482,2026-01-01,streaming
C000484,2026-01-01,none
C000492,2026-01-01,none
C000493,2026-01-01,music
C000497,2026-01-01,none
C000498,2026-01-01,cloud
C000502,2026-01-01,insurance
C000503,2026-01-01,none
C000504,2026-01-01,music
C000506,2026-01-01,software
C000508,2026-01-01,none
C000509,2026-01-01,streaming
C000511,2026-01-01,software
C000512,2026-01-01,gym
C000513,2026-01-01,none
C000516,2026-01-01,streaming
C000518,2026-01-01,cloud
C000521,2026-01-01,music
C000523,2026-01-01,cloud
C000526,2026-01-01,none
C000529,2026-01-01,none
C000531,2026-01-01,gym
C000532,2026-01-01,mobile
C000534,2026-01-01,insurance
C000536,2026-01-01,insurance
C000539,2026-01-01,none
C000540,2026-01-01,none
C000543,2026-01-01,gym
C000544,2026-01-01,none
C000548,2026-01-01,none
C000549,2026-01-01,music
C000550,2026-01-01,none
C000551,2026-01-01,mobile
C000552,2026-01-01,none
C000555,2026-01-01,cloud
C000556,2026-01-01,insurance
C000557,2026-01-01,software
C000558,2026-01-01,none
C000559,2026-01-01,mobile
C000561,2026-01-01,none
C000563,2026-01-01,mobile
C000564,2026-01-01,music
C000567,2026-01-01,cloud
C000579,2026-01-01,gym
C000580,2026-01-01,cloud
C000586,2026-01-01,streaming
C000587,2026-01-01,gym
C000588,2026-01-01,cloud
C000592,2026-01-01,music
C000596,2026-01-01,cloud
C000597,2026-01-01,cloud
C000599,2026-01-01,insurance
C000600,2026-01-01,streaming
C000602,2026-01-01,none
C000605,2026-01-01,mobile
C000606,2026-01-01,streaming
C000607,2026-01-01,cloud
C000609,2026-01-01,cloud
C000612,2026-01-01,gym
C000615,2026-01-01,streaming
C000617,2026-01-01,none
C000618,2026-01-01,software
C000620,2026-01-01,streaming
C000621,2026-01-01,streaming
C000622,2026-01-01,music
C000624,2026-01-01,none
C000626,2026-01-01,streaming
C000627,2026-01-01,none
C000629,2026-01-01,cloud
C000630,2026-01-01,streaming
C000633,2026-01-01,gym
C000636,2026-01-01,insurance
C000638,2026-01-01,gym
C000639,2026-01-01,none
C000640,2026-01-01,insurance
C000641,2026-01-01,music
C000644,2026-01-01,music
C000645,2026-01-01,insurance
C000647,2026-01-01,mobile
C000648,2026-01-01,music
C000649,2026-01-01,mobile
C000651,2026-01-01,streaming
C000652,2026-01-01,streaming
C000657,2026-01-01,streaming
C000660,2026-01-01,none
C000665,2026-01-01,software
C000666,2026-01-01,gym
C000667,2026-01-01,cloud
C000668,2026-01-01,music
C000669,2026-01-01,music
C000670,2026-01-01,streaming
C000672,2026-01-01,cloud
C000675,2026-01-01,none
C000677,2026-01-01,none
C000678,2026-01-01,mobile
C000679,2026-01-01,streaming
C000680,2026-01-01,gym
C000681,2026-01-01,none
C000682,2026-01-01,cloud
C000683,2026-01-01,gym
C000684,2026-01-01,mobile
C000694,2026-01-01,none
C000696,2026-01-01,mobile
C000699,2026-01-01,streaming
C000700,2026-01-01,music
C000701,2026-01-01,music
C000702,2026-01-01,none
C000705,2026-01-01,streaming
C000707,2026-01-01,software
C000709,2026-01-01,insurance
C000712,2026-01-01,cloud
C000713,2026-01-01,mobile
C000717,2026-01-01,none
C000721,2026-01-01,none
C000725,2026-01-01,software
C000728,2026-01-01,insurance
C000732,2026-01-01,none
C000734,2026-01-01,streaming
C000735,2026-01-01,insurance
C000737,2026-01-01,software
C000738,2026-01-01,none
C000743,2026-01-01,none
C000746,2026-01-01,none
C000747,2026-01-01,insurance
C000749,2026-01-01,insurance
C000750,2026-01-01,none
C000756,2026-01-01,music
C000758,2026-01-01,none
C000761,2026-01-01,cloud
C000763,2026-01-01,cloud
C000764,2026-01-01,insurance
C000766,2026-01-01,none
C000769,2026-01-01,none
C000771,2026-01-01,streaming
C000772,2026-01-01,insurance
C000775,2026-01-01,software
C000776,2026-01-01,none
C000778,2026-01-01,cloud
C000781,2026-01-01,mobile
C000783,2026-01-01,streaming
C000787,2026-01-01,music
C000792,2026-01-01,none
C000793,2026-01-01,streaming
C000794,2026-01-01,gym
C000799,2026-01-01,insurance
C000800,2026-01-01,streaming
C000805,2026-01-01,music
C000807,2026-01-01,none
C000808,2026-01-01,none
C000815,2026-01-01,none
C000819,2026-01-01,insurance
C000821,2026-01-01,mobile
C000822,2026-01-01,none
C000823,2026-01-01,cloud
C000826,2026-01-01,cloud
C000827,2026-01-01,none
C000829,2026-01-01,none
C000831,2026-01-01,insurance
C000832,2026-01-01,none
C000835,2026-01-01,cloud
C000836,2026-01-01,cloud
C000837,2026-01-01,software
C000840,2026-01-01,music
C000841,2026-01-01,gym
C000842,2026-01-01,mobile
C000843,2026-01-01,music
C000844,2026-01-01,mobile
C000850,2026-01-01,mobile
C000851,2026-01-01,gym
C000854,2026-01-01,gym
C000856,2026-01-01,none
C000857,2026-01-01,streaming
C000858,2026-01-01,cloud
C000859,2026-01-01,insurance
C000862,2026-01-01,none
C000865,2026-01-01,none
C000868,2026-01-01,software
C000873,2026-01-01,streaming
C000874,2026-01-01,gym
C000877,2026-01-01,software
C000878,2026-01-01,software
C000880,2026-01-01,streaming
C000883,2026-01-01,insurance
C000885,2026-01-01,cloud
C000886,2026-01-01,streaming
C000887,2026-01-01,insurance
C000889,2026-01-01,music
C000891,2026-01-01,software
C000892,2026-01-01,insurance
C000894,2026-01-01,gym
C000895,2026-01-01,gym
C000901,2026-01-01,none
C000903,2026-01-01,software
C000904,2026-01-01,software
C000905,2026-01-01,none
C000907,2026-01-01,mobile
C000911,2026-01-01,none
C000912,2026-01-01,none
C000914,2026-01-01,insurance
C000916,2026-01-01,mobile
C000917,2026-01-01,cloud
C000920,2026-01-01,gym
C000921,2026-01-01,none
C000922,2026-01-01,streaming
C000923,2026-01-01,streaming
C000926,2026-01-01,gym
C000927,2026-01-01,gym
C000930,2026-01-01,software
C000931,2026-01-01,gym
C000932,2026-01-01,music
C000933,2026-01-01,gym
C000936,2026-01-01,music
C000938,2026-01-01,streaming
C000942,2026-01-01,none
C000948,2026-01-01,mobile
C000949,2026-01-01,streaming
C000950,2026-01-01,none
C000951,2026-01-01,music
C000954,2026-01-01,software
C000956,2026-01-01,none
C000957,2026-01-01,gym
C000958,2026-01-01,software
C000959,2026-01-01,none
C000964,2026-01-01,streaming
C000965,2026-01-01,cloud
C000966,2026-01-01,streaming
C000967,2026-01-01,gym
C000968,2026-01-01,streaming
C000971,2026-01-01,music
C000972,2026-01-01,music
C000974,2026-01-01,gym
C000975,2026-01-01,music
C000977,2026-01-01,streaming
C000980,2026-01-01,insurance
C000981,2026-01-01,none
C000983,2026-01-01,music
C000985,2026-01-01,none
C000988,2026-01-01,music
C000990,2026-01-01,mobile
C000993,2026-01-01,gym
C000994,2026-01-01,cloud
C000996,2026-01-01,software
C000997,2026-01-01,gym
C000998,2026-01-01,none
C000999,2026-01-01,none
C001000,2026-01-01,none
C001002,2026-01-01,music
C001004,2026-01-01,mobile
C001006,2026-01-01,cloud
C001008,2026-01-01,gym
C001013,2026-01-01,none
C001018,2026-01-01,music
C001020,2026-01-01,streaming
C001021,2026-01-01,none
C001022,2026-01-01,none
C001024,2026-01-01,none
C001027,2026-01-01,mobile
C001028,2026-01-01,gym
C001029,2026-01-01,gym
C001030,2026-01-01,none
C001033,2026-01-01,streaming
C001035,2026-01-01,insurance
C001037,2026-01-01,none
C001038,2026-01-01,none
C001040,2026-01-01,software
C001043,2026-01-01,cloud
C001046,2026-01-01,gym
C001050,2026-01-01,music
C001051,2026-01-01,music
C001055,2026-01-01,none
C001056,2026-01-01,insurance
C001060,2026-01-01,insurance
C001061,2026-01-01,none
C001062,2026-01-01,none
C001063,2026-01-01,cloud
C001064,2026-01-01,insurance
C001066,2026-01-01,none
C001067,2026-01-01,none
C001068,2026-01-01,insurance
C001072,2026-01-01,insurance
C001074,2026-01-01,software
C001075,2026-01-01,none
C001077,2026-01-01,streaming
C001080,2026-01-01,cloud
C001084,2026-01-01,software
C001086,2026-01-01,none
C001088,2026-01-01,streaming
C001090,2026-01-01,none
C001092,2026-01-01,mobile
C001093,2026-01-01,insurance
C001095,2026-01-01,gym
C001096,2026-01-01,software
C001098,2026-01-01,cloud
C001100,2026-01-01,streaming
C001102,2026-01-01,cloud
C001106,2026-01-01,insurance
C001108,2026-01-01,gym
C001109,2026-01-01,none
C001110,2026-01-01,cloud
C001112,2026-01-01,mobile
C001113,2026-01-01,none
C001115,2026-01-01,streaming
C001119,2026-01-01,none
C001120,2026-01-01,software
C001121,2026-01-01,insurance
C001122,2026-01-01,none
C001123,2026-01-01,mobile
C001129,2026-01-01,music
C001130,2026-01-01,streaming
C001132,2026-01-01,music
C001134,2026-01-01,cloud
C001135,2026-01-01,none
C001136,2026-01-01,insurance
C001138,2026-01-01,mobile
C001139,2026-01-01,none
C001140,2026-01-01,gym
C001141,2026-01-01,none
C001143,2026-01-01,software
C001147,2026-01-01,insurance
C001148,2026-01-01,none
C001149,2026-01-01,mobile
C001151,2026-01-01,none
C001152,2026-01-01,streaming
C001153,2026-01-01,gym
C001154,2026-01-01,music
C001156,2026-01-01,none
C001157,2026-01-01,none
C001160,2026-01-01,music
C001164,2026-01-01,insurance
C001165,2026-01-01,cloud
C001168,2026-01-01,streaming
C001170,2026-01-01,software
C001171,2026-01-01,insurance
C001172,2026-01-01,cloud
C001173,2026-01-01,cloud
C001174,2026-01-01,gym
C001175,2026-01-01,none
C001176,2026-01-01,cloud
C001181,2026-01-01,mobile
C001182,2026-01-01,software
C001183,2026-01-01,none
C001184,2026-01-01,gym
C001185,2026-01-01,software
C001188,2026-01-01,software
C001191,2026-01-01,music
C001192,2026-01-01,software
C001194,2026-01-01,none
C001202,2026-01-01,none
C001203,2026-01-01,software
C001204,2026-01-01,streaming
C001207,2026-01-01,none
C001209,2026-01-01,streaming
C001210,2026-01-01,streaming
C001211,2026-01-01,cloud
C001214,2026-01-01,music
C001216,2026-01-01,streaming
C001220,2026-01-01,cloud
C001221,2026-01-01,none
C001222,2026-01-01,insurance
C001223,2026-01-01,none
C001224,2026-01-01,none
C001225,2026-01-01,none
C001229,2026-01-01,insurance
C001230,2026-01-01,none
C001232,2026-01-01,none
C001234,2026-01-01,insurance
C001237,2026-01-01,gym
C001238,2026-01-01,none
C001239,2026-01-01,cloud
C001241,2026-01-01,software
C001243,2026-01-01,software
C001244,2026-01-01,streaming
C001248,2026-01-01,none
C001249,2026-01-01,software
C001252,2026-01-01,cloud
C001254,2026-01-01,cloud
C001255,2026-01-01,music
C001256,2026-01-01,streaming
C001258,2026-01-01,gym
C001260,2026-01-01,none
C001265,2026-01-01,gym
C001266,2026-01-01,music
C001267,2026-01-01,streaming
C001268,2026-01-01,none
C001269,2026-01-01,mobile
C001271,2026-01-01,music
C001272,2026-01-01,none
C001275,2026-01-01,streaming
C001276,2026-01-01,software
C001279,2026-01-01,cloud
C001280,2026-01-01,none
C001283,2026-01-01,software
C001284,2026-01-01,none
C001288,2026-01-01,software
C001289,2026-01-01,none
C001290,2026-01-01,insurance
C001291,2026-01-01,mobile
C001292,2026-01-01,streaming
C001293,2026-01-01,streaming
C001294,2026-01-01,streaming
C001299,2026-01-01,insurance
C001301,2026-01-01,none
C001306,2026-01-01,insurance
C001307,2026-01-01,streaming
C001308,2026-01-01,none
C001310,2026-01-01,cloud
C001312,2026-01-01,cloud
C001316,2026-01-01,none
C001317,2026-01-01,none
C001318,2026-01-01,none
C001320,2026-01-01,cloud
C001321,2026-01-01,mobile
C001322,2026-01-01,mobile
C001323,2026-01-01,music
C001324,2026-01-01,none
C001326,2026-01-01,none
C001328,2026-01-01,none
C001331,2026-01-01,none
C001335,2026-01-01,cloud
C001336,2026-01-01,none
C001337,2026-01-01,software
C001340,2026-01-01,none
C001345,2026-01-01,none
C001347,2026-01-01,none
C001348,2026-01-01,none
C001351,2026-01-01,insurance
C001354,2026-01-01,cloud
C001355,2026-01-01,none
C001356,2026-01-01,cloud
C001359,2026-01-01,streaming
C001361,2026-01-01,none
C001364,2026-01-01,mobile
C001366,2026-01-01,none
C001367,2026-01-01,cloud
C001374,2026-01-01,cloud
C001377,2026-01-01,none
C001378,2026-01-01,insurance
C001380,2026-01-01,none
C001382,2026-01-01,none
C001385,2026-01-01,none
C001386,2026-01-01,insurance
C001389,2026-01-01,none
C001391,2026-01-01,music
C001397,2026-01-01,cloud
C001399,2026-01-01,mobile
C001400,2026-01-01,streaming
C001402,2026-01-01,none
C001406,2026-01-01,cloud
C001408,2026-01-01,none
C001409,2026-01-01,none
C001410,2026-01-01,insurance
C001413,2026-01-01,none
C001414,2026-01-01,music
C001415,2026-01-01,none
C001416,2026-01-01,insurance
C001417,2026-01-01,streaming
C001419,2026-01-01,insurance
C001420,2026-01-01,music
C001421,2026-01-01,music
C001422,2026-01-01,music
C001424,2026-01-01,software
C001427,2026-01-01,cloud
C001428,2026-01-01,insurance
C001433,2026-01-01,gym
C001436,2026-01-01,insurance
C001437,2026-01-01,cloud
C001439,2026-01-01,cloud
C001440,2026-01-01,none
C001441,2026-01-01,insurance
C001442,2026-01-01,insurance
C001444,2026-01-01,none
C001445,2026-01-01,mobile
C001446,2026-01-01,none
C001448,2026-01-01,mobile
C001449,2026-01-01,music
C001450,2026-01-01,mobile
C001451,2026-01-01,none
C001452,2026-01-01,streaming
C001453,2026-01-01,mobile
C001457,2026-01-01,cloud
C001458,2026-01-01,cloud
C001459,2026-01-01,mobile
C001460,2026-01-01,none
C001461,2026-01-01,insurance
C001462,2026-01-01,music
C001463,2026-01-01,mobile
C001467,2026-01-01,cloud
C001469,2026-01-01,gym
C001470,2026-01-01,insurance
C001472,2026-01-01,none
C001474,2026-01-01,software
C001475,2026-01-01,none
C001484,2026-01-01,gym
C001485,2026-01-01,none
C001486,2026-01-01,mobile
C001487,2026-01-01,gym
C001492,2026-01-01,mobile
C001493,2026-01-01,none
C001497,2026-01-01,cloud
C001498,2026-01-01,software
C001499,2026-01-01,gym
C001500,2026-01-01,software
C001501,2026-01-01,cloud
C001503,2026-01-01,none
C001504,2026-01-01,cloud
C001506,2026-01-01,streaming
C001509,2026-01-01,mobile
C001513,2026-01-01,gym
C001514,2026-01-01,mobile
C001516,2026-01-01,none
C001517,2026-01-01,software
C001520,2026-01-01,gym
C001524,2026-01-01,music
C001525,2026-01-01,none
C001526,2026-01-01,gym
C001527,2026-01-01,software
C001530,2026-01-01,mobile
C001533,2026-01-01,software
C001536,2026-01-01,software
C001540,2026-01-01,mobile
C001548,2026-01-01,insurance
C001549,2026-01-01,mobile
C001554,2026-01-01,insurance
C001555,2026-01-01,none
C001560,2026-01-01,streaming
C001561,2026-01-01,mobile
C001564,2026-01-01,insurance
C001567,2026-01-01,gym
C001569,2026-01-01,music
C001570,2026-01-01,software
C001571,2026-01-01,software
C001572,2026-01-01,none
C001574,2026-01-01,software
C001575,2026-01-01,mobile
C001576,2026-01-01,none
C001577,2026-01-01,gym
C001578,2026-01-01,gym
C001581,2026-01-01,none
C001582,2026-01-01,music
C001583,2026-01-01,music
C001584,2026-01-01,streaming
C001585,2026-01-01,streaming
C001587,2026-01-01,none
C001589,2026-01-01,mobile
C001590,2026-01-01,mobile
C001591,2026-01-01,insurance
C001592,2026-01-01,none
C001593,2026-01-01,insurance
C001594,2026-01-01,insurance
C001599,2026-01-01,music
C001600,2026-01-01,mobile
C001601,2026-01-01,streaming
C001602,2026-01-01,none
C001604,2026-01-01,gym
C001607,2026-01-01,gym
C001608,2026-01-01,gym
C001613,2026-01-01,streaming
C001614,2026-01-01,insurance
C001615,2026-01-01,streaming
C001616,2026-01-01,none
C001617,2026-01-01,mobile
C001618,2026-01-01,none
C001621,2026-01-01,streaming
C001624,2026-01-01,none
C001625,2026-01-01,none
C001626,2026-01-01,none
C001627,2026-01-01,none
C001631,2026-01-01,none
C001634,2026-01-01,mobile
C001635,2026-01-01,streaming
C001639,2026-01-01,music
C001640,2026-01-01,none
C001641,2026-01-01,insurance
C001642,2026-01-01,none
C001644,2026-01-01,none
C001645,2026-01-01,none
C001648,2026-01-01,software
C001650,2026-01-01,insurance
C001655,2026-01-01,streaming
C001656,2026-01-01,insurance
C001660,2026-01-01,none
C001662,2026-01-01,cloud
C001664,2026-01-01,music
C001665,2026-01-01,none
C001666,2026-01-01,none
C001668,2026-01-01,mobile
C001670,2026-01-01,gym
C001672,2026-01-01,mobile
C001673,2026-01-01,streaming
C001674,2026-01-01,music
C001676,2026-01-01,streaming
C001678,2026-01-01,gym
C001680,2026-01-01,music
C001681,2026-01-01,streaming
C001682,2026-01-01,none
C001686,2026-01-01,music
C001692,2026-01-01,software
C001695,2026-01-01,none
C001697,2026-01-01,none
C001699,2026-01-01,none
C001700,2026-01-01,none
C001703,2026-01-01,insurance
C001704,2026-01-01,mobile
C001705,2026-01-01,streaming
C001706,2026-01-01,insurance
C001707,2026-01-01,gym
C001708,2026-01-01,none
C001710,2026-01-01,gym
C001712,2026-01-01,insurance
C001713,2026-01-01,none
C001715,2026-01-01,gym
C001717,2026-01-01,cloud
C001718,2026-01-01,mobile
C001719,2026-01-01,gym
C001720,2026-01-01,none
C001721,2026-01-01,streaming
C001723,2026-01-01,streaming
C001724,2026-01-01,gym
C001732,2026-01-01,none
C001734,2026-01-01,software
C001735,2026-01-01,streaming
C001736,2026-01-01,music
C001737,2026-01-01,cloud
C001740,2026-01-01,cloud
C001742,2026-01-01,software
C001744,2026-01-01,gym
C001749,2026-01-01,cloud
C001751,2026-01-01,none
C001753,2026-01-01,software
C001755,2026-01-01,streaming
C001757,2026-01-01,streaming
C001758,2026-01-01,cloud
C001760,2026-01-01,music
C001762,2026-01-01,none
C001765,2026-01-01,none
C001766,2026-01-01,none
C001768,2026-01-01,none
C001772,2026-01-01,insurance
C001773,2026-01-01,cloud
C001778,2026-01-01,software
C001779,2026-01-01,gym
C001785,2026-01-01,music
C001787,2026-01-01,software
C001788,2026-01-01,cloud
C001789,2026-01-01,cloud
C001791,2026-01-01,mobile
C001792,2026-01-01,software
C001793,2026-01-01,software
C001794,2026-01-01,software
C001795,2026-01-01,streaming
C001797,2026-01-01,none
C001799,2026-01-01,streaming
C001801,2026-01-01,none
C001802,2026-01-01,none
C001806,2026-01-01,music
C001809,2026-01-01,software
C001810,2026-01-01,none
C001813,2026-01-01,insurance
C001815,2026-01-01,gym
C001817,2026-01-01,streaming
C001818,2026-01-01,insurance
C001820,2026-01-01,insurance
C001824,2026-01-01,insurance
C001826,2026-01-01,streaming
C001827,2026-01-01,gym
C001832,2026-01-01,streaming
C001834,2026-01-01,gym
C001838,2026-01-01,streaming
C001840,2026-01-01,none
C001841,2026-01-01,music
C001843,2026-01-01,gym
C001844,2026-01-01,mobile
C001846,2026-01-01,insurance
C001848,2026-01-01,streaming
C001849,2026-01-01,none
C001850,2026-01-01,cloud
C001851,2026-01-01,streaming
C001854,2026-01-01,gym
C001855,2026-01-01,streaming
C001856,2026-01-01,cloud
C001857,2026-01-01,streaming
C001859,2026-01-01,insurance
C001860,2026-01-01,music
C001863,2026-01-01,mobile
C001864,2026-01-01,none
C001866,2026-01-01,none
C001867,2026-01-01,none
C001871,2026-01-01,none
C001873,2026-01-01,cloud
C001875,2026-01-01,music
C001879,2026-01-01,mobile
C001880,2026-01-01,none
C001881,2026-01-01,streaming
C001884,2026-01-01,insurance
C001886,2026-01-01,gym
C001891,2026-01-01,mobile
C001893,2026-01-01,mobile
C001894,2026-01-01,cloud
C001896,2026-01-01,cloud
C001897,2026-01-01,none
C001898,2026-01-01,gym
C001900,2026-01-01,music
C001903,2026-01-01,mobile
C001904,2026-01-01,insurance
C001909,2026-01-01,insurance
C001911,2026-01-01,cloud
C001914,2026-01-01,insurance
C001921,2026-01-01,none
C001922,2026-01-01,mobile
C001923,2026-01-01,music
C001928,2026-01-01,none
C001929,2026-01-01,music
C001930,2026-01-01,insurance
C001931,2026-01-01,streaming
C001932,2026-01-01,software
C001933,2026-01-01,software
C001934,2026-01-01,none
C001935,2026-01-01,streaming
C001937,2026-01-01,insurance
C001939,2026-01-01,none
C001940,2026-01-01,mobile
C001942,2026-01-01,gym
C001943,2026-01-01,insurance
C001947,2026-01-01,music
C001948,2026-01-01,none
C001949,2026-01-01,cloud
C001950,2026-01-01,gym
C001951,2026-01-01,music
C001952,2026-01-01,none
C001953,2026-01-01,insurance
C001955,2026-01-01,software
C001956,2026-01-01,none
C001958,2026-01-01,cloud
C001960,2026-01-01,none
C001962,2026-01-01,none
C001964,2026-01-01,streaming
C001965,2026-01-01,cloud
C001966,2026-01-01,music
C001968,2026-01-01,none
C001970,2026-01-01,mobile
C001973,2026-01-01,mobile
C001974,2026-01-01,gym
C001975,2026-01-01,none
C001978,2026-01-01,insurance
C001983,2026-01-01,streaming
C001984,2026-01-01,gym
C001987,2026-01-01,none
C001993,2026-01-01,none
C001994,2026-01-01,insurance
C001995,2026-01-01,none
C001996,2026-01-01,streaming
C001997,2026-01-01,music
C002000,2026-01-01,cloud
C002002,2026-01-01,none
C002003,2026-01-01,none
C002004,2026-01-01,music
C002005,2026-01-01,software
C002008,2026-01-01,music
C002010,2026-01-01,music
C002012,2026-01-01,none
C002013,2026-01-01,cloud
C002014,2026-01-01,insurance
C002015,2026-01-01,insurance
C002020,2026-01-01,gym
C002021,2026-01-01,mobile
C002022,2026-01-01,cloud
C002024,2026-01-01,music
C002025,2026-01-01,gym
C002026,2026-01-01,none
C002028,2026-01-01,none
C002031,2026-01-01,none
C002033,2026-01-01,insurance
C002037,2026-01-01,music
C002039,2026-01-01,music
C002040,2026-01-01,music
C002041,2026-01-01,mobile
C002042,2026-01-01,software
C002044,2026-01-01,mobile
C002045,2026-01-01,mobile
C002046,2026-01-01,none
C002049,2026-01-01,streaming
C002050,2026-01-01,none
C002051,2026-01-01,none
C002053,2026-01-01,none
C002056,2026-01-01,music
C002057,2026-01-01,music
C002061,2026-01-01,software
C002064,2026-01-01,cloud
C002067,2026-01-01,cloud
C002068,2026-01-01,none
C002069,2026-01-01,cloud
C002072,2026-01-01,gym
C002074,2026-01-01,mobile
C002075,2026-01-01,software
C002076,2026-01-01,streaming
C002078,2026-01-01,insurance
C002079,2026-01-01,streaming
C002081,2026-01-01,insurance
C002082,2026-01-01,none
C002084,2026-01-01,music
C002085,2026-01-01,none
C002086,2026-01-01,gym
C002088,2026-01-01,none
C002089,2026-01-01,music
C002091,2026-01-01,gym
C002094,2026-01-01,music
C002095,2026-01-01,none
C002097,2026-01-01,none
C002098,2026-01-01,software
C002100,2026-01-01,mobile
C002101,2026-01-01,none
C002103,2026-01-01,streaming
C002104,2026-01-01,none
C002108,2026-01-01,insurance
C002111,2026-01-01,none
C002113,2026-01-01,insurance
C002115,2026-01-01,none
C002116,2026-01-01,insurance
C002117,2026-01-01,cloud
C002118,2026-01-01,gym
C002119,2026-01-01,insurance
C002121,2026-01-01,mobile
C002122,2026-01-01,cloud
C002124,2026-01-01,none
C002126,2026-01-01,mobile
C002127,2026-01-01,mobile
C002128,2026-01-01,music
C002129,2026-01-01,music
C002134,2026-01-01,software
C002136,2026-01-01,streaming
C002138,2026-01-01,software
C002139,2026-01-01,none
C002142,2026-01-01,gym
C002144,2026-01-01,mobile
C002146,2026-01-01,none
C002147,2026-01-01,insurance
C002148,2026-01-01,music
C002149,2026-01-01,none
C002150,2026-01-01,none
C002151,2026-01-01,music
C002153,2026-01-01,software
C002154,2026-01-01,gym
C002157,2026-01-01,none
C002158,2026-01-01,none
C002160,2026-01-01,insurance
C002162,2026-01-01,none
C002163,2026-01-01,none
C002165,2026-01-01,cloud
C002166,2026-01-01,gym
C002167,2026-01-01,none
C002168,2026-01-01,none
C002172,2026-01-01,music
C002173,2026-01-01,cloud
C002174,2026-01-01,music
C002175,2026-01-01,music
C002176,2026-01-01,music
C002177,2026-01-01,music
C002183,2026-01-01,mobile
C002184,2026-01-01,mobile
C002187,2026-01-01,mobile
C002188,2026-01-01,none
C002189,2026-01-01,gym
C002191,2026-01-01,insurance
C002194,2026-01-01,none
C002195,2026-01-01,none
C002196,2026-01-01,streaming
C002197,2026-01-01,none
C002198,2026-01-01,none
C002199,2026-01-01,none
C002200,2026-01-01,insurance
C002206,2026-01-01,cloud
C002212,2026-01-01,music
C002215,2026-01-01,streaming
C002216,2026-01-01,gym
C002218,2026-01-01,gym
C002222,2026-01-01,none
C002227,2026-01-01,software
C002232,2026-01-01,cloud
C002234,2026-01-01,none
C002235,2026-01-01,gym
C002236,2026-01-01,insurance
C002238,2026-01-01,none
C002241,2026-01-01,streaming
C002242,2026-01-01,music
C002243,2026-01-01,streaming
C002245,2026-01-01,none
C002247,2026-01-01,none
C002250,2026-01-01,streaming
C002251,2026-01-01,software
C002256,2026-01-01,software
C002261,2026-01-01,gym
C002265,2026-01-01,none
C002266,2026-01-01,music
C002274,2026-01-01,none
C002275,2026-01-01,gym
C002276,2026-01-01,none
C002277,2026-01-01,software
C002278,2026-01-01,none
C002280,2026-01-01,none
C002281,2026-01-01,none
C002282,2026-01-01,cloud
C002285,2026-01-01,none
C002286,2026-01-01,none
C002288,2026-01-01,cloud
C002291,2026-01-01,none
C002292,2026-01-01,mobile
C002293,2026-01-01,software
C002294,2026-01-01,software
C002296,2026-01-01,none
C002297,2026-01-01,streaming
C002299,2026-01-01,none
C002300,2026-01-01,cloud
C002301,2026-01-01,mobile
C002303,2026-01-01,music
C002304,2026-01-01,none
C002307,2026-01-01,none
C002310,2026-01-01,none
C002311,2026-01-01,music
C002312,2026-01-01,software
C002313,2026-01-01,none
C002316,2026-01-01,gym
C002318,2026-01-01,none
C002320,2026-01-01,gym
C002321,2026-01-01,none
C002323,2026-01-01,cloud
C002331,2026-01-01,software
C002333,2026-01-01,music
C002335,2026-01-01,none
C002338,2026-01-01,insurance
C002346,2026-01-01,none
C002349,2026-01-01,none
C002351,2026-01-01,none
C002353,2026-01-01,insurance
C002354,2026-01-01,software
C002355,2026-01-01,music
C002358,2026-01-01,mobile
C002360,2026-01-01,music
C002361,2026-01-01,none
C002362,2026-01-01,gym
C002363,2026-01-01,none
C002365,2026-01-01,music
C002366,2026-01-01,none
C002367,2026-01-01,streaming
C002368,2026-01-01,cloud
C002370,2026-01-01,music
C002371,2026-01-01,none
C002372,2026-01-01,software
C002373,2026-01-01,music
C002375,2026-01-01,none
C002376,2026-01-01,streaming
C002378,2026-01-01,none
C002379,2026-01-01,software
C002380,2026-01-01,mobile
C002382,2026-01-01,none
C002386,2026-01-01,none
C002388,2026-01-01,software
C002389,2026-01-01,none
C002394,2026-01-01,none
C002395,2026-01-01,software
C002397,2026-01-01,none
C002398,2026-01-01,cloud
C002399,2026-01-01,mobile
C002401,2026-01-01,streaming
C002402,2026-01-01,none
C002404,2026-01-01,none
C002405,2026-01-01,insurance
C002406,2026-01-01,software
C002413,2026-01-01,none
C002414,2026-01-01,none
C002419,2026-01-01,mobile
C002421,2026-01-01,streaming
C002424,2026-01-01,music
C002426,2026-01-01,music
C002428,2026-01-01,streaming
C002429,2026-01-01,insurance
C002430,2026-01-01,none
C002431,2026-01-01,cloud
C002438,2026-01-01,none
C002439,2026-01-01,none
C002441,2026-01-01,insurance
C002442,2026-01-01,software
C002448,2026-01-01,none
C002449,2026-01-01,software
C002450,2026-01-01,none
C002451,2026-01-01,insurance
C002452,2026-01-01,insurance
C002456,2026-01-01,software
C002457,2026-01-01,cloud
C002458,2026-01-01,insurance
C002460,2026-01-01,none
C002461,2026-01-01,none
C002462,2026-01-01,mobile
C002463,2026-01-01,none
C002474,2026-01-01,streaming
C002476,2026-01-01,gym
C002479,2026-01-01,none
C002485,2026-01-01,gym
C002488,2026-01-01,none
C002490,2026-01-01,insurance
C002491,2026-01-01,streaming
C002492,2026-01-01,streaming
C002493,2026-01-01,none
C002495,2026-01-01,mobile
C002498,2026-01-01,mobile
C002499,2026-01-01,cloud
C002500,2026-01-01,gym
C002501,2026-01-01,none
C002503,2026-01-01,none
C002512,2026-01-01,cloud
C002514,2026-01-01,insurance
C002516,2026-01-01,software
C002519,2026-01-01,streaming
C002522,2026-01-01,software
C002523,2026-01-01,insurance
C002526,2026-01-01,mobile
C002527,2026-01-01,none
C002528,2026-01-01,none
C002530,2026-01-01,cloud
C002531,2026-01-01,mobile
C002533,2026-01-01,none
C002534,2026-01-01,streaming
C002539,2026-01-01,insurance
C002541,2026-01-01,software
C002542,2026-01-01,streaming
C002544,2026-01-01,software
C002548,2026-01-01,software
C002550,2026-01-01,software
C002553,2026-01-01,insurance
C002555,2026-01-01,insurance
C002559,2026-01-01,none
C002563,2026-01-01,insurance
C002564,2026-01-01,none
C002566,2026-01-01,mobile
C002567,2026-01-01,none
C002569,2026-01-01,insurance
C002571,2026-01-01,music
C002573,2026-01-01,none
C002581,2026-01-01,streaming
C002585,2026-01-01,none
C002587,2026-01-01,music
C002590,2026-01-01,none
C002594,2026-01-01,music
C002595,2026-01-01,mobile
C002599,2026-01-01,none
C002606,2026-01-01,music
C002608,2026-01-01,gym
C002610,2026-01-01,mobile
C002611,2026-01-01,none
C002612,2026-01-01,mobile
C002615,2026-01-01,music
C002617,2026-01-01,none
C002620,2026-01-01,software
C002621,2026-01-01,cloud
C002622,2026-01-01,streaming
C002623,2026-01-01,mobile
C002625,2026-01-01,gym
C002626,2026-01-01,insurance
C002627,2026-01-01,none
C002628,2026-01-01,streaming
C002629,2026-01-01,none
C002634,2026-01-01,none
C002635,2026-01-01,gym
C002636,2026-01-01,none
C002637,2026-01-01,gym
C002638,2026-01-01,streaming
C002642,2026-01-01,software
C002643,2026-01-01,none
C002644,2026-01-01,none
C002647,2026-01-01,mobile
C002649,2026-01-01,software
C002650,2026-01-01,none
C002653,2026-01-01,gym
C002655,2026-01-01,streaming
C002656,2026-01-01,software
C002657,2026-01-01,music
C002660,2026-01-01,gym
C002663,2026-01-01,none
C002665,2026-01-01,music
C002666,2026-01-01,none
C002667,2026-01-01,gym
C002668,2026-01-01,none
C002671,2026-01-01,none
C002677,2026-01-01,cloud
C002678,2026-01-01,mobile
C002680,2026-01-01,cloud
C002683,2026-01-01,none
C002686,2026-01-01,gym
C002687,2026-01-01,software
C002688,2026-01-01,mobile
C002689,2026-01-01,music
C002692,2026-01-01,none
C002694,2026-01-01,software
C002696,2026-01-01,gym
C002697,2026-01-01,mobile
C002698,2026-01-01,streaming
C002699,2026-01-01,cloud
C002700,2026-01-01,software
C002703,2026-01-01,none
C002705,2026-01-01,none
C002707,2026-01-01,cloud
C002714,2026-01-01,gym
C002715,2026-01-01,cloud
C002719,2026-01-01,music
C002720,2026-01-01,gym
C002721,2026-01-01,none
C002725,2026-01-01,music
C002729,2026-01-01,streaming
C002731,2026-01-01,none
C002733,2026-01-01,software
C002734,2026-01-01,music
C002736,2026-01-01,insurance
C002737,2026-01-01,music
C002738,2026-01-01,insurance
C002739,2026-01-01,music
C002740,2026-01-01,gym
C002742,2026-01-01,mobile
C002746,2026-01-01,streaming
C002747,2026-01-01,cloud
C002749,2026-01-01,mobile
C002751,2026-01-01,none
C002753,2026-01-01,software
C002755,2026-01-01,mobile
C002757,2026-01-01,mobile
C002758,2026-01-01,none
C002760,2026-01-01,software
C002762,2026-01-01,cloud
C002764,2026-01-01,software
C002767,2026-01-01,insurance
C002768,2026-01-01,none
C002769,2026-01-01,insurance
C002771,2026-01-01,insurance
C002772,2026-01-01,gym
C002773,2026-01-01,gym
C002775,2026-01-01,none
C002779,2026-01-01,streaming
C002780,2026-01-01,gym
C002786,2026-01-01,gym
C002788,2026-01-01,software
C002793,2026-01-01,none
C002794,2026-01-01,software
C002795,2026-01-01,software
C002796,2026-01-01,music
C002798,2026-01-01,insurance
C002800,2026-01-01,none
C002801,2026-01-01,none
C002802,2026-01-01,streaming
C002804,2026-01-01,none
C002805,2026-01-01,none
C002808,2026-01-01,none
C002809,2026-01-01,mobile
C002810,2026-01-01,streaming
C002812,2026-01-01,cloud
C002813,2026-01-01,mobile
C002814,2026-01-01,music
C002816,2026-01-01,music
C002817,2026-01-01,music
C002820,2026-01-01,cloud
C002821,2026-01-01,mobile
C002822,2026-01-01,cloud
C002826,2026-01-01,streaming
C002829,2026-01-01,software
C002834,2026-01-01,streaming
C002836,2026-01-01,streaming
C002838,2026-01-01,software
C002839,2026-01-01,streaming
C002840,2026-01-01,none
C002842,2026-01-01,none
C002843,2026-01-01,cloud
C002844,2026-01-01,music
C002846,2026-01-01,none
C002847,2026-01-01,none
C002849,2026-01-01,cloud
C002851,2026-01-01,none
C002852,2026-01-01,software
C002853,2026-01-01,insurance
C002855,2026-01-01,gym
C002856,2026-01-01,streaming
C002859,2026-01-01,gym
C002861,2026-01-01,none
C002862,2026-01-01,gym
C002863,2026-01-01,cloud
C002866,2026-01-01,gym
C002869,2026-01-01,none
C002870,2026-01-01,streaming
C002871,2026-01-01,insurance
C002876,2026-01-01,none
C002877,2026-01-01,cloud
C002879,2026-01-01,streaming
C002880,2026-01-01,none
C002883,2026-01-01,cloud
C002884,2026-01-01,software
C002885,2026-01-01,insurance
C002889,2026-01-01,music
C002890,2026-01-01,cloud
C002891,2026-01-01,software
C002892,2026-01-01,none
C002894,2026-01-01,none
C002895,2026-01-01,cloud
C002896,2026-01-01,software
C002898,2026-01-01,gym
C002899,2026-01-01,none
C002900,2026-01-01,software
C002902,2026-01-01,music
C002903,2026-01-01,none
C002907,2026-01-01,none
C002908,2026-01-01,gym
C002909,2026-01-01,mobile
C002910,2026-01-01,streaming
C002912,2026-01-01,insurance
C002913,2026-01-01,none
C002916,2026-01-01,streaming
C002918,2026-01-01,streaming
C002919,2026-01-01,none
C002920,2026-01-01,music
C002924,2026-01-01,insurance
C002926,2026-01-01,none
C002927,2026-01-01,music
C002928,2026-01-01,none
C002931,2026-01-01,cloud
C002932,2026-01-01,mobile
C002934,2026-01-01,none
C002935,2026-01-01,insurance
C002940,2026-01-01,mobile
C002941,2026-01-01,gym
C002942,2026-01-01,mobile
C002943,2026-01-01,none
C002948,2026-01-01,none
C002953,2026-01-01,gym
C002955,2026-01-01,none
C002957,2026-01-01,streaming
C002958,2026-01-01,software
C002964,2026-01-01,gym
C002966,2026-01-01,streaming
C002967,2026-01-01,streaming
C002970,2026-01-01,streaming
C002971,2026-01-01,none
C002973,2026-01-01,none
C002975,2026-01-01,streaming
C002977,2026-01-01,none
C002987,2026-01-01,mobile
C002988,2026-01-01,streaming
C002989,2026-01-01,none
C002990,2026-01-01,none
C002994,2026-01-01,software
C002996,2026-01-01,streaming
C002998,2026-01-01,cloud
C002999,2026-01-01,none
C003001,2026-01-01,mobile
C003004,2026-01-01,none
C003006,2026-01-01,none
C003007,2026-01-01,none
C003008,2026-01-01,cloud
C003009,2026-01-01,cloud
C003010,2026-01-01,none
C003011,2026-01-01,insurance
C003015,2026-01-01,streaming
C003017,2026-01-01,mobile
C003020,2026-01-01,mobile
C003023,2026-01-01,none
C003024,2026-01-01,music
C003025,2026-01-01,insurance
C003026,2026-01-01,insurance
C003031,2026-01-01,none
C003034,2026-01-01,insurance
C003035,2026-01-01,software
C003037,2026-01-01,mobile
C003038,2026-01-01,none
C003041,2026-01-01,none
C003044,2026-01-01,none
C003046,2026-01-01,none
C003049,2026-01-01,streaming
C003051,2026-01-01,music
C003054,2026-01-01,none
C003058,2026-01-01,gym
C003060,2026-01-01,gym
C003062,2026-01-01,mobile
C003065,2026-01-01,music
C003066,2026-01-01,mobile
C003067,2026-01-01,software
C003071,2026-01-01,software
C003072,2026-01-01,none
C003073,2026-01-01,none
C003075,2026-01-01,software
C003076,2026-01-01,mobile
C003079,2026-01-01,insurance
C003083,2026-01-01,mobile
C003084,2026-01-01,software
C003085,2026-01-01,streaming
C003086,2026-01-01,none
C003095,2026-01-01,none
C003096,2026-01-01,streaming
C003098,2026-01-01,none
C003099,2026-01-01,none
C003100,2026-01-01,none
C003106,2026-01-01,insurance
C003108,2026-01-01,software
C003110,2026-01-01,insurance
C003112,2026-01-01,gym
C003113,2026-01-01,none
C003114,2026-01-01,none
C003116,2026-01-01,none
C003118,2026-01-01,software
C003119,2026-01-01,software
C003122,2026-01-01,mobile
C003124,2026-01-01,none
C003126,2026-01-01,none
C003127,2026-01-01,mobile
C003129,2026-01-01,insurance
C003132,2026-01-01,streaming
C003138,2026-01-01,software
C003139,2026-01-01,streaming
C003140,2026-01-01,cloud
C003143,2026-01-01,music
C003144,2026-01-01,none
C003145,2026-01-01,none
C003146,2026-01-01,streaming
C003147,2026-01-01,none
C003148,2026-01-01,none
C003149,2026-01-01,software
C003150,2026-01-01,cloud
C003152,2026-01-01,none
C003153,2026-01-01,insurance
C003154,2026-01-01,music
C003155,2026-01-01,none
C003157,2026-01-01,none
C003160,2026-01-01,gym
C003162,2026-01-01,insurance
C003163,2026-01-01,none
C003164,2026-01-01,music
C003167,2026-01-01,streaming
C003176,2026-01-01,mobile
C003178,2026-01-01,music
C003180,2026-01-01,insurance
C003184,2026-01-01,streaming
C003185,2026-01-01,none
C003186,2026-01-01,none
C003188,2026-01-01,music
C003189,2026-01-01,music
C003191,2026-01-01,gym
C003194,2026-01-01,gym
C003196,2026-01-01,cloud
C003197,2026-01-01,streaming
C003198,2026-01-01,insurance
C003201,2026-01-01,none
C003202,2026-01-01,music
C003203,2026-01-01,music
C003205,2026-01-01,music
C003206,2026-01-01,music
C003210,2026-01-01,gym
C003211,2026-01-01,music
C003214,2026-01-01,software
C003216,2026-01-01,streaming
C003217,2026-01-01,cloud
C003218,2026-01-01,insurance
C003220,2026-01-01,none
C003223,2026-01-01,none
C003228,2026-01-01,insurance
C003229,2026-01-01,streaming
C003231,2026-01-01,none
C003232,2026-01-01,cloud
C003233,2026-01-01,music
C003234,2026-01-01,streaming
C003238,2026-01-01,mobile
C003240,2026-01-01,music
C003242,2026-01-01,none
C003243,2026-01-01,mobile
C003244,2026-01-01,music
C003246,2026-01-01,software
C003247,2026-01-01,none
C003248,2026-01-01,insurance
C003249,2026-01-01,cloud
C003250,2026-01-01,insurance
C003252,2026-01-01,cloud
C003254,2026-01-01,mobile
C003256,2026-01-01,music
C003257,2026-01-01,none
C003259,2026-01-01,gym
C003260,2026-01-01,none
C003261,2026-01-01,none
C003266,2026-01-01,insurance
C003268,2026-01-01,none
C003270,2026-01-01,software
C003278,2026-01-01,none
C003280,2026-01-01,none
C003281,2026-01-01,none
C003282,2026-01-01,none
C003283,2026-01-01,gym
C003285,2026-01-01,streaming
C003290,2026-01-01,none
C003294,2026-01-01,mobile
C003295,2026-01-01,insurance
C003299,2026-01-01,none
C003301,2026-01-01,software
C003302,2026-01-01,insurance
C003303,2026-01-01,none
C003305,2026-01-01,none
C003306,2026-01-01,software
C003308,2026-01-01,streaming
C003310,2026-01-01,none
C003311,2026-01-01,music
C003312,2026-01-01,none
C003313,2026-01-01,none
C003315,2026-01-01,gym
C003319,2026-01-01,streaming
C003322,2026-01-01,gym
C003325,2026-01-01,none
C003326,2026-01-01,streaming
C003327,2026-01-01,mobile
C003330,2026-01-01,none
C003332,2026-01-01,mobile
C003333,2026-01-01,streaming
C003334,2026-01-01,none
C003338,2026-01-01,streaming
C003339,2026-01-01,gym
C003340,2026-01-01,music
C003342,2026-01-01,mobile
C003343,2026-01-01,cloud
C003345,2026-01-01,none
C003346,2026-01-01,gym
C003347,2026-01-01,none
C003348,2026-01-01,streaming
C003349,2026-01-01,insurance
C003352,2026-01-01,none
C003354,2026-01-01,insurance
C003355,2026-01-01,none
C003356,2026-01-01,mobile
C003357,2026-01-01,none
C003359,2026-01-01,none
C003361,2026-01-01,gym
C003362,2026-01-01,none
C003364,2026-01-01,gym
C003365,2026-01-01,cloud
C003371,2026-01-01,mobile
C003372,2026-01-01,none
C003373,2026-01-01,insurance
C003374,2026-01-01,none
C003375,2026-01-01,software
C003376,2026-01-01,cloud
C003378,2026-01-01,insurance
C003381,2026-01-01,mobile
C003382,2026-01-01,none
C003383,2026-01-01,music
C003385,2026-01-01,gym
C003386,2026-01-01,mobile
C003387,2026-01-01,none
C003388,2026-01-01,cloud
C003392,2026-01-01,music
C003393,2026-01-01,gym
C003396,2026-01-01,streaming
C003398,2026-01-01,software
C003399,2026-01-01,software
C003400,2026-01-01,music
C003401,2026-01-01,none
C003403,2026-01-01,mobile
C003404,2026-01-01,insurance
C003405,2026-01-01,none
C003406,2026-01-01,mobile
C003408,2026-01-01,insurance
C003409,2026-01-01,streaming
C003412,2026-01-01,insurance
C003414,2026-01-01,gym
C003419,2026-01-01,gym
C003420,2026-01-01,insurance
C003421,2026-01-01,none
C003422,2026-01-01,none
C003423,2026-01-01,none
C003428,2026-01-01,software
C003430,2026-01-01,software
C003431,2026-01-01,gym
C003435,2026-01-01,cloud
C003437,2026-01-01,mobile
C003446,2026-01-01,gym
C003447,2026-01-01,music
C003448,2026-01-01,none
C003449,2026-01-01,gym
C003453,2026-01-01,mobile
C003455,2026-01-01,mobile
C003456,2026-01-01,gym
C003457,2026-01-01,none
C003460,2026-01-01,music
C003462,2026-01-01,none
C003466,2026-01-01,none
C003468,2026-01-01,cloud
C003469,2026-01-01,none
C003470,2026-01-01,cloud
C003472,2026-01-01,streaming
C003473,2026-01-01,streaming
C003474,2026-01-01,streaming
C003475,2026-01-01,mobile
C003478,2026-01-01,streaming
C003479,2026-01-01,insurance
C003481,2026-01-01,cloud
C003482,2026-01-01,software
C003484,2026-01-01,insurance
C003487,2026-01-01,mobile
C003488,2026-01-01,none
C003489,2026-01-01,music
C003490,2026-01-01,none
C003491,2026-01-01,none
C003492,2026-01-01,software
C003493,2026-01-01,none
C003494,2026-01-01,insurance
C003496,2026-01-01,insurance
C003497,2026-01-01,none
C003498,2026-01-01,none
C003504,2026-01-01,none
C003506,2026-01-01,music
C003507,2026-01-01,software
C003508,2026-01-01,software
C003510,2026-01-01,cloud
C003514,2026-01-01,music
C003515,2026-01-01,streaming
C003516,2026-01-01,cloud
C003517,2026-01-01,mobile
C003518,2026-01-01,music
C003520,2026-01-01,none
C003521,2026-01-01,streaming
C003522,2026-01-01,cloud
C003526,2026-01-01,none
C003528,2026-01-01,gym
C003529,2026-01-01,none
C003531,2026-01-01,none
C003532,2026-01-01,gym
C003534,2026-01-01,insurance
C003537,2026-01-01,gym
C003540,2026-01-01,none
C003542,2026-01-01,mobile
C003543,2026-01-01,software
C003544,2026-01-01,mobile
C003546,2026-01-01,cloud
C003549,2026-01-01,none
C003550,2026-01-01,none
C003553,2026-01-01,music
C003558,2026-01-01,gym
C003559,2026-01-01,insurance
C003562,2026-01-01,gym
C003563,2026-01-01,software
C003567,2026-01-01,mobile
C003569,2026-01-01,none
C003570,2026-01-01,streaming
C003573,2026-01-01,software
C003576,2026-01-01,insurance
C003577,2026-01-01,streaming
C003579,2026-01-01,software
C003580,2026-01-01,none
C003585,2026-01-01,none
C003586,2026-01-01,none
C003590,2026-01-01,mobile
C003591,2026-01-01,none
C003593,2026-01-01,none
C003594,2026-01-01,streaming
C003595,2026-01-01,none
C003596,2026-01-01,gym
C003597,2026-01-01,music
C003598,2026-01-01,music
C003599,2026-01-01,gym
C003600,2026-01-01,mobile
C003607,2026-01-01,none
C003609,2026-01-01,none
C003612,2026-01-01,streaming
C003613,2026-01-01,none
C003614,2026-01-01,none
C003617,2026-01-01,cloud
C003619,2026-01-01,mobile
C003621,2026-01-01,mobile
C003623,2026-01-01,none
C003624,2026-01-01,insurance
C003626,2026-01-01,none
C003629,2026-01-01,none
C003631,2026-01-01,gym
C003634,2026-01-01,software
C003635,2026-01-01,none
C003636,2026-01-01,none
C003638,2026-01-01,cloud
C003639,2026-01-01,none
C003640,2026-01-01,gym
C003642,2026-01-01,none
C003647,2026-01-01,none
C003648,2026-01-01,streaming
C003649,2026-01-01,music
C003652,2026-01-01,software
C003653,2026-01-01,mobile
C003654,2026-01-01,insurance
C003658,2026-01-01,none
C003659,2026-01-01,insurance
C003660,2026-01-01,mobile
C003661,2026-01-01,mobile
C003662,2026-01-01,none
C003663,2026-01-01,music
C003664,2026-01-01,software
C003666,2026-01-01,gym
C003667,2026-01-01,cloud
C003669,2026-01-01,software
C003672,2026-01-01,none
C003676,2026-01-01,none
C003677,2026-01-01,mobile
C003684,2026-01-01,streaming
C003687,2026-01-01,software
C003689,2026-01-01,none
C003690,2026-01-01,gym
C003693,2026-01-01,none
C003696,2026-01-01,mobile
C003697,2026-01-01,streaming
C003698,2026-01-01,software
C003699,2026-01-01,insurance
C003700,2026-01-01,software
C003708,2026-01-01,none
C003710,2026-01-01,cloud
C003715,2026-01-01,insurance
C003716,2026-01-01,none
C003717,2026-01-01,cloud
C003718,2026-01-01,gym
C003719,2026-01-01,insurance
C003722,2026-01-01,none
C003723,2026-01-01,cloud
C003727,2026-01-01,mobile
C003728,2026-01-01,software
C003733,2026-01-01,none
C003734,2026-01-01,streaming
C003736,2026-01-01,music
C003738,2026-01-01,streaming
C003739,2026-01-01,none
C003740,2026-01-01,cloud
C003741,2026-01-01,none
C003743,2026-01-01,gym
C003745,2026-01-01,none
C003746,2026-01-01,insurance
C003748,2026-01-01,insurance
C003750,2026-01-01,none
C003751,2026-01-01,insurance
C003753,2026-01-01,insurance
C003754,2026-01-01,software
C003756,2026-01-01,none
C003764,2026-01-01,none
C003765,2026-01-01,mobile
C003766,2026-01-01,none
C003770,2026-01-01,insurance
C003773,2026-01-01,software
C003774,2026-01-01,mobile
C003775,2026-01-01,none
C003776,2026-01-01,software
C003778,2026-01-01,none
C003779,2026-01-01,none
C003781,2026-01-01,cloud
C003784,2026-01-01,none
C003785,2026-01-01,insurance
C003786,2026-01-01,insurance
C003788,2026-01-01,music
C003789,2026-01-01,none
C003790,2026-01-01,mobile
C003791,2026-01-01,none
C003792,2026-01-01,insurance
C003793,2026-01-01,streaming
C003799,2026-01-01,software
C003801,2026-01-01,none
C003802,2026-01-01,streaming
C003805,2026-01-01,streaming
C003806,2026-01-01,none
C003807,2026-01-01,streaming
C003808,2026-01-01,none
C003809,2026-01-01,streaming
C003811,2026-01-01,gym
C003812,2026-01-01,streaming
C003813,2026-01-01,software
C003814,2026-01-01,music
C003816,2026-01-01,software
C003817,2026-01-01,cloud
C003818,2026-01-01,streaming
C003821,2026-01-01,insurance
C003822,2026-01-01,mobile
C003823,2026-01-01,none
C003824,2026-01-01,none
C003826,2026-01-01,none
C003831,2026-01-01,none
C003838,2026-01-01,music
C003843,2026-01-01,cloud
C003846,2026-01-01,streaming
C003848,2026-01-01,gym
C003850,2026-01-01,insurance
C003852,2026-01-01,software
C003854,2026-01-01,none
C003856,2026-01-01,gym
C003858,2026-01-01,music
C003860,2026-01-01,none
C003862,2026-01-01,streaming
C003869,2026-01-01,none
C003870,2026-01-01,none
C003872,2026-01-01,none
C003873,2026-01-01,mobile
C003877,2026-01-01,software
C003880,2026-01-01,none
C003881,2026-01-01,gym
C003886,2026-01-01,mobile
C003887,2026-01-01,gym
C003888,2026-01-01,cloud
C003889,2026-01-01,insurance
C003891,2026-01-01,none
C003892,2026-01-01,none
C003894,2026-01-01,none
C003898,2026-01-01,music
C003901,2026-01-01,cloud
C003907,2026-01-01,mobile
C003908,2026-01-01,none
C003910,2026-01-01,mobile
C003912,2026-01-01,music
C003918,2026-01-01,none
C003919,2026-01-01,software
C003920,2026-01-01,none
C003921,2026-01-01,none
C003924,2026-01-01,none
C003925,2026-01-01,software
C003926,2026-01-01,streaming
C003928,2026-01-01,insurance
C003929,2026-01-01,streaming
C003930,2026-01-01,none
C003931,2026-01-01,music
C003933,2026-01-01,software
C003935,2026-01-01,music
C003936,2026-01-01,insurance
C003938,2026-01-01,software
C003939,2026-01-01,streaming
C003941,2026-01-01,gym
C003942,2026-01-01,music
C003944,2026-01-01,software
C003946,2026-01-01,cloud
C003947,2026-01-01,mobile
C003949,2026-01-01,software
C003959,2026-01-01,gym
C003961,2026-01-01,cloud
C003963,2026-01-01,software
C003964,2026-01-01,music
C003965,2026-01-01,gym
C003966,2026-01-01,cloud
C003967,2026-01-01,insurance
C003970,2026-01-01,software
C003976,2026-01-01,none
C003978,2026-01-01,music
C003980,2026-01-01,streaming
C003981,2026-01-01,cloud
C003982,2026-01-01,mobile
C003985,2026-01-01,streaming
C003986,2026-01-01,gym
C003987,2026-01-01,none
C003988,2026-01-01,software
C003990,2026-01-01,music
C003991,2026-01-01,none
C003992,2026-01-01,streaming
C003993,2026-01-01,software
C003994,2026-01-01,none
C003995,2026-01-01,gym
C003999,2026-01-01,cloud
U000001,2026-01-01,insurance
U000002,2026-01-01,mobile
U000003,2026-01-01,gym
U000004,2026-01-01,none
U000005,2026-01-01,none
U000007,2026-01-01,none
U000008,2026-01-01,cloud
U000011,2026-01-01,insurance
U000012,2026-01-01,none
U000016,2026-01-01,gym
U000017,2026-01-01,none
U000019,2026-01-01,music
U000020,2026-01-01,none
U000021,2026-01-01,none
U000023,2026-01-01,none
U000029,2026-01-01,music
U000031,2026-01-01,mobile
U000034,2026-01-01,mobile
U000037,2026-01-01,music
U000039,2026-01-01,streaming
U000041,2026-01-01,none
U000045,2026-01-01,gym
U000050,2026-01-01,insurance
U000051,2026-01-01,mobile
U000054,2026-01-01,none
U000055,2026-01-01,none
U000057,2026-01-01,none
U000058,2026-01-01,none
U000059,2026-01-01,insurance
U000062,2026-01-01,none
U000063,2026-01-01,streaming
U000065,2026-01-01,mobile
U000068,2026-01-01,software
U000069,2026-01-01,software
U000070,2026-01-01,none
U000071,2026-01-01,cloud
U000072,2026-01-01,music
U000073,2026-01-01,none
U000074,2026-01-01,streaming
U000075,2026-01-01,software
U000076,2026-01-01,mobile
U000079,2026-01-01,insurance
U000082,2026-01-01,none
U000083,2026-01-01,none
U000085,2026-01-01,cloud
U000087,2026-01-01,cloud
U000090,2026-01-01,music
U000092,2026-01-01,streaming
U000096,2026-01-01,cloud
U000097,2026-01-01,mobile
U000098,2026-01-01,mobile
U000099,2026-01-01,none
U000102,2026-01-01,none
U000104,2026-01-01,insurance
U000105,2026-01-01,insurance
U000106,2026-01-01,none
U000107,2026-01-01,mobile
U000108,2026-01-01,none
U000109,2026-01-01,gym
U000110,2026-01-01,none
U000113,2026-01-01,mobile
U000114,2026-01-01,cloud
U000115,2026-01-01,gym
U000116,2026-01-01,none
U000117,2026-01-01,none
U000118,2026-01-01,software
U000119,2026-01-01,none
U000120,2026-01-01,mobile
U000123,2026-01-01,none
U000124,2026-01-01,gym
U000126,2026-01-01,mobile
U000128,2026-01-01,mobile
U000131,2026-01-01,none
U000133,2026-01-01,none
U000134,2026-01-01,none
U000136,2026-01-01,music
U000137,2026-01-01,software
U000138,2026-01-01,insurance
U000140,2026-01-01,cloud
U000143,2026-01-01,streaming
U000147,2026-01-01,streaming
U000149,2026-01-01,none
U000150,2026-01-01,cloud
U000152,2026-01-01,mobile
U000155,2026-01-01,none
U000158,2026-01-01,software
U000162,2026-01-01,streaming
U000163,2026-01-01,none
U000166,2026-01-01,mobile
U000167,2026-01-01,gym
U000170,2026-01-01,streaming
U000171,2026-01-01,none
U000172,2026-01-01,none
U000174,2026-01-01,none
U000176,2026-01-01,insurance
U000177,2026-01-01,none
U000180,2026-01-01,cloud
U000181,2026-01-01,gym
U000182,2026-01-01,none
U000184,2026-01-01,insurance
U000185,2026-01-01,cloud
U000187,2026-01-01,none
U000190,2026-01-01,none
U000192,2026-01-01,none
U000194,2026-01-01,software
U000196,2026-01-01,insurance
U000198,2026-01-01,none
U000199,2026-01-01,software
U000200,2026-01-01,music
U000201,2026-01-01,none
U000205,2026-01-01,music
U000206,2026-01-01,none
U000208,2026-01-01,none
U000209,2026-01-01,none
U000211,2026-01-01,insurance
U000212,2026-01-01,mobile
U000214,2026-01-01,none
U000215,2026-01-01,none
U000216,2026-01-01,cloud
U000217,2026-01-01,none
U000225,2026-01-01,software
U000226,2026-01-01,gym
U000228,2026-01-01,none
U000229,2026-01-01,none
U000230,2026-01-01,software
U000235,2026-01-01,none
U000236,2026-01-01,insurance
U000238,2026-01-01,streaming
U000239,2026-01-01,software
U000241,2026-01-01,none
U000242,2026-01-01,gym
U000245,2026-01-01,cloud
U000247,2026-01-01,mobile
U000248,2026-01-01,software
U000249,2026-01-01,music
U000250,2026-01-01,streaming
U000252,2026-01-01,music
U000253,2026-01-01,cloud
U000254,2026-01-01,none
U000255,2026-01-01,none
U000256,2026-01-01,none
U000257,2026-01-01,none
U000264,2026-01-01,streaming
U000267,2026-01-01,mobile
U000268,2026-01-01,insurance
U000269,2026-01-01,none
U000270,2026-01-01,none
U000276,2026-01-01,none
U000280,2026-01-01,gym
U000281,2026-01-01,cloud
U000282,2026-01-01,music
U000286,2026-01-01,cloud
U000287,2026-01-01,mobile
U000288,2026-01-01,streaming
U000289,2026-01-01,streaming
U000293,2026-01-01,mobile
U000296,2026-01-01,streaming
U000298,2026-01-01,mobile
U000299,2026-01-01,software
U000300,2026-01-01,insurance
U000302,2026-01-01,mobile
U000303,2026-01-01,streaming
U000305,2026-01-01,none
U000306,2026-01-01,none
U000307,2026-01-01,mobile
U000311,2026-01-01,none
U000313,2026-01-01,insurance
U000314,2026-01-01,mobile
U000319,2026-01-01,software
U000320,2026-01-01,none
U000321,2026-01-01,none
U000323,2026-01-01,none
U000325,2026-01-01,mobile
U000326,2026-01-01,mobile
U000329,2026-01-01,software
U000331,2026-01-01,none
U000332,2026-01-01,music
U000333,2026-01-01,none
U000336,2026-01-01,software
U000337,2026-01-01,mobile
U000338,2026-01-01,gym
U000339,2026-01-01,insurance
U000343,2026-01-01,gym
U000344,2026-01-01,gym
U000345,2026-01-01,software
U000346,2026-01-01,gym
U000350,2026-01-01,none
U000351,2026-01-01,none
U000352,2026-01-01,none
U000355,2026-01-01,none
U000357,2026-01-01,gym
U000358,2026-01-01,mobile
U000359,2026-01-01,cloud
U000361,2026-01-01,none
U000362,2026-01-01,mobile
U000363,2026-01-01,none
U000364,2026-01-01,none
U000366,2026-01-01,software
U000367,2026-01-01,none
U000368,2026-01-01,software
U000369,2026-01-01,none
U000370,2026-01-01,mobile
U000371,2026-01-01,software
U000372,2026-01-01,insurance
U000373,2026-01-01,none
U000374,2026-01-01,software
U000375,2026-01-01,none
U000376,2026-01-01,music
U000377,2026-01-01,none
U000378,2026-01-01,cloud
U000379,2026-01-01,none
U000381,2026-01-01,music
U000382,2026-01-01,none
U000384,2026-01-01,gym
U000387,2026-01-01,insurance
U000388,2026-01-01,none
U000389,2026-01-01,mobile
U000390,2026-01-01,none
U000391,2026-01-01,none
U000394,2026-01-01,none
U000396,2026-01-01,gym
U000397,2026-01-01,insurance
U000398,2026-01-01,streaming
U000399,2026-01-01,none
U000401,2026-01-01,none
U000402,2026-01-01,insurance
U000407,2026-01-01,none
U000411,2026-01-01,streaming
U000413,2026-01-01,insurance
U000414,2026-01-01,cloud
U000416,2026-01-01,none
U000418,2026-01-01,software
U000419,2026-01-01,none
U000420,2026-01-01,none
U000421,2026-01-01,none
U000423,2026-01-01,cloud
U000425,2026-01-01,cloud
U000426,2026-01-01,none
U000427,2026-01-01,gym
U000428,2026-01-01,streaming
U000429,2026-01-01,streaming
U000430,2026-01-01,music
U000433,2026-01-01,insurance
U000434,2026-01-01,streaming
U000436,2026-01-01,cloud
U000437,2026-01-01,none
U000439,2026-01-01,streaming
U000440,2026-01-01,mobile
U000442,2026-01-01,cloud
U000443,2026-01-01,none
U000445,2026-01-01,streaming
U000449,2026-01-01,none
U000453,2026-01-01,none
U000454,2026-01-01,music
U000456,2026-01-01,none
U000457,2026-01-01,none
U000461,2026-01-01,none
U000465,2026-01-01,none
U000466,2026-01-01,none
U000467,2026-01-01,insurance
U000468,2026-01-01,streaming
U000469,2026-01-01,mobile
U000472,2026-01-01,music
U000473,2026-01-01,none
U000475,2026-01-01,software
U000476,2026-01-01,none
U000480,2026-01-01,none
U000482,2026-01-01,none
U000483,2026-01-01,cloud
U000485,2026-01-01,streaming
U000487,2026-01-01,mobile
U000488,2026-01-01,mobile
U000489,2026-01-01,none
U000490,2026-01-01,music
U000491,2026-01-01,software
U000492,2026-01-01,none
U000493,2026-01-01,none
U000494,2026-01-01,none
U000495,2026-01-01,music
U000496,2026-01-01,software
U000499,2026-01-01,none
U000502,2026-01-01,none
U000503,2026-01-01,gym
U000504,2026-01-01,streaming
U000507,2026-01-01,none
U000508,2026-01-01,cloud
U000509,2026-01-01,software
U000512,2026-01-01,insurance
U000517,2026-01-01,gym
U000520,2026-01-01,music
U000521,2026-01-01,none
U000523,2026-01-01,software
U000527,2026-01-01,insurance
U000528,2026-01-01,cloud
U000529,2026-01-01,none
U000531,2026-01-01,mobile
U000533,2026-01-01,none
U000534,2026-01-01,mobile
U000535,2026-01-01,insurance
U000536,2026-01-01,cloud
U000537,2026-01-01,mobile
U000541,2026-01-01,insurance
U000542,2026-01-01,gym
U000548,2026-01-01,streaming
U000549,2026-01-01,none
U000551,2026-01-01,insurance
U000553,2026-01-01,insurance
U000556,2026-01-01,gym
U000557,2026-01-01,cloud
U000558,2026-01-01,none
U000559,2026-01-01,insurance
U000560,2026-01-01,software
U000563,2026-01-01,insurance
U000566,2026-01-01,mobile
U000569,2026-01-01,none
U000571,2026-01-01,none
U000572,2026-01-01,streaming
U000574,2026-01-01,insurance
U000579,2026-01-01,music
U000582,2026-01-01,mobile
U000583,2026-01-01,software
U000584,2026-01-01,none
U000585,2026-01-01,software
U000587,2026-01-01,cloud
U000588,2026-01-01,none
U000593,2026-01-01,streaming
U000594,2026-01-01,mobile
U000595,2026-01-01,none
U000596,2026-01-01,insurance
U000597,2026-01-01,software
U000600,2026-01-01,mobile
U000602,2026-01-01,none
U000604,2026-01-01,none
U000605,2026-01-01,none
U000607,2026-01-01,streaming
U000608,2026-01-01,software
U000614,2026-01-01,mobile
U000616,2026-01-01,none
U000617,2026-01-01,none
U000618,2026-01-01,music
U000619,2026-01-01,none
U000621,2026-01-01,streaming
U000622,2026-01-01,none
U000624,2026-01-01,software
U000625,2026-01-01,insurance
U000626,2026-01-01,gym
U000627,2026-01-01,software
U000628,2026-01-01,none
U000629,2026-01-01,streaming
U000634,2026-01-01,mobile
U000635,2026-01-01,music
U000636,2026-01-01,cloud
U000637,2026-01-01,insurance
U000640,2026-01-01,cloud
U000642,2026-01-01,none
U000643,2026-01-01,software
U000644,2026-01-01,gym
U000647,2026-01-01,streaming
U000648,2026-01-01,software
U000649,2026-01-01,mobile
U000650,2026-01-01,none
U000651,2026-01-01,insurance
U000652,2026-01-01,streaming
U000653,2026-01-01,none
U000655,2026-01-01,none
U000656,2026-01-01,cloud
U000657,2026-01-01,none
U000658,2026-01-01,none
U000659,2026-01-01,insurance
U000660,2026-01-01,insurance
U000661,2026-01-01,mobile
U000662,2026-01-01,gym
U000666,2026-01-01,insurance
U000667,2026-01-01,none
U000668,2026-01-01,none
U000671,2026-01-01,none
U000672,2026-01-01,insurance
U000673,2026-01-01,none
U000674,2026-01-01,gym
U000675,2026-01-01,none
U000676,2026-01-01,none
U000679,2026-01-01,streaming
U000680,2026-01-01,gym
U000681,2026-01-01,mobile
U000684,2026-01-01,software
U000685,2026-01-01,none
U000686,2026-01-01,music
U000687,2026-01-01,cloud
U000688,2026-01-01,insurance
U000689,2026-01-01,mobile
U000690,2026-01-01,gym
U000691,2026-01-01,none
U000692,2026-01-01,none
U000693,2026-01-01,none
U000694,2026-01-01,none
U000695,2026-01-01,none
U000697,2026-01-01,none
U000699,2026-01-01,gym
U000701,2026-01-01,software
U000702,2026-01-01,none
U000703,2026-01-01,mobile
U000705,2026-01-01,none
U000707,2026-01-01,cloud
U000711,2026-01-01,none
U000713,2026-01-01,none
U000715,2026-01-01,mobile
U000717,2026-01-01,none
U000718,2026-01-01,cloud
U000719,2026-01-01,none
U000720,2026-01-01,software
U000724,2026-01-01,gym
U000725,2026-01-01,insurance
U000726,2026-01-01,cloud
U000727,2026-01-01,software
U000728,2026-01-01,music
U000729,2026-01-01,cloud
U000731,2026-01-01,music
U000734,2026-01-01,cloud
U000737,2026-01-01,streaming
U000738,2026-01-01,software
U000739,2026-01-01,none
U000741,2026-01-01,none
U000743,2026-01-01,none
U000745,2026-01-01,none
U000747,2026-01-01,gym
U000748,2026-01-01,cloud
U000749,2026-01-01,software
U000750,2026-01-01,none
U000752,2026-01-01,none
U000753,2026-01-01,insurance
U000755,2026-01-01,none
U000756,2026-01-01,none
U000757,2026-01-01,insurance
U000758,2026-01-01,software
U000759,2026-01-01,none
U000761,2026-01-01,none
U000762,2026-01-01,none
U000765,2026-01-01,mobile
U000774,2026-01-01,none
U000775,2026-01-01,none
U000776,2026-01-01,insurance
U000777,2026-01-01,insurance
U000778,2026-01-01,none
U000780,2026-01-01,none
U000784,2026-01-01,gym
U000786,2026-01-01,none
U000789,2026-01-01,none
U000791,2026-01-01,insurance
U000792,2026-01-01,none
U000793,2026-01-01,gym
U000795,2026-01-01,mobile
U000796,2026-01-01,none
U000797,2026-01-01,cloud
U000799,2026-01-01,none
U000800,2026-01-01,none
U000801,2026-01-01,music
U000802,2026-01-01,none
U000803,2026-01-01,none
U000804,2026-01-01,software
U000806,2026-01-01,none
U000807,2026-01-01,music
U000809,2026-01-01,insurance
U000810,2026-01-01,none
U000811,2026-01-01,none
U000812,2026-01-01,mobile
U000813,2026-01-01,none
U000814,2026-01-01,gym
U000817,2026-01-01,insurance
U000819,2026-01-01,none
U000822,2026-01-01,mobile
U000823,2026-01-01,none
U000824,2026-01-01,gym
U000825,2026-01-01,streaming
U000826,2026-01-01,insurance
U000827,2026-01-01,none
U000828,2026-01-01,mobile
U000829,2026-01-01,insurance
U000830,2026-01-01,none
U000831,2026-01-01,none
U000832,2026-01-01,none
U000833,2026-01-01,mobile
U000834,2026-01-01,none
U000835,2026-01-01,none
U000839,2026-01-01,mobile
U000840,2026-01-01,gym
U000842,2026-01-01,music
U000843,2026-01-01,none
U000844,2026-01-01,streaming
U000845,2026-01-01,insurance
U000846,2026-01-01,cloud
U000848,2026-01-01,gym
U000850,2026-01-01,streaming
U000851,2026-01-01,software
U000852,2026-01-01,software
U000853,2026-01-01,none
U000860,2026-01-01,none
U000863,2026-01-01,none
U000864,2026-01-01,insurance
U000865,2026-01-01,none
U000866,2026-01-01,streaming
U000869,2026-01-01,none
U000872,2026-01-01,mobile
U000873,2026-01-01,none
U000878,2026-01-01,gym
U000880,2026-01-01,cloud
U000882,2026-01-01,cloud
U000883,2026-01-01,mobile
U000884,2026-01-01,streaming
U000885,2026-01-01,gym
U000888,2026-01-01,software
U000889,2026-01-01,cloud
U000893,2026-01-01,none
U000894,2026-01-01,none
U000897,2026-01-01,none
U000899,2026-01-01,gym
U000900,2026-01-01,none
U000903,2026-01-01,none
U000904,2026-01-01,none
U000907,2026-01-01,none
U000908,2026-01-01,cloud
U000910,2026-01-01,gym
U000912,2026-01-01,none
U000913,2026-01-01,streaming
U000914,2026-01-01,none
U000916,2026-01-01,none
U000919,2026-01-01,music
U000922,2026-01-01,none
U000923,2026-01-01,software
U000924,2026-01-01,none
U000925,2026-01-01,mobile
U000926,2026-01-01,music
U000927,2026-01-01,none
U000928,2026-01-01,none
U000929,2026-01-01,mobile
U000931,2026-01-01,none
U000932,2026-01-01,none
U000933,2026-01-01,none
U000935,2026-01-01,insurance
U000936,2026-01-01,cloud
U000937,2026-01-01,none
U000940,2026-01-01,insurance
U000941,2026-01-01,software
U000942,2026-01-01,gym
U000946,2026-01-01,software
U000947,2026-01-01,software
U000950,2026-01-01,gym
U000951,2026-01-01,music
U000952,2026-01-01,none
U000953,2026-01-01,software
U000958,2026-01-01,none
U000960,2026-01-01,none
U000964,2026-01-01,streaming
U000968,2026-01-01,none
U000971,2026-01-01,gym
U000972,2026-01-01,insurance
U000973,2026-01-01,none
U000974,2026-01-01,software
U000975,2026-01-01,none
U000979,2026-01-01,music
U000980,2026-01-01,none
U000982,2026-01-01,none
U000983,2026-01-01,none
U000985,2026-01-01,none
U000986,2026-01-01,insurance
U000991,2026-01-01,mobile
U000993,2026-01-01,none
U000994,2026-01-01,gym
U000995,2026-01-01,streaming
U000997,2026-01-01,insurance
U000999,2026-01-01,mobile
U001000,2026-01-01,software
U001002,2026-01-01,cloud
U001003,2026-01-01,none
U001004,2026-01-01,none
U001005,2026-01-01,streaming
U001006,2026-01-01,gym
U001009,2026-01-01,none
U001010,2026-01-01,none
U001012,2026-01-01,none
U001013,2026-01-01,none
U001014,2026-01-01,none
U001015,2026-01-01,none
U001016,2026-01-01,none
U001017,2026-01-01,software
U001018,2026-01-01,none
U001020,2026-01-01,none
U001022,2026-01-01,none
U001023,2026-01-01,streaming
U001025,2026-01-01,none
U001027,2026-01-01,none
U001031,2026-01-01,none
U001032,2026-01-01,none
U001035,2026-01-01,insurance
U001037,2026-01-01,software
U001042,2026-01-01,none
U001044,2026-01-01,mobile
U001046,2026-01-01,none
U001047,2026-01-01,streaming
U001051,2026-01-01,insurance
U001058,2026-01-01,none
U001061,2026-01-01,streaming
U001064,2026-01-01,none
U001065,2026-01-01,insurance
U001066,2026-01-01,software
U001078,2026-01-01,mobile
U001079,2026-01-01,streaming
U001080,2026-01-01,none
U001082,2026-01-01,none
U001085,2026-01-01,streaming
U001086,2026-01-01,none
U001087,2026-01-01,insurance
U001088,2026-01-01,gym
U001090,2026-01-01,streaming
U001092,2026-01-01,cloud
U001094,2026-01-01,mobile
U001097,2026-01-01,mobile
U001098,2026-01-01,music
U001099,2026-01-01,insurance
U001100,2026-01-01,none
U001101,2026-01-01,none
U001102,2026-01-01,music
U001103,2026-01-01,insurance
U001106,2026-01-01,none
U001108,2026-01-01,streaming
U001109,2026-01-01,gym
U001111,2026-01-01,streaming
U001113,2026-01-01,gym
U001115,2026-01-01,none
U001118,2026-01-01,streaming
U001119,2026-01-01,streaming
U001120,2026-01-01,mobile
U001122,2026-01-01,none
U001123,2026-01-01,insurance
U001124,2026-01-01,none
U001126,2026-01-01,gym
U001127,2026-01-01,none
U001129,2026-01-01,insurance
U001130,2026-01-01,streaming
U001131,2026-01-01,mobile
U001132,2026-01-01,streaming
U001136,2026-01-01,gym
U001137,2026-01-01,cloud
U001139,2026-01-01,insurance
U001140,2026-01-01,software
U001144,2026-01-01,none
U001145,2026-01-01,none
U001147,2026-01-01,streaming
U001149,2026-01-01,insurance
U001150,2026-01-01,software
U001154,2026-01-01,none
U001155,2026-01-01,gym
U001156,2026-01-01,music
U001157,2026-01-01,mobile
U001163,2026-01-01,none
U001164,2026-01-01,streaming
U001166,2026-01-01,none
U001167,2026-01-01,software
U001169,2026-01-01,none
U001171,2026-01-01,none
U001173,2026-01-01,none
U001176,2026-01-01,streaming
U001178,2026-01-01,none
U001179,2026-01-01,gym
U001181,2026-01-01,streaming
U001185,2026-01-01,cloud
U001190,2026-01-01,streaming
U001192,2026-01-01,gym
U001195,2026-01-01,insurance
U001198,2026-01-01,none
U001201,2026-01-01,none
U001202,2026-01-01,insurance
U001203,2026-01-01,insurance
U001204,2026-01-01,none
U001205,2026-01-01,none
U001206,2026-01-01,mobile
U001209,2026-01-01,none
U001210,2026-01-01,streaming
U001212,2026-01-01,insurance
U001213,2026-01-01,none
U001214,2026-01-01,cloud
U001215,2026-01-01,none
U001217,2026-01-01,insurance
U001220,2026-01-01,software
U001221,2026-01-01,none
U001222,2026-01-01,cloud
U001223,2026-01-01,gym
U001225,2026-01-01,streaming
U001226,2026-01-01,music
U001227,2026-01-01,insurance
U001229,2026-01-01,insurance
U001230,2026-01-01,mobile
U001231,2026-01-01,cloud
U001233,2026-01-01,mobile
U001235,2026-01-01,music
U001236,2026-01-01,mobile
U001238,2026-01-01,none
U001239,2026-01-01,insurance
U001240,2026-01-01,none
U001241,2026-01-01,none
U001242,2026-01-01,software
U001243,2026-01-01,streaming
U001246,2026-01-01,none
U001249,2026-01-01,none
U001251,2026-01-01,none
U001253,2026-01-01,cloud
U001254,2026-01-01,gym
U001256,2026-01-01,mobile
U001257,2026-01-01,none
U001259,2026-01-01,none
U001260,2026-01-01,software
U001265,2026-01-01,insurance
U001266,2026-01-01,none
U001268,2026-01-01,insurance
U001269,2026-01-01,none
U001271,2026-01-01,streaming
U001273,2026-01-01,none
U001274,2026-01-01,none
U001280,2026-01-01,none
U001281,2026-01-01,none
U001282,2026-01-01,cloud
U001283,2026-01-01,none
U001284,2026-01-01,insurance
U001285,2026-01-01,software
U001287,2026-01-01,none
U001288,2026-01-01,none
U001295,2026-01-01,music
U001296,2026-01-01,software
U001298,2026-01-01,none
U001299,2026-01-01,mobile
U001300,2026-01-01,gym
U001302,2026-01-01,music
U001303,2026-01-01,insurance
U001305,2026-01-01,streaming
U001308,2026-01-01,mobile
U001309,2026-01-01,none
U001310,2026-01-01,software
U001312,2026-01-01,insurance
U001314,2026-01-01,insurance
U001316,2026-01-01,none
U001318,2026-01-01,software
U001319,2026-01-01,music
U001320,2026-01-01,mobile
U001321,2026-01-01,none
U001322,2026-01-01,streaming
U001323,2026-01-01,none
U001324,2026-01-01,none
U001326,2026-01-01,none
U001329,2026-01-01,none
U001331,2026-01-01,none
U001332,2026-01-01,none
U001336,2026-01-01,none
U001338,2026-01-01,none
U001340,2026-01-01,cloud
U001341,2026-01-01,none
U001346,2026-01-01,music
U001351,2026-01-01,none
U001353,2026-01-01,none
U001357,2026-01-01,gym
U001361,2026-01-01,none
U001363,2026-01-01,music
U001364,2026-01-01,none
U001365,2026-01-01,insurance
U001367,2026-01-01,music
U001368,2026-01-01,insurance
U001370,2026-01-01,none
U001371,2026-01-01,insurance
U001372,2026-01-01,none
U001373,2026-01-01,none
U001374,2026-01-01,none
U001375,2026-01-01,mobile
U001377,2026-01-01,streaming
U001378,2026-01-01,cloud
U001379,2026-01-01,none
U001382,2026-01-01,none
U001384,2026-01-01,none
U001385,2026-01-01,software
U001387,2026-01-01,none
U001388,2026-01-01,cloud
U001389,2026-01-01,cloud
U001390,2026-01-01,software
U001391,2026-01-01,software
U001392,2026-01-01,music
U001398,2026-01-01,gym
U001399,2026-01-01,none
U001401,2026-01-01,none
U001404,2026-01-01,none
U001405,2026-01-01,none
U001409,2026-01-01,mobile
U001410,2026-01-01,cloud
U001413,2026-01-01,streaming
U001414,2026-01-01,music
U001415,2026-01-01,none
U001418,2026-01-01,none
U001420,2026-01-01,none
U001424,2026-01-01,none
U001426,2026-01-01,none
U001428,2026-01-01,gym
U001432,2026-01-01,gym
U001433,2026-01-01,gym
U001435,2026-01-01,software
U001436,2026-01-01,streaming
U001439,2026-01-01,music
U001442,2026-01-01,none
U001443,2026-01-01,none
U001444,2026-01-01,gym
U001445,2026-01-01,insurance
U001448,2026-01-01,none
U001449,2026-01-01,mobile
U001450,2026-01-01,none
U001453,2026-01-01,none
U001454,2026-01-01,gym
U001455,2026-01-01,none
U001457,2026-01-01,none
U001459,2026-01-01,none
U001460,2026-01-01,cloud
U001462,2026-01-01,none
U001463,2026-01-01,music
U001465,2026-01-01,insurance
U001467,2026-01-01,music
U001468,2026-01-01,none
U001469,2026-01-01,gym
U001471,2026-01-01,music
U001472,2026-01-01,mobile
U001473,2026-01-01,none
U001475,2026-01-01,mobile
U001477,2026-01-01,cloud
U001478,2026-01-01,gym
U001479,2026-01-01,cloud
U001480,2026-01-01,music
U001481,2026-01-01,none
U001483,2026-01-01,mobile
U001485,2026-01-01,none
U001489,2026-01-01,cloud
U001490,2026-01-01,software
U001492,2026-01-01,none
U001493,2026-01-01,none
U001496,2026-01-01,none
U001497,2026-01-01,none
U001498,2026-01-01,none
U001502,2026-01-01,none
U001503,2026-01-01,none
U001504,2026-01-01,none
U001505,2026-01-01,none
U001506,2026-01-01,insurance
U001507,2026-01-01,mobile
U001508,2026-01-01,music
U001510,2026-01-01,none
U001511,2026-01-01,software
U001512,2026-01-01,none
U001513,2026-01-01,mobile
U001514,2026-01-01,cloud
U001515,2026-01-01,gym
U001516,2026-01-01,insurance
U001518,2026-01-01,none
U001519,2026-01-01,gym
U001525,2026-01-01,mobile
U001528,2026-01-01,software
U001530,2026-01-01,insurance
U001531,2026-01-01,none
U001533,2026-01-01,none
U001539,2026-01-01,none
U001540,2026-01-01,music
U001543,2026-01-01,none
U001546,2026-01-01,insurance
U001547,2026-01-01,software
U001548,2026-01-01,mobile
U001551,2026-01-01,none
U001553,2026-01-01,insurance
U001555,2026-01-01,streaming
U001559,2026-01-01,music
U001562,2026-01-01,mobile
U001564,2026-01-01,streaming
U001569,2026-01-01,none
U001570,2026-01-01,none
U001571,2026-01-01,music
U001572,2026-01-01,none
U001573,2026-01-01,cloud
U001575,2026-01-01,none
U001578,2026-01-01,mobile
U001580,2026-01-01,music
U001582,2026-01-01,none
U001584,2026-01-01,software
U001588,2026-01-01,software
U001589,2026-01-01,mobile
U001591,2026-01-01,none
U001593,2026-01-01,none
U001594,2026-01-01,insurance
U001596,2026-01-01,none
U001600,2026-01-01,none
U001603,2026-01-01,insurance
U001605,2026-01-01,software
U001606,2026-01-01,streaming
U001610,2026-01-01,mobile
U001612,2026-01-01,mobile
U001613,2026-01-01,none
U001614,2026-01-01,cloud
U001615,2026-01-01,none
U001616,2026-01-01,none
U001621,2026-01-01,none
U001623,2026-01-01,cloud
U001624,2026-01-01,cloud
U001625,2026-01-01,insurance
U001626,2026-01-01,none
U001629,2026-01-01,none
U001630,2026-01-01,none
U001632,2026-01-01,cloud
U001633,2026-01-01,mobile
U001634,2026-01-01,none
U001637,2026-01-01,none
U001639,2026-01-01,none
U001640,2026-01-01,gym
U001642,2026-01-01,cloud
U001643,2026-01-01,none
U001646,2026-01-01,mobile
U001647,2026-01-01,none
U001648,2026-01-01,mobile
U001650,2026-01-01,music
U001654,2026-01-01,none
U001656,2026-01-01,streaming
U001657,2026-01-01,none
U001661,2026-01-01,none
U001662,2026-01-01,none
U001663,2026-01-01,software
U001666,2026-01-01,music
U001668,2026-01-01,insurance
U001672,2026-01-01,insurance
U001675,2026-01-01,none
U001676,2026-01-01,mobile
U001677,2026-01-01,music
U001680,2026-01-01,cloud
U001681,2026-01-01,mobile
U001684,2026-01-01,streaming
U001685,2026-01-01,none
U001687,2026-01-01,streaming
U001688,2026-01-01,none
U001690,2026-01-01,none
U001691,2026-01-01,insurance
U001692,2026-01-01,gym
U001693,2026-01-01,gym
U001698,2026-01-01,none
U001699,2026-01-01,cloud
U001700,2026-01-01,none
U001703,2026-01-01,cloud
U001706,2026-01-01,cloud
U001709,2026-01-01,insurance
U001710,2026-01-01,none
U001711,2026-01-01,streaming
U001712,2026-01-01,none
U001713,2026-01-01,none
U001714,2026-01-01,insurance
U001717,2026-01-01,none
U001721,2026-01-01,gym
U001724,2026-01-01,software
U001725,2026-01-01,streaming
U001728,2026-01-01,mobile
U001729,2026-01-01,none
U001730,2026-01-01,none
U001733,2026-01-01,none
U001735,2026-01-01,gym
U001736,2026-01-01,none
U001739,2026-01-01,cloud
U001742,2026-01-01,none
U001743,2026-01-01,mobile
U001744,2026-01-01,insurance
U001745,2026-01-01,none
U001746,2026-01-01,cloud
U001747,2026-01-01,none
U001748,2026-01-01,none
U001749,2026-01-01,none
U001750,2026-01-01,none
U001751,2026-01-01,streaming
U001752,2026-01-01,insurance
U001755,2026-01-01,none
U001757,2026-01-01,insurance
U001759,2026-01-01,none
U001760,2026-01-01,music
U001761,2026-01-01,music
U001762,2026-01-01,music
U001764,2026-01-01,insurance
U001766,2026-01-01,gym
U001767,2026-01-01,none
U001771,2026-01-01,none
U001775,2026-01-01,streaming
U001779,2026-01-01,streaming
U001783,2026-01-01,none
U001784,2026-01-01,gym
U001785,2026-01-01,none
U001788,2026-01-01,cloud
U001791,2026-01-01,none
U001793,2026-01-01,none
U001796,2026-01-01,none
U001797,2026-01-01,streaming
U001799,2026-01-01,none
U001800,2026-01-01,cloud
U001801,2026-01-01,gym
U001803,2026-01-01,none
U001807,2026-01-01,none
U001808,2026-01-01,insurance
U001809,2026-01-01,streaming
U001811,2026-01-01,none
U001812,2026-01-01,none
U001814,2026-01-01,none
U001815,2026-01-01,none
U001816,2026-01-01,none
U001817,2026-01-01,cloud
U001818,2026-01-01,music
U001819,2026-01-01,none
U001827,2026-01-01,none
U001828,2026-01-01,insurance
U001830,2026-01-01,mobile
U001832,2026-01-01,cloud
U001833,2026-01-01,gym
U001836,2026-01-01,mobile
U001838,2026-01-01,cloud
U001840,2026-01-01,cloud
U001841,2026-01-01,none
U001842,2026-01-01,none
U001845,2026-01-01,none
U001848,2026-01-01,none
U001851,2026-01-01,gym
U001853,2026-01-01,none
U001854,2026-01-01,music
U001855,2026-01-01,software
U001861,2026-01-01,gym
U001863,2026-01-01,none
U001865,2026-01-01,music
U001868,2026-01-01,none
U001876,2026-01-01,cloud
U001877,2026-01-01,music
U001878,2026-01-01,gym
U001879,2026-01-01,music
U001880,2026-01-01,cloud
U001881,2026-01-01,none
U001883,2026-01-01,none
U001884,2026-01-01,streaming
U001885,2026-01-01,none
U001888,2026-01-01,streaming
U001893,2026-01-01,insurance
U001894,2026-01-01,none
U001895,2026-01-01,music
U001896,2026-01-01,mobile
U001898,2026-01-01,gym
U001900,2026-01-01,gym
U001901,2026-01-01,gym
U001903,2026-01-01,software
U001905,2026-01-01,none
U001907,2026-01-01,insurance
U001908,2026-01-01,gym
U001909,2026-01-01,none
U001910,2026-01-01,software
U001912,2026-01-01,none
U001914,2026-01-01,streaming
U001915,2026-01-01,streaming
U001916,2026-01-01,insurance
U001917,2026-01-01,gym
U001918,2026-01-01,insurance
U001920,2026-01-01,mobile
U001922,2026-01-01,streaming
U001923,2026-01-01,none
U001924,2026-01-01,gym
U001925,2026-01-01,none
U001926,2026-01-01,none
U001927,2026-01-01,software
U001928,2026-01-01,none
U001929,2026-01-01,music
U001932,2026-01-01,mobile
U001933,2026-01-01,insurance
U001935,2026-01-01,insurance
U001940,2026-01-01,none
U001941,2026-01-01,mobile
U001942,2026-01-01,none
U001943,2026-01-01,none
U001945,2026-01-01,none
U001948,2026-01-01,software
U001951,2026-01-01,cloud
U001955,2026-01-01,music
U001957,2026-01-01,mobile
U001958,2026-01-01,mobile
U001960,2026-01-01,software
U001965,2026-01-01,insurance
U001969,2026-01-01,none
U001971,2026-01-01,insurance
U001972,2026-01-01,insurance
U001973,2026-01-01,music
U001974,2026-01-01,none
U001975,2026-01-01,insurance
U001976,2026-01-01,gym
U001977,2026-01-01,none
U001983,2026-01-01,none
U001984,2026-01-01,insurance
U001985,2026-01-01,none
U001986,2026-01-01,streaming
U001988,2026-01-01,none
U001991,2026-01-01,none
U001994,2026-01-01,insurance
U001997,2026-01-01,none
U001998,2026-01-01,none
U002000,2026-01-01,insurance
U002002,2026-01-01,software
U002004,2026-01-01,gym
U002006,2026-01-01,insurance
U002007,2026-01-01,mobile
U002008,2026-01-01,none
U002009,2026-01-01,music
U002012,2026-01-01,cloud
U002016,2026-01-01,software
U002020,2026-01-01,none
U002022,2026-01-01,none
U002023,2026-01-01,music
U002024,2026-01-01,mobile
U002025,2026-01-01,gym
U002026,2026-01-01,none
U002029,2026-01-01,insurance
U002030,2026-01-01,mobile
U002031,2026-01-01,none
U002032,2026-01-01,software
U002035,2026-01-01,none
U002037,2026-01-01,none
U002038,2026-01-01,none
U002040,2026-01-01,gym
U002043,2026-01-01,none
U002046,2026-01-01,music
U002048,2026-01-01,cloud
U002050,2026-01-01,none
U002051,2026-01-01,cloud
U002056,2026-01-01,none
U002057,2026-01-01,gym
U002058,2026-01-01,none
U002060,2026-01-01,mobile
U002061,2026-01-01,none
U002063,2026-01-01,none
U002064,2026-01-01,none
U002067,2026-01-01,none
U002068,2026-01-01,none
U002069,2026-01-01,streaming
U002071,2026-01-01,gym
U002072,2026-01-01,insurance
U002073,2026-01-01,none
U002074,2026-01-01,software
U002075,2026-01-01,mobile
U002078,2026-01-01,music
U002079,2026-01-01,music
U002080,2026-01-01,none
U002081,2026-01-01,none
U002083,2026-01-01,none
U002085,2026-01-01,software
U002088,2026-01-01,music
U002092,2026-01-01,streaming
U002093,2026-01-01,insurance
U002094,2026-01-01,none
U002095,2026-01-01,mobile
U002096,2026-01-01,none
U002097,2026-01-01,none
U002098,2026-01-01,insurance
U002101,2026-01-01,gym
U002103,2026-01-01,mobile
U002104,2026-01-01,none
U002105,2026-01-01,none
U002108,2026-01-01,mobile
U002109,2026-01-01,gym
U002112,2026-01-01,cloud
U002113,2026-01-01,none
U002115,2026-01-01,none
U002117,2026-01-01,gym
U002120,2026-01-01,insurance
U002121,2026-01-01,streaming
U002122,2026-01-01,none
U002123,2026-01-01,streaming
U002129,2026-01-01,none
U002130,2026-01-01,cloud
U002131,2026-01-01,insurance
U002134,2026-01-01,none
U002135,2026-01-01,none
U002138,2026-01-01,music
U002139,2026-01-01,none
U002140,2026-01-01,none
U002141,2026-01-01,streaming
U002144,2026-01-01,music
U002145,2026-01-01,cloud
U002149,2026-01-01,none
U002155,2026-01-01,music
U002156,2026-01-01,none
U002157,2026-01-01,none
U002158,2026-01-01,none
U002162,2026-01-01,mobile
U002164,2026-01-01,insurance
U002169,2026-01-01,software
U002170,2026-01-01,none
U002176,2026-01-01,none
U002177,2026-01-01,mobile
U002179,2026-01-01,software
U002182,2026-01-01,mobile
U002186,2026-01-01,insurance
U002188,2026-01-01,software
U002189,2026-01-01,none
U002191,2026-01-01,music
U002192,2026-01-01,streaming
U002193,2026-01-01,none
U002198,2026-01-01,software
U002200,2026-01-01,streaming
U002202,2026-01-01,gym
U002203,2026-01-01,none
U002206,2026-01-01,gym
U002208,2026-01-01,software
U002209,2026-01-01,insurance
U002212,2026-01-01,none
U002214,2026-01-01,none
U002216,2026-01-01,none
U002217,2026-01-01,none
U002219,2026-01-01,none
U002220,2026-01-01,software
U002223,2026-01-01,none
U002224,2026-01-01,none
U002225,2026-01-01,none
U002227,2026-01-01,mobile
U002228,2026-01-01,none
U002229,2026-01-01,mobile
U002232,2026-01-01,gym
U002240,2026-01-01,cloud
U002242,2026-01-01,none
U002248,2026-01-01,none
U002249,2026-01-01,mobile
U002250,2026-01-01,none
U002252,2026-01-01,music
U002255,2026-01-01,none
U002257,2026-01-01,mobile
U002258,2026-01-01,none
U002260,2026-01-01,none
U002262,2026-01-01,none
U002264,2026-01-01,music
U002265,2026-01-01,none
U002266,2026-01-01,none
U002268,2026-01-01,none
U002272,2026-01-01,insurance
U002275,2026-01-01,none
U002277,2026-01-01,music
U002278,2026-01-01,gym
U002280,2026-01-01,gym
U002281,2026-01-01,none
U002282,2026-01-01,none
U002284,2026-01-01,gym
U002287,2026-01-01,none
U002291,2026-01-01,music
U002294,2026-01-01,insurance
U002297,2026-01-01,none
U002298,2026-01-01,mobile
U002301,2026-01-01,gym
U002302,2026-01-01,insurance
U002304,2026-01-01,insurance
U002306,2026-01-01,gym
U002307,2026-01-01,streaming
U002310,2026-01-01,none
U002312,2026-01-01,none
U002314,2026-01-01,gym
U002317,2026-01-01,streaming
U002321,2026-01-01,gym
U002322,2026-01-01,cloud
U002324,2026-01-01,streaming
U002325,2026-01-01,none
U002328,2026-01-01,gym
U002329,2026-01-01,insurance
U002330,2026-01-01,gym
U002332,2026-01-01,none
U002333,2026-01-01,none
U002334,2026-01-01,music
U002336,2026-01-01,none
U002337,2026-01-01,mobile
U002338,2026-01-01,insurance
U002339,2026-01-01,music
U002341,2026-01-01,cloud
U002343,2026-01-01,streaming
U002344,2026-01-01,streaming
U002345,2026-01-01,none
U002346,2026-01-01,mobile
U002349,2026-01-01,software
U002350,2026-01-01,none
U002352,2026-01-01,insurance
U002354,2026-01-01,none
U002357,2026-01-01,software
U002358,2026-01-01,none
U002359,2026-01-01,cloud
U002360,2026-01-01,software
U002361,2026-01-01,none
U002363,2026-01-01,mobile
U002368,2026-01-01,none
U002369,2026-01-01,none
U002370,2026-01-01,none
U002371,2026-01-01,music
U002372,2026-01-01,gym
U002378,2026-01-01,none
U002379,2026-01-01,none
U002380,2026-01-01,none
U002382,2026-01-01,streaming
U002385,2026-01-01,mobile
U002386,2026-01-01,none
U002389,2026-01-01,insurance
U002393,2026-01-01,none
U002398,2026-01-01,none
U002403,2026-01-01,mobile
U002404,2026-01-01,none
U002405,2026-01-01,insurance
U002407,2026-01-01,none
U002410,2026-01-01,none
U002413,2026-01-01,software
U002415,2026-01-01,streaming
U002416,2026-01-01,none
U002418,2026-01-01,insurance
U002419,2026-01-01,gym
U002420,2026-01-01,streaming
U002421,2026-01-01,none
U002422,2026-01-01,none
U002423,2026-01-01,none
U002425,2026-01-01,gym
U002426,2026-01-01,none
U002427,2026-01-01,none
U002429,2026-01-01,none
U002430,2026-01-01,none
U002433,2026-01-01,gym
U002434,2026-01-01,insurance
U002435,2026-01-01,streaming
U002438,2026-01-01,mobile
U002439,2026-01-01,cloud
U002440,2026-01-01,none
U002442,2026-01-01,streaming
U002445,2026-01-01,mobile
U002446,2026-01-01,none
U002447,2026-01-01,none
U002448,2026-01-01,software
U002449,2026-01-01,cloud
U002451,2026-01-01,streaming
U002452,2026-01-01,none
U002453,2026-01-01,none
U002456,2026-01-01,none
U002457,2026-01-01,music
U002459,2026-01-01,gym
U002463,2026-01-01,streaming
U002465,2026-01-01,none
U002466,2026-01-01,none
U002467,2026-01-01,none
U002469,2026-01-01,music
U002471,2026-01-01,software
U002473,2026-01-01,none
U002474,2026-01-01,streaming
U002475,2026-01-01,music
U002476,2026-01-01,cloud
U002478,2026-01-01,cloud
U002482,2026-01-01,none
U002485,2026-01-01,music
U002486,2026-01-01,music
U002487,2026-01-01,software
U002491,2026-01-01,none
U002492,2026-01-01,streaming
U002493,2026-01-01,streaming
U002495,2026-01-01,none
U002496,2026-01-01,music
U002503,2026-01-01,none
U002505,2026-01-01,none
U002508,2026-01-01,none
U002510,2026-01-01,cloud
U002512,2026-01-01,software
U002514,2026-01-01,gym
U002515,2026-01-01,gym
U002516,2026-01-01,software
U002517,2026-01-01,mobile
U002519,2026-01-01,none
U002520,2026-01-01,none
U002525,2026-01-01,none
U002528,2026-01-01,gym
U002529,2026-01-01,mobile
U002530,2026-01-01,none
U002531,2026-01-01,none
U002533,2026-01-01,insurance
U002534,2026-01-01,mobile
U002535,2026-01-01,cloud
U002538,2026-01-01,cloud
U002539,2026-01-01,none
U002540,2026-01-01,streaming
U002541,2026-01-01,insurance
U002544,2026-01-01,mobile
U002545,2026-01-01,none
U002547,2026-01-01,none
U002549,2026-01-01,cloud
U002550,2026-01-01,none
U002551,2026-01-01,streaming
U002552,2026-01-01,cloud
U002555,2026-01-01,none
U002556,2026-01-01,gym
U002557,2026-01-01,none
U002560,2026-01-01,cloud
U002564,2026-01-01,none
U002566,2026-01-01,cloud
U002567,2026-01-01,gym
U002570,2026-01-01,none
U002574,2026-01-01,none
U002575,2026-01-01,none
U002576,2026-01-01,none
U002580,2026-01-01,none
U002581,2026-01-01,cloud
U002582,2026-01-01,gym
U002584,2026-01-01,cloud
U002586,2026-01-01,gym
U002590,2026-01-01,mobile
U002591,2026-01-01,gym
U002593,2026-01-01,none
U002595,2026-01-01,none
U002599,2026-01-01,software
U002600,2026-01-01,none
U002601,2026-01-01,none
U002606,2026-01-01,gym
U002607,2026-01-01,none
U002608,2026-01-01,none
U002610,2026-01-01,music
U002613,2026-01-01,music
U002614,2026-01-01,none
U002616,2026-01-01,none
U002621,2026-01-01,none
U002624,2026-01-01,gym
U002626,2026-01-01,insurance
U002627,2026-01-01,streaming
U002628,2026-01-01,software
U002632,2026-01-01,music
U002634,2026-01-01,mobile
U002637,2026-01-01,none
U002638,2026-01-01,none
U002640,2026-01-01,none
U002642,2026-01-01,none
U002643,2026-01-01,none
U002645,2026-01-01,gym
U002647,2026-01-01,streaming
U002648,2026-01-01,none
U002650,2026-01-01,none
U002651,2026-01-01,none
U002652,2026-01-01,none
U002653,2026-01-01,cloud
U002654,2026-01-01,insurance
U002656,2026-01-01,none
U002659,2026-01-01,none
U002660,2026-01-01,mobile
U002662,2026-01-01,cloud
U002663,2026-01-01,none
U002664,2026-01-01,none
U002665,2026-01-01,none
U002669,2026-01-01,none
U002670,2026-01-01,gym
U002671,2026-01-01,gym
U002672,2026-01-01,none
U002674,2026-01-01,cloud
U002676,2026-01-01,insurance
U002677,2026-01-01,software
U002678,2026-01-01,none
U002680,2026-01-01,insurance
U002684,2026-01-01,none
U002685,2026-01-01,music
U002686,2026-01-01,none
U002687,2026-01-01,none
U002688,2026-01-01,none
U002689,2026-01-01,software
U002695,2026-01-01,none
U002697,2026-01-01,none
U002706,2026-01-01,insurance
U002708,2026-01-01,none
U002709,2026-01-01,none
U002711,2026-01-01,mobile
U002713,2026-01-01,streaming
U002714,2026-01-01,none
U002715,2026-01-01,streaming
U002716,2026-01-01,streaming
U002718,2026-01-01,none
U002719,2026-01-01,cloud
U002720,2026-01-01,none
U002721,2026-01-01,music
U002724,2026-01-01,none
U002727,2026-01-01,none
U002728,2026-01-01,cloud
U002729,2026-01-01,mobile
U002732,2026-01-01,none
U002733,2026-01-01,none
U002737,2026-01-01,none
U002738,2026-01-01,software
U002739,2026-01-01,cloud
U002740,2026-01-01,cloud
U002741,2026-01-01,streaming
U002743,2026-01-01,cloud
U002748,2026-01-01,gym
U002750,2026-01-01,streaming
U002751,2026-01-01,none
U002752,2026-01-01,none
U002753,2026-01-01,mobile
U002754,2026-01-01,none
U002756,2026-01-01,software
U002759,2026-01-01,none
U002761,2026-01-01,insurance
U002763,2026-01-01,insurance
U002764,2026-01-01,none
U002768,2026-01-01,none
U002769,2026-01-01,none
U002770,2026-01-01,software
U002771,2026-01-01,none
U002775,2026-01-01,streaming
U002779,2026-01-01,software
U002780,2026-01-01,cloud
U002781,2026-01-01,none
U002785,2026-01-01,none
U002786,2026-01-01,cloud
U002787,2026-01-01,none
U002788,2026-01-01,music
U002789,2026-01-01,cloud
U002790,2026-01-01,streaming
U002791,2026-01-01,mobile
U002792,2026-01-01,insurance
U002793,2026-01-01,none
U002794,2026-01-01,insurance
U002796,2026-01-01,none
U002802,2026-01-01,none
U002804,2026-01-01,streaming
U002805,2026-01-01,none
U002807,2026-01-01,none
U002808,2026-01-01,none
U002814,2026-01-01,none
U002815,2026-01-01,cloud
U002817,2026-01-01,gym
U002818,2026-01-01,none
U002819,2026-01-01,none
U002820,2026-01-01,none
U002825,2026-01-01,none
U002826,2026-01-01,gym
U002827,2026-01-01,none
U002829,2026-01-01,none
U002830,2026-01-01,streaming
U002836,2026-01-01,streaming
U002837,2026-01-01,software
U002839,2026-01-01,cloud
U002840,2026-01-01,none
U002843,2026-01-01,cloud
U002848,2026-01-01,none
U002850,2026-01-01,software
U002851,2026-01-01,cloud
U002853,2026-01-01,none
U002854,2026-01-01,none
U002855,2026-01-01,none
U002857,2026-01-01,none
U002858,2026-01-01,music
U002862,2026-01-01,gym
U002863,2026-01-01,mobile
U002864,2026-01-01,gym
U002867,2026-01-01,gym
U002868,2026-01-01,mobile
U002869,2026-01-01,insurance
U002870,2026-01-01,gym
U002871,2026-01-01,insurance
U002872,2026-01-01,music
U002873,2026-01-01,none
U002874,2026-01-01,none
U002875,2026-01-01,mobile
U002876,2026-01-01,none
U002877,2026-01-01,streaming
U002879,2026-01-01,insurance
U002885,2026-01-01,gym
U002887,2026-01-01,mobile
U002888,2026-01-01,gym
U002890,2026-01-01,gym
U002894,2026-01-01,streaming
U002896,2026-01-01,music
U002897,2026-01-01,insurance
U002898,2026-01-01,none
U002899,2026-01-01,music
U002900,2026-01-01,insurance
U002901,2026-01-01,none
U002904,2026-01-01,none
U002905,2026-01-01,streaming
U002906,2026-01-01,none
U002909,2026-01-01,cloud
U002910,2026-01-01,none
U002912,2026-01-01,none
U002914,2026-01-01,streaming
U002915,2026-01-01,insurance
U002916,2026-01-01,cloud
U002917,2026-01-01,insurance
U002918,2026-01-01,music
U002920,2026-01-01,gym
U002921,2026-01-01,software
U002922,2026-01-01,software
U002923,2026-01-01,mobile
U002924,2026-01-01,gym
U002926,2026-01-01,software
U002929,2026-01-01,software
U002930,2026-01-01,mobile
U002932,2026-01-01,software
U002933,2026-01-01,cloud
U002937,2026-01-01,cloud
U002939,2026-01-01,mobile
U002940,2026-01-01,none
U002942,2026-01-01,mobile
U002947,2026-01-01,cloud
U002950,2026-01-01,insurance
U002951,2026-01-01,none
U002953,2026-01-01,none
U002954,2026-01-01,cloud
U002955,2026-01-01,streaming
U002956,2026-01-01,none
U002963,2026-01-01,software
U002965,2026-01-01,cloud
U002969,2026-01-01,insurance
U002970,2026-01-01,mobile
U002973,2026-01-01,cloud
U002974,2026-01-01,none
U002975,2026-01-01,gym
U002976,2026-01-01,none
U002979,2026-01-01,streaming
U002980,2026-01-01,none
U002981,2026-01-01,none
U002983,2026-01-01,music
U002987,2026-01-01,software
U002988,2026-01-01,none
U002992,2026-01-01,software
U002993,2026-01-01,insurance
U002995,2026-01-01,none
U002996,2026-01-01,insurance
U002997,2026-01-01,streaming
U002998,2026-01-01,none
U002999,2026-01-01,insurance
U003000,2026-01-01,none
U003001,2026-01-01,cloud
U003002,2026-01-01,gym
U003004,2026-01-01,none
U003006,2026-01-01,none
U003010,2026-01-01,streaming
U003013,2026-01-01,music
U003014,2026-01-01,streaming
U003015,2026-01-01,software
U003017,2026-01-01,none
U003021,2026-01-01,software
U003022,2026-01-01,none
U003024,2026-01-01,none
U003026,2026-01-01,none
U003028,2026-01-01,streaming
U003030,2026-01-01,none
U003033,2026-01-01,none
U003035,2026-01-01,streaming
U003036,2026-01-01,none
U003037,2026-01-01,cloud
U003038,2026-01-01,streaming
U003039,2026-01-01,none
U003042,2026-01-01,none
U003043,2026-01-01,none
U003045,2026-01-01,mobile
U003047,2026-01-01,none
U003049,2026-01-01,none
U003053,2026-01-01,none
U003057,2026-01-01,none
U003059,2026-01-01,mobile
U003060,2026-01-01,none
U003061,2026-01-01,none
U003062,2026-01-01,cloud
U003064,2026-01-01,none
U003067,2026-01-01,music
U003069,2026-01-01,music
U003070,2026-01-01,none
U003072,2026-01-01,software
U003073,2026-01-01,none
U003074,2026-01-01,none
U003076,2026-01-01,software
U003077,2026-01-01,insurance
U003078,2026-01-01,insurance
U003079,2026-01-01,none
U003080,2026-01-01,cloud
U003082,2026-01-01,mobile
U003088,2026-01-01,none
U003089,2026-01-01,none
U003091,2026-01-01,insurance
U003096,2026-01-01,software
U003097,2026-01-01,none
U003098,2026-01-01,none
U003102,2026-01-01,software
U003105,2026-01-01,none
U003106,2026-01-01,none
U003107,2026-01-01,none
U003108,2026-01-01,none
U003112,2026-01-01,gym
U003113,2026-01-01,streaming
U003120,2026-01-01,none
U003121,2026-01-01,insurance
U003124,2026-01-01,none
U003125,2026-01-01,none
U003131,2026-01-01,none
U003134,2026-01-01,cloud
U003135,2026-01-01,music
U003137,2026-01-01,mobile
U003138,2026-01-01,insurance
U003139,2026-01-01,none
U003140,2026-01-01,streaming
U003141,2026-01-01,none
U003143,2026-01-01,insurance
U003144,2026-01-01,none
U003146,2026-01-01,cloud
U003147,2026-01-01,none
U003148,2026-01-01,none
U003150,2026-01-01,cloud
U003154,2026-01-01,streaming
U003155,2026-01-01,software
U003156,2026-01-01,none
U003157,2026-01-01,none
U003161,2026-01-01,streaming
U003163,2026-01-01,none
U003164,2026-01-01,none
U003165,2026-01-01,streaming
U003168,2026-01-01,streaming
U003172,2026-01-01,none
U003173,2026-01-01,cloud
U003174,2026-01-01,gym
U003177,2026-01-01,none
U003178,2026-01-01,none
U003180,2026-01-01,music
U003181,2026-01-01,none
U003183,2026-01-01,none
U003184,2026-01-01,software
U003186,2026-01-01,gym
U003192,2026-01-01,mobile
U003195,2026-01-01,none
U003196,2026-01-01,music
U003200,2026-01-01,gym
U003201,2026-01-01,music
U003205,2026-01-01,insurance
U003206,2026-01-01,mobile
U003207,2026-01-01,streaming
U003208,2026-01-01,streaming
U003213,2026-01-01,music
U003214,2026-01-01,none
U003215,2026-01-01,none
U003217,2026-01-01,none
U003221,2026-01-01,none
U003222,2026-01-01,none
U003224,2026-01-01,mobile
U003227,2026-01-01,streaming
U003235,2026-01-01,music
U003237,2026-01-01,insurance
U003239,2026-01-01,insurance
U003240,2026-01-01,cloud
U003242,2026-01-01,insurance
U003243,2026-01-01,music
U003244,2026-01-01,insurance
U003246,2026-01-01,none
U003247,2026-01-01,none
U003248,2026-01-01,software
U003250,2026-01-01,none
U003254,2026-01-01,none
U003255,2026-01-01,streaming
U003257,2026-01-01,cloud
U003258,2026-01-01,none
U003263,2026-01-01,cloud
U003264,2026-01-01,software
U003265,2026-01-01,gym
U003266,2026-01-01,none
U003268,2026-01-01,streaming
U003269,2026-01-01,none
U003270,2026-01-01,music
U003271,2026-01-01,gym
U003272,2026-01-01,none
U003274,2026-01-01,software
U003276,2026-01-01,mobile
U003281,2026-01-01,none
U003282,2026-01-01,music
U003284,2026-01-01,none
U003288,2026-01-01,none
U003294,2026-01-01,streaming
U003295,2026-01-01,cloud
U003297,2026-01-01,cloud
U003299,2026-01-01,none
U003300,2026-01-01,gym
U003303,2026-01-01,music
U003304,2026-01-01,gym
U003308,2026-01-01,gym
U003309,2026-01-01,music
U003310,2026-01-01,software
U003312,2026-01-01,mobile
U003313,2026-01-01,gym
U003314,2026-01-01,gym
U003315,2026-01-01,music
U003316,2026-01-01,music
U003317,2026-01-01,software
U003320,2026-01-01,software
U003322,2026-01-01,mobile
U003323,2026-01-01,mobile
U003325,2026-01-01,cloud
U003326,2026-01-01,none
U003327,2026-01-01,software
U003328,2026-01-01,cloud
U003329,2026-01-01,none
U003330,2026-01-01,streaming
U003331,2026-01-01,mobile
U003332,2026-01-01,none
U003335,2026-01-01,music
U003336,2026-01-01,cloud
U003340,2026-01-01,none
U003342,2026-01-01,cloud
U003344,2026-01-01,gym
U003345,2026-01-01,cloud
U003346,2026-01-01,music
U003347,2026-01-01,streaming
U003348,2026-01-01,none
U003350,2026-01-01,mobile
U003351,2026-01-01,insurance
U003354,2026-01-01,none
U003355,2026-01-01,insurance
U003356,2026-01-01,software
U003358,2026-01-01,gym
U003359,2026-01-01,music
U003360,2026-01-01,insurance
U003362,2026-01-01,streaming
U003363,2026-01-01,insurance
U003367,2026-01-01,insurance
U003368,2026-01-01,none
U003373,2026-01-01,streaming
U003375,2026-01-01,software
U003376,2026-01-01,software
U003377,2026-01-01,mobile
U003378,2026-01-01,cloud
U003381,2026-01-01,gym
U003384,2026-01-01,none
U003385,2026-01-01,gym
U003386,2026-01-01,none
U003388,2026-01-01,gym
U003389,2026-01-01,insurance
U003391,2026-01-01,software
U003393,2026-01-01,software
U003394,2026-01-01,streaming
U003395,2026-01-01,insurance
U003397,2026-01-01,mobile
U003398,2026-01-01,none
U003399,2026-01-01,gym
U003402,2026-01-01,none
U003406,2026-01-01,gym
U003407,2026-01-01,insurance
U003408,2026-01-01,none
U003409,2026-01-01,streaming
U003416,2026-01-01,cloud
U003417,2026-01-01,none
U003418,2026-01-01,none
U003421,2026-01-01,none
U003422,2026-01-01,mobile
U003423,2026-01-01,gym
U003424,2026-01-01,none
U003425,2026-01-01,none
U003428,2026-01-01,none
U003429,2026-01-01,mobile
U003433,2026-01-01,none
U003436,2026-01-01,streaming
U003437,2026-01-01,gym
U003439,2026-01-01,gym
U003440,2026-01-01,none
U003444,2026-01-01,none
U003445,2026-01-01,music
U003447,2026-01-01,none
U003450,2026-01-01,insurance
U003451,2026-01-01,insurance
U003452,2026-01-01,gym
U003453,2026-01-01,cloud
U003456,2026-01-01,none
U003458,2026-01-01,none
U003463,2026-01-01,none
U003464,2026-01-01,cloud
U003465,2026-01-01,music
U003466,2026-01-01,music
U003469,2026-01-01,none
U003470,2026-01-01,gym
U003472,2026-01-01,insurance
U003475,2026-01-01,cloud
U003477,2026-01-01,streaming
U003478,2026-01-01,gym
U003481,2026-01-01,insurance
U003482,2026-01-01,none
U003487,2026-01-01,gym
U003488,2026-01-01,software
U003493,2026-01-01,none
U003494,2026-01-01,none
U003496,2026-01-01,none
U003498,2026-01-01,gym
U003499,2026-01-01,none
U003501,2026-01-01,none
U003502,2026-01-01,gym
U003503,2026-01-01,insurance
U003506,2026-01-01,none
U003507,2026-01-01,streaming
U003508,2026-01-01,mobile
U003510,2026-01-01,none
U003512,2026-01-01,music
U003514,2026-01-01,software
U003515,2026-01-01,mobile
U003516,2026-01-01,insurance
U003518,2026-01-01,none
U003521,2026-01-01,streaming
U003522,2026-01-01,none
U003525,2026-01-01,cloud
U003526,2026-01-01,none
U003527,2026-01-01,none
U003530,2026-01-01,none
U003531,2026-01-01,none
U003532,2026-01-01,software
U003534,2026-01-01,streaming
U003535,2026-01-01,none
U003539,2026-01-01,mobile
U003540,2026-01-01,none
U003541,2026-01-01,cloud
U003546,2026-01-01,music
U003547,2026-01-01,gym
U003552,2026-01-01,none
U003554,2026-01-01,none
U003555,2026-01-01,none
U003556,2026-01-01,none
U003558,2026-01-01,music
U003561,2026-01-01,insurance
U003562,2026-01-01,none
U003563,2026-01-01,music
U003565,2026-01-01,music
U003567,2026-01-01,none
U003568,2026-01-01,software
U003569,2026-01-01,cloud
U003571,2026-01-01,software
U003572,2026-01-01,streaming
U003574,2026-01-01,music
U003576,2026-01-01,software
U003577,2026-01-01,music
U003580,2026-01-01,none
U003582,2026-01-01,gym
U003583,2026-01-01,gym
U003584,2026-01-01,mobile
U003585,2026-01-01,none
U003586,2026-01-01,none
U003589,2026-01-01,none
U003591,2026-01-01,none
U003592,2026-01-01,gym
U003593,2026-01-01,streaming
U003594,2026-01-01,insurance
U003596,2026-01-01,none
U003597,2026-01-01,none
U003599,2026-01-01,none
U003600,2026-01-01,streaming
U003602,2026-01-01,music
U003604,2026-01-01,software
U003605,2026-01-01,none
U003606,2026-01-01,music
U003607,2026-01-01,insurance
U003612,2026-01-01,cloud
U003614,2026-01-01,streaming
U003616,2026-01-01,insurance
U003618,2026-01-01,music
U003621,2026-01-01,none
U003623,2026-01-01,gym
U003624,2026-01-01,none
U003630,2026-01-01,none
U003631,2026-01-01,insurance
U003634,2026-01-01,software
U003637,2026-01-01,insurance
U003639,2026-01-01,music
U003641,2026-01-01,none
U003642,2026-01-01,none
U003645,2026-01-01,none
U003646,2026-01-01,music
U003647,2026-01-01,streaming
U003649,2026-01-01,music
U003651,2026-01-01,none
U003652,2026-01-01,insurance
U003654,2026-01-01,none
U003655,2026-01-01,none
U003656,2026-01-01,insurance
U003657,2026-01-01,insurance
U003659,2026-01-01,none
U003660,2026-01-01,gym
U003661,2026-01-01,none
U003662,2026-01-01,gym
U003663,2026-01-01,insurance
U003664,2026-01-01,streaming
U003666,2026-01-01,none
U003668,2026-01-01,mobile
U003670,2026-01-01,gym
U003674,2026-01-01,none
U003675,2026-01-01,insurance
U003676,2026-01-01,music
U003678,2026-01-01,software
U003679,2026-01-01,none
U003681,2026-01-01,none
U003682,2026-01-01,none
U003684,2026-01-01,software
U003686,2026-01-01,none
U003687,2026-01-01,gym
U003690,2026-01-01,none
U003692,2026-01-01,none
U003694,2026-01-01,none
U003697,2026-01-01,software
U003700,2026-01-01,none
U003701,2026-01-01,none
U003702,2026-01-01,insurance
U003703,2026-01-01,gym
U003705,2026-01-01,music
U003707,2026-01-01,software
U003709,2026-01-01,cloud
U003710,2026-01-01,gym
U003715,2026-01-01,none
U003716,2026-01-01,streaming
U003717,2026-01-01,none
U003719,2026-01-01,music
U003720,2026-01-01,streaming
U003722,2026-01-01,none
U003726,2026-01-01,gym
U003728,2026-01-01,none
U003731,2026-01-01,cloud
U003734,2026-01-01,software
U003735,2026-01-01,none
U003738,2026-01-01,none
U003739,2026-01-01,music
U003741,2026-01-01,software
U003742,2026-01-01,music
U003743,2026-01-01,software
U003745,2026-01-01,none
U003747,2026-01-01,music
U003748,2026-01-01,insurance
U003751,2026-01-01,cloud
U003752,2026-01-01,insurance
U003754,2026-01-01,streaming
U003755,2026-01-01,none
U003756,2026-01-01,mobile
U003757,2026-01-01,none
U003760,2026-01-01,none
U003761,2026-01-01,streaming
U003763,2026-01-01,none
U003765,2026-01-01,none
U003766,2026-01-01,software
U003768,2026-01-01,none
U003769,2026-01-01,none
U003772,2026-01-01,software
U003773,2026-01-01,mobile
U003776,2026-01-01,none
U003777,2026-01-01,cloud
U003778,2026-01-01,none
U003780,2026-01-01,cloud
U003781,2026-01-01,none
U003782,2026-01-01,gym
U003784,2026-01-01,streaming
U003786,2026-01-01,none
U003788,2026-01-01,streaming
U003790,2026-01-01,none
U003791,2026-01-01,software
U003792,2026-01-01,software
U003795,2026-01-01,none
U003796,2026-01-01,software
U003799,2026-01-01,none
U003800,2026-01-01,insurance
U003801,2026-01-01,none
U003802,2026-01-01,streaming
U003803,2026-01-01,software
U003804,2026-01-01,gym
U003808,2026-01-01,streaming
U003809,2026-01-01,mobile
U003810,2026-01-01,none
U003811,2026-01-01,none
U003815,2026-01-01,cloud
U003817,2026-01-01,none
U003818,2026-01-01,mobile
U003819,2026-01-01,none
U003823,2026-01-01,none
U003827,2026-01-01,none
U003829,2026-01-01,none
U003830,2026-01-01,none
U003831,2026-01-01,gym
U003832,2026-01-01,cloud
U003833,2026-01-01,gym
U003834,2026-01-01,none
U003835,2026-01-01,none
U003836,2026-01-01,none
U003837,2026-01-01,mobile
U003838,2026-01-01,streaming
U003841,2026-01-01,music
U003842,2026-01-01,software
U003843,2026-01-01,cloud
U003844,2026-01-01,software
U003845,2026-01-01,insurance
U003846,2026-01-01,mobile
U003847,2026-01-01,streaming
U003848,2026-01-01,cloud
U003849,2026-01-01,none
U003850,2026-01-01,music
U003851,2026-01-01,none
U003853,2026-01-01,mobile
U003854,2026-01-01,none
U003855,2026-01-01,cloud
U003856,2026-01-01,none
U003858,2026-01-01,none
U003859,2026-01-01,streaming
U003860,2026-01-01,none
U003861,2026-01-01,software
U003863,2026-01-01,none
U003866,2026-01-01,none
U003867,2026-01-01,insurance
U003868,2026-01-01,mobile
U003870,2026-01-01,cloud
U003873,2026-01-01,none
U003874,2026-01-01,none
U003875,2026-01-01,streaming
U003879,2026-01-01,cloud
U003880,2026-01-01,streaming
U003882,2026-01-01,none
U003885,2026-01-01,cloud
U003887,2026-01-01,cloud
U003888,2026-01-01,none
U003890,2026-01-01,gym
U003891,2026-01-01,none
U003892,2026-01-01,none
U003898,2026-01-01,mobile
U003903,2026-01-01,none
U003904,2026-01-01,insurance
U003908,2026-01-01,none
U003909,2026-01-01,streaming
U003911,2026-01-01,none
U003915,2026-01-01,none
U003916,2026-01-01,none
U003917,2026-01-01,none
U003918,2026-01-01,gym
U003919,2026-01-01,none
U003920,2026-01-01,none
U003922,2026-01-01,none
U003924,2026-01-01,software
U003925,2026-01-01,software
U003927,2026-01-01,music
U003932,2026-01-01,none
U003933,2026-01-01,cloud
U003937,2026-01-01,gym
U003938,2026-01-01,music
U003940,2026-01-01,none
U003942,2026-01-01,software
U003946,2026-01-01,none
U003948,2026-01-01,gym
U003951,2026-01-01,music
U003952,2026-01-01,none
U003953,2026-01-01,none
U003954,2026-01-01,none
U003957,2026-01-01,none
U003960,2026-01-01,mobile
U003961,2026-01-01,cloud
U003966,2026-01-01,none
U003967,2026-01-01,insurance
U003968,2026-01-01,none
U003971,2026-01-01,none
U003972,2026-01-01,none
U003979,2026-01-01,music
U003980,2026-01-01,mobile
U003984,2026-01-01,mobile
U003985,2026-01-01,none
U003986,2026-01-01,gym
U003987,2026-01-01,none
U003989,2026-01-01,none
U003991,2026-01-01,none
U003995,2026-01-01,none
U004000,2026-01-01,music
U004001,2026-01-01,insurance
U004004,2026-01-01,music
U004005,2026-01-01,cloud
U004006,2026-01-01,software
U004007,2026-01-01,none
U004010,2026-01-01,none
U004012,2026-01-01,music
U004013,2026-01-01,none
U004014,2026-01-01,cloud
U004015,2026-01-01,none
U004016,2026-01-01,none
U004017,2026-01-01,none
U004018,2026-01-01,gym
U004019,2026-01-01,none
U004020,2026-01-01,streaming
U004021,2026-01-01,music
U004025,2026-01-01,streaming
U004026,2026-01-01,gym
U004029,2026-01-01,none
U004030,2026-01-01,software
U004032,2026-01-01,none
U004033,2026-01-01,mobile
U004037,2026-01-01,none
U004041,2026-01-01,none
U004043,2026-01-01,mobile
U004045,2026-01-01,none
U004051,2026-01-01,software
U004053,2026-01-01,cloud
U004056,2026-01-01,insurance
U004058,2026-01-01,gym
U004062,2026-01-01,none
U004064,2026-01-01,streaming
U004065,2026-01-01,cloud
U004067,2026-01-01,none
U004069,2026-01-01,mobile
U004075,2026-01-01,none
U004076,2026-01-01,mobile
U004082,2026-01-01,none
U004084,2026-01-01,insurance
U004088,2026-01-01,none
U004091,2026-01-01,gym
U004092,2026-01-01,music
U004098,2026-01-01,none
U004100,2026-01-01,cloud
U004101,2026-01-01,none
U004102,2026-01-01,mobile
U004103,2026-01-01,none
U004104,2026-01-01,software
U004106,2026-01-01,insurance
U004108,2026-01-01,cloud
U004110,2026-01-01,insurance
U004111,2026-01-01,none
U004112,2026-01-01,gym
U004116,2026-01-01,music
U004118,2026-01-01,none
U004119,2026-01-01,software
U004120,2026-01-01,streaming
U004121,2026-01-01,none
U004124,2026-01-01,mobile
U004125,2026-01-01,streaming
U004126,2026-01-01,mobile
U004127,2026-01-01,gym
U004128,2026-01-01,streaming
U004129,2026-01-01,streaming
U004130,2026-01-01,music
U004131,2026-01-01,cloud
U004136,2026-01-01,none
U004138,2026-01-01,none
U004140,2026-01-01,none
U004143,2026-01-01,cloud
U004145,2026-01-01,cloud
U004147,2026-01-01,cloud
U004148,2026-01-01,music
U004149,2026-01-01,none
U004151,2026-01-01,music
U004152,2026-01-01,none
U004155,2026-01-01,music
U004156,2026-01-01,software
U004161,2026-01-01,music
U004162,2026-01-01,insurance
U004164,2026-01-01,none
U004166,2026-01-01,gym
U004168,2026-01-01,none
U004170,2026-01-01,insurance
U004171,2026-01-01,none
U004172,2026-01-01,insurance
U004176,2026-01-01,none
U004177,2026-01-01,none
U004179,2026-01-01,none
U004181,2026-01-01,music
U004185,2026-01-01,software
U004187,2026-01-01,streaming
U004188,2026-01-01,gym
U004189,2026-01-01,music
U004192,2026-01-01,mobile
U004195,2026-01-01,cloud
U004197,2026-01-01,cloud
U004199,2026-01-01,music
U004203,2026-01-01,none
U004204,2026-01-01,none
U004205,2026-01-01,none
U004207,2026-01-01,none
U004208,2026-01-01,none
U004210,2026-01-01,none
U004211,2026-01-01,none
U004214,2026-01-01,none
U004215,2026-01-01,none
U004216,2026-01-01,music
U004217,2026-01-01,none
U004218,2026-01-01,software
U004221,2026-01-01,music
U004222,2026-01-01,insurance
U004223,2026-01-01,none
U004225,2026-01-01,software
U004227,2026-01-01,none
U004228,2026-01-01,none
U004231,2026-01-01,none
U004234,2026-01-01,insurance
U004240,2026-01-01,none
U004242,2026-01-01,software
U004243,2026-01-01,insurance
U004244,2026-01-01,none
U004246,2026-01-01,none
U004247,2026-01-01,none
U004248,2026-01-01,mobile
U004251,2026-01-01,gym
U004252,2026-01-01,music
U004253,2026-01-01,streaming
U004255,2026-01-01,music
U004256,2026-01-01,cloud
U004257,2026-01-01,mobile
U004258,2026-01-01,none
U004260,2026-01-01,none
U004261,2026-01-01,none
U004262,2026-01-01,mobile
U004264,2026-01-01,cloud
U004267,2026-01-01,none
U004268,2026-01-01,none
U004271,2026-01-01,none
U004273,2026-01-01,cloud
U004276,2026-01-01,software
U004284,2026-01-01,none
U004285,2026-01-01,mobile
U004287,2026-01-01,none
U004289,2026-01-01,none
U004292,2026-01-01,insurance
U004294,2026-01-01,cloud
U004299,2026-01-01,gym
U004301,2026-01-01,cloud
U004302,2026-01-01,streaming
U004303,2026-01-01,none
U004305,2026-01-01,none
U004308,2026-01-01,none
U004310,2026-01-01,mobile
U004311,2026-01-01,none
U004313,2026-01-01,none
U004316,2026-01-01,none
U004317,2026-01-01,none
U004318,2026-01-01,none
U004319,2026-01-01,none
U004322,2026-01-01,none
U004325,2026-01-01,gym
U004331,2026-01-01,none
U004332,2026-01-01,none
U004333,2026-01-01,none
U004335,2026-01-01,none
U004336,2026-01-01,insurance
U004338,2026-01-01,gym
U004339,2026-01-01,none
U004340,2026-01-01,insurance
U004341,2026-01-01,cloud
U004342,2026-01-01,insurance
U004345,2026-01-01,none
U004346,2026-01-01,none
U004350,2026-01-01,none
U004351,2026-01-01,mobile
U004352,2026-01-01,none
U004353,2026-01-01,mobile
U004354,2026-01-01,cloud
U004355,2026-01-01,gym
U004356,2026-01-01,software
U004357,2026-01-01,mobile
U004358,2026-01-01,software
U004360,2026-01-01,none
U004363,2026-01-01,streaming
U004365,2026-01-01,gym
U004367,2026-01-01,none
U004371,2026-01-01,none
U004372,2026-01-01,music
U004378,2026-01-01,cloud
U004383,2026-01-01,none
U004386,2026-01-01,gym
U004387,2026-01-01,none
U004388,2026-01-01,none
U004391,2026-01-01,streaming
U004392,2026-01-01,none
U004393,2026-01-01,none
U004396,2026-01-01,gym
U004397,2026-01-01,none
U004399,2026-01-01,none
U004401,2026-01-01,gym
U004402,2026-01-01,none
U004403,2026-01-01,gym
U004407,2026-01-01,cloud
U004408,2026-01-01,mobile
U004413,2026-01-01,none
U004414,2026-01-01,insurance
U004415,2026-01-01,none
U004416,2026-01-01,insurance
U004417,2026-01-01,gym
U004418,2026-01-01,none
U004421,2026-01-01,streaming
U004422,2026-01-01,software
U004423,2026-01-01,none
U004429,2026-01-01,mobile
U004430,2026-01-01,gym
U004431,2026-01-01,none
U004432,2026-01-01,gym
U004433,2026-01-01,cloud
U004435,2026-01-01,streaming
U004439,2026-01-01,streaming
U004442,2026-01-01,none
U004443,2026-01-01,none
U004444,2026-01-01,cloud
U004446,2026-01-01,cloud
U004448,2026-01-01,streaming
U004451,2026-01-01,software
U004452,2026-01-01,none
U004453,2026-01-01,gym
U004455,2026-01-01,none
U004457,2026-01-01,none
U004459,2026-01-01,software
U004460,2026-01-01,insurance
U004462,2026-01-01,none
U004463,2026-01-01,music
U004465,2026-01-01,mobile
U004466,2026-01-01,cloud
U004468,2026-01-01,streaming
U004470,2026-01-01,software
U004471,2026-01-01,music
U004472,2026-01-01,none
U004473,2026-01-01,none
U004477,2026-01-01,insurance
U004479,2026-01-01,streaming
U004482,2026-01-01,none
U004483,2026-01-01,none
U004484,2026-01-01,none
U004488,2026-01-01,streaming
U004489,2026-01-01,insurance
U004490,2026-01-01,gym
U004492,2026-01-01,gym
U004494,2026-01-01,gym
U004495,2026-01-01,none
U004497,2026-01-01,none
U004498,2026-01-01,cloud
U004499,2026-01-01,none
U004504,2026-01-01,none
U004505,2026-01-01,cloud
U004506,2026-01-01,none
U004508,2026-01-01,none
U004509,2026-01-01,none
U004510,2026-01-01,insurance
U004512,2026-01-01,mobile
U004513,2026-01-01,gym
U004515,2026-01-01,none
U004516,2026-01-01,none
U004517,2026-01-01,none
U004519,2026-01-01,none
U004524,2026-01-01,cloud
U004525,2026-01-01,gym
U004527,2026-01-01,cloud
U004529,2026-01-01,software
U004530,2026-01-01,music
U004531,2026-01-01,mobile
U004533,2026-01-01,gym
U004535,2026-01-01,mobile
U004538,2026-01-01,insurance
U004542,2026-01-01,none
U004545,2026-01-01,software
U004546,2026-01-01,software
U004547,2026-01-01,software
U004548,2026-01-01,software
U004549,2026-01-01,none
U004553,2026-01-01,streaming
U004554,2026-01-01,none
U004555,2026-01-01,software
U004556,2026-01-01,mobile
U004557,2026-01-01,software
U004560,2026-01-01,none
U004561,2026-01-01,none
U004562,2026-01-01,none
U004572,2026-01-01,none
U004574,2026-01-01,none
U004575,2026-01-01,cloud
U004576,2026-01-01,gym
U004577,2026-01-01,none
U004578,2026-01-01,insurance
U004580,2026-01-01,cloud
U004581,2026-01-01,none
U004584,2026-01-01,none
U004586,2026-01-01,insurance
U004591,2026-01-01,streaming
U004592,2026-01-01,cloud
U004594,2026-01-01,streaming
U004598,2026-01-01,none
U004599,2026-01-01,none
U004602,2026-01-01,none
U004603,2026-01-01,none
U004604,2026-01-01,none
U004605,2026-01-01,insurance
U004607,2026-01-01,gym
U004609,2026-01-01,gym
U004614,2026-01-01,insurance
U004615,2026-01-01,insurance
U004620,2026-01-01,none
U004623,2026-01-01,insurance
U004625,2026-01-01,insurance
U004628,2026-01-01,none
U004629,2026-01-01,software
U004631,2026-01-01,none
U004633,2026-01-01,software
U004634,2026-01-01,none
U004635,2026-01-01,none
U004638,2026-01-01,cloud
U004640,2026-01-01,none
U004641,2026-01-01,none
U004647,2026-01-01,cloud
U004651,2026-01-01,mobile
U004653,2026-01-01,none
U004654,2026-01-01,none
U004657,2026-01-01,cloud
U004660,2026-01-01,software
U004661,2026-01-01,cloud
U004663,2026-01-01,gym
U004664,2026-01-01,insurance
U004665,2026-01-01,none
U004666,2026-01-01,none
U004667,2026-01-01,insurance
U004668,2026-01-01,mobile
U004671,2026-01-01,none
U004672,2026-01-01,music
U004673,2026-01-01,none
U004676,2026-01-01,none
U004679,2026-01-01,gym
U004680,2026-01-01,gym
U004682,2026-01-01,none
U004683,2026-01-01,software
U004685,2026-01-01,none
U004686,2026-01-01,none
U004687,2026-01-01,none
U004688,2026-01-01,none
U004691,2026-01-01,none
U004693,2026-01-01,none
U004694,2026-01-01,streaming
U004696,2026-01-01,insurance
U004698,2026-01-01,insurance
U004699,2026-01-01,insurance
U004700,2026-01-01,none
U004701,2026-01-01,streaming
U004704,2026-01-01,none
U004709,2026-01-01,none
U004710,2026-01-01,mobile
U004711,2026-01-01,streaming
U004713,2026-01-01,none
U004716,2026-01-01,mobile
U004719,2026-01-01,none
U004720,2026-01-01,none
U004722,2026-01-01,music
U004724,2026-01-01,cloud
U004726,2026-01-01,none
U004729,2026-01-01,none
U004730,2026-01-01,none
U004731,2026-01-01,none
U004733,2026-01-01,mobile
U004734,2026-01-01,gym
U004735,2026-01-01,software
U004736,2026-01-01,music
U004737,2026-01-01,streaming
U004740,2026-01-01,none
U004747,2026-01-01,none
U004748,2026-01-01,none
U004749,2026-01-01,none
U004750,2026-01-01,none
U004752,2026-01-01,music
U004753,2026-01-01,software
U004755,2026-01-01,none
U004757,2026-01-01,streaming
U004758,2026-01-01,none
U004759,2026-01-01,mobile
U004762,2026-01-01,gym
U004766,2026-01-01,gym
U004769,2026-01-01,cloud
U004772,2026-01-01,gym
U004778,2026-01-01,cloud
U004779,2026-01-01,software
U004780,2026-01-01,mobile
U004781,2026-01-01,none
U004782,2026-01-01,none
U004783,2026-01-01,music
U004784,2026-01-01,software
U004785,2026-01-01,mobile
U004787,2026-01-01,mobile
U004788,2026-01-01,none
U004789,2026-01-01,none
U004792,2026-01-01,none
U004794,2026-01-01,none
U004795,2026-01-01,none
U004796,2026-01-01,none
U004802,2026-01-01,none
U004805,2026-01-01,none
U004807,2026-01-01,insurance
U004809,2026-01-01,music
U004811,2026-01-01,mobile
U004818,2026-01-01,cloud
U004819,2026-01-01,cloud
U004820,2026-01-01,none
U004824,2026-01-01,music
U004827,2026-01-01,software
U004828,2026-01-01,cloud
U004829,2026-01-01,software
U004831,2026-01-01,none
U004832,2026-01-01,music
U004833,2026-01-01,streaming
U004834,2026-01-01,none
U004835,2026-01-01,none
U004837,2026-01-01,none
U004840,2026-01-01,streaming
U004842,2026-01-01,insurance
U004843,2026-01-01,cloud
U004847,2026-01-01,mobile
U004848,2026-01-01,insurance
U004850,2026-01-01,mobile
U004852,2026-01-01,streaming
U004854,2026-01-01,none
U004856,2026-01-01,none
U004858,2026-01-01,mobile
U004862,2026-01-01,insurance
U004865,2026-01-01,streaming
U004866,2026-01-01,none
U004867,2026-01-01,none
U004869,2026-01-01,insurance
U004870,2026-01-01,music
U004872,2026-01-01,none
U004873,2026-01-01,insurance
U004875,2026-01-01,streaming
U004876,2026-01-01,software
U004879,2026-01-01,insurance
U004880,2026-01-01,none
U004882,2026-01-01,streaming
U004883,2026-01-01,streaming
U004884,2026-01-01,software
U004890,2026-01-01,streaming
U004891,2026-01-01,none
U004893,2026-01-01,mobile
U004895,2026-01-01,none
U004896,2026-01-01,music
U004898,2026-01-01,none
U004901,2026-01-01,cloud
U004902,2026-01-01,insurance
U004903,2026-01-01,cloud
U004905,2026-01-01,none
U004913,2026-01-01,none
U004917,2026-01-01,cloud
U004919,2026-01-01,none
U004920,2026-01-01,none
U004922,2026-01-01,software
U004925,2026-01-01,insurance
U004926,2026-01-01,mobile
U004928,2026-01-01,none
U004929,2026-01-01,insurance
U004930,2026-01-01,gym
U004931,2026-01-01,none
U004932,2026-01-01,none
U004933,2026-01-01,cloud
U004937,2026-01-01,music
U004940,2026-01-01,none
U004941,2026-01-01,streaming
U004942,2026-01-01,gym
U004947,2026-01-01,none
U004949,2026-01-01,none
U004950,2026-01-01,none
U004957,2026-01-01,none
U004959,2026-01-01,none
U004962,2026-01-01,none
U004963,2026-01-01,software
U004964,2026-01-01,none
U004966,2026-01-01,software
U004967,2026-01-01,streaming
U004969,2026-01-01,software
U004970,2026-01-01,mobile
U004974,2026-01-01,none
U004975,2026-01-01,none
U004976,2026-01-01,music
U004977,2026-01-01,gym
U004979,2026-01-01,mobile
U004980,2026-01-01,none
U004984,2026-01-01,insurance
U004985,2026-01-01,none
U004986,2026-01-01,mobile
U004989,2026-01-01,none
U004990,2026-01-01,none
U004991,2026-01-01,none
U004994,2026-01-01,none
U004996,2026-01-01,software
U004997,2026-01-01,none
U004998,2026-01-01,none
U005001,2026-01-01,insurance
U005002,2026-01-01,none
U005009,2026-01-01,streaming
U005010,2026-01-01,none
U005011,2026-01-01,none
U005012,2026-01-01,none
U005013,2026-01-01,none
U005014,2026-01-01,insurance
U005017,2026-01-01,none
U005018,2026-01-01,cloud
U005019,2026-01-01,gym
U005021,2026-01-01,none
U005033,2026-01-01,gym
U005034,2026-01-01,streaming
U005038,2026-01-01,none
U005039,2026-01-01,cloud
U005040,2026-01-01,mobile
U005042,2026-01-01,music
U005043,2026-01-01,none
U005044,2026-01-01,gym
U005045,2026-01-01,mobile
U005047,2026-01-01,none
U005049,2026-01-01,music
U005050,2026-01-01,streaming
U005054,2026-01-01,music
U005055,2026-01-01,cloud
U005058,2026-01-01,cloud
U005059,2026-01-01,none
U005061,2026-01-01,none
U005062,2026-01-01,none
U005063,2026-01-01,mobile
U005064,2026-01-01,none
U005066,2026-01-01,none
U005067,2026-01-01,cloud
U005070,2026-01-01,streaming
U005072,2026-01-01,none
U005073,2026-01-01,streaming
U005075,2026-01-01,none
U005076,2026-01-01,insurance
U005077,2026-01-01,cloud
U005078,2026-01-01,cloud
U005083,2026-01-01,software
U005086,2026-01-01,software
U005087,2026-01-01,software
U005090,2026-01-01,software
U005095,2026-01-01,none
U005096,2026-01-01,mobile
U005097,2026-01-01,mobile
U005100,2026-01-01,streaming
U005102,2026-01-01,mobile
U005103,2026-01-01,cloud
U005104,2026-01-01,insurance
U005106,2026-01-01,none
U005108,2026-01-01,cloud
U005112,2026-01-01,insurance
U005114,2026-01-01,music
U005117,2026-01-01,none
U005118,2026-01-01,software
U005121,2026-01-01,cloud
U005122,2026-01-01,cloud
U005124,2026-01-01,insurance
U005125,2026-01-01,cloud
U005126,2026-01-01,mobile
U005127,2026-01-01,none
U005128,2026-01-01,software
U005129,2026-01-01,none
U005131,2026-01-01,mobile
U005132,2026-01-01,none
U005133,2026-01-01,gym
U005134,2026-01-01,streaming
U005136,2026-01-01,insurance
U005138,2026-01-01,none
U005139,2026-01-01,insurance
U005141,2026-01-01,gym
U005142,2026-01-01,none
U005143,2026-01-01,cloud
U005144,2026-01-01,none
U005147,2026-01-01,none
U005149,2026-01-01,none
U005150,2026-01-01,insurance
U005152,2026-01-01,gym
U005153,2026-01-01,insurance
U005154,2026-01-01,gym
U005156,2026-01-01,none
U005158,2026-01-01,none
U005159,2026-01-01,mobile
U005162,2026-01-01,mobile
U005163,2026-01-01,none
U005164,2026-01-01,none
U005165,2026-01-01,none
U005167,2026-01-01,none
U005168,2026-01-01,none
U005171,2026-01-01,streaming
U005172,2026-01-01,insurance
U005173,2026-01-01,none
U005174,2026-01-01,none
U005175,2026-01-01,none
U005176,2026-01-01,none
U005177,2026-01-01,insurance
U005184,2026-01-01,software
U005185,2026-01-01,mobile
U005186,2026-01-01,none
U005188,2026-01-01,none
U005189,2026-01-01,none
U005190,2026-01-01,none
U005191,2026-01-01,software
U005192,2026-01-01,music
U005194,2026-01-01,none
U005196,2026-01-01,none
U005197,2026-01-01,cloud
U005199,2026-01-01,mobile
U005200,2026-01-01,none
U005202,2026-01-01,music
U005203,2026-01-01,cloud
U005205,2026-01-01,none
U005206,2026-01-01,gym
U005207,2026-01-01,none
U005209,2026-01-01,gym
U005210,2026-01-01,none
U005212,2026-01-01,gym
U005214,2026-01-01,cloud
U005215,2026-01-01,none
U005218,2026-01-01,mobile
U005219,2026-01-01,none
U005220,2026-01-01,software
U005223,2026-01-01,streaming
U005224,2026-01-01,streaming
U005225,2026-01-01,none
U005226,2026-01-01,cloud
U005227,2026-01-01,mobile
U005228,2026-01-01,mobile
U005231,2026-01-01,none
U005232,2026-01-01,none
U005233,2026-01-01,none
U005234,2026-01-01,none
U005235,2026-01-01,software
U005236,2026-01-01,mobile
U005237,2026-01-01,music
U005239,2026-01-01,cloud
U005240,2026-01-01,none
U005241,2026-01-01,none
U005242,2026-01-01,gym
U005245,2026-01-01,insurance
U005246,2026-01-01,mobile
U005248,2026-01-01,none
U005249,2026-01-01,gym
U005252,2026-01-01,none
U005253,2026-01-01,none
U005255,2026-01-01,none
U005256,2026-01-01,music
U005258,2026-01-01,insurance
U005259,2026-01-01,gym
U005260,2026-01-01,none
U005264,2026-01-01,none
U005268,2026-01-01,none
U005270,2026-01-01,streaming
U005271,2026-01-01,none
U005272,2026-01-01,none
U005273,2026-01-01,streaming
U005274,2026-01-01,none
U005275,2026-01-01,mobile
U005276,2026-01-01,gym
U005277,2026-01-01,cloud
U005278,2026-01-01,none
U005279,2026-01-01,none
U005280,2026-01-01,gym
U005285,2026-01-01,mobile
U005290,2026-01-01,gym
U005293,2026-01-01,insurance
U005294,2026-01-01,none
U005295,2026-01-01,software
U005297,2026-01-01,mobile
U005298,2026-01-01,insurance
U005299,2026-01-01,mobile
U005300,2026-01-01,streaming
U005302,2026-01-01,cloud
U005304,2026-01-01,streaming
U005305,2026-01-01,none
U005306,2026-01-01,streaming
U005309,2026-01-01,cloud
U005310,2026-01-01,none
U005315,2026-01-01,none
U005316,2026-01-01,none
U005317,2026-01-01,streaming
U005320,2026-01-01,music
U005324,2026-01-01,cloud
U005325,2026-01-01,none
U005326,2026-01-01,mobile
U005327,2026-01-01,music
U005329,2026-01-01,gym
U005330,2026-01-01,none
U005331,2026-01-01,none
U005333,2026-01-01,none
U005335,2026-01-01,none
U005336,2026-01-01,none
U005337,2026-01-01,insurance
U005338,2026-01-01,streaming
U005342,2026-01-01,none
U005343,2026-01-01,insurance
U005345,2026-01-01,none
U005347,2026-01-01,none
U005348,2026-01-01,gym
U005349,2026-01-01,music
U005350,2026-01-01,none
U005352,2026-01-01,gym
U005353,2026-01-01,mobile
U005357,2026-01-01,gym
U005358,2026-01-01,streaming
U005359,2026-01-01,insurance
U005361,2026-01-01,cloud
U005364,2026-01-01,software
U005367,2026-01-01,none
U005369,2026-01-01,gym
U005371,2026-01-01,cloud
U005374,2026-01-01,insurance
U005375,2026-01-01,streaming
U005378,2026-01-01,mobile
U005379,2026-01-01,insurance
U005380,2026-01-01,cloud
U005381,2026-01-01,music
U005384,2026-01-01,streaming
U005385,2026-01-01,none
U005388,2026-01-01,mobile
U005391,2026-01-01,mobile
U005392,2026-01-01,none
U005393,2026-01-01,none
U005396,2026-01-01,none
U005397,2026-01-01,none
U005400,2026-01-01,none
U005402,2026-01-01,gym
U005404,2026-01-01,mobile
U005407,2026-01-01,software
U005408,2026-01-01,mobile
U005410,2026-01-01,insurance
U005412,2026-01-01,music
U005413,2026-01-01,software
U005415,2026-01-01,none
U005418,2026-01-01,music
U005419,2026-01-01,none
U005421,2026-01-01,streaming
U005422,2026-01-01,cloud
U005423,2026-01-01,software
U005425,2026-01-01,software
U005426,2026-01-01,none
U005427,2026-01-01,insurance
U005429,2026-01-01,none
U005430,2026-01-01,insurance
U005431,2026-01-01,gym
U005434,2026-01-01,none
U005435,2026-01-01,streaming
U005436,2026-01-01,none
U005437,2026-01-01,gym
U005440,2026-01-01,none
U005441,2026-01-01,streaming
U005442,2026-01-01,none
U005444,2026-01-01,none
U005447,2026-01-01,none
U005450,2026-01-01,none
U005451,2026-01-01,cloud
U005454,2026-01-01,gym
U005455,2026-01-01,music
U005456,2026-01-01,none
U005457,2026-01-01,mobile
U005458,2026-01-01,music
U005464,2026-01-01,streaming
U005465,2026-01-01,none
U005468,2026-01-01,software
U005469,2026-01-01,gym
U005470,2026-01-01,none
U005472,2026-01-01,software
U005473,2026-01-01,gym
U005476,2026-01-01,insurance
U005479,2026-01-01,gym
U005481,2026-01-01,none
U005482,2026-01-01,none
U005483,2026-01-01,none
U005485,2026-01-01,streaming
U005488,2026-01-01,insurance
U005492,2026-01-01,software
U005493,2026-01-01,gym
U005495,2026-01-01,none
U005496,2026-01-01,mobile
U005498,2026-01-01,none
U005500,2026-01-01,none
U005501,2026-01-01,mobile
U005506,2026-01-01,music
U005507,2026-01-01,gym
U005508,2026-01-01,gym
U005509,2026-01-01,streaming
U005512,2026-01-01,none
U005513,2026-01-01,none
U005514,2026-01-01,mobile
U005515,2026-01-01,software
U005520,2026-01-01,gym
U005521,2026-01-01,software
U005523,2026-01-01,none
U005526,2026-01-01,insurance
U005527,2026-01-01,none
U005528,2026-01-01,mobile
U005531,2026-01-01,insurance
U005532,2026-01-01,none
U005533,2026-01-01,gym
U005535,2026-01-01,none
U005536,2026-01-01,none
U005537,2026-01-01,none
U005538,2026-01-01,mobile
U005539,2026-01-01,none
U005541,2026-01-01,none
U005542,2026-01-01,none
U005546,2026-01-01,none
U005547,2026-01-01,streaming
U005549,2026-01-01,none
U005551,2026-01-01,cloud
U005554,2026-01-01,none
U005556,2026-01-01,gym
U005557,2026-01-01,insurance
U005559,2026-01-01,none
U005560,2026-01-01,none
U005561,2026-01-01,mobile
U005562,2026-01-01,music
U005566,2026-01-01,mobile
U005567,2026-01-01,software
U005568,2026-01-01,none
U005573,2026-01-01,none
U005574,2026-01-01,none
U005575,2026-01-01,music
U005578,2026-01-01,gym
U005581,2026-01-01,none
U005582,2026-01-01,software
U005585,2026-01-01,none
U005586,2026-01-01,cloud
U005587,2026-01-01,none
U005590,2026-01-01,mobile
U005591,2026-01-01,streaming
U005593,2026-01-01,none
U005596,2026-01-01,none
U005599,2026-01-01,none
U005600,2026-01-01,none
U005601,2026-01-01,none
U005603,2026-01-01,gym
U005604,2026-01-01,music
U005606,2026-01-01,streaming
U005608,2026-01-01,music
U005609,2026-01-01,none
U005613,2026-01-01,software
U005615,2026-01-01,gym
U005617,2026-01-01,cloud
U005621,2026-01-01,none
U005622,2026-01-01,mobile
U005623,2026-01-01,mobile
U005624,2026-01-01,none
U005626,2026-01-01,none
U005627,2026-01-01,mobile
U005631,2026-01-01,streaming
U005632,2026-01-01,software
U005635,2026-01-01,music
U005636,2026-01-01,cloud
U005637,2026-01-01,none
U005638,2026-01-01,none
U005640,2026-01-01,none
U005642,2026-01-01,music
U005643,2026-01-01,streaming
U005644,2026-01-01,mobile
U005651,2026-01-01,insurance
U005653,2026-01-01,cloud
U005654,2026-01-01,none
U005656,2026-01-01,music
U005657,2026-01-01,music
U005658,2026-01-01,none
U005659,2026-01-01,music
U005660,2026-01-01,none
U005661,2026-01-01,streaming
U005662,2026-01-01,cloud
U005663,2026-01-01,mobile
U005664,2026-01-01,cloud
U005666,2026-01-01,none
U005668,2026-01-01,insurance
U005669,2026-01-01,music
U005670,2026-01-01,insurance
U005673,2026-01-01,none
U005674,2026-01-01,software
U005675,2026-01-01,gym
U005676,2026-01-01,music
U005678,2026-01-01,mobile
U005679,2026-01-01,mobile
U005680,2026-01-01,insurance
U005683,2026-01-01,none
U005684,2026-01-01,gym
U005687,2026-01-01,none
U005688,2026-01-01,mobile
U005689,2026-01-01,none
U005690,2026-01-01,none
U005691,2026-01-01,mobile
U005693,2026-01-01,software
U005694,2026-01-01,streaming
U005695,2026-01-01,music
U005696,2026-01-01,none
U005697,2026-01-01,mobile
U005698,2026-01-01,none
U005699,2026-01-01,streaming
U005701,2026-01-01,music
U005702,2026-01-01,none
U005704,2026-01-01,music
U005706,2026-01-01,none
U005707,2026-01-01,software
U005708,2026-01-01,music
U005710,2026-01-01,streaming
U005711,2026-01-01,software
U005713,2026-01-01,none
U005714,2026-01-01,none
U005722,2026-01-01,none
U005723,2026-01-01,none
U005724,2026-01-01,none
U005725,2026-01-01,streaming
U005726,2026-01-01,none
U005727,2026-01-01,insurance
U005729,2026-01-01,none
U005730,2026-01-01,none
U005733,2026-01-01,cloud
U005734,2026-01-01,none
U005735,2026-01-01,streaming
U005737,2026-01-01,none
U005739,2026-01-01,none
U005744,2026-01-01,gym
U005747,2026-01-01,gym
U005748,2026-01-01,mobile
U005750,2026-01-01,none
U005751,2026-01-01,gym
U005754,2026-01-01,software
U005755,2026-01-01,mobile
U005757,2026-01-01,none
U005758,2026-01-01,none
U005759,2026-01-01,none
U005760,2026-01-01,none
U005761,2026-01-01,streaming
U005768,2026-01-01,software
U005769,2026-01-01,gym
U005771,2026-01-01,none
U005774,2026-01-01,software
U005777,2026-01-01,gym
U005780,2026-01-01,mobile
U005781,2026-01-01,none
U005782,2026-01-01,none
U005784,2026-01-01,none
U005785,2026-01-01,none
U005786,2026-01-01,cloud
U005788,2026-01-01,mobile
U005789,2026-01-01,streaming
U005792,2026-01-01,none
U005794,2026-01-01,none
U005795,2026-01-01,streaming
U005796,2026-01-01,music
U005798,2026-01-01,none
U005803,2026-01-01,none
U005804,2026-01-01,mobile
U005805,2026-01-01,cloud
U005806,2026-01-01,streaming
U005809,2026-01-01,insurance
U005810,2026-01-01,mobile
U005812,2026-01-01,insurance
U005813,2026-01-01,software
U005814,2026-01-01,none
U005815,2026-01-01,software
U005816,2026-01-01,software
U005817,2026-01-01,music
U005818,2026-01-01,none
U005821,2026-01-01,none
U005823,2026-01-01,none
U005824,2026-01-01,software
U005825,2026-01-01,none
U005827,2026-01-01,insurance
U005828,2026-01-01,gym
U005829,2026-01-01,mobile
U005831,2026-01-01,music
U005832,2026-01-01,none
U005833,2026-01-01,insurance
U005834,2026-01-01,gym
U005835,2026-01-01,none
U005836,2026-01-01,gym
U005837,2026-01-01,none
U005839,2026-01-01,cloud
U005841,2026-01-01,none
U005845,2026-01-01,mobile
U005846,2026-01-01,music
U005847,2026-01-01,mobile
U005848,2026-01-01,streaming
U005850,2026-01-01,none
U005854,2026-01-01,none
U005856,2026-01-01,music
U005857,2026-01-01,none
U005858,2026-01-01,streaming
U005860,2026-01-01,none
U005861,2026-01-01,none
U005862,2026-01-01,none
U005863,2026-01-01,cloud
U005864,2026-01-01,none
U005866,2026-01-01,none
U005867,2026-01-01,insurance
U005868,2026-01-01,insurance
U005869,2026-01-01,none
U005873,2026-01-01,mobile
U005875,2026-01-01,streaming
U005876,2026-01-01,none
U005877,2026-01-01,insurance
U005879,2026-01-01,software
U005880,2026-01-01,insurance
U005881,2026-01-01,none
U005883,2026-01-01,streaming
U005885,2026-01-01,none
U005889,2026-01-01,none
U005892,2026-01-01,software
U005893,2026-01-01,none
U005894,2026-01-01,mobile
U005895,2026-01-01,music
U005897,2026-01-01,none
U005899,2026-01-01,none
U005900,2026-01-01,none
U005902,2026-01-01,gym
U005904,2026-01-01,insurance
U005908,2026-01-01,insurance
U005909,2026-01-01,none
U005911,2026-01-01,cloud
U005912,2026-01-01,gym
U005913,2026-01-01,software
U005916,2026-01-01,none
U005918,2026-01-01,software
U005919,2026-01-01,music
U005920,2026-01-01,mobile
U005921,2026-01-01,none
U005922,2026-01-01,none
U005923,2026-01-01,mobile
U005925,2026-01-01,none
U005927,2026-01-01,streaming
U005928,2026-01-01,none
U005929,2026-01-01,gym
U005932,2026-01-01,cloud
U005938,2026-01-01,software
U005939,2026-01-01,none
U005940,2026-01-01,gym
U005941,2026-01-01,software
U005944,2026-01-01,gym
U005946,2026-01-01,gym
U005952,2026-01-01,none
U005954,2026-01-01,music
U005960,2026-01-01,cloud
U005961,2026-01-01,software
U005962,2026-01-01,streaming
U005963,2026-01-01,gym
U005964,2026-01-01,gym
U005966,2026-01-01,none
U005970,2026-01-01,none
U005971,2026-01-01,none
U005972,2026-01-01,none
U005974,2026-01-01,none
U005975,2026-01-01,none
U005976,2026-01-01,none
U005978,2026-01-01,none
U005979,2026-01-01,gym
U005981,2026-01-01,none
U005983,2026-01-01,gym
U005987,2026-01-01,none
U005988,2026-01-01,none
U005990,2026-01-01,insurance
U005993,2026-01-01,none
U005994,2026-01-01,streaming
U005995,2026-01-01,insurance
U005996,2026-01-01,gym
U005999,2026-01-01,streaming
U006001,2026-01-01,none
U006002,2026-01-01,insurance
U006003,2026-01-01,cloud
U006005,2026-01-01,music
U006008,2026-01-01,none
U006009,2026-01-01,streaming
U006010,2026-01-01,gym
U006012,2026-01-01,none
U006014,2026-01-01,mobile
U006015,2026-01-01,streaming
U006017,2026-01-01,gym
U006018,2026-01-01,cloud
U006020,2026-01-01,gym
U006024,2026-01-01,none
U006027,2026-01-01,cloud
U006029,2026-01-01,streaming
U006031,2026-01-01,cloud
U006032,2026-01-01,gym
U006034,2026-01-01,insurance
U006035,2026-01-01,gym
U006037,2026-01-01,software
U006038,2026-01-01,streaming
U006039,2026-01-01,mobile
U006040,2026-01-01,cloud
U006041,2026-01-01,none
U006042,2026-01-01,music
U006043,2026-01-01,insurance
U006047,2026-01-01,none
U006048,2026-01-01,cloud
U006050,2026-01-01,insurance
U006051,2026-01-01,none
U006056,2026-01-01,insurance
U006057,2026-01-01,streaming
U006059,2026-01-01,insurance
U006061,2026-01-01,none
U006062,2026-01-01,music
U006063,2026-01-01,gym
U006064,2026-01-01,insurance
U006066,2026-01-01,gym
U006068,2026-01-01,insurance
U006070,2026-01-01,none
U006071,2026-01-01,none
U006073,2026-01-01,none
U006078,2026-01-01,none
U006079,2026-01-01,software
U006080,2026-01-01,none
U006083,2026-01-01,insurance
U006084,2026-01-01,insurance
U006086,2026-01-01,mobile
U006087,2026-01-01,music
U006090,2026-01-01,none
U006093,2026-01-01,none
U006094,2026-01-01,cloud
U006095,2026-01-01,none
U006096,2026-01-01,software
U006097,2026-01-01,none
U006100,2026-01-01,cloud
U006112,2026-01-01,cloud
U006114,2026-01-01,streaming
U006118,2026-01-01,gym
U006119,2026-01-01,software
U006120,2026-01-01,streaming
U006121,2026-01-01,streaming
U006122,2026-01-01,mobile
U006124,2026-01-01,none
U006126,2026-01-01,none
U006128,2026-01-01,none
U006130,2026-01-01,cloud
U006132,2026-01-01,insurance
U006134,2026-01-01,none
U006138,2026-01-01,gym
U006139,2026-01-01,insurance
U006140,2026-01-01,software
U006142,2026-01-01,software
U006145,2026-01-01,insurance
U006146,2026-01-01,streaming
U006147,2026-01-01,none
U006148,2026-01-01,none
U006149,2026-01-01,software
U006152,2026-01-01,none
U006154,2026-01-01,none
U006157,2026-01-01,gym
U006158,2026-01-01,none
U006160,2026-01-01,streaming
U006161,2026-01-01,software
U006162,2026-01-01,software
U006170,2026-01-01,none
U006171,2026-01-01,mobile
U006175,2026-01-01,software
U006176,2026-01-01,mobile
U006178,2026-01-01,mobile
U006180,2026-01-01,music
U006181,2026-01-01,cloud
U006182,2026-01-01,none
U006183,2026-01-01,none
U006185,2026-01-01,none
U006186,2026-01-01,mobile
U006188,2026-01-01,none
U006189,2026-01-01,none
U006190,2026-01-01,music
U006195,2026-01-01,music
U006198,2026-01-01,none
U006199,2026-01-01,streaming
U006200,2026-01-01,music
U006201,2026-01-01,cloud
U006202,2026-01-01,cloud
U006204,2026-01-01,none
U006208,2026-01-01,insurance
U006211,2026-01-01,streaming
U006212,2026-01-01,music
U006214,2026-01-01,none
U006217,2026-01-01,mobile
U006218,2026-01-01,insurance
U006220,2026-01-01,music
U006221,2026-01-01,music
U006223,2026-01-01,cloud
U006224,2026-01-01,none
U006225,2026-01-01,cloud
U006226,2026-01-01,streaming
U006228,2026-01-01,insurance
U006232,2026-01-01,software
U006236,2026-01-01,none
U006241,2026-01-01,software
U006242,2026-01-01,none
U006244,2026-01-01,none
U006246,2026-01-01,none
U006249,2026-01-01,software
U006250,2026-01-01,cloud
U006251,2026-01-01,insurance
U006253,2026-01-01,streaming
U006255,2026-01-01,none
U006257,2026-01-01,music
U006258,2026-01-01,none
U006260,2026-01-01,none
U006262,2026-01-01,cloud
U006263,2026-01-01,software
U006264,2026-01-01,software
U006266,2026-01-01,gym
U006267,2026-01-01,streaming
U006268,2026-01-01,none
U006271,2026-01-01,music
U006274,2026-01-01,mobile
U006276,2026-01-01,none
U006278,2026-01-01,insurance
U006280,2026-01-01,none
U006281,2026-01-01,streaming
U006284,2026-01-01,none
U006285,2026-01-01,music
U006286,2026-01-01,none
U006287,2026-01-01,none
U006289,2026-01-01,mobile
U006290,2026-01-01,music
U006291,2026-01-01,mobile
U006293,2026-01-01,streaming
U006296,2026-01-01,streaming
U006299,2026-01-01,none
U006300,2026-01-01,mobile
U006301,2026-01-01,streaming
U006303,2026-01-01,none
U006306,2026-01-01,gym
U006307,2026-01-01,mobile
U006308,2026-01-01,insurance
U006310,2026-01-01,insurance
U006313,2026-01-01,cloud
U006316,2026-01-01,none
U006317,2026-01-01,none
U006318,2026-01-01,none
U006319,2026-01-01,music
U006320,2026-01-01,music
U006322,2026-01-01,cloud
U006326,2026-01-01,software
U006327,2026-01-01,gym
U006329,2026-01-01,gym
U006330,2026-01-01,streaming
U006331,2026-01-01,none
U006332,2026-01-01,mobile
U006334,2026-01-01,cloud
U006335,2026-01-01,none
U006342,2026-01-01,none
U006345,2026-01-01,streaming
U006347,2026-01-01,none
U006351,2026-01-01,gym
U006352,2026-01-01,none
U006353,2026-01-01,music
U006354,2026-01-01,none
U006355,2026-01-01,gym
U006356,2026-01-01,none
U006360,2026-01-01,streaming
U006361,2026-01-01,mobile
U006364,2026-01-01,software
U006365,2026-01-01,none
U006371,2026-01-01,none
U006372,2026-01-01,insurance
U006375,2026-01-01,mobile
U006376,2026-01-01,none
U006379,2026-01-01,cloud
U006380,2026-01-01,software
U006381,2026-01-01,mobile
U006382,2026-01-01,software
U006383,2026-01-01,none
U006386,2026-01-01,gym
U006388,2026-01-01,music
U006389,2026-01-01,gym
U006391,2026-01-01,none
U006392,2026-01-01,none
U006393,2026-01-01,none
U006395,2026-01-01,streaming
U006396,2026-01-01,mobile
U006397,2026-01-01,software
U006398,2026-01-01,music
U006399,2026-01-01,gym
U006402,2026-01-01,none
U006405,2026-01-01,gym
U006406,2026-01-01,none
U006410,2026-01-01,streaming
U006411,2026-01-01,none
U006412,2026-01-01,gym
U006413,2026-01-01,gym
U006414,2026-01-01,mobile
U006415,2026-01-01,insurance
U006417,2026-01-01,cloud
U006418,2026-01-01,none
U006419,2026-01-01,none
U006421,2026-01-01,gym
U006422,2026-01-01,none
U006427,2026-01-01,software
U006431,2026-01-01,cloud
U006433,2026-01-01,mobile
U006436,2026-01-01,none
U006438,2026-01-01,none
U006439,2026-01-01,none
U006442,2026-01-01,none
U006444,2026-01-01,cloud
U006446,2026-01-01,music
U006447,2026-01-01,none
U006451,2026-01-01,gym
U006453,2026-01-01,mobile
U006455,2026-01-01,none
U006456,2026-01-01,insurance
U006459,2026-01-01,streaming
U006460,2026-01-01,mobile
U006461,2026-01-01,streaming
U006462,2026-01-01,mobile
U006465,2026-01-01,music
U006466,2026-01-01,insurance
U006468,2026-01-01,none
U006470,2026-01-01,none
U006475,2026-01-01,none
U006476,2026-01-01,none
U006480,2026-01-01,mobile
U006482,2026-01-01,none
U006485,2026-01-01,none
U006486,2026-01-01,none
U006488,2026-01-01,mobile
U006490,2026-01-01,none
U006491,2026-01-01,none
U006493,2026-01-01,none
U006494,2026-01-01,music
U006497,2026-01-01,mobile
U006502,2026-01-01,music
U006503,2026-01-01,none
U006505,2026-01-01,none
U006506,2026-01-01,none
U006508,2026-01-01,software
U006510,2026-01-01,none
U006511,2026-01-01,streaming
U006513,2026-01-01,cloud
U006515,2026-01-01,none
U006516,2026-01-01,software
U006518,2026-01-01,cloud
U006521,2026-01-01,streaming
U006522,2026-01-01,none
U006524,2026-01-01,none
U006527,2026-01-01,insurance
U006528,2026-01-01,none
U006531,2026-01-01,mobile
U006532,2026-01-01,streaming
U006535,2026-01-01,mobile
U006536,2026-01-01,none
U006537,2026-01-01,software
U006538,2026-01-01,none
U006540,2026-01-01,none
U006541,2026-01-01,insurance
U006542,2026-01-01,streaming
U006545,2026-01-01,insurance
U006546,2026-01-01,gym
U006547,2026-01-01,streaming
U006548,2026-01-01,none
U006549,2026-01-01,none
U006550,2026-01-01,cloud
U006552,2026-01-01,music
U006554,2026-01-01,streaming
U006556,2026-01-01,software
U006557,2026-01-01,gym
U006558,2026-01-01,none
U006559,2026-01-01,software
U006560,2026-01-01,music
U006561,2026-01-01,insurance
U006562,2026-01-01,music
U006565,2026-01-01,cloud
U006566,2026-01-01,gym
U006568,2026-01-01,music
U006569,2026-01-01,cloud
U006570,2026-01-01,software
U006572,2026-01-01,mobile
U006574,2026-01-01,software
U006575,2026-01-01,none
U006576,2026-01-01,none
U006578,2026-01-01,gym
U006579,2026-01-01,none
U006583,2026-01-01,streaming
U006584,2026-01-01,mobile
U006585,2026-01-01,insurance
U006589,2026-01-01,cloud
U006590,2026-01-01,none
U006594,2026-01-01,none
U006596,2026-01-01,gym
U006599,2026-01-01,none
U006601,2026-01-01,streaming
U006603,2026-01-01,none
U006607,2026-01-01,music
U006610,2026-01-01,streaming
U006611,2026-01-01,software
U006613,2026-01-01,music
U006614,2026-01-01,none
U006615,2026-01-01,music
U006617,2026-01-01,streaming
U006618,2026-01-01,gym
U006619,2026-01-01,gym
U006620,2026-01-01,gym
U006621,2026-01-01,streaming
U006624,2026-01-01,none
U006625,2026-01-01,streaming
U006629,2026-01-01,software
U006630,2026-01-01,gym
U006633,2026-01-01,mobile
U006635,2026-01-01,gym
U006640,2026-01-01,insurance
U006641,2026-01-01,streaming
U006642,2026-01-01,music
U006643,2026-01-01,none
U006645,2026-01-01,software
U006646,2026-01-01,none
U006648,2026-01-01,none
U006650,2026-01-01,streaming
U006654,2026-01-01,mobile
U006656,2026-01-01,none
U006657,2026-01-01,none
U006659,2026-01-01,music
U006662,2026-01-01,none
U006663,2026-01-01,insurance
U006666,2026-01-01,none
U006667,2026-01-01,none
U006671,2026-01-01,none
U006672,2026-01-01,none
U006674,2026-01-01,insurance
U006676,2026-01-01,software
U006681,2026-01-01,none
U006682,2026-01-01,none
U006683,2026-01-01,gym
U006685,2026-01-01,none
U006690,2026-01-01,insurance
U006692,2026-01-01,music
U006694,2026-01-01,insurance
U006695,2026-01-01,cloud
U006699,2026-01-01,none
U006701,2026-01-01,streaming
U006702,2026-01-01,none
U006703,2026-01-01,insurance
U006705,2026-01-01,music
U006708,2026-01-01,cloud
U006712,2026-01-01,insurance
U006716,2026-01-01,software
U006718,2026-01-01,software
U006719,2026-01-01,none
U006720,2026-01-01,streaming
U006722,2026-01-01,streaming
U006724,2026-01-01,music
U006728,2026-01-01,none
U006729,2026-01-01,mobile
U006731,2026-01-01,cloud
U006732,2026-01-01,cloud
U006733,2026-01-01,none
U006735,2026-01-01,none
U006736,2026-01-01,gym
U006737,2026-01-01,streaming
U006739,2026-01-01,software
U006740,2026-01-01,gym
U006745,2026-01-01,gym
U006746,2026-01-01,none
U006749,2026-01-01,insurance
U006752,2026-01-01,cloud
U006753,2026-01-01,insurance
U006755,2026-01-01,none
U006756,2026-01-01,gym
U006757,2026-01-01,none
U006758,2026-01-01,none
U006759,2026-01-01,gym
U006760,2026-01-01,cloud
U006761,2026-01-01,music
U006763,2026-01-01,music
U006769,2026-01-01,none
U006771,2026-01-01,streaming
U006773,2026-01-01,insurance
U006774,2026-01-01,insurance
U006775,2026-01-01,none
U006777,2026-01-01,cloud
U006780,2026-01-01,none
U006783,2026-01-01,insurance
U006784,2026-01-01,software
U006785,2026-01-01,music
U006786,2026-01-01,mobile
U006792,2026-01-01,none
U006793,2026-01-01,none
U006795,2026-01-01,none
U006796,2026-01-01,none
U006797,2026-01-01,streaming
U006798,2026-01-01,none
U006799,2026-01-01,insurance
U006800,2026-01-01,none
U006802,2026-01-01,none
U006807,2026-01-01,cloud
U006808,2026-01-01,software
U006809,2026-01-01,none
U006810,2026-01-01,mobile
U006812,2026-01-01,software
U006814,2026-01-01,none
U006815,2026-01-01,insurance
U006816,2026-01-01,none
U006818,2026-01-01,streaming
U006819,2026-01-01,none
U006820,2026-01-01,software
U006821,2026-01-01,cloud
U006823,2026-01-01,none
U006825,2026-01-01,cloud
U006826,2026-01-01,streaming
U006827,2026-01-01,streaming
U006828,2026-01-01,insurance
U006830,2026-01-01,software
U006834,2026-01-01,none
U006835,2026-01-01,streaming
U006836,2026-01-01,cloud
U006838,2026-01-01,streaming
U006839,2026-01-01,none
U006844,2026-01-01,insurance
U006846,2026-01-01,software
U006848,2026-01-01,none
U006849,2026-01-01,software
U006852,2026-01-01,none
U006854,2026-01-01,insurance
U006856,2026-01-01,none
U006863,2026-01-01,none
U006867,2026-01-01,gym
U006868,2026-01-01,gym
U006869,2026-01-01,none
U006872,2026-01-01,none
U006873,2026-01-01,mobile
U006875,2026-01-01,none
U006876,2026-01-01,none
U006877,2026-01-01,software
U006878,2026-01-01,none
U006880,2026-01-01,none
U006882,2026-01-01,gym
U006884,2026-01-01,gym
U006885,2026-01-01,music
U006886,2026-01-01,software
U006888,2026-01-01,mobile
U006890,2026-01-01,mobile
U006892,2026-01-01,mobile
U006893,2026-01-01,none
U006896,2026-01-01,gym
U006897,2026-01-01,streaming
U006899,2026-01-01,insurance
U006900,2026-01-01,insurance
U006902,2026-01-01,cloud
U006903,2026-01-01,none
U006906,2026-01-01,gym
U006907,2026-01-01,mobile
U006913,2026-01-01,streaming
U006914,2026-01-01,insurance
U006917,2026-01-01,none
U006920,2026-01-01,mobile
U006923,2026-01-01,mobile
U006925,2026-01-01,mobile
U006926,2026-01-01,insurance
U006928,2026-01-01,insurance
U006929,2026-01-01,streaming
U006930,2026-01-01,none
U006931,2026-01-01,software
U006932,2026-01-01,none
U006933,2026-01-01,gym
U006934,2026-01-01,none
U006935,2026-01-01,none
U006936,2026-01-01,music
U006937,2026-01-01,gym
U006938,2026-01-01,none
U006939,2026-01-01,streaming
U006940,2026-01-01,none
U006941,2026-01-01,gym
U006952,2026-01-01,none
U006954,2026-01-01,cloud
U006956,2026-01-01,none
U006959,2026-01-01,cloud
U006960,2026-01-01,none
U006962,2026-01-01,none
U006966,2026-01-01,none
U006967,2026-01-01,none
U006968,2026-01-01,none
U006969,2026-01-01,none
U006970,2026-01-01,none
U006974,2026-01-01,gym
U006976,2026-01-01,none
U006977,2026-01-01,mobile
U006979,2026-01-01,insurance
U006982,2026-01-01,none
U006983,2026-01-01,streaming
U006984,2026-01-01,insurance
U006986,2026-01-01,none
U006987,2026-01-01,gym
U006988,2026-01-01,none
U006990,2026-01-01,mobile
U006991,2026-01-01,insurance
U006992,2026-01-01,none
U006995,2026-01-01,music
U006996,2026-01-01,insurance
U006999,2026-01-01,gym
U007001,2026-01-01,mobile
U007003,2026-01-01,none
U007004,2026-01-01,music
U007005,2026-01-01,software
U007008,2026-01-01,none
U007012,2026-01-01,software
U007016,2026-01-01,gym
U007018,2026-01-01,none
U007020,2026-01-01,cloud
U007021,2026-01-01,none
U007023,2026-01-01,none
U007025,2026-01-01,insurance
U007027,2026-01-01,none
U007028,2026-01-01,streaming
U007031,2026-01-01,software
U007032,2026-01-01,none
U007033,2026-01-01,insurance
U007035,2026-01-01,cloud
U007038,2026-01-01,streaming
U007039,2026-01-01,streaming
U007040,2026-01-01,streaming
U007042,2026-01-01,software
U007043,2026-01-01,streaming
U007046,2026-01-01,none
U007048,2026-01-01,software
U007049,2026-01-01,mobile
U007050,2026-01-01,insurance
U007051,2026-01-01,music
U007053,2026-01-01,none
U007055,2026-01-01,insurance
U007059,2026-01-01,none
U007065,2026-01-01,none
U007066,2026-01-01,none
U007067,2026-01-01,mobile
U007068,2026-01-01,gym
U007073,2026-01-01,insurance
U007074,2026-01-01,none
U007076,2026-01-01,software
U007079,2026-01-01,none
U007080,2026-01-01,mobile
U007081,2026-01-01,none
U007082,2026-01-01,cloud
U007083,2026-01-01,streaming
U007084,2026-01-01,streaming
U007086,2026-01-01,cloud
U007087,2026-01-01,software
U007088,2026-01-01,cloud
U007089,2026-01-01,none
U007092,2026-01-01,none
U007093,2026-01-01,gym
U007095,2026-01-01,none
U007096,2026-01-01,gym
U007098,2026-01-01,streaming
U007099,2026-01-01,software
U007101,2026-01-01,software
U007102,2026-01-01,insurance
U007103,2026-01-01,none
U007105,2026-01-01,insurance
U007106,2026-01-01,streaming
U007108,2026-01-01,none
U007109,2026-01-01,music
U007111,2026-01-01,software
U007115,2026-01-01,none
U007116,2026-01-01,none
U007124,2026-01-01,cloud
U007127,2026-01-01,none
U007131,2026-01-01,mobile
U007132,2026-01-01,gym
U007136,2026-01-01,none
U007138,2026-01-01,streaming
U007140,2026-01-01,mobile
U007141,2026-01-01,none
U007142,2026-01-01,none
U007144,2026-01-01,software
U007145,2026-01-01,streaming
U007148,2026-01-01,none
U007149,2026-01-01,gym
U007150,2026-01-01,software
U007152,2026-01-01,software
U007154,2026-01-01,none
U007155,2026-01-01,none
U007162,2026-01-01,none
U007164,2026-01-01,none
U007165,2026-01-01,streaming
U007169,2026-01-01,cloud
U007171,2026-01-01,mobile
U007172,2026-01-01,none
U007174,2026-01-01,software
U007179,2026-01-01,mobile
U007180,2026-01-01,gym
U007181,2026-01-01,none
U007186,2026-01-01,streaming
U007188,2026-01-01,software
U007189,2026-01-01,cloud
U007192,2026-01-01,cloud
U007193,2026-01-01,software
U007194,2026-01-01,insurance
U007196,2026-01-01,insurance
U007198,2026-01-01,insurance
U007201,2026-01-01,none
U007203,2026-01-01,none
U007205,2026-01-01,music
U007206,2026-01-01,none
U007207,2026-01-01,insurance
U007210,2026-01-01,streaming
U007211,2026-01-01,mobile
U007214,2026-01-01,streaming
U007215,2026-01-01,music
U007216,2026-01-01,cloud
U007217,2026-01-01,mobile
U007218,2026-01-01,none
U007220,2026-01-01,software
U007221,2026-01-01,gym
U007222,2026-01-01,none
U007223,2026-01-01,streaming
U007225,2026-01-01,mobile
U007226,2026-01-01,none
U007228,2026-01-01,gym
U007233,2026-01-01,none
U007235,2026-01-01,gym
U007238,2026-01-01,music
U007239,2026-01-01,software
U007240,2026-01-01,insurance
U007242,2026-01-01,cloud
U007244,2026-01-01,none
U007245,2026-01-01,none
U007246,2026-01-01,insurance
U007247,2026-01-01,music
U007248,2026-01-01,music
U007250,2026-01-01,none
U007254,2026-01-01,none
U007256,2026-01-01,none
U007257,2026-01-01,none
U007258,2026-01-01,gym
U007260,2026-01-01,none
U007261,2026-01-01,none
U007263,2026-01-01,music
U007265,2026-01-01,insurance
U007266,2026-01-01,music
U007268,2026-01-01,insurance
U007270,2026-01-01,mobile
U007271,2026-01-01,none
U007272,2026-01-01,gym
U007273,2026-01-01,none
U007274,2026-01-01,none
U007275,2026-01-01,none
U007276,2026-01-01,none
U007278,2026-01-01,mobile
U007280,2026-01-01,mobile
U007281,2026-01-01,mobile
U007283,2026-01-01,music
U007284,2026-01-01,music
U007289,2026-01-01,none
U007291,2026-01-01,mobile
U007293,2026-01-01,insurance
U007294,2026-01-01,music
U007295,2026-01-01,gym
U007297,2026-01-01,none
U007298,2026-01-01,gym
U007299,2026-01-01,none
U007300,2026-01-01,cloud
U007301,2026-01-01,none
U007303,2026-01-01,none
U007305,2026-01-01,insurance
U007306,2026-01-01,none
U007307,2026-01-01,gym
U007312,2026-01-01,software
U007313,2026-01-01,none
U007314,2026-01-01,insurance
U007315,2026-01-01,none
U007316,2026-01-01,music
U007319,2026-01-01,none
U007320,2026-01-01,insurance
U007321,2026-01-01,none
U007322,2026-01-01,none
U007324,2026-01-01,none
U007325,2026-01-01,cloud
U007327,2026-01-01,cloud
U007333,2026-01-01,none
U007335,2026-01-01,music
U007339,2026-01-01,insurance
U007343,2026-01-01,mobile
U007344,2026-01-01,streaming
U007345,2026-01-01,none
U007346,2026-01-01,insurance
U007348,2026-01-01,streaming
U007349,2026-01-01,none
U007350,2026-01-01,none
U007351,2026-01-01,insurance
U007352,2026-01-01,none
U007354,2026-01-01,none
U007355,2026-01-01,gym
U007356,2026-01-01,software
U007359,2026-01-01,gym
U007360,2026-01-01,music
U007361,2026-01-01,none
U007362,2026-01-01,streaming
U007365,2026-01-01,cloud
U007367,2026-01-01,none
U007368,2026-01-01,none
U007371,2026-01-01,none
U007372,2026-01-01,music
U007374,2026-01-01,insurance
U007375,2026-01-01,gym
U007376,2026-01-01,insurance
U007378,2026-01-01,none
U007379,2026-01-01,software
U007383,2026-01-01,insurance
U007384,2026-01-01,cloud
U007385,2026-01-01,none
U007386,2026-01-01,none
U007389,2026-01-01,cloud
U007392,2026-01-01,none
U007397,2026-01-01,none
U007400,2026-01-01,none
U007402,2026-01-01,none
U007403,2026-01-01,mobile
U007405,2026-01-01,software
U007406,2026-01-01,none
U007407,2026-01-01,insurance
U007408,2026-01-01,streaming
U007410,2026-01-01,none
U007412,2026-01-01,none
U007413,2026-01-01,mobile
U007414,2026-01-01,software
U007415,2026-01-01,insurance
U007417,2026-01-01,none
U007418,2026-01-01,streaming
U007419,2026-01-01,none
U007420,2026-01-01,none
U007422,2026-01-01,insurance
U007424,2026-01-01,gym
U007426,2026-01-01,mobile
U007427,2026-01-01,music
U007429,2026-01-01,none
U007430,2026-01-01,insurance
U007431,2026-01-01,insurance
U007433,2026-01-01,none
U007435,2026-01-01,none
U007438,2026-01-01,music
U007439,2026-01-01,insurance
U007441,2026-01-01,insurance
U007443,2026-01-01,streaming
U007445,2026-01-01,insurance
U007446,2026-01-01,cloud
U007447,2026-01-01,none
U007448,2026-01-01,none
U007450,2026-01-01,none
U007452,2026-01-01,none
U007453,2026-01-01,none
U007454,2026-01-01,none
U007455,2026-01-01,none
U007461,2026-01-01,cloud
U007462,2026-01-01,streaming
U007463,2026-01-01,insurance
U007465,2026-01-01,none
U007467,2026-01-01,streaming
U007469,2026-01-01,software
U007471,2026-01-01,music
U007472,2026-01-01,streaming
U007473,2026-01-01,none
U007474,2026-01-01,none
U007475,2026-01-01,streaming
U007476,2026-01-01,gym
U007481,2026-01-01,mobile
U007482,2026-01-01,streaming
U007483,2026-01-01,none
U007484,2026-01-01,insurance
U007486,2026-01-01,software
U007487,2026-01-01,software
U007488,2026-01-01,none
U007490,2026-01-01,streaming
U007493,2026-01-01,none
U007498,2026-01-01,none
U007499,2026-01-01,gym
U007500,2026-01-01,none
U007502,2026-01-01,none
U007503,2026-01-01,insurance
U007504,2026-01-01,none
U007506,2026-01-01,insurance
U007507,2026-01-01,music
U007508,2026-01-01,none
U007509,2026-01-01,gym
U007511,2026-01-01,none
U007515,2026-01-01,none
U007519,2026-01-01,none
U007521,2026-01-01,cloud
U007527,2026-01-01,music
U007529,2026-01-01,none
U007531,2026-01-01,insurance
U007533,2026-01-01,insurance
U007534,2026-01-01,none
U007535,2026-01-01,none
U007540,2026-01-01,software
U007542,2026-01-01,none
U007544,2026-01-01,music
U007548,2026-01-01,streaming
U007549,2026-01-01,none
U007555,2026-01-01,mobile
U007556,2026-01-01,none
U007557,2026-01-01,none
U007559,2026-01-01,cloud
U007562,2026-01-01,streaming
U007564,2026-01-01,none
U007565,2026-01-01,none
U007567,2026-01-01,cloud
U007570,2026-01-01,software
U007574,2026-01-01,streaming
U007575,2026-01-01,software
U007577,2026-01-01,software
U007578,2026-01-01,none
U007580,2026-01-01,mobile
U007581,2026-01-01,none
U007585,2026-01-01,none
U007586,2026-01-01,music
U007587,2026-01-01,insurance
U007588,2026-01-01,none
U007589,2026-01-01,insurance
U007592,2026-01-01,none
U007593,2026-01-01,none
U007596,2026-01-01,none
U007601,2026-01-01,gym
U007602,2026-01-01,none
U007603,2026-01-01,gym
U007605,2026-01-01,none
U007607,2026-01-01,streaming
U007609,2026-01-01,software
U007610,2026-01-01,none
U007611,2026-01-01,music
U007612,2026-01-01,cloud
U007613,2026-01-01,gym
U007614,2026-01-01,cloud
U007616,2026-01-01,streaming
U007617,2026-01-01,none
U007621,2026-01-01,cloud
U007622,2026-01-01,software
U007623,2026-01-01,streaming
U007624,2026-01-01,gym
U007625,2026-01-01,cloud
U007627,2026-01-01,none
U007628,2026-01-01,insurance
U007629,2026-01-01,music
U007631,2026-01-01,none
U007633,2026-01-01,mobile
U007635,2026-01-01,none
U007640,2026-01-01,none
U007642,2026-01-01,none
U007643,2026-01-01,streaming
U007644,2026-01-01,none
U007645,2026-01-01,none
U007646,2026-01-01,gym
U007648,2026-01-01,gym
U007651,2026-01-01,music
U007654,2026-01-01,insurance
U007657,2026-01-01,none
U007658,2026-01-01,none
U007659,2026-01-01,gym
U007661,2026-01-01,none
U007662,2026-01-01,gym
U007666,2026-01-01,music
U007667,2026-01-01,cloud
U007668,2026-01-01,none
U007669,2026-01-01,mobile
U007670,2026-01-01,cloud
U007671,2026-01-01,none
U007673,2026-01-01,mobile
U007674,2026-01-01,none
U007677,2026-01-01,cloud
U007679,2026-01-01,streaming
U007681,2026-01-01,none
U007686,2026-01-01,none
U007689,2026-01-01,none
U007690,2026-01-01,streaming
U007691,2026-01-01,none
U007692,2026-01-01,gym
U007694,2026-01-01,software
U007697,2026-01-01,gym
U007698,2026-01-01,mobile
U007700,2026-01-01,none
U007701,2026-01-01,cloud
U007703,2026-01-01,software
U007704,2026-01-01,cloud
U007705,2026-01-01,none
U007708,2026-01-01,none
U007709,2026-01-01,music
U007710,2026-01-01,none
U007713,2026-01-01,streaming
U007714,2026-01-01,music
U007716,2026-01-01,software
U007718,2026-01-01,none
U007720,2026-01-01,music
U007721,2026-01-01,insurance
U007723,2026-01-01,insurance
U007724,2026-01-01,gym
U007726,2026-01-01,none
U007727,2026-01-01,insurance
U007728,2026-01-01,none
U007729,2026-01-01,gym
U007730,2026-01-01,software
U007732,2026-01-01,music
U007738,2026-01-01,cloud
U007742,2026-01-01,gym
U007746,2026-01-01,insurance
U007749,2026-01-01,insurance
U007754,2026-01-01,mobile
U007755,2026-01-01,cloud
U007756,2026-01-01,mobile
U007759,2026-01-01,none
U007760,2026-01-01,none
U007762,2026-01-01,none
U007763,2026-01-01,insurance
U007766,2026-01-01,cloud
U007769,2026-01-01,none
U007772,2026-01-01,none
U007773,2026-01-01,none
U007774,2026-01-01,none
U007777,2026-01-01,none
U007781,2026-01-01,software
U007786,2026-01-01,none
U007792,2026-01-01,none
U007793,2026-01-01,software
U007796,2026-01-01,mobile
U007798,2026-01-01,none
U007799,2026-01-01,cloud
U007800,2026-01-01,none
U007802,2026-01-01,insurance
U007803,2026-01-01,none
U007804,2026-01-01,mobile
U007805,2026-01-01,music
U007806,2026-01-01,streaming
U007807,2026-01-01,none
U007809,2026-01-01,mobile
U007810,2026-01-01,software
U007811,2026-01-01,music
U007815,2026-01-01,mobile
U007823,2026-01-01,mobile
U007824,2026-01-01,streaming
U007827,2026-01-01,none
U007834,2026-01-01,software
U007835,2026-01-01,insurance
U007836,2026-01-01,insurance
U007837,2026-01-01,none
U007839,2026-01-01,none
U007845,2026-01-01,none
U007846,2026-01-01,music
U007847,2026-01-01,none
U007848,2026-01-01,mobile
U007850,2026-01-01,none
U007853,2026-01-01,none
U007854,2026-01-01,none
U007855,2026-01-01,insurance
U007856,2026-01-01,software
U007857,2026-01-01,none
U007858,2026-01-01,none
U007859,2026-01-01,music
U007860,2026-01-01,cloud
U007861,2026-01-01,cloud
U007862,2026-01-01,mobile
U007864,2026-01-01,software
U007866,2026-01-01,none
U007868,2026-01-01,software
U007869,2026-01-01,none
U007871,2026-01-01,none
U007873,2026-01-01,none
U007874,2026-01-01,insurance
U007876,2026-01-01,music
U007877,2026-01-01,insurance
U007878,2026-01-01,none
U007879,2026-01-01,gym
U007882,2026-01-01,streaming
U007883,2026-01-01,music
U007890,2026-01-01,none
U007892,2026-01-01,mobile
U007893,2026-01-01,none
U007895,2026-01-01,mobile
U007896,2026-01-01,none
U007897,2026-01-01,gym
U007898,2026-01-01,none
U007899,2026-01-01,insurance
U007901,2026-01-01,mobile
U007911,2026-01-01,software
U007912,2026-01-01,none
U007913,2026-01-01,none
U007918,2026-01-01,none
U007921,2026-01-01,none
U007922,2026-01-01,software
U007923,2026-01-01,cloud
U007925,2026-01-01,none
U007926,2026-01-01,none
U007927,2026-01-01,insurance
U007929,2026-01-01,streaming
U007932,2026-01-01,mobile
U007935,2026-01-01,software
U007943,2026-01-01,none
U007944,2026-01-01,cloud
U007947,2026-01-01,software
U007949,2026-01-01,none
U007951,2026-01-01,none
U007953,2026-01-01,software
U007955,2026-01-01,none
U007956,2026-01-01,none
U007961,2026-01-01,insurance
U007964,2026-01-01,insurance
U007967,2026-01-01,streaming
U007969,2026-01-01,none
U007973,2026-01-01,none
U007974,2026-01-01,none
U007975,2026-01-01,software
U007977,2026-01-01,none
U007981,2026-01-01,insurance
U007982,2026-01-01,streaming
U007984,2026-01-01,none
U007986,2026-01-01,music
U007987,2026-01-01,music
U007988,2026-01-01,cloud
U007989,2026-01-01,none
U007993,2026-01-01,none
U007996,2026-01-01,none
U007997,2026-01-01,none
U007998,2026-01-01,none
U008001,2026-01-01,software
U008003,2026-01-01,none
U008004,2026-01-01,none
U008006,2026-01-01,none
U008007,2026-01-01,cloud
U008008,2026-01-01,software
U008010,2026-01-01,none
U008011,2026-01-01,insurance
U008013,2026-01-01,cloud
U008014,2026-01-01,none
U008019,2026-01-01,none
U008021,2026-01-01,none
U008022,2026-01-01,none
U008023,2026-01-01,streaming
U008025,2026-01-01,gym
U008026,2026-01-01,software
U008027,2026-01-01,streaming
U008029,2026-01-01,gym
U008030,2026-01-01,gym
U008031,2026-01-01,streaming
U008035,2026-01-01,none
U008036,2026-01-01,music
U008038,2026-01-01,none
U008039,2026-01-01,mobile
U008040,2026-01-01,insurance
U008048,2026-01-01,software
U008049,2026-01-01,insurance
U008050,2026-01-01,none
U008052,2026-01-01,software
U008053,2026-01-01,software
U008054,2026-01-01,music
U008055,2026-01-01,mobile
U008056,2026-01-01,none
U008058,2026-01-01,insurance
U008059,2026-01-01,software
U008060,2026-01-01,none
U008068,2026-01-01,cloud
U008069,2026-01-01,none
U008070,2026-01-01,software
U008073,2026-01-01,cloud
U008074,2026-01-01,none
U008075,2026-01-01,cloud
U008076,2026-01-01,none
U008077,2026-01-01,none
U008078,2026-01-01,insurance
U008079,2026-01-01,none
U008081,2026-01-01,cloud
U008082,2026-01-01,software
U008083,2026-01-01,music
U008084,2026-01-01,gym
U008086,2026-01-01,music
U008088,2026-01-01,none
U008089,2026-01-01,mobile
U008090,2026-01-01,mobile
U008091,2026-01-01,none
U008092,2026-01-01,none
U008095,2026-01-01,mobile
U008097,2026-01-01,none
U008098,2026-01-01,none
U008099,2026-01-01,gym
U008100,2026-01-01,none
U008101,2026-01-01,software
U008102,2026-01-01,insurance
U008104,2026-01-01,streaming
U008105,2026-01-01,none
U008106,2026-01-01,gym
U008108,2026-01-01,none
U008109,2026-01-01,mobile
U008110,2026-01-01,insurance
U008112,2026-01-01,gym
U008113,2026-01-01,music
U008115,2026-01-01,cloud
U008117,2026-01-01,insurance
U008122,2026-01-01,none
U008123,2026-01-01,cloud
U008124,2026-01-01,music
U008125,2026-01-01,none
U008128,2026-01-01,insurance
U008130,2026-01-01,insurance
U008131,2026-01-01,software
U008132,2026-01-01,insurance
U008134,2026-01-01,none
U008136,2026-01-01,none
U008140,2026-01-01,mobile
U008141,2026-01-01,mobile
U008142,2026-01-01,insurance
U008143,2026-01-01,none
U008144,2026-01-01,streaming
U008146,2026-01-01,music
U008148,2026-01-01,none
U008150,2026-01-01,none
U008151,2026-01-01,insurance
U008153,2026-01-01,none
U008155,2026-01-01,none
U008156,2026-01-01,music
U008159,2026-01-01,none
U008161,2026-01-01,none
U008163,2026-01-01,software
U008165,2026-01-01,none
U008167,2026-01-01,none
U008168,2026-01-01,none
U008169,2026-01-01,none
U008170,2026-01-01,none
U008173,2026-01-01,gym
U008175,2026-01-01,software
U008177,2026-01-01,none
U008179,2026-01-01,software
U008182,2026-01-01,music
U008185,2026-01-01,cloud
U008187,2026-01-01,gym
U008188,2026-01-01,streaming
U008189,2026-01-01,gym
U008190,2026-01-01,cloud
U008192,2026-01-01,insurance
U008195,2026-01-01,music
U008197,2026-01-01,none
U008198,2026-01-01,gym
U008200,2026-01-01,cloud
U008201,2026-01-01,mobile
U008202,2026-01-01,software
U008206,2026-01-01,music
U008208,2026-01-01,none
U008209,2026-01-01,insurance
U008211,2026-01-01,gym
U008212,2026-01-01,mobile
U008218,2026-01-01,gym
U008220,2026-01-01,cloud
U008222,2026-01-01,none
U008224,2026-01-01,insurance
U008225,2026-01-01,none
U008229,2026-01-01,music
U008230,2026-01-01,music
U008231,2026-01-01,cloud
U008233,2026-01-01,none
U008237,2026-01-01,gym
U008241,2026-01-01,software
U008245,2026-01-01,music
U008246,2026-01-01,streaming
U008247,2026-01-01,software
U008248,2026-01-01,none
U008249,2026-01-01,gym
U008251,2026-01-01,mobile
U008252,2026-01-01,gym
U008253,2026-01-01,cloud
U008256,2026-01-01,insurance
U008257,2026-01-01,mobile
U008259,2026-01-01,none
U008260,2026-01-01,software
U008261,2026-01-01,cloud
U008264,2026-01-01,none
U008266,2026-01-01,none
U008268,2026-01-01,cloud
U008269,2026-01-01,none
U008273,2026-01-01,insurance
U008274,2026-01-01,mobile
U008278,2026-01-01,insurance
U008280,2026-01-01,gym
U008282,2026-01-01,streaming
U008284,2026-01-01,none
U008285,2026-01-01,streaming
U008290,2026-01-01,gym
U008294,2026-01-01,none
U008295,2026-01-01,music
U008296,2026-01-01,none
U008297,2026-01-01,none
U008298,2026-01-01,gym
U008302,2026-01-01,gym
U008303,2026-01-01,streaming
U008307,2026-01-01,music
U008308,2026-01-01,none
U008310,2026-01-01,none
U008311,2026-01-01,none
U008313,2026-01-01,software
U008316,2026-01-01,mobile
U008317,2026-01-01,music
U008320,2026-01-01,none
U008323,2026-01-01,streaming
U008324,2026-01-01,none
U008326,2026-01-01,mobile
U008327,2026-01-01,none
U008328,2026-01-01,none
U008332,2026-01-01,streaming
U008336,2026-01-01,insurance
U008340,2026-01-01,none
U008343,2026-01-01,software
U008346,2026-01-01,software
U008347,2026-01-01,insurance
U008348,2026-01-01,gym
U008349,2026-01-01,insurance
U008350,2026-01-01,mobile
U008353,2026-01-01,none
U008354,2026-01-01,gym
U008359,2026-01-01,mobile
U008360,2026-01-01,none
U008361,2026-01-01,none
U008363,2026-01-01,cloud
U008364,2026-01-01,none
U008366,2026-01-01,none
U008368,2026-01-01,none
U008369,2026-01-01,insurance
U008370,2026-01-01,none
U008373,2026-01-01,none
U008374,2026-01-01,streaming
U008375,2026-01-01,none
U008376,2026-01-01,cloud
U008377,2026-01-01,none
U008379,2026-01-01,cloud
U008381,2026-01-01,none
U008383,2026-01-01,insurance
U008384,2026-01-01,none
U008385,2026-01-01,software
U008386,2026-01-01,gym
U008389,2026-01-01,software
U008391,2026-01-01,none
U008392,2026-01-01,streaming
U008395,2026-01-01,music
U008396,2026-01-01,mobile
U008398,2026-01-01,insurance
U008400,2026-01-01,mobile
U008401,2026-01-01,none
U008402,2026-01-01,none
U008403,2026-01-01,streaming
U008405,2026-01-01,none
U008407,2026-01-01,music
U008409,2026-01-01,gym
U008411,2026-01-01,music
U008413,2026-01-01,cloud
U008414,2026-01-01,music
U008415,2026-01-01,none
U008417,2026-01-01,insurance
U008419,2026-01-01,insurance
U008422,2026-01-01,streaming
U008426,2026-01-01,none
U008427,2026-01-01,streaming
U008429,2026-01-01,gym
U008430,2026-01-01,none
U008431,2026-01-01,mobile
U008434,2026-01-01,gym
U008437,2026-01-01,none
U008438,2026-01-01,gym
U008439,2026-01-01,insurance
U008441,2026-01-01,none
U008442,2026-01-01,gym
U008445,2026-01-01,streaming
U008446,2026-01-01,none
U008448,2026-01-01,music
U008449,2026-01-01,streaming
U008450,2026-01-01,mobile
U008452,2026-01-01,none
U008455,2026-01-01,insurance
U008456,2026-01-01,none
U008458,2026-01-01,none
U008460,2026-01-01,none
U008462,2026-01-01,software
U008465,2026-01-01,gym
U008467,2026-01-01,cloud
U008468,2026-01-01,mobile
U008469,2026-01-01,none
U008470,2026-01-01,software
U008471,2026-01-01,software
U008476,2026-01-01,mobile
U008477,2026-01-01,music
U008478,2026-01-01,gym
U008480,2026-01-01,streaming
U008482,2026-01-01,none
U008483,2026-01-01,software
U008486,2026-01-01,software
U008488,2026-01-01,streaming
U008489,2026-01-01,none
U008490,2026-01-01,gym
U008491,2026-01-01,none
U008493,2026-01-01,gym
U008494,2026-01-01,none
U008497,2026-01-01,none
U008499,2026-01-01,software
U008501,2026-01-01,none
U008503,2026-01-01,none
U008504,2026-01-01,none
U008505,2026-01-01,insurance
U008507,2026-01-01,software
U008508,2026-01-01,none
U008509,2026-01-01,none
U008511,2026-01-01,gym
U008514,2026-01-01,none
U008517,2026-01-01,cloud
U008519,2026-01-01,none
U008520,2026-01-01,software
U008522,2026-01-01,none
U008523,2026-01-01,none
U008524,2026-01-01,cloud
U008526,2026-01-01,none
U008527,2026-01-01,none
U008528,2026-01-01,none
U008530,2026-01-01,none
U008531,2026-01-01,cloud
U008533,2026-01-01,software
U008534,2026-01-01,software
U008535,2026-01-01,none
U008538,2026-01-01,none
U008539,2026-01-01,none
U008540,2026-01-01,gym
U008543,2026-01-01,none
U008544,2026-01-01,mobile
U008545,2026-01-01,cloud
U008546,2026-01-01,none
U008552,2026-01-01,none
U008553,2026-01-01,software
U008554,2026-01-01,none
U008556,2026-01-01,insurance
U008561,2026-01-01,cloud
U008562,2026-01-01,insurance
U008563,2026-01-01,none
U008566,2026-01-01,none
U008568,2026-01-01,none
U008569,2026-01-01,none
U008571,2026-01-01,streaming
U008572,2026-01-01,none
U008573,2026-01-01,none
U008574,2026-01-01,none
U008579,2026-01-01,cloud
U008580,2026-01-01,none
U008582,2026-01-01,none
U008583,2026-01-01,software
U008584,2026-01-01,none
U008587,2026-01-01,streaming
U008591,2026-01-01,none
U008594,2026-01-01,insurance
U008599,2026-01-01,music
U008600,2026-01-01,cloud
U008602,2026-01-01,software
U008605,2026-01-01,none
U008609,2026-01-01,none
U008610,2026-01-01,cloud
U008614,2026-01-01,none
U008615,2026-01-01,none
U008616,2026-01-01,none
U008617,2026-01-01,none
U008619,2026-01-01,gym
U008620,2026-01-01,music
U008621,2026-01-01,cloud
U008622,2026-01-01,streaming
U008625,2026-01-01,streaming
U008626,2026-01-01,mobile
U008627,2026-01-01,none
U008631,2026-01-01,cloud
U008632,2026-01-01,mobile
U008633,2026-01-01,gym
U008635,2026-01-01,mobile
U008636,2026-01-01,none
U008638,2026-01-01,streaming
U008640,2026-01-01,none
U008644,2026-01-01,none
U008645,2026-01-01,none
U008646,2026-01-01,mobile
U008649,2026-01-01,streaming
U008650,2026-01-01,cloud
U008651,2026-01-01,none
U008654,2026-01-01,gym
U008655,2026-01-01,gym
U008658,2026-01-01,none
U008664,2026-01-01,music
U008666,2026-01-01,streaming
U008667,2026-01-01,cloud
U008670,2026-01-01,none
U008671,2026-01-01,none
U008673,2026-01-01,none
U008674,2026-01-01,none
U008676,2026-01-01,none
U008677,2026-01-01,gym
U008678,2026-01-01,none
U008679,2026-01-01,none
U008680,2026-01-01,none
U008681,2026-01-01,none
U008683,2026-01-01,none
U008684,2026-01-01,insurance
U008687,2026-01-01,streaming
U008688,2026-01-01,none
U008689,2026-01-01,software
U008692,2026-01-01,software
U008693,2026-01-01,music
U008695,2026-01-01,music
U008696,2026-01-01,none
U008697,2026-01-01,software
U008698,2026-01-01,none
U008699,2026-01-01,streaming
U008702,2026-01-01,cloud
U008703,2026-01-01,streaming
U008706,2026-01-01,mobile
U008707,2026-01-01,streaming
U008709,2026-01-01,none
U008718,2026-01-01,cloud
U008720,2026-01-01,none
U008722,2026-01-01,streaming
U008724,2026-01-01,cloud
U008726,2026-01-01,streaming
U008728,2026-01-01,none
U008730,2026-01-01,none
U008731,2026-01-01,none
U008735,2026-01-01,none
U008737,2026-01-01,cloud
U008738,2026-01-01,gym
U008739,2026-01-01,mobile
U008740,2026-01-01,none
U008743,2026-01-01,gym
U008747,2026-01-01,music
U008751,2026-01-01,mobile
U008753,2026-01-01,none
U008754,2026-01-01,streaming
U008757,2026-01-01,mobile
U008760,2026-01-01,gym
U008761,2026-01-01,none
U008762,2026-01-01,gym
U008763,2026-01-01,gym
U008765,2026-01-01,software
U008766,2026-01-01,streaming
U008769,2026-01-01,none
U008770,2026-01-01,streaming
U008773,2026-01-01,none
U008774,2026-01-01,none
U008775,2026-01-01,mobile
U008777,2026-01-01,cloud
U008778,2026-01-01,none
U008779,2026-01-01,cloud
U008781,2026-01-01,none
U008782,2026-01-01,streaming
U008783,2026-01-01,none
U008785,2026-01-01,none
U008786,2026-01-01,mobile
U008787,2026-01-01,none
U008788,2026-01-01,insurance
U008789,2026-01-01,software
U008791,2026-01-01,cloud
U008792,2026-01-01,none
U008794,2026-01-01,insurance
U008795,2026-01-01,mobile
U008798,2026-01-01,streaming
U008799,2026-01-01,none
U008800,2026-01-01,insurance
U008801,2026-01-01,none
U008802,2026-01-01,none
U008803,2026-01-01,mobile
U008804,2026-01-01,insurance
U008805,2026-01-01,none
U008806,2026-01-01,none
U008808,2026-01-01,none
U008809,2026-01-01,none
U008810,2026-01-01,none
U008812,2026-01-01,insurance
U008813,2026-01-01,streaming
U008814,2026-01-01,none
U008815,2026-01-01,none
U008818,2026-01-01,gym
U008819,2026-01-01,streaming
U008822,2026-01-01,none
U008824,2026-01-01,streaming
U008828,2026-01-01,insurance
U008829,2026-01-01,mobile
U008830,2026-01-01,none
U008834,2026-01-01,software
U008835,2026-01-01,mobile
U008837,2026-01-01,streaming
U008839,2026-01-01,none
U008842,2026-01-01,none
U008843,2026-01-01,insurance
U008844,2026-01-01,cloud
U008845,2026-01-01,gym
U008846,2026-01-01,software
U008850,2026-01-01,gym
U008852,2026-01-01,insurance
U008853,2026-01-01,streaming
U008855,2026-01-01,none
U008858,2026-01-01,music
U008864,2026-01-01,software
U008865,2026-01-01,none
U008866,2026-01-01,software
U008868,2026-01-01,insurance
U008869,2026-01-01,none
U008872,2026-01-01,none
U008874,2026-01-01,none
U008877,2026-01-01,none
U008879,2026-01-01,cloud
U008880,2026-01-01,software
U008883,2026-01-01,gym
U008885,2026-01-01,insurance
U008887,2026-01-01,gym
U008888,2026-01-01,none
U008890,2026-01-01,cloud
U008891,2026-01-01,none
U008893,2026-01-01,none
U008896,2026-01-01,none
U008897,2026-01-01,gym
U008900,2026-01-01,streaming
U008903,2026-01-01,none
U008904,2026-01-01,none
U008905,2026-01-01,mobile
U008908,2026-01-01,none
U008909,2026-01-01,music
U008912,2026-01-01,software
U008914,2026-01-01,insurance
U008916,2026-01-01,none
U008917,2026-01-01,none
U008919,2026-01-01,gym
U008920,2026-01-01,none
U008921,2026-01-01,cloud
U008922,2026-01-01,streaming
U008923,2026-01-01,cloud
U008925,2026-01-01,none
U008926,2026-01-01,streaming
U008929,2026-01-01,gym
U008933,2026-01-01,gym
U008934,2026-01-01,none
U008937,2026-01-01,gym
U008938,2026-01-01,none
U008941,2026-01-01,mobile
U008946,2026-01-01,streaming
U008948,2026-01-01,mobile
U008949,2026-01-01,none
U008950,2026-01-01,streaming
U008953,2026-01-01,mobile
U008954,2026-01-01,streaming
U008959,2026-01-01,none
U008960,2026-01-01,insurance
U008961,2026-01-01,music
U008963,2026-01-01,mobile
U008964,2026-01-01,mobile
U008965,2026-01-01,software
U008967,2026-01-01,gym
U008968,2026-01-01,none
U008969,2026-01-01,streaming
U008971,2026-01-01,cloud
U008972,2026-01-01,gym
U008973,2026-01-01,cloud
U008974,2026-01-01,music
U008975,2026-01-01,none
U008976,2026-01-01,music
U008977,2026-01-01,music
U008978,2026-01-01,streaming
U008979,2026-01-01,gym
U008981,2026-01-01,none
U008982,2026-01-01,music
U008983,2026-01-01,none
U008987,2026-01-01,cloud
U008991,2026-01-01,insurance
U008992,2026-01-01,streaming
U008995,2026-01-01,cloud
U008996,2026-01-01,mobile
U009001,2026-01-01,software
U009002,2026-01-01,mobile
U009003,2026-01-01,cloud
U009004,2026-01-01,software
U009006,2026-01-01,cloud
U009007,2026-01-01,software
U009008,2026-01-01,streaming
U009009,2026-01-01,insurance
U009011,2026-01-01,software
U009012,2026-01-01,none
U009016,2026-01-01,gym
U009017,2026-01-01,streaming
U009021,2026-01-01,software
U009023,2026-01-01,none
U009028,2026-01-01,software
U009029,2026-01-01,none
U009034,2026-01-01,streaming
U009036,2026-01-01,gym
U009037,2026-01-01,none
U009038,2026-01-01,none
U009040,2026-01-01,none
U009041,2026-01-01,software
U009042,2026-01-01,mobile
U009044,2026-01-01,insurance
U009045,2026-01-01,cloud
U009046,2026-01-01,insurance
U009047,2026-01-01,streaming
U009048,2026-01-01,cloud
U009049,2026-01-01,mobile
U009051,2026-01-01,software
U009052,2026-01-01,streaming
U009053,2026-01-01,none
U009054,2026-01-01,none
U009057,2026-01-01,none
U009058,2026-01-01,cloud
U009061,2026-01-01,none
U009062,2026-01-01,gym
U009067,2026-01-01,music
U009068,2026-01-01,streaming
U009069,2026-01-01,cloud
U009070,2026-01-01,mobile
U009073,2026-01-01,none
U009074,2026-01-01,cloud
U009075,2026-01-01,mobile
U009079,2026-01-01,software
U009080,2026-01-01,none
U009082,2026-01-01,none
U009085,2026-01-01,none
U009086,2026-01-01,none
U009087,2026-01-01,cloud
U009089,2026-01-01,insurance
U009093,2026-01-01,gym
U009094,2026-01-01,mobile
U009095,2026-01-01,none
U009096,2026-01-01,software
U009098,2026-01-01,software
U009102,2026-01-01,none
U009103,2026-01-01,mobile
U009106,2026-01-01,insurance
U009108,2026-01-01,none
U009109,2026-01-01,mobile
U009110,2026-01-01,none
U009111,2026-01-01,none
U009114,2026-01-01,gym
U009115,2026-01-01,none
U009116,2026-01-01,none
U009117,2026-01-01,music
U009119,2026-01-01,music
U009122,2026-01-01,none
U009126,2026-01-01,none
U009128,2026-01-01,none
U009129,2026-01-01,none
U009130,2026-01-01,insurance
U009132,2026-01-01,insurance
U009134,2026-01-01,streaming
U009136,2026-01-01,music
U009139,2026-01-01,none
U009141,2026-01-01,mobile
U009142,2026-01-01,none
U009144,2026-01-01,none
U009146,2026-01-01,none
U009147,2026-01-01,none
U009149,2026-01-01,mobile
U009150,2026-01-01,gym
U009151,2026-01-01,none
U009153,2026-01-01,none
U009158,2026-01-01,cloud
U009159,2026-01-01,none
U009160,2026-01-01,gym
U009162,2026-01-01,none
U009163,2026-01-01,software
U009166,2026-01-01,none
U009168,2026-01-01,software
U009170,2026-01-01,none
U009171,2026-01-01,streaming
U009172,2026-01-01,none
U009175,2026-01-01,gym
U009178,2026-01-01,streaming
U009179,2026-01-01,software
U009181,2026-01-01,cloud
U009184,2026-01-01,none
U009185,2026-01-01,music
U009187,2026-01-01,none
U009189,2026-01-01,mobile
U009191,2026-01-01,gym
U009195,2026-01-01,software
U009196,2026-01-01,gym
U009197,2026-01-01,mobile
U009202,2026-01-01,streaming
U009203,2026-01-01,streaming
U009204,2026-01-01,none
U009207,2026-01-01,none
U009208,2026-01-01,gym
U009210,2026-01-01,mobile
U009211,2026-01-01,cloud
U009213,2026-01-01,insurance
U009220,2026-01-01,gym
U009222,2026-01-01,cloud
U009223,2026-01-01,none
U009225,2026-01-01,software
U009226,2026-01-01,insurance
U009230,2026-01-01,none
U009231,2026-01-01,none
U009232,2026-01-01,none
U009234,2026-01-01,none
U009235,2026-01-01,music
U009237,2026-01-01,music
U009242,2026-01-01,none
U009243,2026-01-01,insurance
U009245,2026-01-01,none
U009249,2026-01-01,streaming
U009250,2026-01-01,cloud
U009251,2026-01-01,none
U009252,2026-01-01,gym
U009254,2026-01-01,streaming
U009256,2026-01-01,insurance
U009265,2026-01-01,software
U009268,2026-01-01,none
U009275,2026-01-01,none
U009276,2026-01-01,streaming
U009277,2026-01-01,software
U009280,2026-01-01,insurance
U009281,2026-01-01,mobile
U009283,2026-01-01,none
U009285,2026-01-01,streaming
U009286,2026-01-01,mobile
U009287,2026-01-01,none
U009288,2026-01-01,none
U009289,2026-01-01,mobile
U009291,2026-01-01,none
U009292,2026-01-01,cloud
U009297,2026-01-01,insurance
U009298,2026-01-01,insurance
U009301,2026-01-01,music
U009302,2026-01-01,none
U009303,2026-01-01,streaming
U009304,2026-01-01,none
U009305,2026-01-01,streaming
U009308,2026-01-01,insurance
U009313,2026-01-01,none
U009315,2026-01-01,none
U009316,2026-01-01,none
U009317,2026-01-01,none
U009318,2026-01-01,mobile
U009322,2026-01-01,software
U009323,2026-01-01,none
U009324,2026-01-01,none
U009325,2026-01-01,none
U009326,2026-01-01,music
U009327,2026-01-01,music
U009328,2026-01-01,music
U009329,2026-01-01,software
U009330,2026-01-01,streaming
U009332,2026-01-01,cloud
U009333,2026-01-01,none
U009335,2026-01-01,music
U009336,2026-01-01,none
U009338,2026-01-01,gym
U009340,2026-01-01,insurance
U009342,2026-01-01,none
U009343,2026-01-01,none
U009345,2026-01-01,streaming
U009346,2026-01-01,none
U009348,2026-01-01,none
U009350,2026-01-01,streaming
U009352,2026-01-01,none
U009353,2026-01-01,software
U009354,2026-01-01,software
U009356,2026-01-01,software
U009357,2026-01-01,insurance
U009359,2026-01-01,none
U009361,2026-01-01,none
U009362,2026-01-01,cloud
U009365,2026-01-01,none
U009366,2026-01-01,insurance
U009367,2026-01-01,insurance
U009370,2026-01-01,streaming
U009374,2026-01-01,none
U009375,2026-01-01,none
U009376,2026-01-01,none
U009377,2026-01-01,music
U009378,2026-01-01,none
U009385,2026-01-01,none
U009387,2026-01-01,music
U009389,2026-01-01,streaming
U009391,2026-01-01,music
U009397,2026-01-01,mobile
U009398,2026-01-01,none
U009400,2026-01-01,none
U009401,2026-01-01,none
U009408,2026-01-01,software
U009409,2026-01-01,insurance
U009411,2026-01-01,none
U009414,2026-01-01,gym
U009418,2026-01-01,streaming
U009423,2026-01-01,mobile
U009425,2026-01-01,cloud
U009428,2026-01-01,none
U009429,2026-01-01,insurance
U009432,2026-01-01,gym
U009434,2026-01-01,insurance
U009436,2026-01-01,music
U009437,2026-01-01,streaming
U009438,2026-01-01,none
U009439,2026-01-01,none
U009440,2026-01-01,cloud
U009441,2026-01-01,cloud
U009443,2026-01-01,insurance
U009445,2026-01-01,cloud
U009446,2026-01-01,gym
U009449,2026-01-01,none
U009454,2026-01-01,cloud
U009455,2026-01-01,music
U009459,2026-01-01,gym
U009462,2026-01-01,none
U009467,2026-01-01,insurance
U009469,2026-01-01,mobile
U009470,2026-01-01,none
U009471,2026-01-01,none
U009472,2026-01-01,none
U009473,2026-01-01,none
U009474,2026-01-01,cloud
U009475,2026-01-01,none
U009476,2026-01-01,mobile
U009477,2026-01-01,none
U009478,2026-01-01,cloud
U009482,2026-01-01,software
U009483,2026-01-01,gym
U009485,2026-01-01,streaming
U009488,2026-01-01,music
U009489,2026-01-01,gym
U009495,2026-01-01,insurance
U009497,2026-01-01,none
U009498,2026-01-01,mobile
U009499,2026-01-01,none
U009500,2026-01-01,cloud
U009502,2026-01-01,streaming
U009503,2026-01-01,insurance
U009505,2026-01-01,cloud
U009507,2026-01-01,none
U009508,2026-01-01,gym
U009512,2026-01-01,none
U009515,2026-01-01,none
U009516,2026-01-01,none
U009517,2026-01-01,mobile
U009523,2026-01-01,cloud
U009529,2026-01-01,streaming
U009533,2026-01-01,cloud
U009537,2026-01-01,none
U009539,2026-01-01,streaming
U009540,2026-01-01,mobile
U009541,2026-01-01,insurance
U009542,2026-01-01,none
U009543,2026-01-01,none
U009547,2026-01-01,none
U009549,2026-01-01,none
U009550,2026-01-01,streaming
U009551,2026-01-01,none
U009557,2026-01-01,none
U009560,2026-01-01,none
U009561,2026-01-01,streaming
U009563,2026-01-01,insurance
U009564,2026-01-01,mobile
U009565,2026-01-01,none
U009566,2026-01-01,none
U009568,2026-01-01,software
U009571,2026-01-01,none
U009572,2026-01-01,insurance
U009573,2026-01-01,gym
U009574,2026-01-01,mobile
U009576,2026-01-01,none
U009577,2026-01-01,none
U009578,2026-01-01,none
U009579,2026-01-01,none
U009580,2026-01-01,software
U009583,2026-01-01,none
U009585,2026-01-01,gym
U009588,2026-01-01,none
U009590,2026-01-01,none
U009591,2026-01-01,streaming
U009593,2026-01-01,music
U009594,2026-01-01,mobile
U009604,2026-01-01,streaming
U009605,2026-01-01,insurance
U009606,2026-01-01,none
U009607,2026-01-01,none
U009608,2026-01-01,music
U009611,2026-01-01,none
U009612,2026-01-01,insurance
U009613,2026-01-01,none
U009616,2026-01-01,none
U009617,2026-01-01,insurance
U009618,2026-01-01,insurance
U009621,2026-01-01,streaming
U009622,2026-01-01,cloud
U009623,2026-01-01,insurance
U009628,2026-01-01,cloud
U009632,2026-01-01,streaming
U009634,2026-01-01,software
U009636,2026-01-01,mobile
U009637,2026-01-01,none
U009638,2026-01-01,none
U009639,2026-01-01,none
U009641,2026-01-01,insurance
U009642,2026-01-01,none
U009643,2026-01-01,streaming
U009645,2026-01-01,none
U009646,2026-01-01,none
U009650,2026-01-01,mobile
U009651,2026-01-01,none
U009653,2026-01-01,cloud
U009654,2026-01-01,software
U009656,2026-01-01,insurance
U009657,2026-01-01,software
U009659,2026-01-01,none
U009661,2026-01-01,insurance
U009663,2026-01-01,cloud
U009664,2026-01-01,insurance
U009665,2026-01-01,music
U009667,2026-01-01,mobile
U009669,2026-01-01,music
U009670,2026-01-01,none
U009672,2026-01-01,none
U009674,2026-01-01,none
U009675,2026-01-01,none
U009676,2026-01-01,cloud
U009678,2026-01-01,none
U009679,2026-01-01,none
U009681,2026-01-01,gym
U009683,2026-01-01,music
U009684,2026-01-01,none
U009685,2026-01-01,streaming
U009687,2026-01-01,cloud
U009688,2026-01-01,none
U009689,2026-01-01,streaming
U009690,2026-01-01,cloud
U009692,2026-01-01,none
U009693,2026-01-01,cloud
U009695,2026-01-01,none
U009697,2026-01-01,music
U009699,2026-01-01,cloud
U009700,2026-01-01,music
U009701,2026-01-01,cloud
U009702,2026-01-01,streaming
U009705,2026-01-01,none
U009706,2026-01-01,streaming
U009707,2026-01-01,streaming
U009709,2026-01-01,none
U009711,2026-01-01,insurance
U009712,2026-01-01,none
U009713,2026-01-01,none
U009714,2026-01-01,gym
U009715,2026-01-01,none
U009716,2026-01-01,software
U009717,2026-01-01,streaming
U009718,2026-01-01,none
U009720,2026-01-01,music
U009721,2026-01-01,cloud
U009722,2026-01-01,insurance
U009725,2026-01-01,music
U009726,2026-01-01,cloud
U009727,2026-01-01,none
U009728,2026-01-01,none
U009731,2026-01-01,streaming
U009733,2026-01-01,none
U009735,2026-01-01,none
U009740,2026-01-01,none
U009741,2026-01-01,none
U009743,2026-01-01,none
U009751,2026-01-01,streaming
U009754,2026-01-01,none
U009756,2026-01-01,insurance
U009757,2026-01-01,gym
U009758,2026-01-01,none
U009760,2026-01-01,none
U009762,2026-01-01,none
U009763,2026-01-01,none
U009764,2026-01-01,none
U009766,2026-01-01,mobile
U009767,2026-01-01,streaming
U009769,2026-01-01,none
U009770,2026-01-01,none
U009772,2026-01-01,mobile
U009773,2026-01-01,software
U009775,2026-01-01,streaming
U009777,2026-01-01,streaming
U009779,2026-01-01,none
U009781,2026-01-01,cloud
U009782,2026-01-01,streaming
U009783,2026-01-01,software
U009785,2026-01-01,cloud
U009786,2026-01-01,none
U009787,2026-01-01,none
U009788,2026-01-01,software
U009789,2026-01-01,none
U009790,2026-01-01,none
U009791,2026-01-01,cloud
U009792,2026-01-01,none
U009793,2026-01-01,none
U009794,2026-01-01,none
U009796,2026-01-01,gym
U009799,2026-01-01,none
U009803,2026-01-01,none
U009806,2026-01-01,gym
U009807,2026-01-01,mobile
U009809,2026-01-01,none
U009811,2026-01-01,mobile
U009814,2026-01-01,none
U009816,2026-01-01,streaming
U009817,2026-01-01,none
U009818,2026-01-01,none
U009820,2026-01-01,gym
U009822,2026-01-01,none
U009823,2026-01-01,software
U009830,2026-01-01,gym
U009831,2026-01-01,none
U009834,2026-01-01,none
U009837,2026-01-01,none
U009838,2026-01-01,software
U009839,2026-01-01,none
U009843,2026-01-01,none
U009846,2026-01-01,none
U009847,2026-01-01,music
U009848,2026-01-01,mobile
U009849,2026-01-01,streaming
U009851,2026-01-01,none
U009854,2026-01-01,streaming
U009855,2026-01-01,none
U009856,2026-01-01,none
U009858,2026-01-01,none
U009859,2026-01-01,none
U009863,2026-01-01,gym
U009865,2026-01-01,none
U009867,2026-01-01,streaming
U009868,2026-01-01,software
U009871,2026-01-01,none
U009873,2026-01-01,cloud
U009875,2026-01-01,music
U009877,2026-01-01,none
U009878,2026-01-01,gym
U009885,2026-01-01,software
U009887,2026-01-01,none
U009889,2026-01-01,cloud
U009890,2026-01-01,none
U009891,2026-01-01,none
U009895,2026-01-01,cloud
U009896,2026-01-01,mobile
U009899,2026-01-01,software
U009900,2026-01-01,mobile
U009901,2026-01-01,none
U009902,2026-01-01,insurance
U009904,2026-01-01,none
U009905,2026-01-01,streaming
U009906,2026-01-01,music
U009907,2026-01-01,mobile
U009913,2026-01-01,streaming
U009915,2026-01-01,none
U009918,2026-01-01,none
U009920,2026-01-01,none
U009921,2026-01-01,none
U009924,2026-01-01,streaming
U009925,2026-01-01,streaming
U009928,2026-01-01,none
U009929,2026-01-01,mobile
U009932,2026-01-01,insurance
U009934,2026-01-01,none
U009935,2026-01-01,mobile
U009938,2026-01-01,none
U009939,2026-01-01,none
U009941,2026-01-01,none
U009943,2026-01-01,software
U009948,2026-01-01,none
U009949,2026-01-01,cloud
U009951,2026-01-01,none
U009952,2026-01-01,none
U009954,2026-01-01,none
U009955,2026-01-01,none
U009956,2026-01-01,music
U009957,2026-01-01,none
U009958,2026-01-01,software
U009959,2026-01-01,none
U009960,2026-01-01,streaming
U009962,2026-01-01,software
U009966,2026-01-01,none
U009971,2026-01-01,insurance
U009972,2026-01-01,mobile
U009973,2026-01-01,gym
U009974,2026-01-01,streaming
U009975,2026-01-01,insurance
U009976,2026-01-01,insurance
U009977,2026-01-01,none
U009978,2026-01-01,music
U009981,2026-01-01,insurance
U009982,2026-01-01,streaming
U009985,2026-01-01,software
U009989,2026-01-01,streaming
U009993,2026-01-01,streaming
U009997,2026-01-01,none
U009998,2026-01-01,software
U009999,2026-01-01,gym
