client_id,cutoff_date,target_next_recurring_merchant,confidence
U000000,2026-01-01,music,0.4014
U000001,2026-01-01,none,0.7619
U000002,2026-01-01,mobile,1.0
U000003,2026-01-01,gym,0.5088
U000004,2026-01-01,none,0.5336
U000005,2026-01-01,none,0.4266
U000006,2026-01-01,music,0.4076
U000007,2026-01-01,insurance,0.6684
U000008,2026-01-01,cloud,0.5489
U000009,2026-01-01,none,0.384
U000010,2026-01-01,music,0.3274
U000011,2026-01-01,insurance,0.8998
U000012,2026-01-01,music,0.3939
U000013,2026-01-01,none,0.4371
U000014,2026-01-01,none,0.4252
U000015,2026-01-01,cloud,0.3082
U000016,2026-01-01,gym,0.9908
U000017,2026-01-01,mobile,0.3008
U000018,2026-01-01,insurance,0.5
U000019,2026-01-01,music,0.3752
U000020,2026-01-01,mobile,0.6007
U000021,2026-01-01,none,0.3555
U000022,2026-01-01,mobile,0.3327
U000023,2026-01-01,streaming,0.3728
U000024,2026-01-01,music,0.2423
U000025,2026-01-01,cloud,0.278
U000026,2026-01-01,cloud,0.3454
U000027,2026-01-01,mobile,1.0
U000028,2026-01-01,streaming,0.3396
U000029,2026-01-01,mobile,0.4018
U000030,2026-01-01,mobile,0.33
U000031,2026-01-01,mobile,0.4447
U000032,2026-01-01,none,0.4398
U000033,2026-01-01,insurance,0.5282
U000034,2026-01-01,none,0.5317
U000035,2026-01-01,none,0.3511
U000036,2026-01-01,cloud,0.3662
U000037,2026-01-01,music,0.3858
U000038,2026-01-01,none,0.4869
U000039,2026-01-01,streaming,0.5648
U000040,2026-01-01,music,0.4787
U000041,2026-01-01,insurance,1.0
U000042,2026-01-01,none,0.3447
U000043,2026-01-01,mobile,0.253
U000044,2026-01-01,streaming,0.6253
U000045,2026-01-01,none,0.4993
U000046,2026-01-01,insurance,0.4415
U000047,2026-01-01,mobile,1.0
U000048,2026-01-01,music,0.324
U000049,2026-01-01,none,0.4282
U000050,2026-01-01,insurance,0.4456
U000051,2026-01-01,mobile,0.4345
U000052,2026-01-01,gym,0.2814
U000053,2026-01-01,insurance,0.3532
U000054,2026-01-01,none,0.5916
U000055,2026-01-01,cloud,0.4863
U000056,2026-01-01,mobile,0.5285
U000057,2026-01-01,none,0.3772
U000058,2026-01-01,none,0.4512
U000059,2026-01-01,streaming,0.5835
U000060,2026-01-01,music,0.2517
U000061,2026-01-01,streaming,0.3895
U000062,2026-01-01,none,0.7576
U000063,2026-01-01,insurance,0.3807
U000064,2026-01-01,mobile,0.5072
U000065,2026-01-01,mobile,1.0
U000066,2026-01-01,none,0.6072
U000067,2026-01-01,streaming,0.3402
U000068,2026-01-01,none,0.5951
U000069,2026-01-01,software,0.4387
U000070,2026-01-01,software,0.4658
U000071,2026-01-01,cloud,0.6788
U000072,2026-01-01,music,0.6623
U000073,2026-01-01,none,0.374
U000074,2026-01-01,streaming,0.5168
U000075,2026-01-01,software,0.4602
U000076,2026-01-01,mobile,0.4905
U000077,2026-01-01,software,0.3939
U000078,2026-01-01,streaming,0.75
U000079,2026-01-01,insurance,0.5695
U000080,2026-01-01,insurance,0.4187
U000081,2026-01-01,streaming,0.3929
U000082,2026-01-01,software,0.6186
U000083,2026-01-01,gym,0.5258
U000084,2026-01-01,none,0.4799
U000085,2026-01-01,cloud,0.5
U000086,2026-01-01,none,0.2708
U000087,2026-01-01,cloud,0.405
U000088,2026-01-01,none,0.5644
U000089,2026-01-01,none,0.2468
U000090,2026-01-01,music,0.7787
U000091,2026-01-01,mobile,0.3704
U000092,2026-01-01,streaming,1.0
U000093,2026-01-01,streaming,0.3113
U000094,2026-01-01,music,0.4034
U000095,2026-01-01,none,1.0
U000096,2026-01-01,insurance,0.5803
U000097,2026-01-01,mobile,0.6976
U000098,2026-01-01,none,0.5401
U000099,2026-01-01,cloud,0.5396
U000100,2026-01-01,none,0.317
U000101,2026-01-01,none,0.4531
U000102,2026-01-01,none,0.7576
U000103,2026-01-01,mobile,0.446
U000104,2026-01-01,insurance,0.6886
U000105,2026-01-01,music,0.3594
U000106,2026-01-01,none,1.0
U000107,2026-01-01,mobile,0.5946
U000108,2026-01-01,mobile,0.3937
U000109,2026-01-01,gym,0.711
U000110,2026-01-01,insurance,0.4129
U000111,2026-01-01,insurance,0.3802
U000112,2026-01-01,streaming,0.2888
U000113,2026-01-01,mobile,0.6976
U000114,2026-01-01,software,0.4515
U000115,2026-01-01,gym,1.0
U000116,2026-01-01,none,0.488
U000117,2026-01-01,none,0.3749
U000118,2026-01-01,mobile,0.4461
U000119,2026-01-01,cloud,0.4968
U000120,2026-01-01,streaming,0.2934
U000121,2026-01-01,none,0.4439
U000122,2026-01-01,none,0.4026
U000123,2026-01-01,insurance,0.3828
U000124,2026-01-01,gym,0.9164
U000125,2026-01-01,streaming,0.3102
U000126,2026-01-01,streaming,0.3396
U000127,2026-01-01,insurance,0.5935
U000128,2026-01-01,none,0.6498
U000129,2026-01-01,music,0.2902
U000130,2026-01-01,none,0.4447
U000131,2026-01-01,none,0.7576
U000132,2026-01-01,insurance,0.4275
U000133,2026-01-01,software,0.2887
U000134,2026-01-01,cloud,0.5
U000135,2026-01-01,gym,0.5343
U000136,2026-01-01,music,0.5029
U000137,2026-01-01,gym,0.3988
U000138,2026-01-01,insurance,0.5843
U000139,2026-01-01,streaming,0.6626
U000140,2026-01-01,cloud,0.5
U000141,2026-01-01,software,0.4305
U000142,2026-01-01,none,0.3016
U000143,2026-01-01,streaming,0.6142
U000144,2026-01-01,none,0.5057
U000145,2026-01-01,music,0.4234
U000146,2026-01-01,cloud,0.8686
U000147,2026-01-01,mobile,0.5449
U000148,2026-01-01,none,0.283
U000149,2026-01-01,none,0.2786
U000150,2026-01-01,cloud,0.4183
U000151,2026-01-01,insurance,0.5613
U000152,2026-01-01,mobile,0.7537
U000153,2026-01-01,software,0.4637
U000154,2026-01-01,gym,0.314
U000155,2026-01-01,music,0.2891
U000156,2026-01-01,none,0.2224
U000157,2026-01-01,gym,0.4136
U000158,2026-01-01,none,0.623
U000159,2026-01-01,streaming,0.5196
U000160,2026-01-01,none,0.2964
U000161,2026-01-01,none,0.3226
U000162,2026-01-01,streaming,0.4154
U000163,2026-01-01,none,0.7576
U000164,2026-01-01,software,0.3909
U000165,2026-01-01,none,0.4406
U000166,2026-01-01,mobile,1.0
U000167,2026-01-01,insurance,0.2939
U000168,2026-01-01,mobile,0.5569
U000169,2026-01-01,none,0.6127
U000170,2026-01-01,none,0.5
U000171,2026-01-01,gym,0.3333
U000172,2026-01-01,none,0.4254
U000173,2026-01-01,mobile,0.3375
U000174,2026-01-01,cloud,0.4158
U000175,2026-01-01,music,0.3732
U000176,2026-01-01,none,0.3209
U000177,2026-01-01,music,0.3752
U000178,2026-01-01,music,0.3523
U000179,2026-01-01,none,0.3846
U000180,2026-01-01,cloud,0.8374
U000181,2026-01-01,gym,0.4075
U000182,2026-01-01,none,0.4214
U000183,2026-01-01,software,0.4408
U000184,2026-01-01,streaming,0.5873
U000185,2026-01-01,cloud,0.385
U000186,2026-01-01,music,0.2716
U000187,2026-01-01,cloud,0.4018
U000188,2026-01-01,insurance,0.2693
U000189,2026-01-01,insurance,0.3444
U000190,2026-01-01,none,0.3977
U000191,2026-01-01,software,0.3361
U000192,2026-01-01,insurance,0.3741
U000193,2026-01-01,none,0.3754
U000194,2026-01-01,software,0.5427
U000195,2026-01-01,insurance,0.4033
U000196,2026-01-01,insurance,0.3978
U000197,2026-01-01,music,0.3373
U000198,2026-01-01,none,0.8333
U000199,2026-01-01,none,0.4862
U000200,2026-01-01,music,0.4528
U000201,2026-01-01,none,0.3528
U000202,2026-01-01,gym,0.2637
U000203,2026-01-01,insurance,0.2838
U000204,2026-01-01,music,0.4783
U000205,2026-01-01,insurance,0.324
U000206,2026-01-01,software,0.4672
U000207,2026-01-01,insurance,0.4197
U000208,2026-01-01,none,0.7576
U000209,2026-01-01,none,0.537
U000210,2026-01-01,streaming,0.637
U000211,2026-01-01,insurance,0.5
U000212,2026-01-01,mobile,0.3557
U000213,2026-01-01,none,0.719
U000214,2026-01-01,none,0.7576
U000215,2026-01-01,none,0.2924
U000216,2026-01-01,none,0.5297
U000217,2026-01-01,none,0.3631
U000218,2026-01-01,music,0.5892
U000219,2026-01-01,cloud,0.36
U000220,2026-01-01,mobile,0.403
U000221,2026-01-01,none,0.2039
U000222,2026-01-01,insurance,0.354
U000223,2026-01-01,gym,0.3814
U000224,2026-01-01,none,0.274
U000225,2026-01-01,none,0.5936
U000226,2026-01-01,gym,1.0
U000227,2026-01-01,insurance,0.3909
U000228,2026-01-01,streaming,0.4823
U000229,2026-01-01,music,0.2948
U000230,2026-01-01,software,0.3359
U000231,2026-01-01,none,0.4306
U000232,2026-01-01,insurance,0.8003
U000233,2026-01-01,none,0.3098
U000234,2026-01-01,insurance,0.5834
U000235,2026-01-01,none,0.4152
U000236,2026-01-01,insurance,0.6025
U000237,2026-01-01,music,0.4828
U000238,2026-01-01,gym,0.441
U000239,2026-01-01,none,0.4645
U000240,2026-01-01,insurance,0.3821
U000241,2026-01-01,insurance,0.4667
U000242,2026-01-01,mobile,0.3343
U000243,2026-01-01,music,0.3545
U000244,2026-01-01,cloud,0.5
U000245,2026-01-01,cloud,0.6662
U000246,2026-01-01,none,0.4385
U000247,2026-01-01,cloud,1.0
U000248,2026-01-01,streaming,0.4393
U000249,2026-01-01,music,0.7616
U000250,2026-01-01,streaming,0.7207
U000251,2026-01-01,gym,0.4691
U000252,2026-01-01,gym,0.4675
U000253,2026-01-01,streaming,0.3829
U000254,2026-01-01,none,0.7576
U000255,2026-01-01,none,0.464
U000256,2026-01-01,music,0.515
U000257,2026-01-01,none,0.7576
U000258,2026-01-01,none,0.3848
U000259,2026-01-01,none,0.2932
U000260,2026-01-01,insurance,0.5843
U000261,2026-01-01,none,0.458
U000262,2026-01-01,streaming,0.7512
U000263,2026-01-01,none,0.3541
U000264,2026-01-01,mobile,0.4924
U000265,2026-01-01,music,0.427
U000266,2026-01-01,streaming,0.5447
U000267,2026-01-01,mobile,0.5659
U000268,2026-01-01,none,0.2607
U000269,2026-01-01,none,0.7576
U000270,2026-01-01,streaming,0.371
U000271,2026-01-01,insurance,0.3745
U000272,2026-01-01,cloud,0.3651
U000273,2026-01-01,gym,0.3512
U000274,2026-01-01,none,0.3268
U000275,2026-01-01,insurance,0.4605
U000276,2026-01-01,none,0.7576
U000277,2026-01-01,software,0.3019
U000278,2026-01-01,none,0.4167
U000279,2026-01-01,insurance,0.3837
U000280,2026-01-01,cloud,0.5265
U000281,2026-01-01,cloud,0.5531
U000282,2026-01-01,insurance,0.3788
U000283,2026-01-01,music,0.2836
U000284,2026-01-01,cloud,0.4371
U000285,2026-01-01,none,0.3212
U000286,2026-01-01,cloud,0.7331
U000287,2026-01-01,software,0.5999
U000288,2026-01-01,streaming,0.3361
U000289,2026-01-01,gym,0.7493
U000290,2026-01-01,none,0.5857
U000291,2026-01-01,streaming,0.363
U000292,2026-01-01,streaming,0.4599
U000293,2026-01-01,mobile,0.4776
U000294,2026-01-01,insurance,0.5277
U000295,2026-01-01,none,0.5402
U000296,2026-01-01,streaming,0.5418
U000297,2026-01-01,none,1.0
U000298,2026-01-01,cloud,0.5527
U000299,2026-01-01,software,0.5063
U000300,2026-01-01,none,0.3416
U000301,2026-01-01,insurance,0.3224
U000302,2026-01-01,streaming,0.4257
U000303,2026-01-01,music,0.3518
U000304,2026-01-01,insurance,0.327
U000305,2026-01-01,none,0.4064
U000306,2026-01-01,none,0.8
U000307,2026-01-01,cloud,0.4023
U000308,2026-01-01,music,0.6147
U000309,2026-01-01,gym,0.7393
U000310,2026-01-01,streaming,0.2954
U000311,2026-01-01,none,0.7576
U000312,2026-01-01,mobile,0.3983
U000313,2026-01-01,insurance,0.4023
U000314,2026-01-01,mobile,0.7537
U000315,2026-01-01,cloud,0.4319
U000316,2026-01-01,software,0.4567
U000317,2026-01-01,music,0.2636
U000318,2026-01-01,none,0.3154
U000319,2026-01-01,none,1.0
U000320,2026-01-01,none,0.3241
U000321,2026-01-01,none,0.5657
U000322,2026-01-01,none,0.3496
U000323,2026-01-01,none,0.5256
U000324,2026-01-01,streaming,0.3539
U000325,2026-01-01,cloud,0.6475
U000326,2026-01-01,cloud,0.5352
U000327,2026-01-01,mobile,0.2198
U000328,2026-01-01,cloud,0.4904
U000329,2026-01-01,music,0.6017
U000330,2026-01-01,none,0.368
U000331,2026-01-01,none,0.4689
U000332,2026-01-01,music,0.4851
U000333,2026-01-01,none,0.3072
U000334,2026-01-01,none,0.3401
U000335,2026-01-01,cloud,0.3828
U000336,2026-01-01,streaming,0.4915
U000337,2026-01-01,streaming,0.5497
U000338,2026-01-01,none,0.3848
U000339,2026-01-01,insurance,0.5735
U000340,2026-01-01,none,0.5
U000341,2026-01-01,none,0.3296
U000342,2026-01-01,streaming,0.4003
U000343,2026-01-01,gym,1.0
U000344,2026-01-01,mobile,0.3207
U000345,2026-01-01,cloud,0.7235
U000346,2026-01-01,cloud,0.5187
U000347,2026-01-01,insurance,1.0
U000348,2026-01-01,software,0.395
U000349,2026-01-01,streaming,0.6455
U000350,2026-01-01,none,0.4062
U000351,2026-01-01,software,0.4589
U000352,2026-01-01,cloud,0.5679
U000353,2026-01-01,none,0.397
U000354,2026-01-01,none,0.278
U000355,2026-01-01,none,0.6253
U000356,2026-01-01,music,0.4037
U000357,2026-01-01,streaming,0.4165
U000358,2026-01-01,none,0.3724
U000359,2026-01-01,cloud,0.7055
U000360,2026-01-01,insurance,0.3364
U000361,2026-01-01,streaming,0.6567
U000362,2026-01-01,none,0.557
U000363,2026-01-01,none,0.5
U000364,2026-01-01,none,0.3053
U000365,2026-01-01,music,0.722
U000366,2026-01-01,software,0.3526
U000367,2026-01-01,mobile,0.4641
U000368,2026-01-01,none,0.3979
U000369,2026-01-01,music,0.4422
U000370,2026-01-01,insurance,0.5
U000371,2026-01-01,software,1.0
U000372,2026-01-01,insurance,0.4928
U000373,2026-01-01,streaming,0.4037
U000374,2026-01-01,none,0.6889
U000375,2026-01-01,none,0.7576
U000376,2026-01-01,mobile,0.4355
U000377,2026-01-01,none,0.4048
U000378,2026-01-01,cloud,0.8133
U000379,2026-01-01,none,0.2732
U000380,2026-01-01,music,0.5032
U000381,2026-01-01,music,1.0
U000382,2026-01-01,none,0.7576
U000383,2026-01-01,mobile,0.3051
U000384,2026-01-01,streaming,0.5206
U000385,2026-01-01,none,0.2985
U000386,2026-01-01,music,0.3764
U000387,2026-01-01,none,0.4653
U000388,2026-01-01,none,0.3861
U000389,2026-01-01,music,0.4293
U000390,2026-01-01,software,0.384
U000391,2026-01-01,insurance,0.4695
U000392,2026-01-01,streaming,0.3529
U000393,2026-01-01,music,0.3687
U000394,2026-01-01,music,0.6304
U000395,2026-01-01,music,0.3178
U000396,2026-01-01,gym,0.8195
U000397,2026-01-01,insurance,0.5
U000398,2026-01-01,none,0.85
U000399,2026-01-01,streaming,0.3418
U000400,2026-01-01,none,0.3581
U000401,2026-01-01,cloud,0.3725
U000402,2026-01-01,insurance,0.3508
U000403,2026-01-01,none,0.3675
U000404,2026-01-01,streaming,0.3366
U000405,2026-01-01,music,0.2723
U000406,2026-01-01,mobile,1.0
U000407,2026-01-01,none,0.6075
U000408,2026-01-01,none,0.3303
U000409,2026-01-01,insurance,0.4471
U000410,2026-01-01,software,0.4266
U000411,2026-01-01,gym,0.3545
U000412,2026-01-01,cloud,0.3495
U000413,2026-01-01,none,0.4767
U000414,2026-01-01,cloud,0.7092
U000415,2026-01-01,insurance,0.2373
U000416,2026-01-01,none,0.7576
U000417,2026-01-01,none,0.8333
U000418,2026-01-01,software,0.4331
U000419,2026-01-01,cloud,0.4699
U000420,2026-01-01,none,0.5696
U000421,2026-01-01,none,0.7576
U000422,2026-01-01,mobile,0.3526
U000423,2026-01-01,music,0.4448
U000424,2026-01-01,software,0.7053
U000425,2026-01-01,cloud,0.4502
U000426,2026-01-01,software,0.3212
U000427,2026-01-01,gym,0.5
U000428,2026-01-01,streaming,0.3986
U000429,2026-01-01,mobile,0.4872
U000430,2026-01-01,music,0.4057
U000431,2026-01-01,insurance,0.716
U000432,2026-01-01,music,0.2966
U000433,2026-01-01,none,0.3597
U000434,2026-01-01,streaming,0.5123
U000435,2026-01-01,insurance,0.4696
U000436,2026-01-01,none,0.3156
U000437,2026-01-01,music,0.3441
U000438,2026-01-01,streaming,0.2753
U000439,2026-01-01,streaming,0.422
U000440,2026-01-01,streaming,0.5496
U000441,2026-01-01,streaming,0.4271
U000442,2026-01-01,cloud,0.5462
U000443,2026-01-01,none,0.7576
U000444,2026-01-01,cloud,0.6295
U000445,2026-01-01,streaming,0.7207
U000446,2026-01-01,none,0.2771
U000447,2026-01-01,streaming,0.6809
U000448,2026-01-01,streaming,0.3337
U000449,2026-01-01,mobile,0.3896
U000450,2026-01-01,cloud,0.6084
U000451,2026-01-01,software,0.5119
U000452,2026-01-01,gym,0.4449
U000453,2026-01-01,music,0.5714
U000454,2026-01-01,music,0.604
U000455,2026-01-01,none,0.584
U000456,2026-01-01,none,0.4767
U000457,2026-01-01,none,0.7465
U000458,2026-01-01,mobile,0.4514
U000459,2026-01-01,none,0.2807
U000460,2026-01-01,none,0.355
U000461,2026-01-01,none,0.3947
U000462,2026-01-01,mobile,0.3172
U000463,2026-01-01,gym,0.6751
U000464,2026-01-01,none,0.4561
U000465,2026-01-01,streaming,0.4723
U000466,2026-01-01,none,0.8333
U000467,2026-01-01,insurance,0.6699
U000468,2026-01-01,mobile,0.3034
U000469,2026-01-01,mobile,0.8591
U000470,2026-01-01,none,0.4504
U000471,2026-01-01,none,0.7576
U000472,2026-01-01,music,0.8512
U000473,2026-01-01,mobile,1.0
U000474,2026-01-01,none,0.4175
U000475,2026-01-01,gym,0.4841
U000476,2026-01-01,none,0.8
U000477,2026-01-01,none,0.4488
U000478,2026-01-01,none,0.5341
U000479,2026-01-01,mobile,0.4047
U000480,2026-01-01,gym,0.7278
U000481,2026-01-01,insurance,0.3563
U000482,2026-01-01,none,0.7576
U000483,2026-01-01,none,1.0
U000484,2026-01-01,cloud,0.4526
U000485,2026-01-01,none,0.7
U000486,2026-01-01,none,0.3892
U000487,2026-01-01,mobile,0.7537
U000488,2026-01-01,music,0.4759
U000489,2026-01-01,none,0.7576
U000490,2026-01-01,music,0.3724
U000491,2026-01-01,software,0.8
U000492,2026-01-01,none,0.3203
U000493,2026-01-01,none,0.4937
U000494,2026-01-01,none,0.5999
U000495,2026-01-01,streaming,0.3886
U000496,2026-01-01,none,0.7512
U000497,2026-01-01,music,0.2921
U000498,2026-01-01,cloud,0.2457
U000499,2026-01-01,none,0.2492
U000500,2026-01-01,cloud,0.3976
U000501,2026-01-01,none,0.4295
U000502,2026-01-01,none,0.7576
U000503,2026-01-01,streaming,0.4071
U000504,2026-01-01,none,0.7
U000505,2026-01-01,gym,0.5215
U000506,2026-01-01,mobile,0.2939
U000507,2026-01-01,none,0.3647
U000508,2026-01-01,cloud,0.5
U000509,2026-01-01,streaming,0.469
U000510,2026-01-01,music,0.3383
U000511,2026-01-01,none,0.3892
U000512,2026-01-01,insurance,0.4291
U000513,2026-01-01,streaming,0.6413
U000514,2026-01-01,none,0.3629
U000515,2026-01-01,mobile,0.7173
U000516,2026-01-01,none,0.2591
U000517,2026-01-01,none,0.461
U000518,2026-01-01,music,0.3553
U000519,2026-01-01,cloud,0.3282
U000520,2026-01-01,music,0.7868
U000521,2026-01-01,cloud,0.5884
U000522,2026-01-01,cloud,0.5661
U000523,2026-01-01,none,0.3839
U000524,2026-01-01,insurance,0.5773
U000525,2026-01-01,cloud,0.5856
U000526,2026-01-01,none,0.4047
U000527,2026-01-01,insurance,0.3167
U000528,2026-01-01,none,0.5297
U000529,2026-01-01,none,0.6667
U000530,2026-01-01,streaming,0.2569
U000531,2026-01-01,insurance,0.5
U000532,2026-01-01,gym,0.2811
U000533,2026-01-01,gym,0.4918
U000534,2026-01-01,mobile,0.9097
U000535,2026-01-01,insurance,0.3145
U000536,2026-01-01,none,0.3449
U000537,2026-01-01,mobile,1.0
U000538,2026-01-01,none,0.4735
U000539,2026-01-01,mobile,0.3739
U000540,2026-01-01,none,0.5634
U000541,2026-01-01,music,0.3339
U000542,2026-01-01,insurance,0.4005
U000543,2026-01-01,none,0.4876
U000544,2026-01-01,mobile,0.2968
U000545,2026-01-01,none,0.2977
U000546,2026-01-01,mobile,0.3599
U000547,2026-01-01,mobile,0.4019
U000548,2026-01-01,streaming,1.0
U000549,2026-01-01,mobile,0.429
U000550,2026-01-01,music,0.2952
U000551,2026-01-01,insurance,0.3579
U000552,2026-01-01,mobile,0.5658
U000553,2026-01-01,none,0.4672
U000554,2026-01-01,cloud,0.5
U000555,2026-01-01,none,0.2862
U000556,2026-01-01,gym,0.9908
U000557,2026-01-01,cloud,0.5994
U000558,2026-01-01,none,0.3497
U000559,2026-01-01,insurance,0.5456
U000560,2026-01-01,software,0.6132
U000561,2026-01-01,none,0.3846
U000562,2026-01-01,none,0.4193
U000563,2026-01-01,insurance,0.4547
U000564,2026-01-01,none,0.6946
U000565,2026-01-01,none,0.3378
U000566,2026-01-01,cloud,0.4624
U000567,2026-01-01,none,0.3835
U000568,2026-01-01,software,0.3634
U000569,2026-01-01,mobile,0.6228
U000570,2026-01-01,music,0.5
U000571,2026-01-01,mobile,0.8871
U000572,2026-01-01,streaming,1.0
U000573,2026-01-01,none,0.3198
U000574,2026-01-01,insurance,0.8565
U000575,2026-01-01,insurance,0.3412
U000576,2026-01-01,none,0.3057
U000577,2026-01-01,streaming,0.3785
U000578,2026-01-01,insurance,0.3916
U000579,2026-01-01,music,0.5016
U000580,2026-01-01,none,0.4176
U000581,2026-01-01,insurance,0.2777
U000582,2026-01-01,none,0.4031
U000583,2026-01-01,software,0.3956
U000584,2026-01-01,mobile,0.4676
U000585,2026-01-01,gym,0.3819
U000586,2026-01-01,music,0.321
U000587,2026-01-01,cloud,0.4682
U000588,2026-01-01,streaming,0.5764
U000589,2026-01-01,none,0.7576
U000590,2026-01-01,streaming,0.3638
U000591,2026-01-01,none,0.4101
U000592,2026-01-01,cloud,0.7748
U000593,2026-01-01,mobile,0.4758
U000594,2026-01-01,mobile,0.4007
U000595,2026-01-01,none,0.7576
U000596,2026-01-01,none,0.3047
U000597,2026-01-01,none,0.3368
U000598,2026-01-01,mobile,0.2952
U000599,2026-01-01,none,0.3772
U000600,2026-01-01,none,0.4531
U000601,2026-01-01,streaming,0.5176
U000602,2026-01-01,cloud,0.3264
U000603,2026-01-01,none,0.4683
U000604,2026-01-01,none,0.5
U000605,2026-01-01,none,0.7576
U000606,2026-01-01,mobile,0.3977
U000607,2026-01-01,none,0.4378
U000608,2026-01-01,none,0.578
U000609,2026-01-01,software,0.6732
U000610,2026-01-01,none,0.3754
U000611,2026-01-01,none,0.312
U000612,2026-01-01,music,1.0
U000613,2026-01-01,streaming,0.2605
U000614,2026-01-01,none,0.6498
U000615,2026-01-01,none,0.3516
U000616,2026-01-01,streaming,0.3765
U000617,2026-01-01,streaming,0.3816
U000618,2026-01-01,music,0.6491
U000619,2026-01-01,music,0.3554
U000620,2026-01-01,insurance,0.3762
U000621,2026-01-01,music,0.4458
U000622,2026-01-01,mobile,0.3741
U000623,2026-01-01,none,0.3394
U000624,2026-01-01,none,0.5663
U000625,2026-01-01,insurance,1.0
U000626,2026-01-01,gym,1.0
U000627,2026-01-01,software,0.4721
U000628,2026-01-01,none,0.7576
U000629,2026-01-01,streaming,0.7037
U000630,2026-01-01,streaming,0.2641
U000631,2026-01-01,music,0.2864
U000632,2026-01-01,software,0.464
U000633,2026-01-01,none,0.4597
U000634,2026-01-01,streaming,0.5284
U000635,2026-01-01,music,0.6376
U000636,2026-01-01,cloud,0.3978
U000637,2026-01-01,streaming,0.5205
U000638,2026-01-01,streaming,0.2816
U000639,2026-01-01,software,0.2971
U000640,2026-01-01,streaming,0.3465
U000641,2026-01-01,streaming,0.3013
U000642,2026-01-01,cloud,0.4694
U000643,2026-01-01,none,0.4862
U000644,2026-01-01,music,0.2734
U000645,2026-01-01,music,0.3651
U000646,2026-01-01,mobile,0.3741
U000647,2026-01-01,gym,0.689
U000648,2026-01-01,software,0.5445
U000649,2026-01-01,none,0.4674
U000650,2026-01-01,none,0.8333
U000651,2026-01-01,insurance,0.5045
U000652,2026-01-01,none,0.5
U000653,2026-01-01,insurance,0.4482
U000654,2026-01-01,music,0.3146
U000655,2026-01-01,software,0.4637
U000656,2026-01-01,cloud,0.7534
U000657,2026-01-01,insurance,1.0
U000658,2026-01-01,streaming,1.0
U000659,2026-01-01,none,0.5408
U000660,2026-01-01,none,0.3927
U000661,2026-01-01,gym,0.35
U000662,2026-01-01,gym,1.0
U000663,2026-01-01,cloud,0.5085
U000664,2026-01-01,music,0.6117
U000665,2026-01-01,insurance,0.2983
U000666,2026-01-01,insurance,0.6667
U000667,2026-01-01,mobile,0.5918
U000668,2026-01-01,none,0.6667
U000669,2026-01-01,mobile,0.2855
U000670,2026-01-01,mobile,0.2592
U000671,2026-01-01,none,0.5
U000672,2026-01-01,insurance,0.4209
U000673,2026-01-01,music,0.5443
U000674,2026-01-01,gym,0.783
U000675,2026-01-01,insurance,0.4562
U000676,2026-01-01,gym,0.8195
U000677,2026-01-01,gym,0.3828
U000678,2026-01-01,insurance,0.4105
U000679,2026-01-01,none,1.0
U000680,2026-01-01,gym,0.4254
U000681,2026-01-01,mobile,0.5587
U000682,2026-01-01,software,0.3656
U000683,2026-01-01,mobile,0.4735
U000684,2026-01-01,none,0.779
U000685,2026-01-01,none,0.4311
U000686,2026-01-01,music,0.5739
U000687,2026-01-01,cloud,0.5462
U000688,2026-01-01,insurance,0.3823
U000689,2026-01-01,music,0.4236
U000690,2026-01-01,gym,0.7608
U000691,2026-01-01,none,0.5081
U000692,2026-01-01,none,0.8
U000693,2026-01-01,insurance,0.4763
U000694,2026-01-01,insurance,0.3107
U000695,2026-01-01,insurance,0.6485
U000696,2026-01-01,cloud,0.7805
U000697,2026-01-01,none,0.4669
U000698,2026-01-01,streaming,0.75
U000699,2026-01-01,gym,0.4539
U000700,2026-01-01,software,0.2824
U000701,2026-01-01,software,0.6316
U000702,2026-01-01,none,0.4564
U000703,2026-01-01,mobile,0.6976
U000704,2026-01-01,cloud,0.7055
U000705,2026-01-01,insurance,0.6452
U000706,2026-01-01,none,0.6039
U000707,2026-01-01,none,0.3429
U000708,2026-01-01,none,0.4207
U000709,2026-01-01,software,0.3529
U000710,2026-01-01,none,0.6216
U000711,2026-01-01,streaming,0.4024
U000712,2026-01-01,gym,0.3226
U000713,2026-01-01,none,0.5634
U000714,2026-01-01,streaming,0.278
U000715,2026-01-01,none,0.6498
U000716,2026-01-01,insurance,0.5595
U000717,2026-01-01,software,0.3284
U000718,2026-01-01,insurance,0.334
U000719,2026-01-01,none,0.5509
U000720,2026-01-01,software,0.4651
U000721,2026-01-01,streaming,0.4561
U000722,2026-01-01,mobile,0.3137
U000723,2026-01-01,mobile,0.6228
U000724,2026-01-01,mobile,0.4913
U000725,2026-01-01,none,0.3949
U000726,2026-01-01,cloud,0.5
U000727,2026-01-01,none,0.3614
U000728,2026-01-01,music,0.5714
U000729,2026-01-01,none,0.3954
U000730,2026-01-01,none,0.3391
U000731,2026-01-01,music,0.5187
U000732,2026-01-01,gym,0.5693
U000733,2026-01-01,none,0.3185
U000734,2026-01-01,cloud,0.8095
U000735,2026-01-01,insurance,0.3477
U000736,2026-01-01,none,0.326
U000737,2026-01-01,streaming,1.0
U000738,2026-01-01,none,0.4704
U000739,2026-01-01,none,0.3366
U000740,2026-01-01,none,0.2581
U000741,2026-01-01,cloud,0.7443
U000742,2026-01-01,none,0.2985
U000743,2026-01-01,none,0.492
U000744,2026-01-01,gym,0.3179
U000745,2026-01-01,none,0.4479
U000746,2026-01-01,cloud,0.3531
U000747,2026-01-01,music,0.4787
U000748,2026-01-01,cloud,0.5
U000749,2026-01-01,music,0.3328
U000750,2026-01-01,none,0.2512
U000751,2026-01-01,none,0.4462
U000752,2026-01-01,streaming,0.5736
U000753,2026-01-01,insurance,0.5648
U000754,2026-01-01,none,0.4966
U000755,2026-01-01,software,0.6088
U000756,2026-01-01,insurance,0.354
U000757,2026-01-01,insurance,0.5
U000758,2026-01-01,insurance,0.4621
U000759,2026-01-01,none,0.307
U000760,2026-01-01,streaming,1.0
U000761,2026-01-01,none,0.2921
U000762,2026-01-01,none,0.7576
U000763,2026-01-01,insurance,0.3014
U000764,2026-01-01,insurance,0.3952
U000765,2026-01-01,mobile,0.4361
U000766,2026-01-01,none,0.5301
U000767,2026-01-01,none,0.243
U000768,2026-01-01,insurance,0.4407
U000769,2026-01-01,insurance,0.3174
U000770,2026-01-01,none,0.3117
U000771,2026-01-01,mobile,0.3367
U000772,2026-01-01,music,0.3163
U000773,2026-01-01,mobile,0.2632
U000774,2026-01-01,none,0.4992
U000775,2026-01-01,software,0.321
U000776,2026-01-01,insurance,0.414
U000777,2026-01-01,insurance,0.6301
U000778,2026-01-01,none,0.8333
U000779,2026-01-01,software,0.5791
U000780,2026-01-01,none,0.3968
U000781,2026-01-01,gym,0.3165
U000782,2026-01-01,software,0.3852
U000783,2026-01-01,cloud,0.4598
U000784,2026-01-01,gym,0.7587
U000785,2026-01-01,streaming,0.3154
U000786,2026-01-01,none,1.0
U000787,2026-01-01,none,0.3921
U000788,2026-01-01,streaming,0.3185
U000789,2026-01-01,none,0.4372
U000790,2026-01-01,streaming,0.2477
U000791,2026-01-01,insurance,1.0
U000792,2026-01-01,none,0.7576
U000793,2026-01-01,gym,0.7431
U000794,2026-01-01,mobile,0.3307
U000795,2026-01-01,software,0.5876
U000796,2026-01-01,none,0.7576
U000797,2026-01-01,cloud,0.5047
U000798,2026-01-01,insurance,0.3785
U000799,2026-01-01,software,0.4201
U000800,2026-01-01,none,0.2355
U000801,2026-01-01,music,0.5426
U000802,2026-01-01,cloud,0.4682
U000803,2026-01-01,none,0.4056
U000804,2026-01-01,gym,0.6616
U000805,2026-01-01,streaming,0.2284
U000806,2026-01-01,music,0.5714
U000807,2026-01-01,gym,0.5174
U000808,2026-01-01,mobile,1.0
U000809,2026-01-01,insurance,0.5049
U000810,2026-01-01,insurance,0.5098
U000811,2026-01-01,gym,0.6799
U000812,2026-01-01,none,0.307
U000813,2026-01-01,none,0.4639
U000814,2026-01-01,gym,0.9858
U000815,2026-01-01,none,0.5766
U000816,2026-01-01,software,0.3371
U000817,2026-01-01,insurance,0.4991
U000818,2026-01-01,mobile,0.2263
U000819,2026-01-01,streaming,0.4866
U000820,2026-01-01,insurance,0.3559
U000821,2026-01-01,none,0.3362
U000822,2026-01-01,mobile,0.4203
U000823,2026-01-01,none,0.5393
U000824,2026-01-01,cloud,0.5551
U000825,2026-01-01,cloud,0.3198
U000826,2026-01-01,insurance,1.0
U000827,2026-01-01,cloud,1.0
U000828,2026-01-01,mobile,0.663
U000829,2026-01-01,insurance,1.0
U000830,2026-01-01,none,0.6039
U000831,2026-01-01,none,0.7576
U000832,2026-01-01,software,0.49
U000833,2026-01-01,mobile,0.8279
U000834,2026-01-01,music,0.7261
U000835,2026-01-01,gym,0.4317
U000836,2026-01-01,insurance,0.5834
U000837,2026-01-01,streaming,0.3815
U000838,2026-01-01,none,0.3679
U000839,2026-01-01,mobile,0.7537
U000840,2026-01-01,gym,0.9908
U000841,2026-01-01,none,0.7576
U000842,2026-01-01,none,1.0
U000843,2026-01-01,insurance,0.2605
U000844,2026-01-01,streaming,0.6767
U000845,2026-01-01,none,0.5141
U000846,2026-01-01,software,0.5911
U000847,2026-01-01,music,0.3865
U000848,2026-01-01,gym,1.0
U000849,2026-01-01,music,0.7477
U000850,2026-01-01,streaming,1.0
U000851,2026-01-01,software,0.3675
U000852,2026-01-01,software,0.6542
U000853,2026-01-01,none,0.7576
U000854,2026-01-01,gym,0.2307
U000855,2026-01-01,software,0.4589
U000856,2026-01-01,cloud,0.5481
U000857,2026-01-01,none,0.4051
U000858,2026-01-01,mobile,0.3274
U000859,2026-01-01,mobile,0.4097
U000860,2026-01-01,none,0.7576
U000861,2026-01-01,gym,0.3258
U000862,2026-01-01,none,0.3215
U000863,2026-01-01,none,0.6598
U000864,2026-01-01,insurance,0.3306
U000865,2026-01-01,none,1.0
U000866,2026-01-01,streaming,0.5631
U000867,2026-01-01,mobile,0.3245
U000868,2026-01-01,music,0.3503
U000869,2026-01-01,music,0.4134
U000870,2026-01-01,streaming,0.3899
U000871,2026-01-01,insurance,0.3145
U000872,2026-01-01,mobile,0.3555
U000873,2026-01-01,gym,0.2447
U000874,2026-01-01,none,0.3289
U000875,2026-01-01,insurance,0.4303
U000876,2026-01-01,streaming,0.2437
U000877,2026-01-01,none,0.3549
U000878,2026-01-01,gym,0.66
U000879,2026-01-01,none,0.5086
U000880,2026-01-01,cloud,0.4397
U000881,2026-01-01,insurance,0.3201
U000882,2026-01-01,music,0.2933
U000883,2026-01-01,mobile,1.0
U000884,2026-01-01,streaming,0.3813
U000885,2026-01-01,gym,0.6404
U000886,2026-01-01,insurance,0.4812
U000887,2026-01-01,music,0.4813
U000888,2026-01-01,none,1.0
U000889,2026-01-01,insurance,0.4972
U000890,2026-01-01,none,0.3186
U000891,2026-01-01,insurance,0.3825
U000892,2026-01-01,gym,1.0
U000893,2026-01-01,none,0.3
U000894,2026-01-01,streaming,0.3459
U000895,2026-01-01,insurance,0.2954
U000896,2026-01-01,insurance,0.6206
U000897,2026-01-01,none,0.4111
U000898,2026-01-01,cloud,0.7055
U000899,2026-01-01,none,0.6667
U000900,2026-01-01,none,0.6296
U000901,2026-01-01,streaming,0.3392
U000902,2026-01-01,mobile,0.4734
U000903,2026-01-01,none,0.6157
U000904,2026-01-01,insurance,0.5349
U000905,2026-01-01,none,0.3001
U000906,2026-01-01,none,0.3084
U000907,2026-01-01,insurance,1.0
U000908,2026-01-01,cloud,0.3956
U000909,2026-01-01,software,0.6226
U000910,2026-01-01,cloud,0.349
U000911,2026-01-01,insurance,0.3011
U000912,2026-01-01,none,0.333
U000913,2026-01-01,streaming,0.6091
U000914,2026-01-01,none,0.5928
U000915,2026-01-01,mobile,0.3338
U000916,2026-01-01,none,0.4675
U000917,2026-01-01,insurance,0.7099
U000918,2026-01-01,gym,0.3855
U000919,2026-01-01,music,0.5254
U000920,2026-01-01,insurance,0.3907
U000921,2026-01-01,music,0.41
U000922,2026-01-01,mobile,0.7853
U000923,2026-01-01,mobile,0.4567
U000924,2026-01-01,streaming,0.4944
U000925,2026-01-01,mobile,0.6976
U000926,2026-01-01,music,0.3369
U000927,2026-01-01,none,0.3193
U000928,2026-01-01,none,0.7576
U000929,2026-01-01,mobile,0.7537
U000930,2026-01-01,streaming,0.419
U000931,2026-01-01,none,0.7576
U000932,2026-01-01,software,0.3419
U000933,2026-01-01,none,0.4317
U000934,2026-01-01,cloud,0.1862
U000935,2026-01-01,mobile,0.3025
U000936,2026-01-01,streaming,0.2668
U000937,2026-01-01,software,0.6705
U000938,2026-01-01,streaming,0.341
U000939,2026-01-01,music,0.8512
U000940,2026-01-01,insurance,0.6034
U000941,2026-01-01,software,0.4584
U000942,2026-01-01,gym,0.3732
U000943,2026-01-01,insurance,0.4027
U000944,2026-01-01,none,0.383
U000945,2026-01-01,none,0.4805
U000946,2026-01-01,software,0.5714
U000947,2026-01-01,none,0.4719
U000948,2026-01-01,software,0.5714
U000949,2026-01-01,none,0.4351
U000950,2026-01-01,streaming,0.6102
U000951,2026-01-01,mobile,0.4274
U000952,2026-01-01,insurance,0.7037
U000953,2026-01-01,software,1.0
U000954,2026-01-01,cloud,1.0
U000955,2026-01-01,streaming,0.2713
U000956,2026-01-01,music,0.2936
U000957,2026-01-01,none,0.2999
U000958,2026-01-01,mobile,0.5362
U000959,2026-01-01,music,0.2485
U000960,2026-01-01,none,0.6131
U000961,2026-01-01,none,0.3321
U000962,2026-01-01,mobile,0.3005
U000963,2026-01-01,insurance,0.5896
U000964,2026-01-01,gym,0.3075
U000965,2026-01-01,cloud,0.3822
U000966,2026-01-01,music,0.5
U000967,2026-01-01,insurance,0.4188
U000968,2026-01-01,software,0.5714
U000969,2026-01-01,insurance,0.7907
U000970,2026-01-01,streaming,0.3411
U000971,2026-01-01,gym,1.0
U000972,2026-01-01,insurance,0.4793
U000973,2026-01-01,none,0.454
U000974,2026-01-01,software,1.0
U000975,2026-01-01,none,0.522
U000976,2026-01-01,software,0.3175
U000977,2026-01-01,gym,0.3574
U000978,2026-01-01,none,0.3352
U000979,2026-01-01,music,0.4246
U000980,2026-01-01,none,0.448
U000981,2026-01-01,cloud,0.5259
U000982,2026-01-01,gym,0.4868
U000983,2026-01-01,none,0.4757
U000984,2026-01-01,none,0.3092
U000985,2026-01-01,none,0.5516
U000986,2026-01-01,none,0.46
U000987,2026-01-01,cloud,0.5
U000988,2026-01-01,mobile,0.3237
U000989,2026-01-01,cloud,0.3683
U000990,2026-01-01,none,0.3773
U000991,2026-01-01,mobile,0.6379
U000992,2026-01-01,software,0.5714
U000993,2026-01-01,insurance,0.5761
U000994,2026-01-01,none,0.6667
U000995,2026-01-01,streaming,0.9106
U000996,2026-01-01,mobile,1.0
U000997,2026-01-01,insurance,0.292
U000998,2026-01-01,gym,0.3864
U000999,2026-01-01,none,0.399
U001000,2026-01-01,none,0.5219
U001001,2026-01-01,none,0.3314
U001002,2026-01-01,cloud,0.3292
U001003,2026-01-01,software,0.3809
U001004,2026-01-01,mobile,0.5836
U001005,2026-01-01,streaming,0.4728
U001006,2026-01-01,gym,1.0
U001007,2026-01-01,music,0.48
U001008,2026-01-01,cloud,0.369
U001009,2026-01-01,none,0.7576
U001010,2026-01-01,none,0.3299
U001011,2026-01-01,mobile,0.3871
U001012,2026-01-01,gym,0.4918
U001013,2026-01-01,mobile,0.6228
U001014,2026-01-01,none,0.5297
U001015,2026-01-01,none,0.4281
U001016,2026-01-01,none,1.0
U001017,2026-01-01,software,0.8
U001018,2026-01-01,none,0.7576
U001019,2026-01-01,cloud,0.5002
U001020,2026-01-01,none,0.7576
U001021,2026-01-01,none,0.4995
U001022,2026-01-01,none,0.7576
U001023,2026-01-01,streaming,0.4357
U001024,2026-01-01,gym,0.3932
U001025,2026-01-01,streaming,0.75
U001026,2026-01-01,insurance,0.2966
U001027,2026-01-01,cloud,0.4548
U001028,2026-01-01,none,0.4688
U001029,2026-01-01,streaming,0.4577
U001030,2026-01-01,insurance,0.5895
U001031,2026-01-01,none,0.7576
U001032,2026-01-01,none,0.4975
U001033,2026-01-01,insurance,0.3363
U001034,2026-01-01,insurance,0.3038
U001035,2026-01-01,insurance,0.4989
U001036,2026-01-01,streaming,0.2682
U001037,2026-01-01,software,0.6667
U001038,2026-01-01,none,0.3637
U001039,2026-01-01,music,0.2966
U001040,2026-01-01,mobile,0.4296
U001041,2026-01-01,streaming,0.3761
U001042,2026-01-01,software,0.5022
U001043,2026-01-01,none,0.394
U001044,2026-01-01,none,0.3402
U001045,2026-01-01,cloud,0.2698
U001046,2026-01-01,insurance,0.5439
U001047,2026-01-01,streaming,0.2691
U001048,2026-01-01,streaming,0.3645
U001049,2026-01-01,mobile,0.2952
U001050,2026-01-01,none,0.4155
U001051,2026-01-01,insurance,0.6991
U001052,2026-01-01,streaming,0.2492
U001053,2026-01-01,none,0.4852
U001054,2026-01-01,software,0.3884
U001055,2026-01-01,mobile,0.3478
U001056,2026-01-01,mobile,0.4105
U001057,2026-01-01,none,0.3362
U001058,2026-01-01,insurance,0.3677
U001059,2026-01-01,streaming,0.544
U001060,2026-01-01,insurance,0.4901
U001061,2026-01-01,streaming,0.7342
U001062,2026-01-01,insurance,0.2528
U001063,2026-01-01,gym,0.3431
U001064,2026-01-01,none,0.5474
U001065,2026-01-01,insurance,0.3328
U001066,2026-01-01,software,0.5022
U001067,2026-01-01,streaming,0.4111
U001068,2026-01-01,insurance,0.3166
U001069,2026-01-01,insurance,0.3033
U001070,2026-01-01,streaming,0.3534
U001071,2026-01-01,gym,0.5957
U001072,2026-01-01,none,0.4526
U001073,2026-01-01,mobile,0.3979
U001074,2026-01-01,streaming,0.3735
U001075,2026-01-01,insurance,0.6082
U001076,2026-01-01,none,0.3004
U001077,2026-01-01,cloud,0.5774
U001078,2026-01-01,none,0.6498
U001079,2026-01-01,streaming,0.7207
U001080,2026-01-01,insurance,0.2892
U001081,2026-01-01,insurance,0.3103
U001082,2026-01-01,software,1.0
U001083,2026-01-01,insurance,0.4049
U001084,2026-01-01,gym,0.394
U001085,2026-01-01,none,0.3158
U001086,2026-01-01,none,0.5575
U001087,2026-01-01,insurance,0.4063
U001088,2026-01-01,cloud,0.4543
U001089,2026-01-01,insurance,0.286
U001090,2026-01-01,streaming,0.7207
U001091,2026-01-01,none,0.443
U001092,2026-01-01,cloud,0.5866
U001093,2026-01-01,streaming,0.2984
U001094,2026-01-01,cloud,0.4245
U001095,2026-01-01,none,0.3836
U001096,2026-01-01,mobile,0.4464
U001097,2026-01-01,mobile,0.3993
U001098,2026-01-01,music,0.4611
U001099,2026-01-01,insurance,1.0
U001100,2026-01-01,none,0.8
U001101,2026-01-01,software,0.7762
U001102,2026-01-01,streaming,0.386
U001103,2026-01-01,insurance,0.8396
U001104,2026-01-01,software,0.3082
U001105,2026-01-01,none,0.2294
U001106,2026-01-01,none,0.6147
U001107,2026-01-01,mobile,0.2779
U001108,2026-01-01,cloud,0.2574
U001109,2026-01-01,gym,1.0
U001110,2026-01-01,streaming,0.4359
U001111,2026-01-01,streaming,1.0
U001112,2026-01-01,streaming,0.4599
U001113,2026-01-01,streaming,0.5236
U001114,2026-01-01,insurance,0.3586
U001115,2026-01-01,gym,0.3249
U001116,2026-01-01,insurance,0.4192
U001117,2026-01-01,none,0.3726
U001118,2026-01-01,cloud,0.4089
U001119,2026-01-01,streaming,0.4404
U001120,2026-01-01,mobile,0.3407
U001121,2026-01-01,none,0.696
U001122,2026-01-01,none,0.2766
U001123,2026-01-01,insurance,0.4637
U001124,2026-01-01,gym,0.3166
U001125,2026-01-01,cloud,0.2713
U001126,2026-01-01,gym,0.4988
U001127,2026-01-01,none,0.4577
U001128,2026-01-01,none,0.4737
U001129,2026-01-01,insurance,0.6955
U001130,2026-01-01,streaming,0.5661
U001131,2026-01-01,streaming,0.5247
U001132,2026-01-01,cloud,0.5002
U001133,2026-01-01,streaming,0.7412
U001134,2026-01-01,none,0.3424
U001135,2026-01-01,none,0.2532
U001136,2026-01-01,gym,0.3618
U001137,2026-01-01,cloud,0.3895
U001138,2026-01-01,insurance,0.3057
U001139,2026-01-01,insurance,0.5279
U001140,2026-01-01,none,0.4146
U001141,2026-01-01,streaming,0.2973
U001142,2026-01-01,software,0.3741
U001143,2026-01-01,streaming,0.6589
U001144,2026-01-01,insurance,0.4526
U001145,2026-01-01,none,0.7576
U001146,2026-01-01,software,0.3213
U001147,2026-01-01,insurance,0.3561
U001148,2026-01-01,music,0.5556
U001149,2026-01-01,insurance,0.5302
U001150,2026-01-01,none,0.5301
U001151,2026-01-01,streaming,0.3166
U001152,2026-01-01,software,0.3646
U001153,2026-01-01,none,0.4676
U001154,2026-01-01,streaming,0.3909
U001155,2026-01-01,software,0.4298
U001156,2026-01-01,music,0.6376
U001157,2026-01-01,mobile,0.6951
U001158,2026-01-01,none,0.5878
U001159,2026-01-01,gym,0.3682
U001160,2026-01-01,none,0.4026
U001161,2026-01-01,none,0.4114
U001162,2026-01-01,none,0.2402
U001163,2026-01-01,none,0.441
U001164,2026-01-01,streaming,1.0
U001165,2026-01-01,insurance,0.6426
U001166,2026-01-01,insurance,0.4692
U001167,2026-01-01,software,0.9763
U001168,2026-01-01,none,0.3201
U001169,2026-01-01,none,0.5
U001170,2026-01-01,none,0.3303
U001171,2026-01-01,music,0.5714
U001172,2026-01-01,cloud,0.4859
U001173,2026-01-01,streaming,0.3152
U001174,2026-01-01,none,0.3374
U001175,2026-01-01,mobile,0.3723
U001176,2026-01-01,streaming,1.0
U001177,2026-01-01,none,0.3456
U001178,2026-01-01,none,0.7576
U001179,2026-01-01,gym,1.0
U001180,2026-01-01,music,0.32
U001181,2026-01-01,none,0.4027
U001182,2026-01-01,mobile,0.5225
U001183,2026-01-01,streaming,0.364
U001184,2026-01-01,mobile,0.2922
U001185,2026-01-01,music,0.5178
U001186,2026-01-01,streaming,0.4171
U001187,2026-01-01,none,0.4637
U001188,2026-01-01,cloud,0.3735
U001189,2026-01-01,insurance,0.6127
U001190,2026-01-01,streaming,0.75
U001191,2026-01-01,music,0.4011
U001192,2026-01-01,streaming,0.4546
U001193,2026-01-01,music,0.5325
U001194,2026-01-01,music,0.4609
U001195,2026-01-01,insurance,0.4289
U001196,2026-01-01,music,0.2788
U001197,2026-01-01,music,0.5
U001198,2026-01-01,none,0.3213
U001199,2026-01-01,mobile,0.4619
U001200,2026-01-01,software,0.4107
U001201,2026-01-01,cloud,0.4184
U001202,2026-01-01,insurance,0.4376
U001203,2026-01-01,insurance,0.4857
U001204,2026-01-01,streaming,0.5648
U001205,2026-01-01,gym,0.7394
U001206,2026-01-01,mobile,0.7354
U001207,2026-01-01,insurance,0.2802
U001208,2026-01-01,insurance,0.365
U001209,2026-01-01,streaming,0.3734
U001210,2026-01-01,insurance,0.3279
U001211,2026-01-01,gym,0.3601
U001212,2026-01-01,insurance,0.5
U001213,2026-01-01,insurance,0.2869
U001214,2026-01-01,cloud,0.4158
U001215,2026-01-01,music,0.3268
U001216,2026-01-01,insurance,0.3798
U001217,2026-01-01,insurance,1.0
U001218,2026-01-01,insurance,0.4244
U001219,2026-01-01,software,0.5301
U001220,2026-01-01,software,0.3299
U001221,2026-01-01,software,0.3363
U001222,2026-01-01,streaming,0.3819
U001223,2026-01-01,none,0.4118
U001224,2026-01-01,cloud,1.0
U001225,2026-01-01,streaming,0.3418
U001226,2026-01-01,music,1.0
U001227,2026-01-01,insurance,0.3915
U001228,2026-01-01,mobile,0.2682
U001229,2026-01-01,mobile,0.5658
U001230,2026-01-01,mobile,0.6094
U001231,2026-01-01,cloud,0.7055
U001232,2026-01-01,insurance,0.3706
U001233,2026-01-01,cloud,1.0
U001234,2026-01-01,mobile,0.2995
U001235,2026-01-01,music,0.3466
U001236,2026-01-01,cloud,0.4709
U001237,2026-01-01,none,0.5781
U001238,2026-01-01,none,0.7576
U001239,2026-01-01,none,0.3153
U001240,2026-01-01,none,0.6667
U001241,2026-01-01,cloud,0.4543
U001242,2026-01-01,cloud,0.3992
U001243,2026-01-01,streaming,0.7141
U001244,2026-01-01,none,0.2927
U001245,2026-01-01,music,0.4401
U001246,2026-01-01,none,0.3777
U001247,2026-01-01,insurance,0.5838
U001248,2026-01-01,cloud,0.5431
U001249,2026-01-01,insurance,0.472
U001250,2026-01-01,streaming,0.3039
U001251,2026-01-01,none,0.3263
U001252,2026-01-01,none,0.4302
U001253,2026-01-01,music,0.4246
U001254,2026-01-01,gym,0.7677
U001255,2026-01-01,music,0.3143
U001256,2026-01-01,streaming,0.4973
U001257,2026-01-01,none,0.7576
U001258,2026-01-01,streaming,0.3174
U001259,2026-01-01,insurance,0.6077
U001260,2026-01-01,software,0.3306
U001261,2026-01-01,streaming,0.4012
U001262,2026-01-01,none,0.3735
U001263,2026-01-01,none,0.321
U001264,2026-01-01,cloud,0.6767
U001265,2026-01-01,insurance,1.0
U001266,2026-01-01,insurance,0.5213
U001267,2026-01-01,mobile,0.3592
U001268,2026-01-01,insurance,1.0
U001269,2026-01-01,none,0.7576
U001270,2026-01-01,streaming,0.3076
U001271,2026-01-01,software,0.3659
U001272,2026-01-01,none,0.4157
U001273,2026-01-01,none,0.6667
U001274,2026-01-01,none,0.3815
U001275,2026-01-01,none,0.3011
U001276,2026-01-01,insurance,0.3641
U001277,2026-01-01,gym,0.352
U001278,2026-01-01,software,0.7123
U001279,2026-01-01,streaming,0.3184
U001280,2026-01-01,mobile,0.3382
U001281,2026-01-01,none,0.3863
U001282,2026-01-01,cloud,0.4873
U001283,2026-01-01,none,0.4247
U001284,2026-01-01,none,0.429
U001285,2026-01-01,software,0.4733
U001286,2026-01-01,none,0.3485
U001287,2026-01-01,none,0.7576
U001288,2026-01-01,none,0.5829
U001289,2026-01-01,none,0.4169
U001290,2026-01-01,none,0.253
U001291,2026-01-01,none,0.3702
U001292,2026-01-01,streaming,0.487
U001293,2026-01-01,mobile,0.3386
U001294,2026-01-01,streaming,0.3356
U001295,2026-01-01,music,0.5714
U001296,2026-01-01,software,1.0
U001297,2026-01-01,none,0.6231
U001298,2026-01-01,none,1.0
U001299,2026-01-01,music,0.2757
U001300,2026-01-01,gym,0.425
U001301,2026-01-01,none,0.5103
U001302,2026-01-01,music,0.4235
U001303,2026-01-01,streaming,0.6649
U001304,2026-01-01,mobile,0.5402
U001305,2026-01-01,streaming,0.526
U001306,2026-01-01,none,0.3313
U001307,2026-01-01,insurance,0.3508
U001308,2026-01-01,none,0.3104
U001309,2026-01-01,software,0.5714
U001310,2026-01-01,none,0.4146
U001311,2026-01-01,software,0.4382
U001312,2026-01-01,insurance,1.0
U001313,2026-01-01,streaming,0.4588
U001314,2026-01-01,none,0.2913
U001315,2026-01-01,streaming,0.309
U001316,2026-01-01,none,0.5864
U001317,2026-01-01,none,0.4371
U001318,2026-01-01,music,0.3807
U001319,2026-01-01,none,1.0
U001320,2026-01-01,cloud,0.4413
U001321,2026-01-01,music,0.483
U001322,2026-01-01,streaming,0.4857
U001323,2026-01-01,streaming,0.6262
U001324,2026-01-01,none,1.0
U001325,2026-01-01,music,0.4175
U001326,2026-01-01,none,0.399
U001327,2026-01-01,none,0.3351
U001328,2026-01-01,streaming,0.4325
U001329,2026-01-01,none,0.5881
U001330,2026-01-01,none,0.4053
U001331,2026-01-01,none,0.5
U001332,2026-01-01,gym,0.3953
U001333,2026-01-01,none,0.3422
U001334,2026-01-01,none,0.3839
U001335,2026-01-01,none,0.3458
U001336,2026-01-01,streaming,0.3429
U001337,2026-01-01,insurance,0.4491
U001338,2026-01-01,none,0.3195
U001339,2026-01-01,none,0.3681
U001340,2026-01-01,none,1.0
U001341,2026-01-01,none,0.7576
U001342,2026-01-01,insurance,0.4062
U001343,2026-01-01,mobile,0.8029
U001344,2026-01-01,insurance,0.3616
U001345,2026-01-01,software,0.5496
U001346,2026-01-01,music,1.0
U001347,2026-01-01,mobile,0.4632
U001348,2026-01-01,cloud,0.37
U001349,2026-01-01,none,0.3828
U001350,2026-01-01,gym,0.3193
U001351,2026-01-01,mobile,0.436
U001352,2026-01-01,streaming,0.498
U001353,2026-01-01,none,0.5
U001354,2026-01-01,insurance,0.4002
U001355,2026-01-01,none,0.6143
U001356,2026-01-01,insurance,0.2585
U001357,2026-01-01,gym,0.4234
U001358,2026-01-01,insurance,0.3412
U001359,2026-01-01,mobile,0.9537
U001360,2026-01-01,cloud,0.576
U001361,2026-01-01,none,0.7576
U001362,2026-01-01,mobile,0.697
U001363,2026-01-01,none,0.3074
U001364,2026-01-01,none,0.4198
U001365,2026-01-01,insurance,0.4179
U001366,2026-01-01,insurance,0.3355
U001367,2026-01-01,music,0.683
U001368,2026-01-01,insurance,0.3411
U001369,2026-01-01,none,0.4492
U001370,2026-01-01,none,0.7576
U001371,2026-01-01,none,0.4221
U001372,2026-01-01,none,0.4473
U001373,2026-01-01,none,0.5255
U001374,2026-01-01,none,0.5
U001375,2026-01-01,mobile,0.5493
U001376,2026-01-01,gym,0.3424
U001377,2026-01-01,streaming,0.5432
U001378,2026-01-01,cloud,0.5
U001379,2026-01-01,streaming,0.3683
U001380,2026-01-01,mobile,0.4172
U001381,2026-01-01,insurance,0.6262
U001382,2026-01-01,none,0.4706
U001383,2026-01-01,music,0.2989
U001384,2026-01-01,none,1.0
U001385,2026-01-01,mobile,0.4763
U001386,2026-01-01,none,0.402
U001387,2026-01-01,none,0.5844
U001388,2026-01-01,music,0.3736
U001389,2026-01-01,cloud,0.383
U001390,2026-01-01,software,1.0
U001391,2026-01-01,none,0.4232
U001392,2026-01-01,music,0.7787
U001393,2026-01-01,none,0.3842
U001394,2026-01-01,none,0.4372
U001395,2026-01-01,streaming,0.3137
U001396,2026-01-01,gym,0.2888
U001397,2026-01-01,none,0.2138
U001398,2026-01-01,music,0.5061
U001399,2026-01-01,cloud,0.438
U001400,2026-01-01,none,0.3747
U001401,2026-01-01,music,0.4295
U001402,2026-01-01,cloud,0.4671
U001403,2026-01-01,music,0.5032
U001404,2026-01-01,streaming,0.3572
U001405,2026-01-01,none,0.3956
U001406,2026-01-01,cloud,0.3552
U001407,2026-01-01,none,0.3371
U001408,2026-01-01,music,0.2565
U001409,2026-01-01,none,0.6289
U001410,2026-01-01,cloud,1.0
U001411,2026-01-01,mobile,0.4619
U001412,2026-01-01,streaming,0.7512
U001413,2026-01-01,streaming,0.6667
U001414,2026-01-01,music,1.0
U001415,2026-01-01,none,0.7576
U001416,2026-01-01,software,0.3084
U001417,2026-01-01,mobile,0.2763
U001418,2026-01-01,none,0.7576
U001419,2026-01-01,none,0.3112
U001420,2026-01-01,none,0.4499
U001421,2026-01-01,cloud,0.6038
U001422,2026-01-01,streaming,0.3253
U001423,2026-01-01,none,0.6003
U001424,2026-01-01,gym,0.4193
U001425,2026-01-01,cloud,0.5842
U001426,2026-01-01,none,0.7576
U001427,2026-01-01,none,0.3416
U001428,2026-01-01,none,0.7016
U001429,2026-01-01,insurance,0.4151
U001430,2026-01-01,streaming,0.3399
U001431,2026-01-01,cloud,0.4786
U001432,2026-01-01,gym,0.7125
U001433,2026-01-01,mobile,0.5711
U001434,2026-01-01,insurance,0.3206
U001435,2026-01-01,none,0.7194
U001436,2026-01-01,streaming,0.5348
U001437,2026-01-01,none,0.2609
U001438,2026-01-01,mobile,0.3141
U001439,2026-01-01,streaming,0.517
U001440,2026-01-01,insurance,0.3815
U001441,2026-01-01,gym,0.4838
U001442,2026-01-01,software,0.5003
U001443,2026-01-01,none,0.3311
U001444,2026-01-01,gym,0.75
U001445,2026-01-01,insurance,0.5136
U001446,2026-01-01,mobile,0.4406
U001447,2026-01-01,streaming,0.2421
U001448,2026-01-01,mobile,0.5362
U001449,2026-01-01,cloud,1.0
U001450,2026-01-01,none,0.4167
U001451,2026-01-01,cloud,0.4047
U001452,2026-01-01,music,0.4246
U001453,2026-01-01,insurance,0.3795
U001454,2026-01-01,none,0.3973
U001455,2026-01-01,none,1.0
U001456,2026-01-01,none,0.467
U001457,2026-01-01,none,0.7
U001458,2026-01-01,none,0.3224
U001459,2026-01-01,none,0.4427
U001460,2026-01-01,cloud,1.0
U001461,2026-01-01,none,0.3018
U001462,2026-01-01,none,0.3472
U001463,2026-01-01,cloud,0.3147
U001464,2026-01-01,mobile,0.3778
U001465,2026-01-01,mobile,0.269
U001466,2026-01-01,mobile,0.4631
U001467,2026-01-01,music,0.4633
U001468,2026-01-01,gym,0.552
U001469,2026-01-01,gym,0.4183
U001470,2026-01-01,music,0.3177
U001471,2026-01-01,insurance,0.3991
U001472,2026-01-01,none,0.477
U001473,2026-01-01,none,0.315
U001474,2026-01-01,none,0.2832
U001475,2026-01-01,mobile,0.6228
U001476,2026-01-01,mobile,0.6976
U001477,2026-01-01,cloud,0.5782
U001478,2026-01-01,gym,0.3934
U001479,2026-01-01,cloud,0.8374
U001480,2026-01-01,music,0.3301
U001481,2026-01-01,insurance,0.6576
U001482,2026-01-01,insurance,0.2882
U001483,2026-01-01,mobile,0.3055
U001484,2026-01-01,insurance,0.2988
U001485,2026-01-01,none,0.562
U001486,2026-01-01,none,0.3894
U001487,2026-01-01,mobile,0.3568
U001488,2026-01-01,cloud,0.3058
U001489,2026-01-01,insurance,0.4019
U001490,2026-01-01,none,0.5
U001491,2026-01-01,streaming,0.6955
U001492,2026-01-01,none,0.7576
U001493,2026-01-01,mobile,0.3179
U001494,2026-01-01,insurance,0.6671
U001495,2026-01-01,none,0.526
U001496,2026-01-01,none,0.7
U001497,2026-01-01,software,0.4467
U001498,2026-01-01,none,0.4547
U001499,2026-01-01,none,0.4937
U001500,2026-01-01,streaming,0.3418
U001501,2026-01-01,cloud,0.4469
U001502,2026-01-01,music,0.378
U001503,2026-01-01,streaming,0.3399
U001504,2026-01-01,none,0.5091
U001505,2026-01-01,none,0.4437
U001506,2026-01-01,insurance,1.0
U001507,2026-01-01,mobile,0.2578
U001508,2026-01-01,music,0.7787
U001509,2026-01-01,insurance,0.324
U001510,2026-01-01,insurance,0.4773
U001511,2026-01-01,none,0.3647
U001512,2026-01-01,none,0.4521
U001513,2026-01-01,mobile,0.5587
U001514,2026-01-01,cloud,0.6431
U001515,2026-01-01,none,0.4942
U001516,2026-01-01,insurance,0.6874
U001517,2026-01-01,insurance,0.5528
U001518,2026-01-01,insurance,1.0
U001519,2026-01-01,none,0.258
U001520,2026-01-01,none,0.5814
U001521,2026-01-01,none,0.2444
U001522,2026-01-01,streaming,0.3121
U001523,2026-01-01,gym,0.2562
U001524,2026-01-01,software,0.5714
U001525,2026-01-01,mobile,1.0
U001526,2026-01-01,none,0.3179
U001527,2026-01-01,streaming,0.4058
U001528,2026-01-01,software,0.8
U001529,2026-01-01,insurance,0.3341
U001530,2026-01-01,insurance,0.5
U001531,2026-01-01,insurance,0.694
U001532,2026-01-01,insurance,0.4088
U001533,2026-01-01,none,0.7576
U001534,2026-01-01,gym,0.3732
U001535,2026-01-01,software,0.4432
U001536,2026-01-01,none,1.0
U001537,2026-01-01,none,0.2327
U001538,2026-01-01,insurance,0.4989
U001539,2026-01-01,none,0.5184
U001540,2026-01-01,music,0.4146
U001541,2026-01-01,streaming,0.4515
U001542,2026-01-01,insurance,0.3258
U001543,2026-01-01,none,0.3138
U001544,2026-01-01,insurance,0.4818
U001545,2026-01-01,none,0.3237
U001546,2026-01-01,mobile,0.7218
U001547,2026-01-01,none,0.5
U001548,2026-01-01,mobile,0.6833
U001549,2026-01-01,insurance,0.313
U001550,2026-01-01,none,0.306
U001551,2026-01-01,none,0.5
U001552,2026-01-01,insurance,0.4147
U001553,2026-01-01,insurance,0.6151
U001554,2026-01-01,mobile,0.4098
U001555,2026-01-01,streaming,0.4734
U001556,2026-01-01,insurance,0.2356
U001557,2026-01-01,streaming,0.5931
U001558,2026-01-01,none,0.3043
U001559,2026-01-01,music,0.3415
U001560,2026-01-01,none,0.3577
U001561,2026-01-01,insurance,0.3375
U001562,2026-01-01,streaming,0.5418
U001563,2026-01-01,insurance,0.3988
U001564,2026-01-01,none,0.3451
U001565,2026-01-01,gym,0.3586
U001566,2026-01-01,streaming,0.62
U001567,2026-01-01,music,0.3752
U001568,2026-01-01,cloud,0.605
U001569,2026-01-01,none,0.4329
U001570,2026-01-01,cloud,0.5
U001571,2026-01-01,music,0.3303
U001572,2026-01-01,none,0.4086
U001573,2026-01-01,cloud,0.513
U001574,2026-01-01,insurance,0.3359
U001575,2026-01-01,none,1.0
U001576,2026-01-01,cloud,1.0
U001577,2026-01-01,software,0.3834
U001578,2026-01-01,music,0.4249
U001579,2026-01-01,streaming,0.277
U001580,2026-01-01,music,0.4987
U001581,2026-01-01,insurance,0.5184
U001582,2026-01-01,mobile,0.4563
U001583,2026-01-01,cloud,0.346
U001584,2026-01-01,software,0.3684
U001585,2026-01-01,streaming,0.3837
U001586,2026-01-01,music,0.3745
U001587,2026-01-01,none,0.7576
U001588,2026-01-01,streaming,0.339
U001589,2026-01-01,cloud,1.0
U001590,2026-01-01,none,0.4362
U001591,2026-01-01,none,1.0
U001592,2026-01-01,insurance,0.3896
U001593,2026-01-01,cloud,0.7055
U001594,2026-01-01,streaming,0.5705
U001595,2026-01-01,none,0.3395
U001596,2026-01-01,none,0.4238
U001597,2026-01-01,gym,0.4077
U001598,2026-01-01,insurance,0.682
U001599,2026-01-01,streaming,0.5744
U001600,2026-01-01,none,0.3991
U001601,2026-01-01,insurance,0.7346
U001602,2026-01-01,insurance,0.319
U001603,2026-01-01,insurance,0.5846
U001604,2026-01-01,cloud,0.3627
U001605,2026-01-01,none,0.4164
U001606,2026-01-01,streaming,0.4712
U001607,2026-01-01,insurance,0.4784
U001608,2026-01-01,streaming,0.4145
U001609,2026-01-01,cloud,1.0
U001610,2026-01-01,none,0.3423
U001611,2026-01-01,insurance,1.0
U001612,2026-01-01,mobile,0.3248
U001613,2026-01-01,none,0.6662
U001614,2026-01-01,cloud,0.8686
U001615,2026-01-01,mobile,0.391
U001616,2026-01-01,none,0.7576
U001617,2026-01-01,music,1.0
U001618,2026-01-01,gym,0.2996
U001619,2026-01-01,none,0.5
U001620,2026-01-01,none,0.4178
U001621,2026-01-01,none,0.4446
U001622,2026-01-01,none,0.2977
U001623,2026-01-01,cloud,0.8758
U001624,2026-01-01,cloud,0.4924
U001625,2026-01-01,insurance,0.6906
U001626,2026-01-01,software,0.3843
U001627,2026-01-01,none,0.3896
U001628,2026-01-01,streaming,0.355
U001629,2026-01-01,none,0.7576
U001630,2026-01-01,none,0.3066
U001631,2026-01-01,streaming,0.3602
U001632,2026-01-01,software,0.3377
U001633,2026-01-01,none,0.4285
U001634,2026-01-01,software,0.5691
U001635,2026-01-01,insurance,0.469
U001636,2026-01-01,none,0.7576
U001637,2026-01-01,none,0.7576
U001638,2026-01-01,mobile,0.2651
U001639,2026-01-01,mobile,0.4389
U001640,2026-01-01,gym,1.0
U001641,2026-01-01,music,0.4069
U001642,2026-01-01,cloud,0.5
U001643,2026-01-01,insurance,0.6053
U001644,2026-01-01,none,0.601
U001645,2026-01-01,none,0.4357
U001646,2026-01-01,none,0.49
U001647,2026-01-01,none,0.4883
U001648,2026-01-01,streaming,0.4316
U001649,2026-01-01,streaming,0.4522
U001650,2026-01-01,music,0.4756
U001651,2026-01-01,streaming,0.3713
U001652,2026-01-01,music,0.2784
U001653,2026-01-01,none,0.4226
U001654,2026-01-01,none,0.7576
U001655,2026-01-01,none,0.3439
U001656,2026-01-01,streaming,0.9106
U001657,2026-01-01,streaming,0.3502
U001658,2026-01-01,software,0.3288
U001659,2026-01-01,mobile,0.3962
U001660,2026-01-01,none,0.3302
U001661,2026-01-01,none,0.2905
U001662,2026-01-01,insurance,0.3806
U001663,2026-01-01,software,0.4271
U001664,2026-01-01,mobile,0.3919
U001665,2026-01-01,mobile,0.3342
U001666,2026-01-01,music,0.4935
U001667,2026-01-01,streaming,0.3944
U001668,2026-01-01,insurance,0.5895
U001669,2026-01-01,streaming,1.0
U001670,2026-01-01,gym,1.0
U001671,2026-01-01,mobile,0.5247
U001672,2026-01-01,insurance,1.0
U001673,2026-01-01,insurance,0.6505
U001674,2026-01-01,insurance,0.3224
U001675,2026-01-01,none,0.4218
U001676,2026-01-01,software,0.3386
U001677,2026-01-01,none,0.3604
U001678,2026-01-01,streaming,0.75
U001679,2026-01-01,gym,0.4277
U001680,2026-01-01,cloud,0.8686
U001681,2026-01-01,cloud,1.0
U001682,2026-01-01,streaming,0.5625
U001683,2026-01-01,music,1.0
U001684,2026-01-01,cloud,0.5994
U001685,2026-01-01,none,0.4173
U001686,2026-01-01,insurance,0.3813
U001687,2026-01-01,streaming,0.5976
U001688,2026-01-01,none,0.5594
U001689,2026-01-01,music,0.4191
U001690,2026-01-01,mobile,0.5616
U001691,2026-01-01,insurance,0.36
U001692,2026-01-01,streaming,0.6558
U001693,2026-01-01,cloud,0.4932
U001694,2026-01-01,none,0.3376
U001695,2026-01-01,music,0.3101
U001696,2026-01-01,software,0.391
U001697,2026-01-01,none,0.3527
U001698,2026-01-01,none,0.3911
U001699,2026-01-01,none,0.3184
U001700,2026-01-01,mobile,1.0
U001701,2026-01-01,none,0.3852
U001702,2026-01-01,gym,0.3616
U001703,2026-01-01,streaming,0.3357
U001704,2026-01-01,none,1.0
U001705,2026-01-01,none,0.4464
U001706,2026-01-01,none,1.0
U001707,2026-01-01,none,0.3736
U001708,2026-01-01,software,0.3883
U001709,2026-01-01,insurance,0.3767
U001710,2026-01-01,music,0.3079
U001711,2026-01-01,insurance,0.4258
U001712,2026-01-01,gym,0.711
U001713,2026-01-01,none,0.4694
U001714,2026-01-01,insurance,0.6368
U001715,2026-01-01,streaming,0.4376
U001716,2026-01-01,insurance,0.3522
U001717,2026-01-01,none,0.4536
U001718,2026-01-01,software,0.3993
U001719,2026-01-01,streaming,0.7237
U001720,2026-01-01,streaming,0.4029
U001721,2026-01-01,gym,1.0
U001722,2026-01-01,none,0.476
U001723,2026-01-01,music,0.2722
U001724,2026-01-01,cloud,0.4187
U001725,2026-01-01,streaming,0.4165
U001726,2026-01-01,cloud,0.3843
U001727,2026-01-01,mobile,0.2852
U001728,2026-01-01,streaming,0.3423
U001729,2026-01-01,none,0.4828
U001730,2026-01-01,software,0.5714
U001731,2026-01-01,none,0.2538
U001732,2026-01-01,cloud,0.535
U001733,2026-01-01,none,0.3944
U001734,2026-01-01,none,0.4462
U001735,2026-01-01,insurance,0.3231
U001736,2026-01-01,none,0.555
U001737,2026-01-01,software,1.0
U001738,2026-01-01,streaming,0.5403
U001739,2026-01-01,music,0.4321
U001740,2026-01-01,none,0.3466
U001741,2026-01-01,none,0.5834
U001742,2026-01-01,software,0.4659
U001743,2026-01-01,insurance,0.5
U001744,2026-01-01,insurance,0.6019
U001745,2026-01-01,insurance,0.3168
U001746,2026-01-01,cloud,0.4203
U001747,2026-01-01,none,0.6672
U001748,2026-01-01,music,0.4477
U001749,2026-01-01,none,1.0
U001750,2026-01-01,none,0.3771
U001751,2026-01-01,streaming,0.75
U001752,2026-01-01,insurance,0.3605
U001753,2026-01-01,music,0.3925
U001754,2026-01-01,insurance,0.722
U001755,2026-01-01,streaming,0.3981
U001756,2026-01-01,streaming,0.3914
U001757,2026-01-01,none,0.6101
U001758,2026-01-01,gym,0.3648
U001759,2026-01-01,cloud,0.6985
U001760,2026-01-01,music,0.5714
U001761,2026-01-01,music,0.7787
U001762,2026-01-01,music,0.4009
U001763,2026-01-01,gym,0.3602
U001764,2026-01-01,insurance,0.5
U001765,2026-01-01,cloud,0.4901
U001766,2026-01-01,gym,0.7244
U001767,2026-01-01,cloud,0.555
U001768,2026-01-01,gym,0.3649
U001769,2026-01-01,none,0.4863
U001770,2026-01-01,insurance,0.4619
U001771,2026-01-01,none,0.8333
U001772,2026-01-01,insurance,0.3299
U001773,2026-01-01,insurance,0.2742
U001774,2026-01-01,none,0.6366
U001775,2026-01-01,streaming,0.6136
U001776,2026-01-01,none,0.7576
U001777,2026-01-01,streaming,0.3421
U001778,2026-01-01,music,0.4601
U001779,2026-01-01,none,0.5686
U001780,2026-01-01,none,0.3755
U001781,2026-01-01,streaming,0.4698
U001782,2026-01-01,music,0.3935
U001783,2026-01-01,cloud,0.5526
U001784,2026-01-01,gym,1.0
U001785,2026-01-01,none,0.7576
U001786,2026-01-01,software,0.5645
U001787,2026-01-01,streaming,0.2889
U001788,2026-01-01,music,0.3783
U001789,2026-01-01,none,0.422
U001790,2026-01-01,insurance,0.3762
U001791,2026-01-01,none,0.5366
U001792,2026-01-01,gym,0.3256
U001793,2026-01-01,mobile,0.3196
U001794,2026-01-01,none,0.5514
U001795,2026-01-01,streaming,0.3909
U001796,2026-01-01,none,0.3601
U001797,2026-01-01,streaming,0.5931
U001798,2026-01-01,gym,0.3625
U001799,2026-01-01,cloud,0.5435
U001800,2026-01-01,none,0.3558
U001801,2026-01-01,none,0.4719
U001802,2026-01-01,none,0.4084
U001803,2026-01-01,none,0.3613
U001804,2026-01-01,streaming,0.4537
U001805,2026-01-01,none,0.7029
U001806,2026-01-01,insurance,0.3659
U001807,2026-01-01,none,0.4877
U001808,2026-01-01,none,0.3021
U001809,2026-01-01,none,0.5
U001810,2026-01-01,cloud,0.8686
U001811,2026-01-01,mobile,0.4362
U001812,2026-01-01,mobile,1.0
U001813,2026-01-01,insurance,0.4667
U001814,2026-01-01,none,0.3881
U001815,2026-01-01,streaming,0.3724
U001816,2026-01-01,insurance,0.5695
U001817,2026-01-01,cloud,0.3422
U001818,2026-01-01,none,0.3673
U001819,2026-01-01,none,0.432
U001820,2026-01-01,mobile,0.429
U001821,2026-01-01,cloud,0.6074
U001822,2026-01-01,none,0.5718
U001823,2026-01-01,mobile,0.4364
U001824,2026-01-01,cloud,0.2842
U001825,2026-01-01,mobile,0.2866
U001826,2026-01-01,mobile,0.3164
U001827,2026-01-01,none,1.0
U001828,2026-01-01,streaming,0.5831
U001829,2026-01-01,insurance,0.348
U001830,2026-01-01,mobile,1.0
U001831,2026-01-01,none,0.3995
U001832,2026-01-01,none,0.413
U001833,2026-01-01,streaming,0.9053
U001834,2026-01-01,none,0.2515
U001835,2026-01-01,music,0.4121
U001836,2026-01-01,cloud,0.4694
U001837,2026-01-01,music,0.7139
U001838,2026-01-01,cloud,0.7055
U001839,2026-01-01,cloud,0.3425
U001840,2026-01-01,cloud,0.6133
U001841,2026-01-01,none,0.391
U001842,2026-01-01,none,0.4386
U001843,2026-01-01,insurance,0.3327
U001844,2026-01-01,none,0.443
U001845,2026-01-01,streaming,0.4029
U001846,2026-01-01,streaming,0.2961
U001847,2026-01-01,cloud,0.4218
U001848,2026-01-01,none,0.4814
U001849,2026-01-01,none,0.3228
U001850,2026-01-01,music,0.4118
U001851,2026-01-01,none,0.3148
U001852,2026-01-01,cloud,0.5426
U001853,2026-01-01,none,0.7576
U001854,2026-01-01,none,1.0
U001855,2026-01-01,software,0.5022
U001856,2026-01-01,none,0.6305
U001857,2026-01-01,none,0.3376
U001858,2026-01-01,none,0.4088
U001859,2026-01-01,insurance,0.3991
U001860,2026-01-01,insurance,0.5999
U001861,2026-01-01,none,0.4439
U001862,2026-01-01,streaming,0.2983
U001863,2026-01-01,none,0.4726
U001864,2026-01-01,gym,0.3657
U001865,2026-01-01,streaming,0.3986
U001866,2026-01-01,insurance,0.2771
U001867,2026-01-01,insurance,1.0
U001868,2026-01-01,cloud,1.0
U001869,2026-01-01,insurance,0.4316
U001870,2026-01-01,none,0.4792
U001871,2026-01-01,none,0.3271
U001872,2026-01-01,none,0.3171
U001873,2026-01-01,streaming,0.3977
U001874,2026-01-01,none,0.3825
U001875,2026-01-01,none,0.3087
U001876,2026-01-01,cloud,0.5
U001877,2026-01-01,music,0.4633
U001878,2026-01-01,gym,0.7857
U001879,2026-01-01,streaming,0.3499
U001880,2026-01-01,cloud,0.5777
U001881,2026-01-01,none,0.7576
U001882,2026-01-01,streaming,0.2576
U001883,2026-01-01,music,0.5267
U001884,2026-01-01,streaming,0.75
U001885,2026-01-01,none,0.5796
U001886,2026-01-01,none,0.282
U001887,2026-01-01,software,0.3269
U001888,2026-01-01,streaming,0.5766
U001889,2026-01-01,music,0.3796
U001890,2026-01-01,none,0.4518
U001891,2026-01-01,streaming,0.433
U001892,2026-01-01,none,0.3743
U001893,2026-01-01,insurance,0.5609
U001894,2026-01-01,none,0.7576
U001895,2026-01-01,none,1.0
U001896,2026-01-01,streaming,0.4919
U001897,2026-01-01,gym,0.3626
U001898,2026-01-01,none,0.6667
U001899,2026-01-01,software,0.4277
U001900,2026-01-01,gym,0.5
U001901,2026-01-01,music,0.468
U001902,2026-01-01,none,0.4971
U001903,2026-01-01,none,1.0
U001904,2026-01-01,insurance,0.3267
U001905,2026-01-01,none,1.0
U001906,2026-01-01,streaming,0.3929
U001907,2026-01-01,insurance,0.5
U001908,2026-01-01,gym,0.761
U001909,2026-01-01,none,0.3527
U001910,2026-01-01,software,0.5427
U001911,2026-01-01,insurance,0.3938
U001912,2026-01-01,none,0.5669
U001913,2026-01-01,none,0.4392
U001914,2026-01-01,streaming,0.5227
U001915,2026-01-01,streaming,0.5168
U001916,2026-01-01,insurance,1.0
U001917,2026-01-01,gym,0.761
U001918,2026-01-01,insurance,0.6667
U001919,2026-01-01,mobile,0.3888
U001920,2026-01-01,cloud,0.5996
U001921,2026-01-01,none,0.2492
U001922,2026-01-01,none,1.0
U001923,2026-01-01,software,1.0
U001924,2026-01-01,gym,1.0
U001925,2026-01-01,none,0.7576
U001926,2026-01-01,none,0.7576
U001927,2026-01-01,software,0.3299
U001928,2026-01-01,none,0.7576
U001929,2026-01-01,music,0.4958
U001930,2026-01-01,streaming,0.4874
U001931,2026-01-01,mobile,0.2224
U001932,2026-01-01,mobile,0.6748
U001933,2026-01-01,insurance,0.3829
U001934,2026-01-01,none,0.497
U001935,2026-01-01,none,0.3533
U001936,2026-01-01,streaming,0.4562
U001937,2026-01-01,none,0.4432
U001938,2026-01-01,streaming,0.2686
U001939,2026-01-01,streaming,0.6802
U001940,2026-01-01,none,0.3705
U001941,2026-01-01,mobile,0.4182
U001942,2026-01-01,none,0.4318
U001943,2026-01-01,none,0.7
U001944,2026-01-01,music,0.3852
U001945,2026-01-01,none,0.3855
U001946,2026-01-01,none,0.4605
U001947,2026-01-01,none,0.3819
U001948,2026-01-01,streaming,0.2869
U001949,2026-01-01,insurance,0.276
U001950,2026-01-01,streaming,0.4208
U001951,2026-01-01,music,0.4011
U001952,2026-01-01,none,0.3814
U001953,2026-01-01,mobile,0.3203
U001954,2026-01-01,streaming,0.3388
U001955,2026-01-01,mobile,0.3669
U001956,2026-01-01,music,0.4063
U001957,2026-01-01,mobile,0.5854
U001958,2026-01-01,streaming,0.4415
U001959,2026-01-01,insurance,0.5047
U001960,2026-01-01,streaming,0.4674
U001961,2026-01-01,none,0.2944
U001962,2026-01-01,none,1.0
U001963,2026-01-01,none,0.4846
U001964,2026-01-01,gym,0.3915
U001965,2026-01-01,insurance,0.6387
U001966,2026-01-01,none,0.4204
U001967,2026-01-01,none,0.4093
U001968,2026-01-01,insurance,0.3716
U001969,2026-01-01,software,0.4605
U001970,2026-01-01,none,0.4388
U001971,2026-01-01,insurance,1.0
U001972,2026-01-01,none,0.3075
U001973,2026-01-01,music,0.7243
U001974,2026-01-01,cloud,0.3255
U001975,2026-01-01,none,0.378
U001976,2026-01-01,insurance,0.7672
U001977,2026-01-01,insurance,0.6301
U001978,2026-01-01,music,0.5544
U001979,2026-01-01,streaming,0.2802
U001980,2026-01-01,music,0.4171
U001981,2026-01-01,insurance,0.2569
U001982,2026-01-01,cloud,0.3657
U001983,2026-01-01,mobile,0.4548
U001984,2026-01-01,insurance,0.2623
U001985,2026-01-01,insurance,0.5128
U001986,2026-01-01,streaming,0.5648
U001987,2026-01-01,streaming,0.368
U001988,2026-01-01,streaming,0.5705
U001989,2026-01-01,none,0.4605
U001990,2026-01-01,insurance,0.4099
U001991,2026-01-01,none,0.7576
U001992,2026-01-01,gym,0.3423
U001993,2026-01-01,music,0.5054
U001994,2026-01-01,none,0.5199
U001995,2026-01-01,gym,0.2797
U001996,2026-01-01,none,0.4275
U001997,2026-01-01,streaming,0.75
U001998,2026-01-01,none,0.7576
U001999,2026-01-01,none,0.6586
U002000,2026-01-01,insurance,0.4028
U002001,2026-01-01,music,0.5229
U002002,2026-01-01,none,1.0
U002003,2026-01-01,streaming,0.2777
U002004,2026-01-01,none,0.4223
U002005,2026-01-01,insurance,0.2854
U002006,2026-01-01,insurance,0.3844
U002007,2026-01-01,insurance,0.5
U002008,2026-01-01,none,0.5906
U002009,2026-01-01,cloud,0.3552
U002010,2026-01-01,insurance,0.577
U002011,2026-01-01,gym,0.2981
U002012,2026-01-01,mobile,0.3198
U002013,2026-01-01,none,0.414
U002014,2026-01-01,none,0.5022
U002015,2026-01-01,none,0.4365
U002016,2026-01-01,gym,0.7595
U002017,2026-01-01,none,0.3911
U002018,2026-01-01,music,0.391
U002019,2026-01-01,music,0.4491
U002020,2026-01-01,none,0.7576
U002021,2026-01-01,none,0.4134
U002022,2026-01-01,none,0.7576
U002023,2026-01-01,none,1.0
U002024,2026-01-01,streaming,0.5015
U002025,2026-01-01,gym,1.0
U002026,2026-01-01,none,0.394
U002027,2026-01-01,none,0.3672
U002028,2026-01-01,streaming,0.352
U002029,2026-01-01,insurance,0.5
U002030,2026-01-01,mobile,0.3915
U002031,2026-01-01,gym,0.3769
U002032,2026-01-01,software,1.0
U002033,2026-01-01,none,0.4205
U002034,2026-01-01,none,0.3527
U002035,2026-01-01,insurance,0.5575
U002036,2026-01-01,mobile,0.4909
U002037,2026-01-01,none,0.7576
U002038,2026-01-01,none,1.0
U002039,2026-01-01,none,0.3795
U002040,2026-01-01,none,0.4336
U002041,2026-01-01,mobile,0.3329
U002042,2026-01-01,software,0.4627
U002043,2026-01-01,none,0.7576
U002044,2026-01-01,none,0.826
U002045,2026-01-01,music,0.5426
U002046,2026-01-01,none,0.3204
U002047,2026-01-01,mobile,0.304
U002048,2026-01-01,cloud,1.0
U002049,2026-01-01,none,0.2879
U002050,2026-01-01,software,0.4877
U002051,2026-01-01,cloud,0.5572
U002052,2026-01-01,cloud,0.332
U002053,2026-01-01,software,0.375
U002054,2026-01-01,software,0.3591
U002055,2026-01-01,none,0.3184
U002056,2026-01-01,none,0.7576
U002057,2026-01-01,gym,0.3494
U002058,2026-01-01,none,0.4194
U002059,2026-01-01,music,0.3598
U002060,2026-01-01,mobile,1.0
U002061,2026-01-01,none,0.7576
U002062,2026-01-01,insurance,0.3791
U002063,2026-01-01,software,0.434
U002064,2026-01-01,none,0.3139
U002065,2026-01-01,none,0.2794
U002066,2026-01-01,insurance,0.361
U002067,2026-01-01,music,0.3661
U002068,2026-01-01,none,0.7576
U002069,2026-01-01,streaming,0.75
U002070,2026-01-01,none,0.4147
U002071,2026-01-01,streaming,0.7323
U002072,2026-01-01,none,0.2876
U002073,2026-01-01,none,0.8
U002074,2026-01-01,cloud,0.4477
U002075,2026-01-01,none,0.3794
U002076,2026-01-01,insurance,0.3774
U002077,2026-01-01,gym,0.3214
U002078,2026-01-01,music,0.4586
U002079,2026-01-01,none,1.0
U002080,2026-01-01,cloud,0.469
U002081,2026-01-01,insurance,0.337
U002082,2026-01-01,insurance,0.4175
U002083,2026-01-01,none,0.7576
U002084,2026-01-01,insurance,0.293
U002085,2026-01-01,gym,0.3752
U002086,2026-01-01,mobile,0.9171
U002087,2026-01-01,gym,0.3882
U002088,2026-01-01,music,0.5714
U002089,2026-01-01,cloud,0.3984
U002090,2026-01-01,none,1.0
U002091,2026-01-01,cloud,0.4766
U002092,2026-01-01,streaming,0.3523
U002093,2026-01-01,streaming,0.4553
U002094,2026-01-01,none,0.4907
U002095,2026-01-01,none,0.4467
U002096,2026-01-01,cloud,0.4369
U002097,2026-01-01,none,0.3749
U002098,2026-01-01,insurance,0.5
U002099,2026-01-01,none,0.3185
U002100,2026-01-01,music,0.6934
U002101,2026-01-01,music,0.4095
U002102,2026-01-01,streaming,0.4343
U002103,2026-01-01,mobile,0.5849
U002104,2026-01-01,none,0.4728
U002105,2026-01-01,none,0.3816
U002106,2026-01-01,none,0.2376
U002107,2026-01-01,insurance,0.3629
U002108,2026-01-01,none,0.3498
U002109,2026-01-01,gym,0.66
U002110,2026-01-01,music,0.4254
U002111,2026-01-01,none,0.2967
U002112,2026-01-01,cloud,0.7432
U002113,2026-01-01,none,0.4528
U002114,2026-01-01,streaming,0.4121
U002115,2026-01-01,insurance,0.277
U002116,2026-01-01,cloud,0.5451
U002117,2026-01-01,music,0.4004
U002118,2026-01-01,none,0.2784
U002119,2026-01-01,none,0.6068
U002120,2026-01-01,insurance,1.0
U002121,2026-01-01,streaming,0.4049
U002122,2026-01-01,insurance,1.0
U002123,2026-01-01,streaming,0.5781
U002124,2026-01-01,music,0.4079
U002125,2026-01-01,software,0.3068
U002126,2026-01-01,none,0.4122
U002127,2026-01-01,insurance,0.5
U002128,2026-01-01,none,0.3565
U002129,2026-01-01,mobile,0.4627
U002130,2026-01-01,music,0.2835
U002131,2026-01-01,none,0.3899
U002132,2026-01-01,streaming,0.3226
U002133,2026-01-01,streaming,0.4086
U002134,2026-01-01,none,0.3916
U002135,2026-01-01,insurance,0.4162
U002136,2026-01-01,none,0.3063
U002137,2026-01-01,streaming,0.3647
U002138,2026-01-01,software,0.6442
U002139,2026-01-01,none,0.4862
U002140,2026-01-01,streaming,0.7787
U002141,2026-01-01,music,0.4071
U002142,2026-01-01,streaming,0.5079
U002143,2026-01-01,music,0.3932
U002144,2026-01-01,none,1.0
U002145,2026-01-01,cloud,0.6706
U002146,2026-01-01,mobile,0.3757
U002147,2026-01-01,insurance,0.2269
U002148,2026-01-01,none,0.3935
U002149,2026-01-01,none,0.7576
U002150,2026-01-01,music,0.4993
U002151,2026-01-01,none,0.2463
U002152,2026-01-01,insurance,0.317
U002153,2026-01-01,none,0.3508
U002154,2026-01-01,none,0.388
U002155,2026-01-01,music,0.5714
U002156,2026-01-01,none,0.7576
U002157,2026-01-01,none,0.4117
U002158,2026-01-01,gym,0.2429
U002159,2026-01-01,software,0.2992
U002160,2026-01-01,cloud,0.3903
U002161,2026-01-01,none,0.4401
U002162,2026-01-01,mobile,0.3439
U002163,2026-01-01,none,0.36
U002164,2026-01-01,insurance,0.6593
U002165,2026-01-01,music,0.343
U002166,2026-01-01,music,0.2939
U002167,2026-01-01,mobile,0.3756
U002168,2026-01-01,mobile,1.0
U002169,2026-01-01,software,0.5738
U002170,2026-01-01,cloud,0.513
U002171,2026-01-01,none,0.3934
U002172,2026-01-01,mobile,0.3647
U002173,2026-01-01,insurance,0.3577
U002174,2026-01-01,mobile,0.4741
U002175,2026-01-01,none,0.4552
U002176,2026-01-01,mobile,0.4627
U002177,2026-01-01,cloud,0.5136
U002178,2026-01-01,none,0.3086
U002179,2026-01-01,software,0.5249
U002180,2026-01-01,gym,0.2954
U002181,2026-01-01,cloud,0.5106
U002182,2026-01-01,insurance,0.5
U002183,2026-01-01,none,0.3927
U002184,2026-01-01,insurance,0.5599
U002185,2026-01-01,cloud,0.3164
U002186,2026-01-01,mobile,0.5658
U002187,2026-01-01,insurance,0.4207
U002188,2026-01-01,software,1.0
U002189,2026-01-01,insurance,1.0
U002190,2026-01-01,cloud,0.2657
U002191,2026-01-01,music,0.4633
U002192,2026-01-01,streaming,0.3792
U002193,2026-01-01,none,0.5199
U002194,2026-01-01,insurance,0.6748
U002195,2026-01-01,gym,1.0
U002196,2026-01-01,none,0.4021
U002197,2026-01-01,mobile,0.5587
U002198,2026-01-01,software,0.6667
U002199,2026-01-01,streaming,1.0
U002200,2026-01-01,none,1.0
U002201,2026-01-01,none,0.333
U002202,2026-01-01,music,0.4896
U002203,2026-01-01,none,0.3236
U002204,2026-01-01,music,0.3005
U002205,2026-01-01,insurance,0.2998
U002206,2026-01-01,gym,0.5976
U002207,2026-01-01,none,0.4001
U002208,2026-01-01,none,0.5
U002209,2026-01-01,streaming,0.5168
U002210,2026-01-01,mobile,0.4285
U002211,2026-01-01,none,0.5604
U002212,2026-01-01,none,0.3506
U002213,2026-01-01,none,0.458
U002214,2026-01-01,streaming,0.2928
U002215,2026-01-01,none,0.3379
U002216,2026-01-01,none,0.6667
U002217,2026-01-01,none,0.3158
U002218,2026-01-01,none,0.5749
U002219,2026-01-01,mobile,0.2972
U002220,2026-01-01,software,0.4544
U002221,2026-01-01,insurance,0.3467
U002222,2026-01-01,streaming,0.4445
U002223,2026-01-01,none,0.4478
U002224,2026-01-01,none,0.3798
U002225,2026-01-01,none,0.5445
U002226,2026-01-01,none,0.4137
U002227,2026-01-01,mobile,0.3631
U002228,2026-01-01,none,0.7576
U002229,2026-01-01,cloud,0.3259
U002230,2026-01-01,insurance,0.3646
U002231,2026-01-01,mobile,0.5658
U002232,2026-01-01,gym,1.0
U002233,2026-01-01,cloud,0.4376
U002234,2026-01-01,music,0.5186
U002235,2026-01-01,software,0.5022
U002236,2026-01-01,none,0.4029
U002237,2026-01-01,none,0.2538
U002238,2026-01-01,none,0.3453
U002239,2026-01-01,streaming,0.2697
U002240,2026-01-01,cloud,0.4924
U002241,2026-01-01,music,0.3843
U002242,2026-01-01,none,0.5285
U002243,2026-01-01,software,0.3351
U002244,2026-01-01,insurance,0.4241
U002245,2026-01-01,none,0.3134
U002246,2026-01-01,gym,0.4147
U002247,2026-01-01,none,0.4067
U002248,2026-01-01,none,0.4572
U002249,2026-01-01,mobile,0.5849
U002250,2026-01-01,software,0.5231
U002251,2026-01-01,streaming,0.2763
U002252,2026-01-01,music,0.4508
U002253,2026-01-01,streaming,0.5681
U002254,2026-01-01,software,0.5427
U002255,2026-01-01,none,0.7177
U002256,2026-01-01,none,0.371
U002257,2026-01-01,mobile,0.7063
U002258,2026-01-01,none,0.7576
U002259,2026-01-01,music,0.3514
U002260,2026-01-01,insurance,0.6667
U002261,2026-01-01,none,0.4985
U002262,2026-01-01,none,0.5571
U002263,2026-01-01,cloud,0.3115
U002264,2026-01-01,music,0.545
U002265,2026-01-01,none,0.5994
U002266,2026-01-01,streaming,1.0
U002267,2026-01-01,none,0.4084
U002268,2026-01-01,none,0.3593
U002269,2026-01-01,none,0.5108
U002270,2026-01-01,cloud,0.2782
U002271,2026-01-01,none,0.3617
U002272,2026-01-01,software,1.0
U002273,2026-01-01,none,0.4033
U002274,2026-01-01,none,0.3651
U002275,2026-01-01,none,0.7576
U002276,2026-01-01,streaming,0.5374
U002277,2026-01-01,music,0.7868
U002278,2026-01-01,gym,0.3698
U002279,2026-01-01,insurance,0.3241
U002280,2026-01-01,gym,0.75
U002281,2026-01-01,none,0.7576
U002282,2026-01-01,none,0.4281
U002283,2026-01-01,none,0.2959
U002284,2026-01-01,insurance,0.2551
U002285,2026-01-01,cloud,0.6654
U002286,2026-01-01,cloud,0.2576
U002287,2026-01-01,none,0.3861
U002288,2026-01-01,none,0.3051
U002289,2026-01-01,none,0.3681
U002290,2026-01-01,none,0.5785
U002291,2026-01-01,music,0.347
U002292,2026-01-01,none,0.4403
U002293,2026-01-01,software,0.4641
U002294,2026-01-01,insurance,0.3019
U002295,2026-01-01,none,0.4519
U002296,2026-01-01,insurance,0.3946
U002297,2026-01-01,cloud,0.3901
U002298,2026-01-01,mobile,1.0
U002299,2026-01-01,insurance,0.595
U002300,2026-01-01,streaming,0.386
U002301,2026-01-01,streaming,0.3265
U002302,2026-01-01,insurance,0.5696
U002303,2026-01-01,none,0.3964
U002304,2026-01-01,insurance,1.0
U002305,2026-01-01,software,0.4119
U002306,2026-01-01,insurance,0.4818
U002307,2026-01-01,streaming,1.0
U002308,2026-01-01,none,0.2674
U002309,2026-01-01,none,0.3094
U002310,2026-01-01,cloud,0.4347
U002311,2026-01-01,gym,0.7824
U002312,2026-01-01,cloud,0.6733
U002313,2026-01-01,music,0.3282
U002314,2026-01-01,gym,0.5953
U002315,2026-01-01,none,0.3643
U002316,2026-01-01,mobile,0.3279
U002317,2026-01-01,streaming,0.75
U002318,2026-01-01,streaming,0.3579
U002319,2026-01-01,streaming,0.4374
U002320,2026-01-01,none,0.384
U002321,2026-01-01,streaming,0.4611
U002322,2026-01-01,music,0.3683
U002323,2026-01-01,gym,0.4267
U002324,2026-01-01,cloud,0.4293
U002325,2026-01-01,cloud,0.4009
U002326,2026-01-01,music,0.3894
U002327,2026-01-01,insurance,0.5064
U002328,2026-01-01,gym,1.0
U002329,2026-01-01,insurance,0.5
U002330,2026-01-01,gym,1.0
U002331,2026-01-01,none,0.504
U002332,2026-01-01,software,0.4987
U002333,2026-01-01,none,0.7576
U002334,2026-01-01,streaming,0.4254
U002335,2026-01-01,cloud,0.4572
U002336,2026-01-01,streaming,0.503
U002337,2026-01-01,none,0.3698
U002338,2026-01-01,insurance,0.475
U002339,2026-01-01,music,0.5805
U002340,2026-01-01,insurance,0.3439
U002341,2026-01-01,cloud,0.5
U002342,2026-01-01,none,0.2972
U002343,2026-01-01,streaming,0.5699
U002344,2026-01-01,none,0.3136
U002345,2026-01-01,none,0.7576
U002346,2026-01-01,mobile,0.7537
U002347,2026-01-01,music,0.2481
U002348,2026-01-01,music,0.537
U002349,2026-01-01,none,0.46
U002350,2026-01-01,insurance,0.5883
U002351,2026-01-01,streaming,0.589
U002352,2026-01-01,music,0.3469
U002353,2026-01-01,none,0.5367
U002354,2026-01-01,cloud,0.409
U002355,2026-01-01,none,0.4169
U002356,2026-01-01,insurance,0.3025
U002357,2026-01-01,none,0.5725
U002358,2026-01-01,none,0.2979
U002359,2026-01-01,mobile,0.3148
U002360,2026-01-01,none,0.5
U002361,2026-01-01,streaming,0.463
U002362,2026-01-01,none,0.3606
U002363,2026-01-01,music,1.0
U002364,2026-01-01,streaming,0.3316
U002365,2026-01-01,none,0.5454
U002366,2026-01-01,none,0.5731
U002367,2026-01-01,insurance,0.3288
U002368,2026-01-01,none,0.308
U002369,2026-01-01,none,0.4827
U002370,2026-01-01,gym,1.0
U002371,2026-01-01,music,0.8594
U002372,2026-01-01,gym,1.0
U002373,2026-01-01,insurance,0.3091
U002374,2026-01-01,music,0.4071
U002375,2026-01-01,cloud,0.2889
U002376,2026-01-01,none,0.3411
U002377,2026-01-01,gym,0.3532
U002378,2026-01-01,none,0.7576
U002379,2026-01-01,software,0.5319
U002380,2026-01-01,mobile,0.4203
U002381,2026-01-01,none,1.0
U002382,2026-01-01,none,0.3883
U002383,2026-01-01,insurance,0.4823
U002384,2026-01-01,gym,0.5444
U002385,2026-01-01,cloud,1.0
U002386,2026-01-01,none,0.4501
U002387,2026-01-01,insurance,0.4041
U002388,2026-01-01,none,0.3144
U002389,2026-01-01,insurance,1.0
U002390,2026-01-01,insurance,0.3635
U002391,2026-01-01,none,1.0
U002392,2026-01-01,streaming,0.533
U002393,2026-01-01,none,0.7576
U002394,2026-01-01,music,0.4126
U002395,2026-01-01,music,0.2193
U002396,2026-01-01,cloud,0.6367
U002397,2026-01-01,none,0.3483
U002398,2026-01-01,music,0.4526
U002399,2026-01-01,none,0.4646
U002400,2026-01-01,music,0.4478
U002401,2026-01-01,none,0.3303
U002402,2026-01-01,cloud,0.2321
U002403,2026-01-01,mobile,0.8555
U002404,2026-01-01,gym,0.7278
U002405,2026-01-01,insurance,0.3299
U002406,2026-01-01,streaming,0.5988
U002407,2026-01-01,none,0.4266
U002408,2026-01-01,insurance,0.3984
U002409,2026-01-01,none,0.3558
U002410,2026-01-01,software,0.4649
U002411,2026-01-01,music,1.0
U002412,2026-01-01,music,0.402
U002413,2026-01-01,software,0.8
U002414,2026-01-01,insurance,1.0
U002415,2026-01-01,streaming,0.5932
U002416,2026-01-01,none,0.4466
U002417,2026-01-01,cloud,0.4446
U002418,2026-01-01,insurance,0.4
U002419,2026-01-01,none,0.6667
U002420,2026-01-01,streaming,0.7175
U002421,2026-01-01,none,0.3021
U002422,2026-01-01,gym,0.295
U002423,2026-01-01,none,0.3674
U002424,2026-01-01,insurance,0.3782
U002425,2026-01-01,gym,0.2992
U002426,2026-01-01,streaming,0.3674
U002427,2026-01-01,none,0.4392
U002428,2026-01-01,insurance,0.5
U002429,2026-01-01,none,0.5085
U002430,2026-01-01,none,0.3805
U002431,2026-01-01,insurance,0.4733
U002432,2026-01-01,mobile,0.3385
U002433,2026-01-01,gym,1.0
U002434,2026-01-01,insurance,0.6781
U002435,2026-01-01,streaming,0.6667
U002436,2026-01-01,none,0.3758
U002437,2026-01-01,none,0.2944
U002438,2026-01-01,music,0.4148
U002439,2026-01-01,cloud,0.4898
U002440,2026-01-01,software,0.315
U002441,2026-01-01,streaming,0.3438
U002442,2026-01-01,music,0.3801
U002443,2026-01-01,insurance,0.4085
U002444,2026-01-01,none,0.589
U002445,2026-01-01,streaming,0.5323
U002446,2026-01-01,none,0.5186
U002447,2026-01-01,none,0.3739
U002448,2026-01-01,none,0.3377
U002449,2026-01-01,none,0.3686
U002450,2026-01-01,software,0.3231
U002451,2026-01-01,gym,0.4092
U002452,2026-01-01,none,0.7576
U002453,2026-01-01,none,0.6114
U002454,2026-01-01,music,0.4718
U002455,2026-01-01,insurance,0.2848
U002456,2026-01-01,software,0.3502
U002457,2026-01-01,cloud,0.4033
U002458,2026-01-01,insurance,0.3481
U002459,2026-01-01,cloud,0.4727
U002460,2026-01-01,insurance,0.5219
U002461,2026-01-01,gym,0.324
U002462,2026-01-01,streaming,0.4602
U002463,2026-01-01,none,1.0
U002464,2026-01-01,streaming,0.5244
U002465,2026-01-01,none,0.7576
U002466,2026-01-01,none,0.5183
U002467,2026-01-01,insurance,0.3199
U002468,2026-01-01,none,0.3828
U002469,2026-01-01,music,0.3863
U002470,2026-01-01,streaming,0.304
U002471,2026-01-01,software,0.5002
U002472,2026-01-01,mobile,0.4319
U002473,2026-01-01,streaming,0.6046
U002474,2026-01-01,streaming,0.7704
U002475,2026-01-01,insurance,0.4524
U002476,2026-01-01,cloud,0.4582
U002477,2026-01-01,software,0.3663
U002478,2026-01-01,cloud,0.5
U002479,2026-01-01,insurance,0.3776
U002480,2026-01-01,music,0.4835
U002481,2026-01-01,cloud,0.6629
U002482,2026-01-01,none,0.7576
U002483,2026-01-01,none,0.3832
U002484,2026-01-01,insurance,0.2787
U002485,2026-01-01,insurance,0.3557
U002486,2026-01-01,music,0.5179
U002487,2026-01-01,mobile,0.4514
U002488,2026-01-01,insurance,0.2222
U002489,2026-01-01,none,0.3798
U002490,2026-01-01,none,0.5915
U002491,2026-01-01,gym,0.6751
U002492,2026-01-01,streaming,1.0
U002493,2026-01-01,streaming,0.5595
U002494,2026-01-01,insurance,0.3976
U002495,2026-01-01,none,0.2816
U002496,2026-01-01,music,0.5091
U002497,2026-01-01,cloud,0.4924
U002498,2026-01-01,mobile,0.337
U002499,2026-01-01,gym,0.3855
U002500,2026-01-01,mobile,0.3126
U002501,2026-01-01,none,0.6066
U002502,2026-01-01,cloud,0.4512
U002503,2026-01-01,insurance,0.4208
U002504,2026-01-01,streaming,0.2948
U002505,2026-01-01,none,0.5759
U002506,2026-01-01,none,0.424
U002507,2026-01-01,mobile,0.4296
U002508,2026-01-01,none,0.7576
U002509,2026-01-01,none,0.3982
U002510,2026-01-01,cloud,0.3845
U002511,2026-01-01,insurance,0.3673
U002512,2026-01-01,software,0.8
U002513,2026-01-01,none,0.5785
U002514,2026-01-01,gym,0.4148
U002515,2026-01-01,gym,0.5638
U002516,2026-01-01,none,0.3912
U002517,2026-01-01,cloud,1.0
U002518,2026-01-01,music,0.5805
U002519,2026-01-01,streaming,0.75
U002520,2026-01-01,none,0.3961
U002521,2026-01-01,none,0.3812
U002522,2026-01-01,music,0.3781
U002523,2026-01-01,none,0.3034
U002524,2026-01-01,none,0.4822
U002525,2026-01-01,mobile,0.5402
U002526,2026-01-01,streaming,0.3587
U002527,2026-01-01,none,0.439
U002528,2026-01-01,none,0.338
U002529,2026-01-01,music,0.6453
U002530,2026-01-01,none,0.6946
U002531,2026-01-01,insurance,1.0
U002532,2026-01-01,none,0.3588
U002533,2026-01-01,insurance,0.4109
U002534,2026-01-01,mobile,1.0
U002535,2026-01-01,none,0.4574
U002536,2026-01-01,music,0.2958
U002537,2026-01-01,none,0.4918
U002538,2026-01-01,insurance,0.3676
U002539,2026-01-01,none,0.7576
U002540,2026-01-01,streaming,0.4531
U002541,2026-01-01,insurance,0.6226
U002542,2026-01-01,none,0.3913
U002543,2026-01-01,music,0.3237
U002544,2026-01-01,none,0.3074
U002545,2026-01-01,software,0.4743
U002546,2026-01-01,music,0.4991
U002547,2026-01-01,none,0.7576
U002548,2026-01-01,insurance,0.3605
U002549,2026-01-01,cloud,0.4924
U002550,2026-01-01,none,0.3748
U002551,2026-01-01,streaming,0.61
U002552,2026-01-01,cloud,0.4507
U002553,2026-01-01,software,0.5045
U002554,2026-01-01,none,0.6052
U002555,2026-01-01,none,0.7105
U002556,2026-01-01,music,0.3375
U002557,2026-01-01,none,0.5483
U002558,2026-01-01,none,0.4215
U002559,2026-01-01,none,0.5325
U002560,2026-01-01,none,0.3753
U002561,2026-01-01,music,0.3649
U002562,2026-01-01,streaming,0.2731
U002563,2026-01-01,music,0.3906
U002564,2026-01-01,none,0.5
U002565,2026-01-01,cloud,0.5485
U002566,2026-01-01,none,1.0
U002567,2026-01-01,music,0.5693
U002568,2026-01-01,none,0.2678
U002569,2026-01-01,none,0.349
U002570,2026-01-01,mobile,0.4316
U002571,2026-01-01,none,0.5917
U002572,2026-01-01,streaming,0.4349
U002573,2026-01-01,insurance,0.4143
U002574,2026-01-01,software,0.7805
U002575,2026-01-01,gym,0.3229
U002576,2026-01-01,none,0.3458
U002577,2026-01-01,mobile,1.0
U002578,2026-01-01,none,0.2668
U002579,2026-01-01,music,0.4371
U002580,2026-01-01,streaming,0.313
U002581,2026-01-01,none,0.4934
U002582,2026-01-01,insurance,0.374
U002583,2026-01-01,streaming,0.3121
U002584,2026-01-01,cloud,0.4636
U002585,2026-01-01,none,0.4071
U002586,2026-01-01,gym,0.7608
U002587,2026-01-01,none,0.4315
U002588,2026-01-01,cloud,0.3172
U002589,2026-01-01,streaming,0.3444
U002590,2026-01-01,mobile,0.6844
U002591,2026-01-01,gym,0.5
U002592,2026-01-01,none,0.3407
U002593,2026-01-01,gym,0.7278
U002594,2026-01-01,music,0.4787
U002595,2026-01-01,music,0.3457
U002596,2026-01-01,gym,0.3298
U002597,2026-01-01,none,0.3945
U002598,2026-01-01,none,0.5734
U002599,2026-01-01,software,0.4883
U002600,2026-01-01,cloud,0.5
U002601,2026-01-01,insurance,0.3524
U002602,2026-01-01,streaming,0.4095
U002603,2026-01-01,none,0.3132
U002604,2026-01-01,none,0.4719
U002605,2026-01-01,mobile,0.4296
U002606,2026-01-01,gym,1.0
U002607,2026-01-01,cloud,0.5435
U002608,2026-01-01,none,0.7576
U002609,2026-01-01,streaming,0.4542
U002610,2026-01-01,streaming,0.255
U002611,2026-01-01,none,0.5269
U002612,2026-01-01,insurance,0.5062
U002613,2026-01-01,music,0.5254
U002614,2026-01-01,none,0.3804
U002615,2026-01-01,streaming,0.3716
U002616,2026-01-01,insurance,0.3195
U002617,2026-01-01,cloud,0.6563
U002618,2026-01-01,none,0.4323
U002619,2026-01-01,music,0.4923
U002620,2026-01-01,none,0.4573
U002621,2026-01-01,software,0.4626
U002622,2026-01-01,none,0.3497
U002623,2026-01-01,software,0.6253
U002624,2026-01-01,cloud,0.4243
U002625,2026-01-01,cloud,0.4699
U002626,2026-01-01,none,0.3364
U002627,2026-01-01,insurance,0.3527
U002628,2026-01-01,software,0.8
U002629,2026-01-01,music,0.328
U002630,2026-01-01,insurance,0.2811
U002631,2026-01-01,cloud,0.3553
U002632,2026-01-01,music,0.3756
U002633,2026-01-01,streaming,0.4659
U002634,2026-01-01,none,0.6498
U002635,2026-01-01,insurance,0.4015
U002636,2026-01-01,none,0.4019
U002637,2026-01-01,insurance,0.3243
U002638,2026-01-01,none,0.4154
U002639,2026-01-01,none,0.4285
U002640,2026-01-01,insurance,0.4187
U002641,2026-01-01,none,0.3297
U002642,2026-01-01,cloud,0.4426
U002643,2026-01-01,music,0.3568
U002644,2026-01-01,none,0.5921
U002645,2026-01-01,streaming,0.5805
U002646,2026-01-01,music,0.3676
U002647,2026-01-01,streaming,1.0
U002648,2026-01-01,none,0.6017
U002649,2026-01-01,none,0.3896
U002650,2026-01-01,none,0.3782
U002651,2026-01-01,music,0.5714
U002652,2026-01-01,none,0.7576
U002653,2026-01-01,streaming,0.4057
U002654,2026-01-01,insurance,1.0
U002655,2026-01-01,none,0.2609
U002656,2026-01-01,mobile,0.4183
U002657,2026-01-01,music,0.4973
U002658,2026-01-01,none,0.4583
U002659,2026-01-01,gym,0.711
U002660,2026-01-01,music,0.4368
U002661,2026-01-01,streaming,0.5691
U002662,2026-01-01,cloud,0.4583
U002663,2026-01-01,none,0.2799
U002664,2026-01-01,none,0.358
U002665,2026-01-01,none,0.5285
U002666,2026-01-01,none,0.3795
U002667,2026-01-01,mobile,0.5464
U002668,2026-01-01,cloud,0.6916
U002669,2026-01-01,none,0.3869
U002670,2026-01-01,streaming,0.6982
U002671,2026-01-01,gym,0.5816
U002672,2026-01-01,insurance,0.4496
U002673,2026-01-01,streaming,0.2645
U002674,2026-01-01,none,0.8738
U002675,2026-01-01,gym,0.75
U002676,2026-01-01,insurance,0.5
U002677,2026-01-01,software,0.3721
U002678,2026-01-01,insurance,0.5984
U002679,2026-01-01,gym,0.7635
U002680,2026-01-01,none,0.4232
U002681,2026-01-01,software,0.2472
U002682,2026-01-01,none,0.3106
U002683,2026-01-01,none,0.2378
U002684,2026-01-01,cloud,0.5707
U002685,2026-01-01,music,0.8119
U002686,2026-01-01,none,0.3679
U002687,2026-01-01,none,0.8333
U002688,2026-01-01,none,0.5311
U002689,2026-01-01,mobile,0.4719
U002690,2026-01-01,none,0.4326
U002691,2026-01-01,insurance,0.4287
U002692,2026-01-01,gym,0.6576
U002693,2026-01-01,none,0.3915
U002694,2026-01-01,none,0.367
U002695,2026-01-01,none,0.4675
U002696,2026-01-01,cloud,0.5
U002697,2026-01-01,none,0.7576
U002698,2026-01-01,none,0.4316
U002699,2026-01-01,none,0.3757
U002700,2026-01-01,streaming,0.3288
U002701,2026-01-01,mobile,0.6655
U002702,2026-01-01,cloud,0.6133
U002703,2026-01-01,none,0.4509
U002704,2026-01-01,music,0.4217
U002705,2026-01-01,none,0.4355
U002706,2026-01-01,streaming,0.4579
U002707,2026-01-01,none,0.372
U002708,2026-01-01,none,0.4165
U002709,2026-01-01,none,0.6644
U002710,2026-01-01,none,0.2967
U002711,2026-01-01,mobile,0.6565
U002712,2026-01-01,none,0.3575
U002713,2026-01-01,streaming,0.4934
U002714,2026-01-01,streaming,0.2994
U002715,2026-01-01,streaming,0.5287
U002716,2026-01-01,streaming,0.5372
U002717,2026-01-01,software,0.485
U002718,2026-01-01,streaming,0.3994
U002719,2026-01-01,cloud,0.8374
U002720,2026-01-01,cloud,0.5
U002721,2026-01-01,music,0.5408
U002722,2026-01-01,none,0.5111
U002723,2026-01-01,music,0.4375
U002724,2026-01-01,insurance,1.0
U002725,2026-01-01,none,0.4415
U002726,2026-01-01,music,0.3806
U002727,2026-01-01,none,0.7576
U002728,2026-01-01,cloud,1.0
U002729,2026-01-01,mobile,0.7537
U002730,2026-01-01,mobile,0.3605
U002731,2026-01-01,gym,0.3551
U002732,2026-01-01,none,0.5117
U002733,2026-01-01,none,0.7576
U002734,2026-01-01,insurance,0.3037
U002735,2026-01-01,streaming,0.3305
U002736,2026-01-01,streaming,0.43
U002737,2026-01-01,none,0.3757
U002738,2026-01-01,none,0.4362
U002739,2026-01-01,cloud,0.4582
U002740,2026-01-01,cloud,0.8374
U002741,2026-01-01,streaming,0.4879
U002742,2026-01-01,insurance,0.3397
U002743,2026-01-01,none,0.5943
U002744,2026-01-01,none,0.3472
U002745,2026-01-01,music,0.4458
U002746,2026-01-01,none,0.5029
U002747,2026-01-01,none,0.2901
U002748,2026-01-01,gym,0.4972
U002749,2026-01-01,insurance,0.4056
U002750,2026-01-01,streaming,0.4411
U002751,2026-01-01,none,0.7576
U002752,2026-01-01,cloud,0.5
U002753,2026-01-01,mobile,0.5504
U002754,2026-01-01,software,0.5714
U002755,2026-01-01,insurance,0.2823
U002756,2026-01-01,software,0.4757
U002757,2026-01-01,music,0.4598
U002758,2026-01-01,insurance,0.4469
U002759,2026-01-01,none,0.7576
U002760,2026-01-01,none,0.5012
U002761,2026-01-01,insurance,0.7082
U002762,2026-01-01,none,0.5813
U002763,2026-01-01,music,0.3944
U002764,2026-01-01,none,0.7576
U002765,2026-01-01,none,0.3171
U002766,2026-01-01,none,0.3615
U002767,2026-01-01,cloud,0.2908
U002768,2026-01-01,none,0.7576
U002769,2026-01-01,mobile,0.5466
U002770,2026-01-01,cloud,0.3967
U002771,2026-01-01,none,0.4542
U002772,2026-01-01,insurance,0.3594
U002773,2026-01-01,none,0.4952
U002774,2026-01-01,streaming,0.4214
U002775,2026-01-01,none,0.3438
U002776,2026-01-01,insurance,1.0
U002777,2026-01-01,streaming,0.3949
U002778,2026-01-01,none,0.383
U002779,2026-01-01,music,0.3762
U002780,2026-01-01,cloud,0.4924
U002781,2026-01-01,mobile,0.3306
U002782,2026-01-01,none,0.2883
U002783,2026-01-01,cloud,0.2504
U002784,2026-01-01,music,0.239
U002785,2026-01-01,none,0.5528
U002786,2026-01-01,insurance,0.6025
U002787,2026-01-01,none,0.7576
U002788,2026-01-01,music,0.3974
U002789,2026-01-01,cloud,0.7331
U002790,2026-01-01,streaming,0.6041
U002791,2026-01-01,mobile,0.4053
U002792,2026-01-01,insurance,0.887
U002793,2026-01-01,none,0.4173
U002794,2026-01-01,mobile,0.5658
U002795,2026-01-01,none,0.2792
U002796,2026-01-01,none,0.4651
U002797,2026-01-01,music,0.4782
U002798,2026-01-01,software,0.42
U002799,2026-01-01,music,0.3215
U002800,2026-01-01,mobile,0.5752
U002801,2026-01-01,none,0.4795
U002802,2026-01-01,software,0.4371
U002803,2026-01-01,none,0.4367
U002804,2026-01-01,streaming,0.5661
U002805,2026-01-01,mobile,0.4085
U002806,2026-01-01,mobile,0.331
U002807,2026-01-01,none,0.3952
U002808,2026-01-01,none,0.7576
U002809,2026-01-01,cloud,0.5188
U002810,2026-01-01,software,0.4792
U002811,2026-01-01,software,0.3768
U002812,2026-01-01,none,0.7512
U002813,2026-01-01,none,0.3396
U002814,2026-01-01,mobile,0.6688
U002815,2026-01-01,music,0.3718
U002816,2026-01-01,none,0.3987
U002817,2026-01-01,music,0.4222
U002818,2026-01-01,software,0.4627
U002819,2026-01-01,streaming,0.5368
U002820,2026-01-01,none,0.5176
U002821,2026-01-01,none,0.3751
U002822,2026-01-01,insurance,0.8244
U002823,2026-01-01,music,0.5101
U002824,2026-01-01,cloud,0.3461
U002825,2026-01-01,software,0.4331
U002826,2026-01-01,gym,0.7559
U002827,2026-01-01,music,0.5714
U002828,2026-01-01,insurance,0.3429
U002829,2026-01-01,none,0.3204
U002830,2026-01-01,streaming,0.8712
U002831,2026-01-01,insurance,0.773
U002832,2026-01-01,insurance,0.3712
U002833,2026-01-01,software,0.3508
U002834,2026-01-01,mobile,0.4645
U002835,2026-01-01,streaming,0.3118
U002836,2026-01-01,none,0.7
U002837,2026-01-01,none,0.3601
U002838,2026-01-01,music,0.5319
U002839,2026-01-01,cloud,0.7055
U002840,2026-01-01,cloud,1.0
U002841,2026-01-01,none,0.2779
U002842,2026-01-01,mobile,0.2815
U002843,2026-01-01,software,0.5946
U002844,2026-01-01,insurance,0.3324
U002845,2026-01-01,music,0.3564
U002846,2026-01-01,music,0.3862
U002847,2026-01-01,streaming,0.3353
U002848,2026-01-01,music,0.4004
U002849,2026-01-01,none,0.3243
U002850,2026-01-01,music,0.386
U002851,2026-01-01,cloud,0.5305
U002852,2026-01-01,insurance,0.3852
U002853,2026-01-01,none,0.3752
U002854,2026-01-01,none,0.5163
U002855,2026-01-01,mobile,0.5362
U002856,2026-01-01,streaming,0.3427
U002857,2026-01-01,streaming,0.4866
U002858,2026-01-01,music,0.4512
U002859,2026-01-01,streaming,0.4993
U002860,2026-01-01,software,0.3123
U002861,2026-01-01,insurance,0.7071
U002862,2026-01-01,gym,0.7663
U002863,2026-01-01,mobile,1.0
U002864,2026-01-01,insurance,0.3913
U002865,2026-01-01,none,0.6064
U002866,2026-01-01,none,0.2812
U002867,2026-01-01,gym,0.66
U002868,2026-01-01,none,0.3822
U002869,2026-01-01,insurance,0.369
U002870,2026-01-01,gym,0.75
U002871,2026-01-01,insurance,0.3358
U002872,2026-01-01,music,0.5714
U002873,2026-01-01,streaming,0.3244
U002874,2026-01-01,none,0.4395
U002875,2026-01-01,mobile,0.5362
U002876,2026-01-01,none,1.0
U002877,2026-01-01,insurance,0.3212
U002878,2026-01-01,none,0.3637
U002879,2026-01-01,insurance,0.603
U002880,2026-01-01,mobile,0.4088
U002881,2026-01-01,none,0.4833
U002882,2026-01-01,cloud,0.3352
U002883,2026-01-01,software,0.389
U002884,2026-01-01,none,0.6066
U002885,2026-01-01,none,0.3039
U002886,2026-01-01,mobile,0.3502
U002887,2026-01-01,mobile,0.4477
U002888,2026-01-01,none,0.3826
U002889,2026-01-01,insurance,0.4183
U002890,2026-01-01,music,0.468
U002891,2026-01-01,insurance,0.3878
U002892,2026-01-01,music,0.3112
U002893,2026-01-01,none,0.2725
U002894,2026-01-01,streaming,0.532
U002895,2026-01-01,streaming,0.3012
U002896,2026-01-01,music,0.5122
U002897,2026-01-01,insurance,0.524
U002898,2026-01-01,software,0.5261
U002899,2026-01-01,music,0.4521
U002900,2026-01-01,insurance,0.5871
U002901,2026-01-01,none,0.7576
U002902,2026-01-01,mobile,0.4852
U002903,2026-01-01,music,0.3377
U002904,2026-01-01,gym,0.4142
U002905,2026-01-01,streaming,0.4088
U002906,2026-01-01,none,0.8
U002907,2026-01-01,gym,0.3271
U002908,2026-01-01,cloud,0.4312
U002909,2026-01-01,cloud,0.4924
U002910,2026-01-01,none,0.4226
U002911,2026-01-01,software,0.4326
U002912,2026-01-01,mobile,0.4105
U002913,2026-01-01,insurance,0.7438
U002914,2026-01-01,streaming,0.5595
U002915,2026-01-01,none,0.513
U002916,2026-01-01,none,0.421
U002917,2026-01-01,insurance,0.3099
U002918,2026-01-01,software,0.2496
U002919,2026-01-01,gym,0.3408
U002920,2026-01-01,gym,0.2781
U002921,2026-01-01,music,0.3792
U002922,2026-01-01,software,0.4654
U002923,2026-01-01,insurance,0.5262
U002924,2026-01-01,gym,0.365
U002925,2026-01-01,insurance,0.6207
U002926,2026-01-01,gym,0.6616
U002927,2026-01-01,gym,0.2815
U002928,2026-01-01,streaming,0.3073
U002929,2026-01-01,none,0.4556
U002930,2026-01-01,mobile,0.482
U002931,2026-01-01,none,0.4545
U002932,2026-01-01,music,0.4622
U002933,2026-01-01,cloud,0.8374
U002934,2026-01-01,cloud,0.2774
U002935,2026-01-01,none,0.3691
U002936,2026-01-01,none,0.3226
U002937,2026-01-01,cloud,0.3438
U002938,2026-01-01,gym,0.291
U002939,2026-01-01,none,0.3886
U002940,2026-01-01,streaming,0.7207
U002941,2026-01-01,music,0.2426
U002942,2026-01-01,mobile,0.9116
U002943,2026-01-01,none,0.4594
U002944,2026-01-01,none,1.0
U002945,2026-01-01,none,0.3867
U002946,2026-01-01,streaming,0.4433
U002947,2026-01-01,none,0.5105
U002948,2026-01-01,insurance,0.4164
U002949,2026-01-01,insurance,0.355
U002950,2026-01-01,streaming,0.5705
U002951,2026-01-01,none,0.2508
U002952,2026-01-01,mobile,0.4785
U002953,2026-01-01,none,0.8333
U002954,2026-01-01,cloud,0.9102
U002955,2026-01-01,streaming,0.8014
U002956,2026-01-01,insurance,0.4046
U002957,2026-01-01,none,0.3235
U002958,2026-01-01,none,0.4849
U002959,2026-01-01,cloud,0.3075
U002960,2026-01-01,none,0.6032
U002961,2026-01-01,streaming,0.2549
U002962,2026-01-01,streaming,0.2465
U002963,2026-01-01,insurance,0.5032
U002964,2026-01-01,insurance,0.3846
U002965,2026-01-01,cloud,0.7772
U002966,2026-01-01,insurance,0.389
U002967,2026-01-01,none,0.5755
U002968,2026-01-01,gym,0.2445
U002969,2026-01-01,insurance,0.5209
U002970,2026-01-01,software,0.4971
U002971,2026-01-01,none,0.4721
U002972,2026-01-01,none,1.0
U002973,2026-01-01,cloud,0.6081
U002974,2026-01-01,insurance,0.3402
U002975,2026-01-01,cloud,0.2962
U002976,2026-01-01,none,0.4079
U002977,2026-01-01,none,0.4786
U002978,2026-01-01,streaming,0.3018
U002979,2026-01-01,streaming,0.6917
U002980,2026-01-01,none,0.441
U002981,2026-01-01,none,0.424
U002982,2026-01-01,music,0.5466
U002983,2026-01-01,music,0.381
U002984,2026-01-01,insurance,0.4033
U002985,2026-01-01,mobile,0.449
U002986,2026-01-01,mobile,0.5849
U002987,2026-01-01,software,1.0
U002988,2026-01-01,none,0.3623
U002989,2026-01-01,none,0.3266
U002990,2026-01-01,none,0.2464
U002991,2026-01-01,none,0.3475
U002992,2026-01-01,software,0.5714
U002993,2026-01-01,insurance,0.3414
U002994,2026-01-01,music,0.4365
U002995,2026-01-01,software,0.6762
U002996,2026-01-01,insurance,1.0
U002997,2026-01-01,streaming,0.2718
U002998,2026-01-01,mobile,1.0
U002999,2026-01-01,streaming,0.5705
U003000,2026-01-01,none,0.4977
U003001,2026-01-01,cloud,1.0
U003002,2026-01-01,none,0.6667
U003003,2026-01-01,none,1.0
U003004,2026-01-01,none,0.7576
U003005,2026-01-01,none,0.3361
U003006,2026-01-01,streaming,0.2863
U003007,2026-01-01,mobile,0.435
U003008,2026-01-01,none,0.3369
U003009,2026-01-01,none,0.3942
U003010,2026-01-01,insurance,0.3338
U003011,2026-01-01,cloud,0.5
U003012,2026-01-01,mobile,0.5849
U003013,2026-01-01,music,0.4792
U003014,2026-01-01,streaming,0.5316
U003015,2026-01-01,gym,0.4267
U003016,2026-01-01,software,0.6607
U003017,2026-01-01,none,0.5461
U003018,2026-01-01,none,0.311
U003019,2026-01-01,cloud,0.5692
U003020,2026-01-01,none,0.3235
U003021,2026-01-01,none,0.4334
U003022,2026-01-01,none,0.7576
U003023,2026-01-01,none,0.3608
U003024,2026-01-01,none,0.4747
U003025,2026-01-01,cloud,0.6367
U003026,2026-01-01,none,0.439
U003027,2026-01-01,mobile,0.5182
U003028,2026-01-01,streaming,0.8712
U003029,2026-01-01,none,0.3466
U003030,2026-01-01,music,0.3491
U003031,2026-01-01,none,0.2657
U003032,2026-01-01,software,0.3589
U003033,2026-01-01,insurance,0.3888
U003034,2026-01-01,none,0.3494
U003035,2026-01-01,streaming,0.5695
U003036,2026-01-01,none,0.5
U003037,2026-01-01,none,1.0
U003038,2026-01-01,streaming,0.4926
U003039,2026-01-01,none,0.3889
U003040,2026-01-01,cloud,0.259
U003041,2026-01-01,cloud,0.5
U003042,2026-01-01,streaming,0.5477
U003043,2026-01-01,none,0.7576
U003044,2026-01-01,none,0.244
U003045,2026-01-01,cloud,0.4439
U003046,2026-01-01,music,0.5426
U003047,2026-01-01,insurance,0.3804
U003048,2026-01-01,none,0.3415
U003049,2026-01-01,none,0.5741
U003050,2026-01-01,insurance,0.7365
U003051,2026-01-01,music,0.3846
U003052,2026-01-01,streaming,0.3666
U003053,2026-01-01,none,0.6073
U003054,2026-01-01,none,0.2836
U003055,2026-01-01,none,0.4496
U003056,2026-01-01,streaming,0.5192
U003057,2026-01-01,none,0.5
U003058,2026-01-01,music,0.4821
U003059,2026-01-01,music,1.0
U003060,2026-01-01,streaming,0.2378
U003061,2026-01-01,music,0.752
U003062,2026-01-01,cloud,0.5769
U003063,2026-01-01,none,0.458
U003064,2026-01-01,none,0.3699
U003065,2026-01-01,insurance,0.302
U003066,2026-01-01,cloud,0.3762
U003067,2026-01-01,cloud,0.5119
U003068,2026-01-01,music,0.2763
U003069,2026-01-01,none,0.3465
U003070,2026-01-01,none,0.7576
U003071,2026-01-01,none,0.5401
U003072,2026-01-01,none,0.5
U003073,2026-01-01,gym,0.7815
U003074,2026-01-01,none,0.7576
U003075,2026-01-01,none,0.4835
U003076,2026-01-01,none,1.0
U003077,2026-01-01,insurance,0.5998
U003078,2026-01-01,insurance,1.0
U003079,2026-01-01,none,0.6667
U003080,2026-01-01,cloud,0.3908
U003081,2026-01-01,none,0.3521
U003082,2026-01-01,music,0.2803
U003083,2026-01-01,music,0.4474
U003084,2026-01-01,mobile,0.5359
U003085,2026-01-01,streaming,0.4404
U003086,2026-01-01,insurance,0.3323
U003087,2026-01-01,insurance,0.7602
U003088,2026-01-01,none,1.0
U003089,2026-01-01,insurance,0.5924
U003090,2026-01-01,none,0.3462
U003091,2026-01-01,cloud,0.4582
U003092,2026-01-01,insurance,0.4231
U003093,2026-01-01,none,0.3084
U003094,2026-01-01,streaming,0.3901
U003095,2026-01-01,music,0.3271
U003096,2026-01-01,cloud,0.5731
U003097,2026-01-01,streaming,0.3892
U003098,2026-01-01,none,0.6817
U003099,2026-01-01,mobile,0.3945
U003100,2026-01-01,none,0.3903
U003101,2026-01-01,streaming,0.4818
U003102,2026-01-01,gym,0.6616
U003103,2026-01-01,insurance,0.2955
U003104,2026-01-01,none,0.3143
U003105,2026-01-01,insurance,1.0
U003106,2026-01-01,none,0.5698
U003107,2026-01-01,none,0.7576
U003108,2026-01-01,none,0.8
U003109,2026-01-01,streaming,0.2997
U003110,2026-01-01,music,0.2939
U003111,2026-01-01,music,0.4177
U003112,2026-01-01,none,0.6667
U003113,2026-01-01,insurance,0.3265
U003114,2026-01-01,music,0.4243
U003115,2026-01-01,software,0.3793
U003116,2026-01-01,music,0.4996
U003117,2026-01-01,streaming,0.338
U003118,2026-01-01,streaming,0.3537
U003119,2026-01-01,none,0.4463
U003120,2026-01-01,none,0.6476
U003121,2026-01-01,streaming,0.4057
U003122,2026-01-01,streaming,0.268
U003123,2026-01-01,music,0.3444
U003124,2026-01-01,software,0.4947
U003125,2026-01-01,insurance,1.0
U003126,2026-01-01,none,0.5619
U003127,2026-01-01,none,0.3524
U003128,2026-01-01,none,0.2596
U003129,2026-01-01,none,0.379
U003130,2026-01-01,cloud,0.301
U003131,2026-01-01,cloud,1.0
U003132,2026-01-01,cloud,0.3577
U003133,2026-01-01,insurance,0.4483
U003134,2026-01-01,cloud,0.4924
U003135,2026-01-01,music,0.3968
U003136,2026-01-01,streaming,0.3685
U003137,2026-01-01,mobile,0.7537
U003138,2026-01-01,insurance,0.7881
U003139,2026-01-01,insurance,0.3375
U003140,2026-01-01,none,0.3972
U003141,2026-01-01,none,0.5035
U003142,2026-01-01,insurance,0.6006
U003143,2026-01-01,mobile,0.5658
U003144,2026-01-01,none,0.3478
U003145,2026-01-01,streaming,1.0
U003146,2026-01-01,cloud,1.0
U003147,2026-01-01,none,0.7576
U003148,2026-01-01,none,0.7576
U003149,2026-01-01,mobile,0.3147
U003150,2026-01-01,cloud,0.5
U003151,2026-01-01,streaming,0.4523
U003152,2026-01-01,insurance,0.3169
U003153,2026-01-01,streaming,0.4007
U003154,2026-01-01,streaming,1.0
U003155,2026-01-01,none,0.4501
U003156,2026-01-01,none,0.7576
U003157,2026-01-01,none,0.5095
U003158,2026-01-01,music,0.3686
U003159,2026-01-01,insurance,0.3479
U003160,2026-01-01,software,0.3632
U003161,2026-01-01,streaming,0.5631
U003162,2026-01-01,none,0.3086
U003163,2026-01-01,none,0.2503
U003164,2026-01-01,streaming,0.4934
U003165,2026-01-01,streaming,0.3937
U003166,2026-01-01,music,0.368
U003167,2026-01-01,none,0.4973
U003168,2026-01-01,none,0.31
U003169,2026-01-01,none,0.8333
U003170,2026-01-01,none,0.3156
U003171,2026-01-01,none,0.3963
U003172,2026-01-01,none,0.553
U003173,2026-01-01,insurance,0.4733
U003174,2026-01-01,none,0.3752
U003175,2026-01-01,streaming,0.3437
U003176,2026-01-01,music,0.3381
U003177,2026-01-01,none,0.3905
U003178,2026-01-01,none,0.393
U003179,2026-01-01,insurance,0.3466
U003180,2026-01-01,music,0.6376
U003181,2026-01-01,none,0.4591
U003182,2026-01-01,mobile,0.8563
U003183,2026-01-01,none,0.7576
U003184,2026-01-01,software,0.3687
U003185,2026-01-01,none,0.3455
U003186,2026-01-01,none,0.3709
U003187,2026-01-01,gym,0.3697
U003188,2026-01-01,streaming,0.3017
U003189,2026-01-01,none,0.3288
U003190,2026-01-01,software,0.5714
U003191,2026-01-01,gym,0.3694
U003192,2026-01-01,none,0.3156
U003193,2026-01-01,cloud,0.2695
U003194,2026-01-01,none,0.4379
U003195,2026-01-01,none,0.4268
U003196,2026-01-01,music,0.4303
U003197,2026-01-01,none,0.2997
U003198,2026-01-01,streaming,0.3844
U003199,2026-01-01,insurance,0.3152
U003200,2026-01-01,none,0.4425
U003201,2026-01-01,music,0.2922
U003202,2026-01-01,streaming,0.5548
U003203,2026-01-01,cloud,0.3044
U003204,2026-01-01,none,0.6252
U003205,2026-01-01,insurance,1.0
U003206,2026-01-01,mobile,1.0
U003207,2026-01-01,streaming,0.43
U003208,2026-01-01,streaming,0.385
U003209,2026-01-01,none,0.4055
U003210,2026-01-01,insurance,0.3825
U003211,2026-01-01,none,0.5211
U003212,2026-01-01,mobile,0.3596
U003213,2026-01-01,mobile,0.3279
U003214,2026-01-01,none,0.7576
U003215,2026-01-01,none,0.4525
U003216,2026-01-01,none,0.2564
U003217,2026-01-01,none,0.7576
U003218,2026-01-01,none,0.3994
U003219,2026-01-01,insurance,0.2524
U003220,2026-01-01,music,0.4223
U003221,2026-01-01,insurance,0.6054
U003222,2026-01-01,none,0.3352
U003223,2026-01-01,none,0.3972
U003224,2026-01-01,mobile,0.5587
U003225,2026-01-01,none,0.3393
U003226,2026-01-01,music,0.3141
U003227,2026-01-01,streaming,0.9106
U003228,2026-01-01,none,0.3104
U003229,2026-01-01,cloud,0.5612
U003230,2026-01-01,music,0.3343
U003231,2026-01-01,gym,0.407
U003232,2026-01-01,insurance,0.3729
U003233,2026-01-01,mobile,0.4368
U003234,2026-01-01,gym,0.4221
U003235,2026-01-01,music,0.2823
U003236,2026-01-01,music,0.3425
U003237,2026-01-01,streaming,0.3586
U003238,2026-01-01,none,0.3319
U003239,2026-01-01,mobile,0.5658
U003240,2026-01-01,cloud,1.0
U003241,2026-01-01,streaming,0.437
U003242,2026-01-01,none,0.4813
U003243,2026-01-01,insurance,0.3012
U003244,2026-01-01,insurance,0.7879
U003245,2026-01-01,music,0.4884
U003246,2026-01-01,gym,0.711
U003247,2026-01-01,cloud,0.4389
U003248,2026-01-01,software,0.5961
U003249,2026-01-01,gym,0.7818
U003250,2026-01-01,none,0.287
U003251,2026-01-01,software,0.4196
U003252,2026-01-01,none,0.3294
U003253,2026-01-01,streaming,0.6667
U003254,2026-01-01,none,1.0
U003255,2026-01-01,streaming,0.3511
U003256,2026-01-01,insurance,0.4903
U003257,2026-01-01,cloud,0.4139
U003258,2026-01-01,none,0.5831
U003259,2026-01-01,music,0.3164
U003260,2026-01-01,none,0.2932
U003261,2026-01-01,none,0.3615
U003262,2026-01-01,cloud,0.2539
U003263,2026-01-01,cloud,0.354
U003264,2026-01-01,none,0.3608
U003265,2026-01-01,gym,0.7343
U003266,2026-01-01,software,0.4637
U003267,2026-01-01,software,0.3571
U003268,2026-01-01,streaming,0.3293
U003269,2026-01-01,none,0.7576
U003270,2026-01-01,music,1.0
U003271,2026-01-01,gym,0.75
U003272,2026-01-01,insurance,0.6688
U003273,2026-01-01,cloud,0.5483
U003274,2026-01-01,none,1.0
U003275,2026-01-01,none,0.3249
U003276,2026-01-01,mobile,0.4029
U003277,2026-01-01,none,0.3239
U003278,2026-01-01,none,0.4214
U003279,2026-01-01,none,0.555
U003280,2026-01-01,cloud,0.5452
U003281,2026-01-01,streaming,0.3939
U003282,2026-01-01,music,0.4633
U003283,2026-01-01,none,0.2685
U003284,2026-01-01,none,1.0
U003285,2026-01-01,cloud,0.6774
U003286,2026-01-01,cloud,0.5
U003287,2026-01-01,insurance,0.4251
U003288,2026-01-01,music,0.317
U003289,2026-01-01,gym,0.5419
U003290,2026-01-01,none,0.3067
U003291,2026-01-01,streaming,0.4027
U003292,2026-01-01,software,0.3921
U003293,2026-01-01,cloud,0.4044
U003294,2026-01-01,streaming,0.7207
U003295,2026-01-01,cloud,0.6708
U003296,2026-01-01,software,0.3928
U003297,2026-01-01,cloud,0.8374
U003298,2026-01-01,streaming,0.2827
U003299,2026-01-01,none,0.4918
U003300,2026-01-01,gym,1.0
U003301,2026-01-01,insurance,0.2627
U003302,2026-01-01,none,0.4399
U003303,2026-01-01,music,0.8512
U003304,2026-01-01,gym,0.4544
U003305,2026-01-01,none,0.3182
U003306,2026-01-01,streaming,0.349
U003307,2026-01-01,gym,0.3596
U003308,2026-01-01,none,0.6667
U003309,2026-01-01,music,0.4129
U003310,2026-01-01,streaming,0.326
U003311,2026-01-01,music,0.3507
U003312,2026-01-01,software,0.6455
U003313,2026-01-01,mobile,0.3219
U003314,2026-01-01,insurance,0.5339
U003315,2026-01-01,streaming,0.337
U003316,2026-01-01,music,0.5602
U003317,2026-01-01,none,0.3761
U003318,2026-01-01,cloud,0.3662
U003319,2026-01-01,mobile,0.3576
U003320,2026-01-01,software,0.4935
U003321,2026-01-01,none,0.3676
U003322,2026-01-01,streaming,0.2606
U003323,2026-01-01,cloud,1.0
U003324,2026-01-01,mobile,0.4403
U003325,2026-01-01,cloud,0.5363
U003326,2026-01-01,insurance,0.3355
U003327,2026-01-01,none,0.3526
U003328,2026-01-01,cloud,0.5833
U003329,2026-01-01,none,0.4363
U003330,2026-01-01,streaming,1.0
U003331,2026-01-01,mobile,0.464
U003332,2026-01-01,insurance,0.4376
U003333,2026-01-01,streaming,0.3964
U003334,2026-01-01,none,0.5
U003335,2026-01-01,none,0.3311
U003336,2026-01-01,none,0.6795
U003337,2026-01-01,cloud,0.5216
U003338,2026-01-01,gym,0.4681
U003339,2026-01-01,cloud,0.4572
U003340,2026-01-01,cloud,0.5165
U003341,2026-01-01,streaming,0.2859
U003342,2026-01-01,cloud,0.4708
U003343,2026-01-01,streaming,0.3674
U003344,2026-01-01,cloud,0.3407
U003345,2026-01-01,software,0.5974
U003346,2026-01-01,mobile,0.5791
U003347,2026-01-01,streaming,1.0
U003348,2026-01-01,cloud,1.0
U003349,2026-01-01,software,0.6026
U003350,2026-01-01,mobile,0.3296
U003351,2026-01-01,insurance,0.5126
U003352,2026-01-01,none,0.4178
U003353,2026-01-01,software,0.5714
U003354,2026-01-01,none,0.4228
U003355,2026-01-01,none,0.5913
U003356,2026-01-01,software,1.0
U003357,2026-01-01,mobile,0.3339
U003358,2026-01-01,gym,0.7609
U003359,2026-01-01,streaming,0.5386
U003360,2026-01-01,none,0.4539
U003361,2026-01-01,cloud,0.4921
U003362,2026-01-01,streaming,1.0
U003363,2026-01-01,insurance,0.3155
U003364,2026-01-01,none,0.4348
U003365,2026-01-01,none,0.3349
U003366,2026-01-01,none,0.3486
U003367,2026-01-01,none,0.4294
U003368,2026-01-01,cloud,0.3513
U003369,2026-01-01,insurance,0.3642
U003370,2026-01-01,software,0.3934
U003371,2026-01-01,none,1.0
U003372,2026-01-01,none,0.5951
U003373,2026-01-01,streaming,0.6013
U003374,2026-01-01,mobile,0.4279
U003375,2026-01-01,software,0.4175
U003376,2026-01-01,none,0.5951
U003377,2026-01-01,gym,0.3801
U003378,2026-01-01,streaming,0.3299
U003379,2026-01-01,software,0.4489
U003380,2026-01-01,none,0.5187
U003381,2026-01-01,gym,1.0
U003382,2026-01-01,none,0.3983
U003383,2026-01-01,streaming,0.4347
U003384,2026-01-01,none,0.3025
U003385,2026-01-01,gym,1.0
U003386,2026-01-01,gym,0.4254
U003387,2026-01-01,cloud,0.3171
U003388,2026-01-01,none,0.3382
U003389,2026-01-01,software,0.4687
U003390,2026-01-01,insurance,0.2799
U003391,2026-01-01,music,0.4042
U003392,2026-01-01,music,0.4143
U003393,2026-01-01,software,0.4939
U003394,2026-01-01,software,0.3982
U003395,2026-01-01,streaming,0.6422
U003396,2026-01-01,software,0.3082
U003397,2026-01-01,none,0.5961
U003398,2026-01-01,none,0.5684
U003399,2026-01-01,insurance,0.3435
U003400,2026-01-01,none,0.3108
U003401,2026-01-01,software,0.3088
U003402,2026-01-01,gym,0.7431
U003403,2026-01-01,streaming,0.4034
U003404,2026-01-01,streaming,0.3866
U003405,2026-01-01,insurance,0.385
U003406,2026-01-01,gym,1.0
U003407,2026-01-01,insurance,0.6965
U003408,2026-01-01,none,0.4787
U003409,2026-01-01,streaming,0.5501
U003410,2026-01-01,none,0.5
U003411,2026-01-01,none,0.2784
U003412,2026-01-01,insurance,0.3574
U003413,2026-01-01,insurance,0.3664
U003414,2026-01-01,gym,0.4699
U003415,2026-01-01,gym,1.0
U003416,2026-01-01,cloud,0.5401
U003417,2026-01-01,insurance,0.7841
U003418,2026-01-01,insurance,1.0
U003419,2026-01-01,none,0.4698
U003420,2026-01-01,insurance,0.3045
U003421,2026-01-01,none,0.7576
U003422,2026-01-01,mobile,0.3185
U003423,2026-01-01,insurance,0.5589
U003424,2026-01-01,none,0.4804
U003425,2026-01-01,software,0.3829
U003426,2026-01-01,cloud,0.294
U003427,2026-01-01,none,0.396
U003428,2026-01-01,music,0.7147
U003429,2026-01-01,cloud,0.4298
U003430,2026-01-01,streaming,0.3704
U003431,2026-01-01,none,0.449
U003432,2026-01-01,mobile,0.3504
U003433,2026-01-01,none,0.3182
U003434,2026-01-01,mobile,0.4309
U003435,2026-01-01,gym,0.3707
U003436,2026-01-01,streaming,0.3876
U003437,2026-01-01,gym,1.0
U003438,2026-01-01,music,0.3967
U003439,2026-01-01,insurance,0.5319
U003440,2026-01-01,gym,0.3513
U003441,2026-01-01,insurance,0.7635
U003442,2026-01-01,cloud,1.0
U003443,2026-01-01,streaming,0.417
U003444,2026-01-01,none,0.7576
U003445,2026-01-01,music,0.689
U003446,2026-01-01,music,0.3011
U003447,2026-01-01,none,0.426
U003448,2026-01-01,insurance,0.5247
U003449,2026-01-01,mobile,0.3479
U003450,2026-01-01,streaming,0.5705
U003451,2026-01-01,insurance,0.7629
U003452,2026-01-01,gym,0.761
U003453,2026-01-01,none,1.0
U003454,2026-01-01,none,0.3222
U003455,2026-01-01,cloud,0.6449
U003456,2026-01-01,none,0.8
U003457,2026-01-01,software,0.6667
U003458,2026-01-01,none,0.8
U003459,2026-01-01,none,0.2937
U003460,2026-01-01,insurance,0.3425
U003461,2026-01-01,streaming,1.0
U003462,2026-01-01,none,0.374
U003463,2026-01-01,insurance,1.0
U003464,2026-01-01,streaming,0.2872
U003465,2026-01-01,music,0.4153
U003466,2026-01-01,music,0.6813
U003467,2026-01-01,none,0.3523
U003468,2026-01-01,none,0.385
U003469,2026-01-01,none,0.6073
U003470,2026-01-01,insurance,0.5246
U003471,2026-01-01,gym,0.3758
U003472,2026-01-01,music,0.3788
U003473,2026-01-01,none,0.6452
U003474,2026-01-01,none,1.0
U003475,2026-01-01,cloud,0.5145
U003476,2026-01-01,none,0.4122
U003477,2026-01-01,streaming,0.7359
U003478,2026-01-01,gym,0.76
U003479,2026-01-01,software,0.4386
U003480,2026-01-01,none,0.4165
U003481,2026-01-01,insurance,0.3835
U003482,2026-01-01,mobile,0.5429
U003483,2026-01-01,none,0.3182
U003484,2026-01-01,none,0.3332
U003485,2026-01-01,insurance,0.3022
U003486,2026-01-01,none,1.0
U003487,2026-01-01,gym,1.0
U003488,2026-01-01,none,0.3844
U003489,2026-01-01,cloud,0.4189
U003490,2026-01-01,none,0.5743
U003491,2026-01-01,none,0.3527
U003492,2026-01-01,streaming,0.3233
U003493,2026-01-01,music,0.7787
U003494,2026-01-01,cloud,0.4894
U003495,2026-01-01,insurance,0.3527
U003496,2026-01-01,mobile,0.5342
U003497,2026-01-01,none,0.5068
U003498,2026-01-01,gym,1.0
U003499,2026-01-01,cloud,0.4547
U003500,2026-01-01,mobile,0.2927
U003501,2026-01-01,none,0.7576
U003502,2026-01-01,streaming,0.6102
U003503,2026-01-01,insurance,1.0
U003504,2026-01-01,none,0.3559
U003505,2026-01-01,mobile,0.3092
U003506,2026-01-01,streaming,0.2734
U003507,2026-01-01,streaming,0.75
U003508,2026-01-01,mobile,0.4986
U003509,2026-01-01,none,0.4656
U003510,2026-01-01,none,1.0
U003511,2026-01-01,streaming,0.4289
U003512,2026-01-01,cloud,0.2561
U003513,2026-01-01,streaming,0.3153
U003514,2026-01-01,gym,0.3673
U003515,2026-01-01,none,0.4645
U003516,2026-01-01,insurance,1.0
U003517,2026-01-01,streaming,0.3405
U003518,2026-01-01,none,0.7576
U003519,2026-01-01,cloud,0.4904
U003520,2026-01-01,cloud,0.4142
U003521,2026-01-01,streaming,0.3304
U003522,2026-01-01,none,0.3416
U003523,2026-01-01,cloud,0.3111
U003524,2026-01-01,none,0.6523
U003525,2026-01-01,cloud,0.5379
U003526,2026-01-01,cloud,0.4565
U003527,2026-01-01,none,0.7576
U003528,2026-01-01,none,0.3285
U003529,2026-01-01,cloud,0.5226
U003530,2026-01-01,streaming,0.4375
U003531,2026-01-01,insurance,0.3411
U003532,2026-01-01,none,0.4652
U003533,2026-01-01,gym,1.0
U003534,2026-01-01,streaming,0.5622
U003535,2026-01-01,none,0.7576
U003536,2026-01-01,streaming,0.3828
U003537,2026-01-01,insurance,0.338
U003538,2026-01-01,gym,0.3721
U003539,2026-01-01,none,0.3573
U003540,2026-01-01,mobile,0.2555
U003541,2026-01-01,cloud,0.5
U003542,2026-01-01,none,0.5825
U003543,2026-01-01,gym,0.274
U003544,2026-01-01,streaming,0.3881
U003545,2026-01-01,mobile,0.3278
U003546,2026-01-01,none,0.3316
U003547,2026-01-01,none,0.6667
U003548,2026-01-01,insurance,0.5733
U003549,2026-01-01,music,0.2963
U003550,2026-01-01,cloud,1.0
U003551,2026-01-01,cloud,0.3505
U003552,2026-01-01,software,0.5714
U003553,2026-01-01,streaming,0.3836
U003554,2026-01-01,none,0.367
U003555,2026-01-01,insurance,0.4246
U003556,2026-01-01,software,0.2515
U003557,2026-01-01,none,0.5988
U003558,2026-01-01,music,0.5426
U003559,2026-01-01,mobile,0.336
U003560,2026-01-01,none,0.3161
U003561,2026-01-01,insurance,0.6975
U003562,2026-01-01,cloud,0.5815
U003563,2026-01-01,music,0.4842
U003564,2026-01-01,none,0.3971
U003565,2026-01-01,music,0.6376
U003566,2026-01-01,none,0.5987
U003567,2026-01-01,none,0.3364
U003568,2026-01-01,music,0.464
U003569,2026-01-01,none,0.6389
U003570,2026-01-01,cloud,0.4389
U003571,2026-01-01,software,1.0
U003572,2026-01-01,none,0.3659
U003573,2026-01-01,none,0.5528
U003574,2026-01-01,music,0.3264
U003575,2026-01-01,cloud,0.3226
U003576,2026-01-01,none,1.0
U003577,2026-01-01,mobile,0.3942
U003578,2026-01-01,software,0.354
U003579,2026-01-01,streaming,0.394
U003580,2026-01-01,none,0.7576
U003581,2026-01-01,music,0.2876
U003582,2026-01-01,none,0.6667
U003583,2026-01-01,none,0.3327
U003584,2026-01-01,mobile,1.0
U003585,2026-01-01,none,0.7576
U003586,2026-01-01,software,0.5714
U003587,2026-01-01,software,0.3569
U003588,2026-01-01,streaming,0.4538
U003589,2026-01-01,none,0.7576
U003590,2026-01-01,music,0.3658
U003591,2026-01-01,mobile,1.0
U003592,2026-01-01,gym,1.0
U003593,2026-01-01,none,0.3857
U003594,2026-01-01,mobile,0.5658
U003595,2026-01-01,cloud,0.6138
U003596,2026-01-01,gym,1.0
U003597,2026-01-01,cloud,0.4343
U003598,2026-01-01,software,1.0
U003599,2026-01-01,cloud,0.5
U003600,2026-01-01,streaming,0.8148
U003601,2026-01-01,none,0.5938
U003602,2026-01-01,music,0.4763
U003603,2026-01-01,insurance,0.3023
U003604,2026-01-01,none,0.3699
U003605,2026-01-01,none,0.3904
U003606,2026-01-01,mobile,0.433
U003607,2026-01-01,insurance,0.49
U003608,2026-01-01,gym,0.6546
U003609,2026-01-01,streaming,0.6312
U003610,2026-01-01,none,0.2758
U003611,2026-01-01,music,0.3037
U003612,2026-01-01,cloud,0.7055
U003613,2026-01-01,mobile,0.4084
U003614,2026-01-01,none,0.3375
U003615,2026-01-01,cloud,0.4428
U003616,2026-01-01,none,0.4336
U003617,2026-01-01,none,0.3365
U003618,2026-01-01,music,0.683
U003619,2026-01-01,streaming,0.3698
U003620,2026-01-01,mobile,0.3433
U003621,2026-01-01,insurance,0.6048
U003622,2026-01-01,insurance,0.5965
U003623,2026-01-01,music,0.5363
U003624,2026-01-01,none,0.5222
U003625,2026-01-01,mobile,0.4147
U003626,2026-01-01,gym,0.3495
U003627,2026-01-01,none,0.3649
U003628,2026-01-01,music,0.4579
U003629,2026-01-01,music,0.304
U003630,2026-01-01,none,0.5735
U003631,2026-01-01,insurance,0.5609
U003632,2026-01-01,insurance,0.3581
U003633,2026-01-01,gym,0.3901
U003634,2026-01-01,none,0.7512
U003635,2026-01-01,insurance,0.6068
U003636,2026-01-01,gym,0.5321
U003637,2026-01-01,insurance,0.3571
U003638,2026-01-01,streaming,0.3432
U003639,2026-01-01,insurance,0.2826
U003640,2026-01-01,streaming,0.5431
U003641,2026-01-01,mobile,0.5453
U003642,2026-01-01,streaming,0.5423
U003643,2026-01-01,none,0.3433
U003644,2026-01-01,mobile,0.5687
U003645,2026-01-01,none,0.4727
U003646,2026-01-01,music,0.3755
U003647,2026-01-01,streaming,0.4513
U003648,2026-01-01,music,1.0
U003649,2026-01-01,music,0.7222
U003650,2026-01-01,none,0.5678
U003651,2026-01-01,software,0.7328
U003652,2026-01-01,insurance,1.0
U003653,2026-01-01,insurance,0.3187
U003654,2026-01-01,streaming,0.5931
U003655,2026-01-01,music,1.0
U003656,2026-01-01,none,0.6445
U003657,2026-01-01,insurance,1.0
U003658,2026-01-01,none,0.6374
U003659,2026-01-01,none,0.3086
U003660,2026-01-01,music,0.4817
U003661,2026-01-01,none,0.5128
U003662,2026-01-01,none,1.0
U003663,2026-01-01,software,0.4072
U003664,2026-01-01,streaming,0.7207
U003665,2026-01-01,streaming,0.5347
U003666,2026-01-01,none,0.7576
U003667,2026-01-01,music,0.4417
U003668,2026-01-01,mobile,1.0
U003669,2026-01-01,music,0.6149
U003670,2026-01-01,gym,0.6664
U003671,2026-01-01,music,0.4317
U003672,2026-01-01,none,1.0
U003673,2026-01-01,none,0.4347
U003674,2026-01-01,none,0.3774
U003675,2026-01-01,insurance,0.6667
U003676,2026-01-01,insurance,0.3974
U003677,2026-01-01,music,0.2556
U003678,2026-01-01,none,0.5222
U003679,2026-01-01,none,0.3791
U003680,2026-01-01,none,0.382
U003681,2026-01-01,none,0.8333
U003682,2026-01-01,none,0.5982
U003683,2026-01-01,insurance,0.3299
U003684,2026-01-01,software,0.5593
U003685,2026-01-01,none,0.4026
U003686,2026-01-01,streaming,0.5479
U003687,2026-01-01,gym,0.7036
U003688,2026-01-01,insurance,0.6684
U003689,2026-01-01,cloud,0.3115
U003690,2026-01-01,none,0.7576
U003691,2026-01-01,software,0.5945
U003692,2026-01-01,streaming,0.3117
U003693,2026-01-01,cloud,0.364
U003694,2026-01-01,insurance,0.4472
U003695,2026-01-01,none,0.3246
U003696,2026-01-01,none,0.347
U003697,2026-01-01,music,0.3239
U003698,2026-01-01,software,0.3083
U003699,2026-01-01,mobile,0.3208
U003700,2026-01-01,music,0.3153
U003701,2026-01-01,none,0.5617
U003702,2026-01-01,insurance,0.8396
U003703,2026-01-01,gym,0.75
U003704,2026-01-01,streaming,0.453
U003705,2026-01-01,music,0.683
U003706,2026-01-01,none,0.3927
U003707,2026-01-01,none,0.3992
U003708,2026-01-01,none,0.3195
U003709,2026-01-01,cloud,0.7772
U003710,2026-01-01,gym,1.0
U003711,2026-01-01,gym,0.5
U003712,2026-01-01,mobile,0.3026
U003713,2026-01-01,none,0.3689
U003714,2026-01-01,gym,0.2905
U003715,2026-01-01,mobile,0.4741
U003716,2026-01-01,streaming,0.5648
U003717,2026-01-01,none,0.4125
U003718,2026-01-01,gym,0.3799
U003719,2026-01-01,music,0.7222
U003720,2026-01-01,streaming,1.0
U003721,2026-01-01,streaming,0.3674
U003722,2026-01-01,none,1.0
U003723,2026-01-01,none,0.416
U003724,2026-01-01,none,0.3635
U003725,2026-01-01,streaming,0.582
U003726,2026-01-01,gym,1.0
U003727,2026-01-01,insurance,0.3643
U003728,2026-01-01,streaming,0.2466
U003729,2026-01-01,insurance,0.5045
U003730,2026-01-01,mobile,0.3772
U003731,2026-01-01,cloud,0.5462
U003732,2026-01-01,none,0.3913
U003733,2026-01-01,none,0.3164
U003734,2026-01-01,gym,0.2824
U003735,2026-01-01,music,0.5785
U003736,2026-01-01,none,0.4239
U003737,2026-01-01,cloud,0.6859
U003738,2026-01-01,insurance,0.419
U003739,2026-01-01,music,0.4777
U003740,2026-01-01,music,0.4283
U003741,2026-01-01,gym,0.4097
U003742,2026-01-01,insurance,0.336
U003743,2026-01-01,software,0.5576
U003744,2026-01-01,streaming,0.5322
U003745,2026-01-01,none,0.6325
U003746,2026-01-01,none,0.4837
U003747,2026-01-01,mobile,0.3952
U003748,2026-01-01,streaming,0.3043
U003749,2026-01-01,software,0.2881
U003750,2026-01-01,music,0.6722
U003751,2026-01-01,cloud,0.5062
U003752,2026-01-01,streaming,0.5705
U003753,2026-01-01,none,0.3647
U003754,2026-01-01,cloud,1.0
U003755,2026-01-01,none,0.452
U003756,2026-01-01,insurance,0.5
U003757,2026-01-01,streaming,0.3487
U003758,2026-01-01,mobile,0.4837
U003759,2026-01-01,none,0.3253
U003760,2026-01-01,none,0.4085
U003761,2026-01-01,gym,0.3373
U003762,2026-01-01,insurance,0.5477
U003763,2026-01-01,none,0.7877
U003764,2026-01-01,none,0.3083
U003765,2026-01-01,streaming,0.2717
U003766,2026-01-01,software,0.5714
U003767,2026-01-01,insurance,0.3122
U003768,2026-01-01,none,0.7576
U003769,2026-01-01,none,0.7576
U003770,2026-01-01,insurance,0.4594
U003771,2026-01-01,cloud,0.8374
U003772,2026-01-01,software,0.3117
U003773,2026-01-01,none,0.5936
U003774,2026-01-01,music,0.3293
U003775,2026-01-01,insurance,0.5642
U003776,2026-01-01,none,0.3459
U003777,2026-01-01,cloud,0.5
U003778,2026-01-01,none,0.2834
U003779,2026-01-01,none,1.0
U003780,2026-01-01,cloud,0.3251
U003781,2026-01-01,mobile,0.3015
U003782,2026-01-01,gym,0.6981
U003783,2026-01-01,none,0.4572
U003784,2026-01-01,streaming,0.5487
U003785,2026-01-01,software,0.6459
U003786,2026-01-01,software,0.3349
U003787,2026-01-01,none,0.3221
U003788,2026-01-01,none,1.0
U003789,2026-01-01,music,0.4261
U003790,2026-01-01,none,0.7576
U003791,2026-01-01,none,0.3745
U003792,2026-01-01,software,0.4767
U003793,2026-01-01,mobile,0.2818
U003794,2026-01-01,gym,0.2733
U003795,2026-01-01,music,0.3769
U003796,2026-01-01,software,0.5714
U003797,2026-01-01,gym,0.3505
U003798,2026-01-01,streaming,0.2632
U003799,2026-01-01,none,0.7
U003800,2026-01-01,insurance,1.0
U003801,2026-01-01,music,0.3992
U003802,2026-01-01,none,0.3756
U003803,2026-01-01,software,0.5714
U003804,2026-01-01,music,0.4727
U003805,2026-01-01,software,0.4748
U003806,2026-01-01,none,0.3516
U003807,2026-01-01,none,0.4392
U003808,2026-01-01,streaming,0.3214
U003809,2026-01-01,mobile,0.5849
U003810,2026-01-01,cloud,0.5119
U003811,2026-01-01,none,0.294
U003812,2026-01-01,streaming,0.5705
U003813,2026-01-01,cloud,0.7055
U003814,2026-01-01,cloud,0.2635
U003815,2026-01-01,none,0.3544
U003816,2026-01-01,cloud,0.3457
U003817,2026-01-01,software,0.4053
U003818,2026-01-01,streaming,0.3844
U003819,2026-01-01,streaming,0.5489
U003820,2026-01-01,insurance,0.5208
U003821,2026-01-01,music,0.2605
U003822,2026-01-01,music,0.3206
U003823,2026-01-01,cloud,0.4733
U003824,2026-01-01,none,0.3002
U003825,2026-01-01,none,0.4243
U003826,2026-01-01,music,0.2973
U003827,2026-01-01,none,0.4441
U003828,2026-01-01,none,0.465
U003829,2026-01-01,none,0.4494
U003830,2026-01-01,none,0.2977
U003831,2026-01-01,none,0.4078
U003832,2026-01-01,software,0.6272
U003833,2026-01-01,none,0.3962
U003834,2026-01-01,none,0.3887
U003835,2026-01-01,none,0.7576
U003836,2026-01-01,none,0.7576
U003837,2026-01-01,streaming,0.3957
U003838,2026-01-01,gym,0.5744
U003839,2026-01-01,insurance,0.7835
U003840,2026-01-01,streaming,0.3044
U003841,2026-01-01,mobile,0.4899
U003842,2026-01-01,software,0.5328
U003843,2026-01-01,cloud,0.7055
U003844,2026-01-01,software,0.4967
U003845,2026-01-01,mobile,0.5143
U003846,2026-01-01,none,0.4145
U003847,2026-01-01,streaming,0.7879
U003848,2026-01-01,cloud,1.0
U003849,2026-01-01,mobile,0.3341
U003850,2026-01-01,music,0.8512
U003851,2026-01-01,none,1.0
U003852,2026-01-01,streaming,0.4058
U003853,2026-01-01,mobile,0.3678
U003854,2026-01-01,none,0.7576
U003855,2026-01-01,cloud,0.4097
U003856,2026-01-01,none,0.7576
U003857,2026-01-01,none,0.5501
U003858,2026-01-01,none,0.2961
U003859,2026-01-01,none,0.4136
U003860,2026-01-01,none,0.8333
U003861,2026-01-01,music,0.2585
U003862,2026-01-01,mobile,0.3324
U003863,2026-01-01,none,0.5482
U003864,2026-01-01,none,0.5522
U003865,2026-01-01,streaming,0.3208
U003866,2026-01-01,none,0.4434
U003867,2026-01-01,insurance,0.6684
U003868,2026-01-01,streaming,0.5745
U003869,2026-01-01,mobile,1.0
U003870,2026-01-01,none,1.0
U003871,2026-01-01,gym,0.5392
U003872,2026-01-01,music,0.2962
U003873,2026-01-01,none,0.7576
U003874,2026-01-01,none,0.7576
U003875,2026-01-01,software,0.3675
U003876,2026-01-01,mobile,0.4154
U003877,2026-01-01,cloud,0.5337
U003878,2026-01-01,none,0.4629
U003879,2026-01-01,cloud,0.8686
U003880,2026-01-01,streaming,0.561
U003881,2026-01-01,none,0.6567
U003882,2026-01-01,none,0.8
U003883,2026-01-01,none,0.3803
U003884,2026-01-01,software,0.3878
U003885,2026-01-01,cloud,0.5462
U003886,2026-01-01,cloud,0.2987
U003887,2026-01-01,insurance,0.6626
U003888,2026-01-01,none,0.5643
U003889,2026-01-01,mobile,0.3585
U003890,2026-01-01,mobile,0.2692
U003891,2026-01-01,none,0.3006
U003892,2026-01-01,none,0.5222
U003893,2026-01-01,streaming,0.3173
U003894,2026-01-01,none,0.4229
U003895,2026-01-01,music,0.5136
U003896,2026-01-01,streaming,0.4043
U003897,2026-01-01,software,0.4154
U003898,2026-01-01,gym,0.3282
U003899,2026-01-01,insurance,0.4202
U003900,2026-01-01,none,0.6137
U003901,2026-01-01,none,0.571
U003902,2026-01-01,insurance,0.2849
U003903,2026-01-01,none,0.7576
U003904,2026-01-01,gym,0.2959
U003905,2026-01-01,none,0.4377
U003906,2026-01-01,software,0.6489
U003907,2026-01-01,streaming,0.4257
U003908,2026-01-01,software,0.763
U003909,2026-01-01,streaming,0.5792
U003910,2026-01-01,none,0.3081
U003911,2026-01-01,none,1.0
U003912,2026-01-01,music,0.3812
U003913,2026-01-01,cloud,0.5488
U003914,2026-01-01,insurance,0.3592
U003915,2026-01-01,none,0.8333
U003916,2026-01-01,software,0.5714
U003917,2026-01-01,none,0.5534
U003918,2026-01-01,gym,0.6566
U003919,2026-01-01,none,0.5527
U003920,2026-01-01,none,0.7576
U003921,2026-01-01,mobile,0.5317
U003922,2026-01-01,insurance,1.0
U003923,2026-01-01,cloud,0.5583
U003924,2026-01-01,software,0.6215
U003925,2026-01-01,none,0.3121
U003926,2026-01-01,insurance,1.0
U003927,2026-01-01,music,1.0
U003928,2026-01-01,cloud,0.2622
U003929,2026-01-01,music,0.4094
U003930,2026-01-01,gym,0.3094
U003931,2026-01-01,gym,0.4136
U003932,2026-01-01,none,0.7576
U003933,2026-01-01,cloud,0.5462
U003934,2026-01-01,streaming,0.309
U003935,2026-01-01,none,0.4256
U003936,2026-01-01,none,0.373
U003937,2026-01-01,insurance,0.3402
U003938,2026-01-01,music,0.3534
U003939,2026-01-01,streaming,0.4076
U003940,2026-01-01,music,0.3149
U003941,2026-01-01,none,0.3416
U003942,2026-01-01,none,0.5951
U003943,2026-01-01,streaming,0.5436
U003944,2026-01-01,none,0.4212
U003945,2026-01-01,streaming,0.4815
U003946,2026-01-01,insurance,0.3598
U003947,2026-01-01,none,0.512
U003948,2026-01-01,gym,0.5
U003949,2026-01-01,streaming,0.2674
U003950,2026-01-01,none,0.3879
U003951,2026-01-01,music,1.0
U003952,2026-01-01,mobile,0.3543
U003953,2026-01-01,none,0.4265
U003954,2026-01-01,none,0.7576
U003955,2026-01-01,none,0.6467
U003956,2026-01-01,mobile,0.3432
U003957,2026-01-01,gym,0.3732
U003958,2026-01-01,none,0.5083
U003959,2026-01-01,music,0.4087
U003960,2026-01-01,mobile,0.6844
U003961,2026-01-01,music,0.2631
U003962,2026-01-01,none,0.352
U003963,2026-01-01,music,0.4833
U003964,2026-01-01,none,0.2887
U003965,2026-01-01,software,0.523
U003966,2026-01-01,none,0.5688
U003967,2026-01-01,none,0.4933
U003968,2026-01-01,none,0.7576
U003969,2026-01-01,music,0.3664
U003970,2026-01-01,mobile,0.3182
U003971,2026-01-01,streaming,0.8148
U003972,2026-01-01,streaming,0.3198
U003973,2026-01-01,none,0.4535
U003974,2026-01-01,none,0.377
U003975,2026-01-01,streaming,0.3992
U003976,2026-01-01,music,0.5523
U003977,2026-01-01,streaming,0.243
U003978,2026-01-01,cloud,0.3494
U003979,2026-01-01,music,0.683
U003980,2026-01-01,mobile,0.6007
U003981,2026-01-01,insurance,0.6009
U003982,2026-01-01,streaming,0.326
U003983,2026-01-01,streaming,0.6043
U003984,2026-01-01,mobile,0.7537
U003985,2026-01-01,streaming,0.2857
U003986,2026-01-01,music,0.5281
U003987,2026-01-01,none,0.7576
U003988,2026-01-01,music,0.3443
U003989,2026-01-01,none,0.3082
U003990,2026-01-01,software,0.5714
U003991,2026-01-01,streaming,0.365
U003992,2026-01-01,cloud,0.2385
U003993,2026-01-01,cloud,0.5458
U003994,2026-01-01,none,0.5698
U003995,2026-01-01,mobile,0.6976
U003996,2026-01-01,insurance,0.2378
U003997,2026-01-01,cloud,0.5827
U003998,2026-01-01,insurance,0.3381
U003999,2026-01-01,mobile,1.0
U004000,2026-01-01,music,0.5459
U004001,2026-01-01,insurance,0.7075
U004002,2026-01-01,insurance,0.3442
U004003,2026-01-01,none,0.4609
U004004,2026-01-01,streaming,0.3874
U004005,2026-01-01,cloud,0.508
U004006,2026-01-01,gym,0.6616
U004007,2026-01-01,insurance,0.4036
U004008,2026-01-01,insurance,0.4274
U004009,2026-01-01,cloud,0.6003
U004010,2026-01-01,none,0.3504
U004011,2026-01-01,insurance,1.0
U004012,2026-01-01,music,1.0
U004013,2026-01-01,insurance,0.3681
U004014,2026-01-01,cloud,0.8374
U004015,2026-01-01,insurance,0.7391
U004016,2026-01-01,insurance,0.7841
U004017,2026-01-01,none,0.5572
U004018,2026-01-01,music,0.5158
U004019,2026-01-01,none,0.7576
U004020,2026-01-01,streaming,0.5748
U004021,2026-01-01,streaming,0.5095
U004022,2026-01-01,none,0.3449
U004023,2026-01-01,cloud,0.4712
U004024,2026-01-01,streaming,0.4642
U004025,2026-01-01,streaming,0.5011
U004026,2026-01-01,gym,0.499
U004027,2026-01-01,mobile,0.3693
U004028,2026-01-01,insurance,0.3231
U004029,2026-01-01,music,0.4372
U004030,2026-01-01,software,0.8
U004031,2026-01-01,cloud,0.4621
U004032,2026-01-01,none,0.4607
U004033,2026-01-01,none,0.3313
U004034,2026-01-01,cloud,0.4525
U004035,2026-01-01,mobile,1.0
U004036,2026-01-01,streaming,0.2873
U004037,2026-01-01,none,0.7576
U004038,2026-01-01,none,0.2956
U004039,2026-01-01,music,0.4183
U004040,2026-01-01,streaming,0.2962
U004041,2026-01-01,none,0.366
U004042,2026-01-01,none,0.4632
U004043,2026-01-01,streaming,0.356
U004044,2026-01-01,software,0.3797
U004045,2026-01-01,none,0.538
U004046,2026-01-01,none,0.3703
U004047,2026-01-01,none,0.4099
U004048,2026-01-01,music,0.5731
U004049,2026-01-01,none,0.5361
U004050,2026-01-01,cloud,0.6414
U004051,2026-01-01,none,0.5083
U004052,2026-01-01,insurance,0.3338
U004053,2026-01-01,cloud,1.0
U004054,2026-01-01,none,0.5086
U004055,2026-01-01,mobile,0.2559
U004056,2026-01-01,streaming,0.6753
U004057,2026-01-01,cloud,0.5237
U004058,2026-01-01,music,0.4353
U004059,2026-01-01,none,0.596
U004060,2026-01-01,none,0.3572
U004061,2026-01-01,cloud,0.266
U004062,2026-01-01,none,0.5042
U004063,2026-01-01,mobile,0.3583
U004064,2026-01-01,cloud,0.3511
U004065,2026-01-01,cloud,0.8374
U004066,2026-01-01,gym,0.4687
U004067,2026-01-01,none,0.7576
U004068,2026-01-01,gym,0.349
U004069,2026-01-01,none,0.423
U004070,2026-01-01,mobile,0.5473
U004071,2026-01-01,none,0.411
U004072,2026-01-01,gym,0.3333
U004073,2026-01-01,music,0.2979
U004074,2026-01-01,insurance,0.6055
U004075,2026-01-01,software,0.2477
U004076,2026-01-01,mobile,0.3617
U004077,2026-01-01,insurance,0.55
U004078,2026-01-01,none,0.2493
U004079,2026-01-01,none,0.3307
U004080,2026-01-01,none,0.3351
U004081,2026-01-01,music,0.4826
U004082,2026-01-01,gym,1.0
U004083,2026-01-01,cloud,0.4684
U004084,2026-01-01,insurance,0.7137
U004085,2026-01-01,none,0.3271
U004086,2026-01-01,none,0.5812
U004087,2026-01-01,none,0.4443
U004088,2026-01-01,none,0.5561
U004089,2026-01-01,none,0.2298
U004090,2026-01-01,none,0.3406
U004091,2026-01-01,gym,0.761
U004092,2026-01-01,streaming,0.3419
U004093,2026-01-01,music,0.3695
U004094,2026-01-01,streaming,0.5496
U004095,2026-01-01,streaming,0.2777
U004096,2026-01-01,cloud,0.4714
U004097,2026-01-01,cloud,0.6342
U004098,2026-01-01,cloud,0.3808
U004099,2026-01-01,music,0.3011
U004100,2026-01-01,cloud,0.8686
U004101,2026-01-01,none,0.7576
U004102,2026-01-01,mobile,0.5849
U004103,2026-01-01,none,0.4308
U004104,2026-01-01,software,0.5576
U004105,2026-01-01,none,0.5263
U004106,2026-01-01,mobile,1.0
U004107,2026-01-01,cloud,0.5451
U004108,2026-01-01,cloud,0.4525
U004109,2026-01-01,streaming,0.3402
U004110,2026-01-01,none,0.5474
U004111,2026-01-01,none,0.3798
U004112,2026-01-01,none,0.4571
U004113,2026-01-01,insurance,0.4485
U004114,2026-01-01,gym,0.341
U004115,2026-01-01,streaming,0.617
U004116,2026-01-01,music,0.3027
U004117,2026-01-01,insurance,0.4367
U004118,2026-01-01,software,0.4516
U004119,2026-01-01,software,0.3222
U004120,2026-01-01,insurance,0.3445
U004121,2026-01-01,none,0.386
U004122,2026-01-01,none,0.3719
U004123,2026-01-01,insurance,0.5334
U004124,2026-01-01,mobile,1.0
U004125,2026-01-01,streaming,0.5559
U004126,2026-01-01,mobile,0.6431
U004127,2026-01-01,gym,1.0
U004128,2026-01-01,software,0.5407
U004129,2026-01-01,streaming,0.4407
U004130,2026-01-01,streaming,0.324
U004131,2026-01-01,cloud,1.0
U004132,2026-01-01,music,0.3678
U004133,2026-01-01,cloud,0.4543
U004134,2026-01-01,music,0.2519
U004135,2026-01-01,none,0.2994
U004136,2026-01-01,none,0.6033
U004137,2026-01-01,software,0.3774
U004138,2026-01-01,software,0.3377
U004139,2026-01-01,cloud,0.9163
U004140,2026-01-01,none,0.559
U004141,2026-01-01,insurance,0.3149
U004142,2026-01-01,streaming,0.2719
U004143,2026-01-01,cloud,0.583
U004144,2026-01-01,cloud,0.5
U004145,2026-01-01,insurance,0.7698
U004146,2026-01-01,none,0.2937
U004147,2026-01-01,music,0.3866
U004148,2026-01-01,music,0.7222
U004149,2026-01-01,streaming,0.3293
U004150,2026-01-01,insurance,0.4408
U004151,2026-01-01,music,0.3748
U004152,2026-01-01,none,0.354
U004153,2026-01-01,none,0.3085
U004154,2026-01-01,streaming,0.4832
U004155,2026-01-01,music,0.3971
U004156,2026-01-01,software,0.578
U004157,2026-01-01,music,0.4167
U004158,2026-01-01,none,0.4617
U004159,2026-01-01,none,0.6069
U004160,2026-01-01,gym,0.3152
U004161,2026-01-01,music,0.4556
U004162,2026-01-01,insurance,0.6699
U004163,2026-01-01,none,0.454
U004164,2026-01-01,none,0.4658
U004165,2026-01-01,gym,0.3434
U004166,2026-01-01,gym,0.75
U004167,2026-01-01,mobile,0.3379
U004168,2026-01-01,insurance,0.4685
U004169,2026-01-01,mobile,0.4665
U004170,2026-01-01,insurance,0.5311
U004171,2026-01-01,none,0.7576
U004172,2026-01-01,none,1.0
U004173,2026-01-01,streaming,0.3804
U004174,2026-01-01,cloud,0.3632
U004175,2026-01-01,music,0.3615
U004176,2026-01-01,none,0.3334
U004177,2026-01-01,none,0.2907
U004178,2026-01-01,none,0.4773
U004179,2026-01-01,insurance,0.3816
U004180,2026-01-01,music,0.2625
U004181,2026-01-01,music,0.4892
U004182,2026-01-01,mobile,1.0
U004183,2026-01-01,music,0.3875
U004184,2026-01-01,insurance,0.3128
U004185,2026-01-01,software,0.6186
U004186,2026-01-01,none,0.7576
U004187,2026-01-01,streaming,0.6667
U004188,2026-01-01,gym,0.5
U004189,2026-01-01,insurance,0.3797
U004190,2026-01-01,streaming,0.5437
U004191,2026-01-01,none,0.2266
U004192,2026-01-01,none,0.5601
U004193,2026-01-01,gym,0.4896
U004194,2026-01-01,streaming,0.3587
U004195,2026-01-01,cloud,0.661
U004196,2026-01-01,streaming,0.3422
U004197,2026-01-01,software,0.3356
U004198,2026-01-01,none,0.3698
U004199,2026-01-01,streaming,0.5158
U004200,2026-01-01,none,1.0
U004201,2026-01-01,gym,0.3283
U004202,2026-01-01,none,0.3733
U004203,2026-01-01,none,0.7576
U004204,2026-01-01,none,0.3701
U004205,2026-01-01,none,0.3124
U004206,2026-01-01,none,0.3892
U004207,2026-01-01,software,0.3941
U004208,2026-01-01,cloud,0.5
U004209,2026-01-01,insurance,0.3842
U004210,2026-01-01,software,1.0
U004211,2026-01-01,none,0.6566
U004212,2026-01-01,none,0.2646
U004213,2026-01-01,software,0.5434
U004214,2026-01-01,insurance,0.5
U004215,2026-01-01,none,0.33
U004216,2026-01-01,music,0.5661
U004217,2026-01-01,none,0.3347
U004218,2026-01-01,none,1.0
U004219,2026-01-01,none,0.617
U004220,2026-01-01,streaming,0.3523
U004221,2026-01-01,cloud,0.3501
U004222,2026-01-01,streaming,0.4485
U004223,2026-01-01,gym,0.3814
U004224,2026-01-01,gym,0.3617
U004225,2026-01-01,cloud,0.423
U004226,2026-01-01,mobile,0.4323
U004227,2026-01-01,insurance,0.3869
U004228,2026-01-01,software,0.6186
U004229,2026-01-01,none,0.3031
U004230,2026-01-01,none,0.4861
U004231,2026-01-01,none,0.3137
U004232,2026-01-01,insurance,0.3392
U004233,2026-01-01,none,0.2968
U004234,2026-01-01,mobile,0.5658
U004235,2026-01-01,none,0.3562
U004236,2026-01-01,none,0.2467
U004237,2026-01-01,mobile,0.3213
U004238,2026-01-01,music,0.3764
U004239,2026-01-01,none,0.5628
U004240,2026-01-01,insurance,0.3241
U004241,2026-01-01,none,0.5756
U004242,2026-01-01,mobile,0.4903
U004243,2026-01-01,music,0.3572
U004244,2026-01-01,none,0.2788
U004245,2026-01-01,none,0.3084
U004246,2026-01-01,none,0.7576
U004247,2026-01-01,none,0.7576
U004248,2026-01-01,mobile,0.8826
U004249,2026-01-01,streaming,0.3803
U004250,2026-01-01,insurance,0.2851
U004251,2026-01-01,none,0.3394
U004252,2026-01-01,music,0.7787
U004253,2026-01-01,mobile,0.2641
U004254,2026-01-01,none,0.4121
U004255,2026-01-01,music,0.3033
U004256,2026-01-01,none,0.3151
U004257,2026-01-01,music,1.0
U004258,2026-01-01,none,0.2869
U004259,2026-01-01,insurance,0.428
U004260,2026-01-01,none,0.2669
U004261,2026-01-01,none,0.7576
U004262,2026-01-01,none,0.3356
U004263,2026-01-01,none,0.7133
U004264,2026-01-01,none,0.3037
U004265,2026-01-01,streaming,0.3818
U004266,2026-01-01,software,0.2486
U004267,2026-01-01,none,0.589
U004268,2026-01-01,none,0.4203
U004269,2026-01-01,none,0.343
U004270,2026-01-01,streaming,0.4842
U004271,2026-01-01,none,0.4027
U004272,2026-01-01,streaming,0.2951
U004273,2026-01-01,streaming,0.3728
U004274,2026-01-01,streaming,0.6699
U004275,2026-01-01,insurance,0.3953
U004276,2026-01-01,none,0.3665
U004277,2026-01-01,insurance,0.4436
U004278,2026-01-01,insurance,0.3814
U004279,2026-01-01,none,1.0
U004280,2026-01-01,none,0.382
U004281,2026-01-01,insurance,0.3512
U004282,2026-01-01,mobile,0.2686
U004283,2026-01-01,streaming,0.2714
U004284,2026-01-01,none,0.3923
U004285,2026-01-01,mobile,1.0
U004286,2026-01-01,none,0.5336
U004287,2026-01-01,software,0.5714
U004288,2026-01-01,none,0.2502
U004289,2026-01-01,none,0.6255
U004290,2026-01-01,none,0.2214
U004291,2026-01-01,none,0.4519
U004292,2026-01-01,insurance,0.3485
U004293,2026-01-01,mobile,0.345
U004294,2026-01-01,cloud,0.8686
U004295,2026-01-01,streaming,0.4701
U004296,2026-01-01,none,0.323
U004297,2026-01-01,gym,0.354
U004298,2026-01-01,software,0.3023
U004299,2026-01-01,software,0.5878
U004300,2026-01-01,gym,0.2982
U004301,2026-01-01,streaming,0.2599
U004302,2026-01-01,none,0.4423
U004303,2026-01-01,none,0.522
U004304,2026-01-01,mobile,0.4272
U004305,2026-01-01,none,0.424
U004306,2026-01-01,none,0.3367
U004307,2026-01-01,none,0.4535
U004308,2026-01-01,none,0.5267
U004309,2026-01-01,insurance,0.4547
U004310,2026-01-01,mobile,1.0
U004311,2026-01-01,software,0.5714
U004312,2026-01-01,insurance,0.716
U004313,2026-01-01,software,0.5714
U004314,2026-01-01,streaming,0.4549
U004315,2026-01-01,gym,1.0
U004316,2026-01-01,none,0.576
U004317,2026-01-01,none,0.7576
U004318,2026-01-01,none,0.2772
U004319,2026-01-01,streaming,0.2909
U004320,2026-01-01,cloud,0.4488
U004321,2026-01-01,music,0.2972
U004322,2026-01-01,cloud,0.5821
U004323,2026-01-01,streaming,0.6901
U004324,2026-01-01,music,0.6376
U004325,2026-01-01,music,0.3902
U004326,2026-01-01,cloud,0.3502
U004327,2026-01-01,insurance,0.3988
U004328,2026-01-01,streaming,0.6645
U004329,2026-01-01,none,0.5322
U004330,2026-01-01,insurance,0.3842
U004331,2026-01-01,none,0.4351
U004332,2026-01-01,insurance,1.0
U004333,2026-01-01,cloud,0.4649
U004334,2026-01-01,gym,0.3106
U004335,2026-01-01,none,0.4193
U004336,2026-01-01,streaming,0.3319
U004337,2026-01-01,none,0.3335
U004338,2026-01-01,gym,0.75
U004339,2026-01-01,none,0.4615
U004340,2026-01-01,insurance,0.5241
U004341,2026-01-01,cloud,1.0
U004342,2026-01-01,insurance,0.5643
U004343,2026-01-01,music,0.4041
U004344,2026-01-01,none,0.3293
U004345,2026-01-01,none,0.4012
U004346,2026-01-01,none,0.7576
U004347,2026-01-01,cloud,0.2773
U004348,2026-01-01,music,0.3912
U004349,2026-01-01,cloud,0.3037
U004350,2026-01-01,software,0.4618
U004351,2026-01-01,mobile,0.6463
U004352,2026-01-01,none,0.4629
U004353,2026-01-01,mobile,0.4918
U004354,2026-01-01,cloud,0.5462
U004355,2026-01-01,insurance,0.5291
U004356,2026-01-01,none,0.4008
U004357,2026-01-01,mobile,0.7537
U004358,2026-01-01,mobile,0.4567
U004359,2026-01-01,mobile,0.6564
U004360,2026-01-01,insurance,0.4409
U004361,2026-01-01,streaming,0.3554
U004362,2026-01-01,cloud,0.5487
U004363,2026-01-01,none,0.3845
U004364,2026-01-01,insurance,0.2863
U004365,2026-01-01,none,1.0
U004366,2026-01-01,none,0.546
U004367,2026-01-01,none,0.4585
U004368,2026-01-01,streaming,0.4183
U004369,2026-01-01,none,0.4396
U004370,2026-01-01,cloud,0.5016
U004371,2026-01-01,none,0.7576
U004372,2026-01-01,mobile,0.4224
U004373,2026-01-01,none,0.3444
U004374,2026-01-01,none,0.4577
U004375,2026-01-01,none,0.3451
U004376,2026-01-01,insurance,0.5299
U004377,2026-01-01,streaming,0.5628
U004378,2026-01-01,none,0.3845
U004379,2026-01-01,mobile,0.2959
U004380,2026-01-01,mobile,0.6627
U004381,2026-01-01,none,0.3284
U004382,2026-01-01,mobile,0.2764
U004383,2026-01-01,none,0.7576
U004384,2026-01-01,gym,0.3206
U004385,2026-01-01,none,0.3111
U004386,2026-01-01,gym,0.8262
U004387,2026-01-01,none,0.6215
U004388,2026-01-01,software,0.4664
U004389,2026-01-01,cloud,0.2817
U004390,2026-01-01,none,0.4293
U004391,2026-01-01,gym,0.42
U004392,2026-01-01,cloud,0.5
U004393,2026-01-01,none,0.7576
U004394,2026-01-01,none,0.5402
U004395,2026-01-01,none,0.3835
U004396,2026-01-01,streaming,0.2293
U004397,2026-01-01,none,0.7576
U004398,2026-01-01,insurance,0.3668
U004399,2026-01-01,none,0.8
U004400,2026-01-01,none,0.3103
U004401,2026-01-01,mobile,0.3234
U004402,2026-01-01,none,0.3618
U004403,2026-01-01,gym,1.0
U004404,2026-01-01,insurance,0.4342
U004405,2026-01-01,none,0.4121
U004406,2026-01-01,none,0.3845
U004407,2026-01-01,cloud,0.2772
U004408,2026-01-01,streaming,0.3287
U004409,2026-01-01,insurance,0.5477
U004410,2026-01-01,none,0.2872
U004411,2026-01-01,insurance,0.8
U004412,2026-01-01,none,0.3152
U004413,2026-01-01,none,0.7576
U004414,2026-01-01,insurance,1.0
U004415,2026-01-01,insurance,0.5
U004416,2026-01-01,insurance,0.5745
U004417,2026-01-01,music,0.291
U004418,2026-01-01,none,0.5
U004419,2026-01-01,streaming,0.3575
U004420,2026-01-01,music,0.7233
U004421,2026-01-01,streaming,0.5486
U004422,2026-01-01,none,1.0
U004423,2026-01-01,none,0.4461
U004424,2026-01-01,none,0.51
U004425,2026-01-01,mobile,0.4733
U004426,2026-01-01,none,0.3656
U004427,2026-01-01,music,0.2928
U004428,2026-01-01,none,0.3748
U004429,2026-01-01,mobile,0.7354
U004430,2026-01-01,gym,0.7609
U004431,2026-01-01,software,0.3931
U004432,2026-01-01,none,0.662
U004433,2026-01-01,cloud,0.5462
U004434,2026-01-01,music,0.5113
U004435,2026-01-01,streaming,0.4928
U004436,2026-01-01,none,0.7576
U004437,2026-01-01,streaming,0.4072
U004438,2026-01-01,gym,0.252
U004439,2026-01-01,insurance,0.2971
U004440,2026-01-01,streaming,0.7359
U004441,2026-01-01,insurance,0.3462
U004442,2026-01-01,none,0.4549
U004443,2026-01-01,none,0.5037
U004444,2026-01-01,insurance,0.2967
U004445,2026-01-01,streaming,0.4121
U004446,2026-01-01,cloud,0.5523
U004447,2026-01-01,streaming,0.6184
U004448,2026-01-01,streaming,0.4133
U004449,2026-01-01,music,0.3163
U004450,2026-01-01,insurance,0.3831
U004451,2026-01-01,none,0.5021
U004452,2026-01-01,none,0.3186
U004453,2026-01-01,insurance,0.5698
U004454,2026-01-01,streaming,0.3668
U004455,2026-01-01,streaming,0.5648
U004456,2026-01-01,cloud,0.4317
U004457,2026-01-01,none,0.3333
U004458,2026-01-01,cloud,0.2552
U004459,2026-01-01,gym,0.3819
U004460,2026-01-01,insurance,0.4109
U004461,2026-01-01,cloud,0.304
U004462,2026-01-01,cloud,0.5898
U004463,2026-01-01,insurance,0.447
U004464,2026-01-01,none,0.3336
U004465,2026-01-01,insurance,0.3932
U004466,2026-01-01,software,0.4733
U004467,2026-01-01,software,0.4466
U004468,2026-01-01,streaming,0.9106
U004469,2026-01-01,streaming,0.7955
U004470,2026-01-01,none,0.7512
U004471,2026-01-01,cloud,0.3283
U004472,2026-01-01,none,0.5
U004473,2026-01-01,none,0.5214
U004474,2026-01-01,music,0.5962
U004475,2026-01-01,cloud,0.2819
U004476,2026-01-01,mobile,0.3953
U004477,2026-01-01,insurance,0.5126
U004478,2026-01-01,gym,0.3432
U004479,2026-01-01,streaming,0.4136
U004480,2026-01-01,music,0.2931
U004481,2026-01-01,cloud,0.617
U004482,2026-01-01,none,0.598
U004483,2026-01-01,none,0.44
U004484,2026-01-01,none,0.7576
U004485,2026-01-01,insurance,0.5186
U004486,2026-01-01,software,0.4861
U004487,2026-01-01,insurance,0.308
U004488,2026-01-01,streaming,0.7207
U004489,2026-01-01,insurance,0.4431
U004490,2026-01-01,insurance,0.3084
U004491,2026-01-01,insurance,0.5964
U004492,2026-01-01,gym,0.4511
U004493,2026-01-01,none,0.281
U004494,2026-01-01,music,0.4888
U004495,2026-01-01,gym,0.7607
U004496,2026-01-01,none,0.5656
U004497,2026-01-01,streaming,0.413
U004498,2026-01-01,cloud,0.4485
U004499,2026-01-01,streaming,0.3397
U004500,2026-01-01,insurance,0.3261
U004501,2026-01-01,none,0.2738
U004502,2026-01-01,insurance,0.3112
U004503,2026-01-01,none,0.3278
U004504,2026-01-01,insurance,0.4009
U004505,2026-01-01,cloud,0.5262
U004506,2026-01-01,none,0.4243
U004507,2026-01-01,none,0.3388
U004508,2026-01-01,none,0.7576
U004509,2026-01-01,none,0.5536
U004510,2026-01-01,insurance,0.7827
U004511,2026-01-01,mobile,1.0
U004512,2026-01-01,streaming,0.425
U004513,2026-01-01,none,0.2358
U004514,2026-01-01,insurance,0.5107
U004515,2026-01-01,music,0.7261
U004516,2026-01-01,insurance,0.3992
U004517,2026-01-01,music,0.4336
U004518,2026-01-01,mobile,0.3885
U004519,2026-01-01,none,0.7576
U004520,2026-01-01,streaming,0.3907
U004521,2026-01-01,gym,0.2876
U004522,2026-01-01,insurance,0.455
U004523,2026-01-01,streaming,0.3445
U004524,2026-01-01,cloud,0.5
U004525,2026-01-01,gym,0.4844
U004526,2026-01-01,cloud,0.7534
U004527,2026-01-01,cloud,0.4924
U004528,2026-01-01,streaming,0.391
U004529,2026-01-01,software,0.4806
U004530,2026-01-01,music,0.4375
U004531,2026-01-01,mobile,0.2939
U004532,2026-01-01,music,0.6966
U004533,2026-01-01,gym,0.5011
U004534,2026-01-01,none,0.3621
U004535,2026-01-01,mobile,0.4315
U004536,2026-01-01,none,0.3546
U004537,2026-01-01,streaming,0.3301
U004538,2026-01-01,insurance,1.0
U004539,2026-01-01,none,0.3675
U004540,2026-01-01,none,0.5858
U004541,2026-01-01,music,0.4022
U004542,2026-01-01,mobile,0.4918
U004543,2026-01-01,none,0.3034
U004544,2026-01-01,insurance,0.648
U004545,2026-01-01,software,0.6615
U004546,2026-01-01,none,0.5
U004547,2026-01-01,software,0.8
U004548,2026-01-01,software,0.5714
U004549,2026-01-01,none,0.3344
U004550,2026-01-01,gym,0.3953
U004551,2026-01-01,none,0.4334
U004552,2026-01-01,streaming,0.4576
U004553,2026-01-01,streaming,0.4968
U004554,2026-01-01,none,0.4501
U004555,2026-01-01,software,0.3757
U004556,2026-01-01,mobile,0.4729
U004557,2026-01-01,software,0.5576
U004558,2026-01-01,streaming,0.491
U004559,2026-01-01,mobile,0.3119
U004560,2026-01-01,none,0.6073
U004561,2026-01-01,none,0.44
U004562,2026-01-01,none,0.4916
U004563,2026-01-01,none,0.4381
U004564,2026-01-01,music,0.3777
U004565,2026-01-01,software,0.2742
U004566,2026-01-01,gym,0.2445
U004567,2026-01-01,streaming,0.3612
U004568,2026-01-01,music,0.491
U004569,2026-01-01,mobile,0.3991
U004570,2026-01-01,insurance,0.3612
U004571,2026-01-01,streaming,0.3543
U004572,2026-01-01,none,0.7576
U004573,2026-01-01,music,0.2807
U004574,2026-01-01,none,0.5771
U004575,2026-01-01,cloud,0.5
U004576,2026-01-01,none,0.6093
U004577,2026-01-01,streaming,0.365
U004578,2026-01-01,none,0.3088
U004579,2026-01-01,mobile,0.7325
U004580,2026-01-01,streaming,0.476
U004581,2026-01-01,none,0.5935
U004582,2026-01-01,none,0.4536
U004583,2026-01-01,none,0.4504
U004584,2026-01-01,none,0.3954
U004585,2026-01-01,streaming,0.4212
U004586,2026-01-01,insurance,0.6683
U004587,2026-01-01,music,0.2668
U004588,2026-01-01,insurance,0.4721
U004589,2026-01-01,cloud,0.4247
U004590,2026-01-01,music,0.3971
U004591,2026-01-01,none,0.7
U004592,2026-01-01,cloud,0.4591
U004593,2026-01-01,insurance,0.3747
U004594,2026-01-01,none,0.4049
U004595,2026-01-01,mobile,0.5431
U004596,2026-01-01,software,0.5193
U004597,2026-01-01,none,0.5617
U004598,2026-01-01,insurance,0.564
U004599,2026-01-01,music,0.5714
U004600,2026-01-01,insurance,0.4177
U004601,2026-01-01,music,0.2962
U004602,2026-01-01,none,0.2726
U004603,2026-01-01,none,0.5566
U004604,2026-01-01,none,0.6797
U004605,2026-01-01,none,0.5474
U004606,2026-01-01,music,0.312
U004607,2026-01-01,music,0.3992
U004608,2026-01-01,none,0.3232
U004609,2026-01-01,streaming,0.4504
U004610,2026-01-01,none,0.4225
U004611,2026-01-01,insurance,0.454
U004612,2026-01-01,music,0.4048
U004613,2026-01-01,insurance,0.5631
U004614,2026-01-01,music,0.3081
U004615,2026-01-01,streaming,1.0
U004616,2026-01-01,gym,0.2543
U004617,2026-01-01,streaming,0.4886
U004618,2026-01-01,insurance,0.5244
U004619,2026-01-01,insurance,0.4096
U004620,2026-01-01,none,0.3519
U004621,2026-01-01,none,0.3242
U004622,2026-01-01,music,0.3796
U004623,2026-01-01,insurance,0.6975
U004624,2026-01-01,none,0.3013
U004625,2026-01-01,cloud,0.704
U004626,2026-01-01,streaming,0.5473
U004627,2026-01-01,none,0.4916
U004628,2026-01-01,software,0.4831
U004629,2026-01-01,software,0.3257
U004630,2026-01-01,none,0.4662
U004631,2026-01-01,music,0.2834
U004632,2026-01-01,insurance,0.4552
U004633,2026-01-01,none,0.5951
U004634,2026-01-01,none,0.4177
U004635,2026-01-01,streaming,0.3905
U004636,2026-01-01,mobile,0.3839
U004637,2026-01-01,streaming,0.2937
U004638,2026-01-01,music,0.2647
U004639,2026-01-01,none,0.3195
U004640,2026-01-01,none,0.4106
U004641,2026-01-01,insurance,0.4877
U004642,2026-01-01,none,0.3075
U004643,2026-01-01,gym,0.3793
U004644,2026-01-01,insurance,0.6209
U004645,2026-01-01,software,0.3338
U004646,2026-01-01,streaming,0.3006
U004647,2026-01-01,none,1.0
U004648,2026-01-01,music,0.4376
U004649,2026-01-01,insurance,0.3784
U004650,2026-01-01,gym,0.4151
U004651,2026-01-01,mobile,1.0
U004652,2026-01-01,streaming,0.4726
U004653,2026-01-01,streaming,0.4196
U004654,2026-01-01,none,0.7576
U004655,2026-01-01,none,0.3538
U004656,2026-01-01,cloud,0.3164
U004657,2026-01-01,cloud,0.3283
U004658,2026-01-01,none,0.4849
U004659,2026-01-01,none,1.0
U004660,2026-01-01,streaming,0.319
U004661,2026-01-01,none,0.2762
U004662,2026-01-01,none,1.0
U004663,2026-01-01,gym,0.7036
U004664,2026-01-01,insurance,0.4352
U004665,2026-01-01,insurance,0.4317
U004666,2026-01-01,none,0.7576
U004667,2026-01-01,streaming,0.423
U004668,2026-01-01,cloud,0.6581
U004669,2026-01-01,music,0.3759
U004670,2026-01-01,mobile,0.6587
U004671,2026-01-01,none,0.5002
U004672,2026-01-01,music,0.5472
U004673,2026-01-01,none,1.0
U004674,2026-01-01,none,0.6145
U004675,2026-01-01,insurance,0.2541
U004676,2026-01-01,none,0.7576
U004677,2026-01-01,cloud,0.4232
U004678,2026-01-01,insurance,0.3298
U004679,2026-01-01,none,0.6667
U004680,2026-01-01,gym,0.75
U004681,2026-01-01,gym,0.5241
U004682,2026-01-01,insurance,0.3259
U004683,2026-01-01,streaming,0.3886
U004684,2026-01-01,streaming,0.3555
U004685,2026-01-01,none,0.5661
U004686,2026-01-01,none,0.7576
U004687,2026-01-01,none,1.0
U004688,2026-01-01,none,0.4497
U004689,2026-01-01,insurance,0.3635
U004690,2026-01-01,insurance,0.5162
U004691,2026-01-01,none,0.4927
U004692,2026-01-01,music,1.0
U004693,2026-01-01,none,0.4635
U004694,2026-01-01,streaming,0.3692
U004695,2026-01-01,none,0.5736
U004696,2026-01-01,insurance,0.4858
U004697,2026-01-01,insurance,0.3588
U004698,2026-01-01,insurance,0.6002
U004699,2026-01-01,insurance,1.0
U004700,2026-01-01,none,0.3783
U004701,2026-01-01,streaming,1.0
U004702,2026-01-01,cloud,0.4817
U004703,2026-01-01,cloud,0.2961
U004704,2026-01-01,none,0.3368
U004705,2026-01-01,mobile,0.3498
U004706,2026-01-01,none,0.4218
U004707,2026-01-01,gym,0.2834
U004708,2026-01-01,streaming,0.2975
U004709,2026-01-01,none,0.547
U004710,2026-01-01,insurance,0.5097
U004711,2026-01-01,none,0.4008
U004712,2026-01-01,insurance,0.5764
U004713,2026-01-01,mobile,0.6688
U004714,2026-01-01,none,0.533
U004715,2026-01-01,none,0.5803
U004716,2026-01-01,mobile,0.4783
U004717,2026-01-01,software,0.5531
U004718,2026-01-01,gym,0.4174
U004719,2026-01-01,none,0.3209
U004720,2026-01-01,none,0.5711
U004721,2026-01-01,mobile,0.2632
U004722,2026-01-01,music,0.5805
U004723,2026-01-01,mobile,0.4645
U004724,2026-01-01,cloud,0.9102
U004725,2026-01-01,streaming,0.4662
U004726,2026-01-01,insurance,0.4996
U004727,2026-01-01,music,0.359
U004728,2026-01-01,cloud,0.3452
U004729,2026-01-01,insurance,0.3866
U004730,2026-01-01,none,0.4502
U004731,2026-01-01,music,0.5072
U004732,2026-01-01,none,0.352
U004733,2026-01-01,none,0.2696
U004734,2026-01-01,software,0.3999
U004735,2026-01-01,none,0.5
U004736,2026-01-01,music,0.3418
U004737,2026-01-01,streaming,0.7037
U004738,2026-01-01,streaming,0.2969
U004739,2026-01-01,cloud,0.2621
U004740,2026-01-01,music,0.3098
U004741,2026-01-01,none,0.345
U004742,2026-01-01,none,0.3726
U004743,2026-01-01,software,0.3675
U004744,2026-01-01,none,0.6249
U004745,2026-01-01,insurance,0.3702
U004746,2026-01-01,none,0.6302
U004747,2026-01-01,gym,0.7278
U004748,2026-01-01,none,0.441
U004749,2026-01-01,gym,0.297
U004750,2026-01-01,none,0.4562
U004751,2026-01-01,none,0.3951
U004752,2026-01-01,music,0.6836
U004753,2026-01-01,software,1.0
U004754,2026-01-01,cloud,0.4533
U004755,2026-01-01,streaming,0.5414
U004756,2026-01-01,streaming,0.5251
U004757,2026-01-01,music,0.4483
U004758,2026-01-01,none,0.8333
U004759,2026-01-01,mobile,0.3709
U004760,2026-01-01,insurance,0.649
U004761,2026-01-01,none,0.3934
U004762,2026-01-01,insurance,0.5363
U004763,2026-01-01,software,0.4012
U004764,2026-01-01,gym,0.3424
U004765,2026-01-01,insurance,0.3567
U004766,2026-01-01,none,0.4325
U004767,2026-01-01,none,0.2895
U004768,2026-01-01,gym,0.3252
U004769,2026-01-01,cloud,0.8374
U004770,2026-01-01,music,0.452
U004771,2026-01-01,streaming,0.3089
U004772,2026-01-01,music,0.5224
U004773,2026-01-01,none,0.5736
U004774,2026-01-01,cloud,0.7588
U004775,2026-01-01,mobile,0.327
U004776,2026-01-01,insurance,0.607
U004777,2026-01-01,none,0.3634
U004778,2026-01-01,none,0.3956
U004779,2026-01-01,insurance,0.5342
U004780,2026-01-01,mobile,0.3178
U004781,2026-01-01,none,0.5
U004782,2026-01-01,cloud,0.4727
U004783,2026-01-01,music,0.583
U004784,2026-01-01,none,0.5951
U004785,2026-01-01,cloud,0.3184
U004786,2026-01-01,music,1.0
U004787,2026-01-01,cloud,1.0
U004788,2026-01-01,none,1.0
U004789,2026-01-01,music,0.3768
U004790,2026-01-01,software,0.4649
U004791,2026-01-01,none,0.3928
U004792,2026-01-01,none,0.2973
U004793,2026-01-01,mobile,0.3775
U004794,2026-01-01,none,0.7576
U004795,2026-01-01,none,0.7576
U004796,2026-01-01,none,0.7576
U004797,2026-01-01,streaming,0.3386
U004798,2026-01-01,mobile,0.3644
U004799,2026-01-01,insurance,0.2994
U004800,2026-01-01,none,0.4148
U004801,2026-01-01,mobile,0.3463
U004802,2026-01-01,none,0.7
U004803,2026-01-01,none,0.3345
U004804,2026-01-01,gym,0.3185
U004805,2026-01-01,cloud,0.3671
U004806,2026-01-01,cloud,1.0
U004807,2026-01-01,none,0.3965
U004808,2026-01-01,streaming,0.3524
U004809,2026-01-01,music,0.5426
U004810,2026-01-01,mobile,0.4345
U004811,2026-01-01,mobile,0.6976
U004812,2026-01-01,streaming,0.442
U004813,2026-01-01,cloud,0.3836
U004814,2026-01-01,mobile,0.282
U004815,2026-01-01,none,0.3369
U004816,2026-01-01,music,0.2356
U004817,2026-01-01,music,0.3332
U004818,2026-01-01,cloud,0.6273
U004819,2026-01-01,cloud,0.4637
U004820,2026-01-01,software,0.2783
U004821,2026-01-01,none,0.3256
U004822,2026-01-01,none,0.4807
U004823,2026-01-01,music,0.3213
U004824,2026-01-01,music,0.3154
U004825,2026-01-01,insurance,0.6667
U004826,2026-01-01,music,0.2616
U004827,2026-01-01,streaming,0.4155
U004828,2026-01-01,none,0.4036
U004829,2026-01-01,software,0.7989
U004830,2026-01-01,none,0.3047
U004831,2026-01-01,insurance,0.5984
U004832,2026-01-01,music,0.4694
U004833,2026-01-01,streaming,0.4181
U004834,2026-01-01,none,0.4234
U004835,2026-01-01,gym,0.4749
U004836,2026-01-01,mobile,0.3074
U004837,2026-01-01,none,0.6667
U004838,2026-01-01,insurance,0.3428
U004839,2026-01-01,insurance,0.3845
U004840,2026-01-01,cloud,0.2948
U004841,2026-01-01,none,0.6129
U004842,2026-01-01,none,0.5057
U004843,2026-01-01,none,0.2311
U004844,2026-01-01,none,0.7668
U004845,2026-01-01,none,0.3334
U004846,2026-01-01,none,0.3952
U004847,2026-01-01,none,0.2477
U004848,2026-01-01,insurance,0.365
U004849,2026-01-01,mobile,1.0
U004850,2026-01-01,none,0.4415
U004851,2026-01-01,none,0.3886
U004852,2026-01-01,streaming,1.0
U004853,2026-01-01,music,0.4165
U004854,2026-01-01,software,0.3622
U004855,2026-01-01,cloud,0.5345
U004856,2026-01-01,gym,0.4519
U004857,2026-01-01,none,0.5613
U004858,2026-01-01,cloud,1.0
U004859,2026-01-01,music,0.2839
U004860,2026-01-01,none,0.5005
U004861,2026-01-01,none,0.6667
U004862,2026-01-01,insurance,0.4214
U004863,2026-01-01,music,0.4406
U004864,2026-01-01,cloud,0.4642
U004865,2026-01-01,streaming,0.4402
U004866,2026-01-01,none,0.4804
U004867,2026-01-01,insurance,0.3685
U004868,2026-01-01,cloud,0.3573
U004869,2026-01-01,none,0.6039
U004870,2026-01-01,music,0.454
U004871,2026-01-01,insurance,0.2934
U004872,2026-01-01,software,0.4637
U004873,2026-01-01,insurance,0.5643
U004874,2026-01-01,none,0.3679
U004875,2026-01-01,streaming,0.6762
U004876,2026-01-01,software,0.7043
U004877,2026-01-01,none,0.3374
U004878,2026-01-01,none,0.4136
U004879,2026-01-01,insurance,0.4771
U004880,2026-01-01,cloud,0.5435
U004881,2026-01-01,cloud,0.4872
U004882,2026-01-01,streaming,0.4304
U004883,2026-01-01,none,0.7
U004884,2026-01-01,software,1.0
U004885,2026-01-01,mobile,0.3612
U004886,2026-01-01,none,0.3082
U004887,2026-01-01,none,0.5302
U004888,2026-01-01,none,0.3397
U004889,2026-01-01,mobile,0.2506
U004890,2026-01-01,insurance,0.3829
U004891,2026-01-01,streaming,0.75
U004892,2026-01-01,none,0.2995
U004893,2026-01-01,mobile,0.3616
U004894,2026-01-01,streaming,0.3042
U004895,2026-01-01,none,0.3743
U004896,2026-01-01,insurance,0.291
U004897,2026-01-01,none,0.4496
U004898,2026-01-01,none,0.6267
U004899,2026-01-01,music,1.0
U004900,2026-01-01,none,0.4154
U004901,2026-01-01,streaming,0.326
U004902,2026-01-01,none,0.391
U004903,2026-01-01,music,0.3745
U004904,2026-01-01,insurance,0.3262
U004905,2026-01-01,insurance,0.4519
U004906,2026-01-01,insurance,0.5964
U004907,2026-01-01,mobile,0.3862
U004908,2026-01-01,cloud,0.4594
U004909,2026-01-01,cloud,0.3048
U004910,2026-01-01,streaming,0.3285
U004911,2026-01-01,mobile,0.8285
U004912,2026-01-01,mobile,0.3305
U004913,2026-01-01,none,0.5224
U004914,2026-01-01,none,0.6667
U004915,2026-01-01,music,0.36
U004916,2026-01-01,none,0.6667
U004917,2026-01-01,cloud,0.4445
U004918,2026-01-01,mobile,0.4328
U004919,2026-01-01,none,0.7576
U004920,2026-01-01,mobile,0.3157
U004921,2026-01-01,none,0.3357
U004922,2026-01-01,none,0.5533
U004923,2026-01-01,streaming,0.3582
U004924,2026-01-01,streaming,0.3298
U004925,2026-01-01,insurance,0.6349
U004926,2026-01-01,gym,0.4271
U004927,2026-01-01,streaming,0.2938
U004928,2026-01-01,none,0.8333
U004929,2026-01-01,insurance,1.0
U004930,2026-01-01,mobile,0.348
U004931,2026-01-01,mobile,0.3262
U004932,2026-01-01,insurance,0.5534
U004933,2026-01-01,cloud,1.0
U004934,2026-01-01,cloud,0.4904
U004935,2026-01-01,gym,0.8635
U004936,2026-01-01,none,0.4126
U004937,2026-01-01,music,0.3911
U004938,2026-01-01,streaming,0.4545
U004939,2026-01-01,none,0.327
U004940,2026-01-01,none,0.4186
U004941,2026-01-01,streaming,0.524
U004942,2026-01-01,insurance,0.2913
U004943,2026-01-01,insurance,0.3896
U004944,2026-01-01,insurance,0.558
U004945,2026-01-01,mobile,0.3538
U004946,2026-01-01,streaming,0.5917
U004947,2026-01-01,none,0.7576
U004948,2026-01-01,streaming,0.4163
U004949,2026-01-01,none,0.3528
U004950,2026-01-01,streaming,0.2981
U004951,2026-01-01,insurance,0.3338
U004952,2026-01-01,cloud,0.4018
U004953,2026-01-01,none,0.5854
U004954,2026-01-01,gym,0.3377
U004955,2026-01-01,mobile,0.1907
U004956,2026-01-01,insurance,0.4661
U004957,2026-01-01,none,0.3468
U004958,2026-01-01,mobile,0.4089
U004959,2026-01-01,insurance,0.5643
U004960,2026-01-01,cloud,0.3013
U004961,2026-01-01,none,0.2891
U004962,2026-01-01,gym,0.4372
U004963,2026-01-01,none,0.5
U004964,2026-01-01,cloud,0.6961
U004965,2026-01-01,cloud,0.2685
U004966,2026-01-01,software,0.5229
U004967,2026-01-01,insurance,0.3247
U004968,2026-01-01,gym,0.2717
U004969,2026-01-01,cloud,0.3594
U004970,2026-01-01,mobile,0.5036
U004971,2026-01-01,none,0.3023
U004972,2026-01-01,music,0.5133
U004973,2026-01-01,music,0.3646
U004974,2026-01-01,gym,0.6245
U004975,2026-01-01,none,0.335
U004976,2026-01-01,music,0.3865
U004977,2026-01-01,streaming,0.3837
U004978,2026-01-01,gym,0.3699
U004979,2026-01-01,none,0.4497
U004980,2026-01-01,none,0.7576
U004981,2026-01-01,none,0.6144
U004982,2026-01-01,cloud,0.483
U004983,2026-01-01,cloud,0.4807
U004984,2026-01-01,music,0.3116
U004985,2026-01-01,music,0.6017
U004986,2026-01-01,mobile,0.9633
U004987,2026-01-01,music,0.3002
U004988,2026-01-01,gym,0.5321
U004989,2026-01-01,software,0.4566
U004990,2026-01-01,none,0.3133
U004991,2026-01-01,none,0.3792
U004992,2026-01-01,software,0.6128
U004993,2026-01-01,none,0.3212
U004994,2026-01-01,software,0.4679
U004995,2026-01-01,none,0.3801
U004996,2026-01-01,software,0.5714
U004997,2026-01-01,streaming,0.4358
U004998,2026-01-01,none,0.7576
U004999,2026-01-01,mobile,0.3648
U005000,2026-01-01,music,0.3515
U005001,2026-01-01,insurance,0.4617
U005002,2026-01-01,none,0.8333
U005003,2026-01-01,music,0.3759
U005004,2026-01-01,streaming,0.4494
U005005,2026-01-01,none,0.2885
U005006,2026-01-01,insurance,0.2867
U005007,2026-01-01,streaming,0.3538
U005008,2026-01-01,insurance,0.5
U005009,2026-01-01,streaming,0.61
U005010,2026-01-01,gym,0.2669
U005011,2026-01-01,music,0.3175
U005012,2026-01-01,none,0.7576
U005013,2026-01-01,none,0.5405
U005014,2026-01-01,mobile,0.7784
U005015,2026-01-01,none,0.3908
U005016,2026-01-01,streaming,0.3939
U005017,2026-01-01,none,0.6616
U005018,2026-01-01,cloud,0.8133
U005019,2026-01-01,gym,0.4008
U005020,2026-01-01,music,0.2655
U005021,2026-01-01,none,0.8333
U005022,2026-01-01,music,0.2946
U005023,2026-01-01,software,0.398
U005024,2026-01-01,mobile,0.3311
U005025,2026-01-01,none,0.3718
U005026,2026-01-01,insurance,0.4089
U005027,2026-01-01,none,0.4918
U005028,2026-01-01,cloud,0.5923
U005029,2026-01-01,gym,0.3854
U005030,2026-01-01,mobile,0.3206
U005031,2026-01-01,streaming,0.5242
U005032,2026-01-01,none,0.3267
U005033,2026-01-01,mobile,0.5455
U005034,2026-01-01,streaming,0.3264
U005035,2026-01-01,insurance,0.3664
U005036,2026-01-01,insurance,0.7529
U005037,2026-01-01,software,0.48
U005038,2026-01-01,none,0.588
U005039,2026-01-01,cloud,0.5462
U005040,2026-01-01,mobile,1.0
U005041,2026-01-01,streaming,0.3957
U005042,2026-01-01,music,1.0
U005043,2026-01-01,cloud,0.4587
U005044,2026-01-01,streaming,0.5811
U005045,2026-01-01,none,0.3167
U005046,2026-01-01,cloud,0.2964
U005047,2026-01-01,none,0.7576
U005048,2026-01-01,mobile,0.3333
U005049,2026-01-01,insurance,1.0
U005050,2026-01-01,streaming,0.5718
U005051,2026-01-01,software,0.6622
U005052,2026-01-01,streaming,0.3902
U005053,2026-01-01,cloud,0.3236
U005054,2026-01-01,music,0.5
U005055,2026-01-01,cloud,0.4924
U005056,2026-01-01,cloud,0.9082
U005057,2026-01-01,streaming,0.3718
U005058,2026-01-01,streaming,0.4375
U005059,2026-01-01,insurance,0.3184
U005060,2026-01-01,insurance,0.3205
U005061,2026-01-01,insurance,0.3271
U005062,2026-01-01,none,0.7576
U005063,2026-01-01,insurance,0.3508
U005064,2026-01-01,none,0.7576
U005065,2026-01-01,mobile,0.378
U005066,2026-01-01,none,0.4142
U005067,2026-01-01,insurance,0.607
U005068,2026-01-01,none,0.6041
U005069,2026-01-01,streaming,0.5962
U005070,2026-01-01,software,0.3598
U005071,2026-01-01,none,0.311
U005072,2026-01-01,none,0.7576
U005073,2026-01-01,streaming,0.7298
U005074,2026-01-01,insurance,0.6035
U005075,2026-01-01,none,0.7576
U005076,2026-01-01,none,0.3911
U005077,2026-01-01,music,0.4013
U005078,2026-01-01,music,0.2855
U005079,2026-01-01,insurance,0.3175
U005080,2026-01-01,streaming,0.3314
U005081,2026-01-01,insurance,0.2801
U005082,2026-01-01,none,0.4284
U005083,2026-01-01,software,0.5343
U005084,2026-01-01,none,0.3266
U005085,2026-01-01,mobile,0.3332
U005086,2026-01-01,mobile,0.4312
U005087,2026-01-01,software,0.3721
U005088,2026-01-01,insurance,0.3109
U005089,2026-01-01,software,0.8748
U005090,2026-01-01,music,0.3842
U005091,2026-01-01,none,0.3544
U005092,2026-01-01,insurance,0.4394
U005093,2026-01-01,none,0.312
U005094,2026-01-01,none,0.3534
U005095,2026-01-01,none,0.7576
U005096,2026-01-01,none,0.3736
U005097,2026-01-01,mobile,1.0
U005098,2026-01-01,streaming,0.3774
U005099,2026-01-01,none,0.4834
U005100,2026-01-01,streaming,0.4186
U005101,2026-01-01,music,0.4416
U005102,2026-01-01,streaming,0.5952
U005103,2026-01-01,cloud,0.3185
U005104,2026-01-01,mobile,0.4304
U005105,2026-01-01,mobile,1.0
U005106,2026-01-01,none,0.4505
U005107,2026-01-01,none,0.4441
U005108,2026-01-01,none,0.3204
U005109,2026-01-01,none,0.5433
U005110,2026-01-01,none,0.3968
U005111,2026-01-01,none,0.4078
U005112,2026-01-01,insurance,0.5166
U005113,2026-01-01,none,0.2846
U005114,2026-01-01,none,0.3176
U005115,2026-01-01,cloud,0.7228
U005116,2026-01-01,none,0.5353
U005117,2026-01-01,insurance,0.3296
U005118,2026-01-01,software,1.0
U005119,2026-01-01,insurance,0.3807
U005120,2026-01-01,none,0.5762
U005121,2026-01-01,cloud,0.3907
U005122,2026-01-01,cloud,0.4924
U005123,2026-01-01,none,0.551
U005124,2026-01-01,streaming,0.5456
U005125,2026-01-01,insurance,0.6035
U005126,2026-01-01,mobile,0.7537
U005127,2026-01-01,mobile,0.6976
U005128,2026-01-01,none,0.462
U005129,2026-01-01,software,0.594
U005130,2026-01-01,insurance,0.7098
U005131,2026-01-01,streaming,0.481
U005132,2026-01-01,none,0.7576
U005133,2026-01-01,gym,1.0
U005134,2026-01-01,streaming,0.3323
U005135,2026-01-01,streaming,0.3595
U005136,2026-01-01,mobile,0.3009
U005137,2026-01-01,cloud,0.5615
U005138,2026-01-01,none,0.7576
U005139,2026-01-01,insurance,1.0
U005140,2026-01-01,gym,0.287
U005141,2026-01-01,gym,0.7556
U005142,2026-01-01,streaming,1.0
U005143,2026-01-01,cloud,0.5276
U005144,2026-01-01,insurance,0.3789
U005145,2026-01-01,none,0.4285
U005146,2026-01-01,none,0.4271
U005147,2026-01-01,none,0.2767
U005148,2026-01-01,none,0.4438
U005149,2026-01-01,music,1.0
U005150,2026-01-01,insurance,0.4585
U005151,2026-01-01,none,0.274
U005152,2026-01-01,mobile,0.4381
U005153,2026-01-01,insurance,0.6133
U005154,2026-01-01,none,0.6667
U005155,2026-01-01,insurance,0.5575
U005156,2026-01-01,none,0.4211
U005157,2026-01-01,none,0.3691
U005158,2026-01-01,insurance,0.4264
U005159,2026-01-01,mobile,0.4657
U005160,2026-01-01,insurance,0.3995
U005161,2026-01-01,cloud,0.5
U005162,2026-01-01,cloud,0.5102
U005163,2026-01-01,software,0.2377
U005164,2026-01-01,none,0.6806
U005165,2026-01-01,music,0.3663
U005166,2026-01-01,none,1.0
U005167,2026-01-01,music,0.3615
U005168,2026-01-01,music,0.3587
U005169,2026-01-01,streaming,0.5129
U005170,2026-01-01,music,0.3944
U005171,2026-01-01,streaming,0.5383
U005172,2026-01-01,none,0.3006
U005173,2026-01-01,none,0.3355
U005174,2026-01-01,none,0.7576
U005175,2026-01-01,none,0.7576
U005176,2026-01-01,none,0.7576
U005177,2026-01-01,none,0.3187
U005178,2026-01-01,mobile,0.3346
U005179,2026-01-01,none,1.0
U005180,2026-01-01,software,0.4687
U005181,2026-01-01,cloud,0.4699
U005182,2026-01-01,insurance,0.6667
U005183,2026-01-01,insurance,0.4532
U005184,2026-01-01,none,0.5
U005185,2026-01-01,insurance,0.5
U005186,2026-01-01,gym,0.3667
U005187,2026-01-01,music,0.53
U005188,2026-01-01,none,0.6387
U005189,2026-01-01,none,0.4365
U005190,2026-01-01,none,0.5648
U005191,2026-01-01,none,0.4127
U005192,2026-01-01,none,0.2711
U005193,2026-01-01,streaming,0.2576
U005194,2026-01-01,none,0.3749
U005195,2026-01-01,music,1.0
U005196,2026-01-01,none,0.5
U005197,2026-01-01,cloud,0.4082
U005198,2026-01-01,insurance,0.3333
U005199,2026-01-01,mobile,0.6228
U005200,2026-01-01,music,0.4176
U005201,2026-01-01,cloud,0.2873
U005202,2026-01-01,music,0.683
U005203,2026-01-01,cloud,0.3261
U005204,2026-01-01,insurance,0.3463
U005205,2026-01-01,none,0.7576
U005206,2026-01-01,insurance,0.3794
U005207,2026-01-01,none,0.3061
U005208,2026-01-01,cloud,1.0
U005209,2026-01-01,gym,0.8195
U005210,2026-01-01,none,0.3911
U005211,2026-01-01,insurance,0.4326
U005212,2026-01-01,gym,1.0
U005213,2026-01-01,none,0.4951
U005214,2026-01-01,cloud,0.5
U005215,2026-01-01,cloud,0.3272
U005216,2026-01-01,none,0.3292
U005217,2026-01-01,music,0.4599
U005218,2026-01-01,mobile,0.5148
U005219,2026-01-01,none,0.7576
U005220,2026-01-01,software,0.6667
U005221,2026-01-01,cloud,0.4713
U005222,2026-01-01,gym,0.3571
U005223,2026-01-01,insurance,0.2791
U005224,2026-01-01,streaming,0.5631
U005225,2026-01-01,none,0.6073
U005226,2026-01-01,cloud,0.4996
U005227,2026-01-01,cloud,0.5805
U005228,2026-01-01,music,1.0
U005229,2026-01-01,streaming,0.4003
U005230,2026-01-01,music,0.2358
U005231,2026-01-01,cloud,0.35
U005232,2026-01-01,insurance,0.6684
U005233,2026-01-01,gym,0.6666
U005234,2026-01-01,software,0.4422
U005235,2026-01-01,none,1.0
U005236,2026-01-01,none,0.6498
U005237,2026-01-01,music,0.5714
U005238,2026-01-01,streaming,0.4278
U005239,2026-01-01,cloud,1.0
U005240,2026-01-01,cloud,0.5224
U005241,2026-01-01,none,0.4486
U005242,2026-01-01,insurance,0.4608
U005243,2026-01-01,insurance,0.3943
U005244,2026-01-01,streaming,0.4242
U005245,2026-01-01,insurance,0.459
U005246,2026-01-01,mobile,0.6748
U005247,2026-01-01,music,0.5171
U005248,2026-01-01,mobile,0.4201
U005249,2026-01-01,gym,0.7208
U005250,2026-01-01,streaming,0.3114
U005251,2026-01-01,insurance,0.3877
U005252,2026-01-01,none,0.8
U005253,2026-01-01,none,0.3118
U005254,2026-01-01,none,0.472
U005255,2026-01-01,streaming,0.359
U005256,2026-01-01,streaming,0.5197
U005257,2026-01-01,streaming,0.4431
U005258,2026-01-01,none,0.6547
U005259,2026-01-01,none,0.2336
U005260,2026-01-01,none,0.6284
U005261,2026-01-01,none,0.3796
U005262,2026-01-01,none,0.2764
U005263,2026-01-01,music,0.683
U005264,2026-01-01,none,0.8
U005265,2026-01-01,none,0.6427
U005266,2026-01-01,music,0.6552
U005267,2026-01-01,mobile,0.2979
U005268,2026-01-01,none,0.7576
U005269,2026-01-01,mobile,0.46
U005270,2026-01-01,streaming,0.5446
U005271,2026-01-01,insurance,0.3445
U005272,2026-01-01,mobile,0.253
U005273,2026-01-01,streaming,0.7359
U005274,2026-01-01,gym,0.2889
U005275,2026-01-01,mobile,1.0
U005276,2026-01-01,gym,1.0
U005277,2026-01-01,none,1.0
U005278,2026-01-01,none,0.3331
U005279,2026-01-01,insurance,0.3216
U005280,2026-01-01,gym,0.5486
U005281,2026-01-01,none,0.3772
U005282,2026-01-01,insurance,0.2756
U005283,2026-01-01,none,0.6318
U005284,2026-01-01,mobile,0.344
U005285,2026-01-01,mobile,0.5514
U005286,2026-01-01,cloud,0.3517
U005287,2026-01-01,none,0.3813
U005288,2026-01-01,insurance,0.3988
U005289,2026-01-01,insurance,0.3431
U005290,2026-01-01,none,0.3774
U005291,2026-01-01,none,0.2939
U005292,2026-01-01,music,0.3676
U005293,2026-01-01,insurance,1.0
U005294,2026-01-01,none,0.2643
U005295,2026-01-01,software,1.0
U005296,2026-01-01,insurance,0.722
U005297,2026-01-01,cloud,1.0
U005298,2026-01-01,insurance,0.3978
U005299,2026-01-01,streaming,0.5972
U005300,2026-01-01,streaming,0.7298
U005301,2026-01-01,none,0.3173
U005302,2026-01-01,cloud,1.0
U005303,2026-01-01,insurance,0.4264
U005304,2026-01-01,none,0.4465
U005305,2026-01-01,software,1.0
U005306,2026-01-01,none,0.262
U005307,2026-01-01,music,0.4383
U005308,2026-01-01,gym,0.2729
U005309,2026-01-01,cloud,0.4799
U005310,2026-01-01,software,0.4076
U005311,2026-01-01,none,0.3104
U005312,2026-01-01,mobile,1.0
U005313,2026-01-01,none,0.5428
U005314,2026-01-01,mobile,0.3538
U005315,2026-01-01,none,0.3726
U005316,2026-01-01,none,0.3708
U005317,2026-01-01,streaming,0.6158
U005318,2026-01-01,none,0.3722
U005319,2026-01-01,streaming,0.5699
U005320,2026-01-01,insurance,0.402
U005321,2026-01-01,none,0.366
U005322,2026-01-01,none,0.3121
U005323,2026-01-01,streaming,0.4107
U005324,2026-01-01,cloud,0.5224
U005325,2026-01-01,mobile,0.3311
U005326,2026-01-01,none,0.6498
U005327,2026-01-01,gym,1.0
U005328,2026-01-01,mobile,0.3442
U005329,2026-01-01,none,0.5075
U005330,2026-01-01,none,0.3122
U005331,2026-01-01,none,0.3525
U005332,2026-01-01,music,0.3881
U005333,2026-01-01,none,1.0
U005334,2026-01-01,software,0.2948
U005335,2026-01-01,none,0.7576
U005336,2026-01-01,none,0.3436
U005337,2026-01-01,insurance,0.5007
U005338,2026-01-01,none,0.304
U005339,2026-01-01,software,0.4098
U005340,2026-01-01,none,0.4143
U005341,2026-01-01,streaming,0.336
U005342,2026-01-01,none,1.0
U005343,2026-01-01,insurance,0.5
U005344,2026-01-01,streaming,0.2642
U005345,2026-01-01,none,0.5916
U005346,2026-01-01,none,0.3079
U005347,2026-01-01,none,0.3923
U005348,2026-01-01,gym,0.7609
U005349,2026-01-01,gym,0.3936
U005350,2026-01-01,none,0.5571
U005351,2026-01-01,software,0.4582
U005352,2026-01-01,gym,1.0
U005353,2026-01-01,mobile,1.0
U005354,2026-01-01,music,0.4558
U005355,2026-01-01,streaming,0.4362
U005356,2026-01-01,streaming,0.3723
U005357,2026-01-01,gym,1.0
U005358,2026-01-01,streaming,0.748
U005359,2026-01-01,none,0.4656
U005360,2026-01-01,none,0.447
U005361,2026-01-01,cloud,0.4456
U005362,2026-01-01,none,0.2596
U005363,2026-01-01,software,0.5673
U005364,2026-01-01,software,0.6667
U005365,2026-01-01,insurance,0.4055
U005366,2026-01-01,cloud,0.701
U005367,2026-01-01,mobile,0.4898
U005368,2026-01-01,none,0.3002
U005369,2026-01-01,gym,1.0
U005370,2026-01-01,none,0.3012
U005371,2026-01-01,cloud,0.7055
U005372,2026-01-01,none,0.662
U005373,2026-01-01,none,0.5159
U005374,2026-01-01,insurance,0.5
U005375,2026-01-01,software,0.3675
U005376,2026-01-01,software,0.3869
U005377,2026-01-01,none,0.3082
U005378,2026-01-01,mobile,0.6844
U005379,2026-01-01,none,0.4082
U005380,2026-01-01,cloud,0.5741
U005381,2026-01-01,mobile,0.3572
U005382,2026-01-01,insurance,0.4122
U005383,2026-01-01,music,0.2728
U005384,2026-01-01,software,0.3006
U005385,2026-01-01,none,0.7576
U005386,2026-01-01,none,0.3218
U005387,2026-01-01,gym,0.2542
U005388,2026-01-01,none,0.5267
U005389,2026-01-01,none,0.4406
U005390,2026-01-01,none,0.4028
U005391,2026-01-01,mobile,0.7537
U005392,2026-01-01,none,0.4542
U005393,2026-01-01,none,0.3674
U005394,2026-01-01,software,0.6092
U005395,2026-01-01,insurance,0.3794
U005396,2026-01-01,none,0.4005
U005397,2026-01-01,cloud,0.4213
U005398,2026-01-01,none,0.4561
U005399,2026-01-01,cloud,0.3926
U005400,2026-01-01,none,0.7987
U005401,2026-01-01,none,0.3495
U005402,2026-01-01,none,0.3835
U005403,2026-01-01,none,0.3313
U005404,2026-01-01,streaming,0.6289
U005405,2026-01-01,cloud,0.4534
U005406,2026-01-01,none,0.5844
U005407,2026-01-01,software,0.6667
U005408,2026-01-01,mobile,1.0
U005409,2026-01-01,gym,0.6751
U005410,2026-01-01,streaming,0.5227
U005411,2026-01-01,none,0.3908
U005412,2026-01-01,music,0.6187
U005413,2026-01-01,software,0.3976
U005414,2026-01-01,mobile,0.7172
U005415,2026-01-01,none,0.7512
U005416,2026-01-01,none,0.3922
U005417,2026-01-01,music,0.4207
U005418,2026-01-01,music,0.6376
U005419,2026-01-01,insurance,0.4087
U005420,2026-01-01,music,0.3571
U005421,2026-01-01,streaming,0.5523
U005422,2026-01-01,none,0.3664
U005423,2026-01-01,software,0.4651
U005424,2026-01-01,music,0.274
U005425,2026-01-01,cloud,0.657
U005426,2026-01-01,cloud,0.5848
U005427,2026-01-01,insurance,1.0
U005428,2026-01-01,music,0.2669
U005429,2026-01-01,none,0.7576
U005430,2026-01-01,music,0.3699
U005431,2026-01-01,gym,1.0
U005432,2026-01-01,gym,0.4574
U005433,2026-01-01,cloud,0.5655
U005434,2026-01-01,mobile,0.6594
U005435,2026-01-01,streaming,0.75
U005436,2026-01-01,none,0.7576
U005437,2026-01-01,gym,0.5315
U005438,2026-01-01,gym,0.4467
U005439,2026-01-01,none,0.4284
U005440,2026-01-01,none,0.4069
U005441,2026-01-01,streaming,0.4431
U005442,2026-01-01,none,0.5746
U005443,2026-01-01,none,0.401
U005444,2026-01-01,cloud,0.495
U005445,2026-01-01,none,0.304
U005446,2026-01-01,streaming,0.8124
U005447,2026-01-01,insurance,0.6707
U005448,2026-01-01,music,0.4266
U005449,2026-01-01,cloud,0.5423
U005450,2026-01-01,insurance,0.5023
U005451,2026-01-01,cloud,1.0
U005452,2026-01-01,music,1.0
U005453,2026-01-01,gym,0.3192
U005454,2026-01-01,gym,0.7036
U005455,2026-01-01,music,1.0
U005456,2026-01-01,none,0.7576
U005457,2026-01-01,mobile,0.5285
U005458,2026-01-01,music,0.34
U005459,2026-01-01,music,0.3779
U005460,2026-01-01,gym,0.311
U005461,2026-01-01,mobile,0.3572
U005462,2026-01-01,music,0.3386
U005463,2026-01-01,none,0.3376
U005464,2026-01-01,insurance,0.3447
U005465,2026-01-01,none,0.5036
U005466,2026-01-01,none,0.6667
U005467,2026-01-01,streaming,0.392
U005468,2026-01-01,cloud,0.5538
U005469,2026-01-01,gym,0.3686
U005470,2026-01-01,music,0.2697
U005471,2026-01-01,streaming,0.3547
U005472,2026-01-01,software,0.6369
U005473,2026-01-01,software,0.5136
U005474,2026-01-01,streaming,0.3793
U005475,2026-01-01,none,0.4026
U005476,2026-01-01,none,0.3021
U005477,2026-01-01,streaming,0.3199
U005478,2026-01-01,streaming,0.3769
U005479,2026-01-01,gym,1.0
U005480,2026-01-01,gym,0.263
U005481,2026-01-01,none,0.4684
U005482,2026-01-01,none,0.5562
U005483,2026-01-01,none,0.5
U005484,2026-01-01,insurance,0.376
U005485,2026-01-01,streaming,0.4128
U005486,2026-01-01,streaming,0.4722
U005487,2026-01-01,none,0.3971
U005488,2026-01-01,none,0.4766
U005489,2026-01-01,music,0.4046
U005490,2026-01-01,insurance,0.7819
U005491,2026-01-01,insurance,0.3899
U005492,2026-01-01,none,0.5634
U005493,2026-01-01,streaming,0.6556
U005494,2026-01-01,streaming,0.9096
U005495,2026-01-01,none,0.4924
U005496,2026-01-01,mobile,0.4594
U005497,2026-01-01,mobile,0.3291
U005498,2026-01-01,streaming,0.289
U005499,2026-01-01,none,0.3713
U005500,2026-01-01,none,0.7576
U005501,2026-01-01,mobile,0.5276
U005502,2026-01-01,none,0.5198
U005503,2026-01-01,streaming,0.3584
U005504,2026-01-01,none,0.2916
U005505,2026-01-01,cloud,0.2655
U005506,2026-01-01,music,0.7787
U005507,2026-01-01,gym,0.711
U005508,2026-01-01,none,0.6273
U005509,2026-01-01,streaming,0.7758
U005510,2026-01-01,none,0.4758
U005511,2026-01-01,music,0.5796
U005512,2026-01-01,software,0.8
U005513,2026-01-01,none,0.476
U005514,2026-01-01,insurance,0.5
U005515,2026-01-01,none,0.452
U005516,2026-01-01,streaming,0.3091
U005517,2026-01-01,mobile,0.5286
U005518,2026-01-01,streaming,0.3333
U005519,2026-01-01,cloud,0.4503
U005520,2026-01-01,gym,0.9128
U005521,2026-01-01,streaming,0.3048
U005522,2026-01-01,software,0.3427
U005523,2026-01-01,none,0.7576
U005524,2026-01-01,cloud,0.3494
U005525,2026-01-01,streaming,0.4228
U005526,2026-01-01,streaming,0.2506
U005527,2026-01-01,none,0.3378
U005528,2026-01-01,insurance,0.6052
U005529,2026-01-01,gym,0.6335
U005530,2026-01-01,none,0.4915
U005531,2026-01-01,insurance,0.5433
U005532,2026-01-01,none,0.3679
U005533,2026-01-01,mobile,0.4341
U005534,2026-01-01,cloud,0.4758
U005535,2026-01-01,insurance,0.5388
U005536,2026-01-01,none,0.4925
U005537,2026-01-01,none,0.3475
U005538,2026-01-01,mobile,1.0
U005539,2026-01-01,streaming,0.5694
U005540,2026-01-01,cloud,0.2805
U005541,2026-01-01,none,0.7576
U005542,2026-01-01,none,0.5551
U005543,2026-01-01,streaming,0.3633
U005544,2026-01-01,streaming,0.2843
U005545,2026-01-01,none,0.4493
U005546,2026-01-01,none,0.7576
U005547,2026-01-01,streaming,1.0
U005548,2026-01-01,mobile,0.4534
U005549,2026-01-01,mobile,0.6976
U005550,2026-01-01,none,0.3546
U005551,2026-01-01,none,0.4688
U005552,2026-01-01,cloud,0.3176
U005553,2026-01-01,mobile,0.2858
U005554,2026-01-01,none,0.7576
U005555,2026-01-01,none,0.4061
U005556,2026-01-01,music,0.5309
U005557,2026-01-01,insurance,1.0
U005558,2026-01-01,none,0.3488
U005559,2026-01-01,none,0.7576
U005560,2026-01-01,none,0.7576
U005561,2026-01-01,mobile,1.0
U005562,2026-01-01,music,0.4542
U005563,2026-01-01,software,0.5714
U005564,2026-01-01,insurance,0.6262
U005565,2026-01-01,software,0.5714
U005566,2026-01-01,mobile,1.0
U005567,2026-01-01,software,0.8
U005568,2026-01-01,software,1.0
U005569,2026-01-01,gym,0.3515
U005570,2026-01-01,music,0.3745
U005571,2026-01-01,cloud,0.3587
U005572,2026-01-01,music,0.324
U005573,2026-01-01,software,0.3804
U005574,2026-01-01,none,0.7576
U005575,2026-01-01,music,0.7716
U005576,2026-01-01,gym,0.4288
U005577,2026-01-01,none,0.3212
U005578,2026-01-01,gym,0.7205
U005579,2026-01-01,none,0.8003
U005580,2026-01-01,music,0.325
U005581,2026-01-01,insurance,0.311
U005582,2026-01-01,music,0.5088
U005583,2026-01-01,music,0.3814
U005584,2026-01-01,streaming,0.2495
U005585,2026-01-01,none,0.507
U005586,2026-01-01,none,0.4463
U005587,2026-01-01,cloud,0.5312
U005588,2026-01-01,none,0.5521
U005589,2026-01-01,streaming,0.5792
U005590,2026-01-01,mobile,0.7724
U005591,2026-01-01,gym,0.7376
U005592,2026-01-01,streaming,0.3126
U005593,2026-01-01,none,0.4967
U005594,2026-01-01,streaming,0.4286
U005595,2026-01-01,mobile,0.3502
U005596,2026-01-01,none,0.7576
U005597,2026-01-01,mobile,0.3155
U005598,2026-01-01,none,0.2969
U005599,2026-01-01,gym,0.7036
U005600,2026-01-01,none,0.3589
U005601,2026-01-01,none,0.3382
U005602,2026-01-01,insurance,0.3724
U005603,2026-01-01,gym,1.0
U005604,2026-01-01,music,1.0
U005605,2026-01-01,insurance,0.453
U005606,2026-01-01,insurance,0.3319
U005607,2026-01-01,gym,0.4511
U005608,2026-01-01,music,0.5436
U005609,2026-01-01,music,0.3306
U005610,2026-01-01,streaming,0.75
U005611,2026-01-01,none,0.3722
U005612,2026-01-01,none,0.3413
U005613,2026-01-01,none,1.0
U005614,2026-01-01,gym,0.3953
U005615,2026-01-01,music,0.5328
U005616,2026-01-01,music,0.3235
U005617,2026-01-01,music,0.2966
U005618,2026-01-01,none,0.2864
U005619,2026-01-01,cloud,0.3236
U005620,2026-01-01,mobile,0.3627
U005621,2026-01-01,none,0.7576
U005622,2026-01-01,mobile,0.424
U005623,2026-01-01,mobile,0.479
U005624,2026-01-01,insurance,0.3026
U005625,2026-01-01,none,0.4503
U005626,2026-01-01,streaming,0.4332
U005627,2026-01-01,none,0.3067
U005628,2026-01-01,none,0.7576
U005629,2026-01-01,none,0.4738
U005630,2026-01-01,cloud,0.4389
U005631,2026-01-01,streaming,0.475
U005632,2026-01-01,mobile,0.3341
U005633,2026-01-01,streaming,0.2947
U005634,2026-01-01,none,0.4021
U005635,2026-01-01,music,0.6376
U005636,2026-01-01,cloud,0.5629
U005637,2026-01-01,none,0.7576
U005638,2026-01-01,cloud,0.8758
U005639,2026-01-01,insurance,0.3424
U005640,2026-01-01,none,0.4281
U005641,2026-01-01,insurance,0.4829
U005642,2026-01-01,none,1.0
U005643,2026-01-01,streaming,0.5285
U005644,2026-01-01,mobile,0.6228
U005645,2026-01-01,none,0.2772
U005646,2026-01-01,cloud,0.5552
U005647,2026-01-01,mobile,0.4802
U005648,2026-01-01,cloud,0.2972
U005649,2026-01-01,none,0.3648
U005650,2026-01-01,software,0.2874
U005651,2026-01-01,insurance,0.5326
U005652,2026-01-01,none,0.5285
U005653,2026-01-01,cloud,0.3827
U005654,2026-01-01,none,0.7576
U005655,2026-01-01,music,0.4637
U005656,2026-01-01,music,0.4633
U005657,2026-01-01,music,1.0
U005658,2026-01-01,none,0.5
U005659,2026-01-01,music,0.5426
U005660,2026-01-01,cloud,0.8686
U005661,2026-01-01,gym,0.6639
U005662,2026-01-01,cloud,0.5
U005663,2026-01-01,mobile,0.5849
U005664,2026-01-01,cloud,0.3555
U005665,2026-01-01,none,0.3848
U005666,2026-01-01,cloud,0.4143
U005667,2026-01-01,none,0.2805
U005668,2026-01-01,insurance,1.0
U005669,2026-01-01,music,0.6736
U005670,2026-01-01,insurance,0.6847
U005671,2026-01-01,software,0.4811
U005672,2026-01-01,streaming,0.5596
U005673,2026-01-01,none,0.7576
U005674,2026-01-01,software,0.6787
U005675,2026-01-01,streaming,0.5774
U005676,2026-01-01,insurance,0.2859
U005677,2026-01-01,streaming,0.3229
U005678,2026-01-01,mobile,1.0
U005679,2026-01-01,insurance,0.5
U005680,2026-01-01,insurance,0.3655
U005681,2026-01-01,streaming,0.3096
U005682,2026-01-01,cloud,0.5344
U005683,2026-01-01,none,1.0
U005684,2026-01-01,gym,0.75
U005685,2026-01-01,streaming,0.3784
U005686,2026-01-01,mobile,0.258
U005687,2026-01-01,gym,0.75
U005688,2026-01-01,mobile,0.7537
U005689,2026-01-01,none,1.0
U005690,2026-01-01,none,0.7576
U005691,2026-01-01,none,0.3237
U005692,2026-01-01,none,0.3964
U005693,2026-01-01,streaming,0.5396
U005694,2026-01-01,none,1.0
U005695,2026-01-01,music,0.363
U005696,2026-01-01,none,0.453
U005697,2026-01-01,cloud,0.4926
U005698,2026-01-01,none,0.4217
U005699,2026-01-01,streaming,0.75
U005700,2026-01-01,none,0.257
U005701,2026-01-01,music,0.5714
U005702,2026-01-01,insurance,0.3546
U005703,2026-01-01,cloud,0.8495
U005704,2026-01-01,music,0.6262
U005705,2026-01-01,none,0.5649
U005706,2026-01-01,none,0.6804
U005707,2026-01-01,music,0.3116
U005708,2026-01-01,streaming,0.3893
U005709,2026-01-01,software,0.396
U005710,2026-01-01,streaming,0.5244
U005711,2026-01-01,software,0.6215
U005712,2026-01-01,insurance,0.6346
U005713,2026-01-01,none,0.3076
U005714,2026-01-01,insurance,0.4022
U005715,2026-01-01,none,0.3136
U005716,2026-01-01,software,0.3896
U005717,2026-01-01,none,0.2875
U005718,2026-01-01,gym,0.3368
U005719,2026-01-01,cloud,0.3148
U005720,2026-01-01,insurance,0.3509
U005721,2026-01-01,none,0.3493
U005722,2026-01-01,none,1.0
U005723,2026-01-01,software,0.5714
U005724,2026-01-01,none,0.447
U005725,2026-01-01,streaming,0.4691
U005726,2026-01-01,none,0.4354
U005727,2026-01-01,insurance,0.5587
U005728,2026-01-01,none,0.4986
U005729,2026-01-01,none,0.5941
U005730,2026-01-01,none,1.0
U005731,2026-01-01,mobile,0.3275
U005732,2026-01-01,none,0.294
U005733,2026-01-01,cloud,0.8133
U005734,2026-01-01,streaming,0.344
U005735,2026-01-01,streaming,0.75
U005736,2026-01-01,music,0.3107
U005737,2026-01-01,none,0.7576
U005738,2026-01-01,none,0.5846
U005739,2026-01-01,insurance,0.4498
U005740,2026-01-01,insurance,0.463
U005741,2026-01-01,music,0.2012
U005742,2026-01-01,music,0.5714
U005743,2026-01-01,none,0.2841
U005744,2026-01-01,streaming,0.3777
U005745,2026-01-01,software,0.3411
U005746,2026-01-01,none,0.398
U005747,2026-01-01,gym,1.0
U005748,2026-01-01,insurance,0.5
U005749,2026-01-01,software,0.4176
U005750,2026-01-01,none,0.5703
U005751,2026-01-01,mobile,0.3277
U005752,2026-01-01,music,0.3295
U005753,2026-01-01,streaming,0.5205
U005754,2026-01-01,software,0.598
U005755,2026-01-01,mobile,0.3882
U005756,2026-01-01,insurance,0.2918
U005757,2026-01-01,insurance,0.4296
U005758,2026-01-01,cloud,0.5368
U005759,2026-01-01,none,0.7576
U005760,2026-01-01,cloud,0.5
U005761,2026-01-01,music,0.3134
U005762,2026-01-01,cloud,0.4541
U005763,2026-01-01,none,0.3224
U005764,2026-01-01,gym,0.8195
U005765,2026-01-01,none,0.5501
U005766,2026-01-01,streaming,0.4471
U005767,2026-01-01,none,0.3161
U005768,2026-01-01,software,0.5048
U005769,2026-01-01,gym,1.0
U005770,2026-01-01,streaming,0.3174
U005771,2026-01-01,none,0.5046
U005772,2026-01-01,mobile,0.3352
U005773,2026-01-01,music,0.6663
U005774,2026-01-01,insurance,0.3112
U005775,2026-01-01,none,0.3195
U005776,2026-01-01,music,0.3857
U005777,2026-01-01,software,0.372
U005778,2026-01-01,streaming,0.402
U005779,2026-01-01,none,0.389
U005780,2026-01-01,mobile,0.4193
U005781,2026-01-01,software,0.5714
U005782,2026-01-01,none,1.0
U005783,2026-01-01,none,0.5463
U005784,2026-01-01,cloud,0.524
U005785,2026-01-01,mobile,0.3375
U005786,2026-01-01,cloud,0.466
U005787,2026-01-01,insurance,0.7754
U005788,2026-01-01,cloud,0.6041
U005789,2026-01-01,streaming,0.4101
U005790,2026-01-01,streaming,0.5709
U005791,2026-01-01,music,0.4099
U005792,2026-01-01,none,0.7576
U005793,2026-01-01,insurance,0.3063
U005794,2026-01-01,none,0.3059
U005795,2026-01-01,none,0.4747
U005796,2026-01-01,music,0.3929
U005797,2026-01-01,none,0.5152
U005798,2026-01-01,insurance,0.331
U005799,2026-01-01,insurance,0.3458
U005800,2026-01-01,mobile,0.3108
U005801,2026-01-01,none,0.3016
U005802,2026-01-01,streaming,0.2438
U005803,2026-01-01,software,0.5055
U005804,2026-01-01,none,0.6498
U005805,2026-01-01,cloud,0.5462
U005806,2026-01-01,streaming,0.3524
U005807,2026-01-01,insurance,0.3779
U005808,2026-01-01,streaming,0.3431
U005809,2026-01-01,insurance,0.3535
U005810,2026-01-01,mobile,0.5362
U005811,2026-01-01,streaming,0.3952
U005812,2026-01-01,insurance,0.3008
U005813,2026-01-01,none,0.3301
U005814,2026-01-01,none,0.388
U005815,2026-01-01,none,0.5882
U005816,2026-01-01,music,0.4133
U005817,2026-01-01,software,0.3205
U005818,2026-01-01,none,0.7576
U005819,2026-01-01,none,0.7538
U005820,2026-01-01,mobile,0.4019
U005821,2026-01-01,none,1.0
U005822,2026-01-01,gym,0.3241
U005823,2026-01-01,none,0.3281
U005824,2026-01-01,none,0.5
U005825,2026-01-01,none,0.2919
U005826,2026-01-01,mobile,0.3642
U005827,2026-01-01,streaming,0.4669
U005828,2026-01-01,gym,1.0
U005829,2026-01-01,none,0.3027
U005830,2026-01-01,music,0.3536
U005831,2026-01-01,music,0.4048
U005832,2026-01-01,none,0.6166
U005833,2026-01-01,insurance,1.0
U005834,2026-01-01,gym,0.3795
U005835,2026-01-01,none,0.5171
U005836,2026-01-01,cloud,0.5713
U005837,2026-01-01,insurance,0.3188
U005838,2026-01-01,none,0.3657
U005839,2026-01-01,cloud,0.4491
U005840,2026-01-01,mobile,0.3825
U005841,2026-01-01,mobile,0.4137
U005842,2026-01-01,streaming,0.417
U005843,2026-01-01,none,0.3339
U005844,2026-01-01,music,0.3343
U005845,2026-01-01,mobile,1.0
U005846,2026-01-01,music,0.4033
U005847,2026-01-01,mobile,0.5559
U005848,2026-01-01,streaming,0.5778
U005849,2026-01-01,none,0.3957
U005850,2026-01-01,software,0.4871
U005851,2026-01-01,streaming,0.3874
U005852,2026-01-01,mobile,0.6257
U005853,2026-01-01,cloud,0.3291
U005854,2026-01-01,none,0.5679
U005855,2026-01-01,cloud,0.2589
U005856,2026-01-01,none,1.0
U005857,2026-01-01,insurance,0.6122
U005858,2026-01-01,streaming,0.2834
U005859,2026-01-01,mobile,0.3604
U005860,2026-01-01,insurance,0.4709
U005861,2026-01-01,none,0.7576
U005862,2026-01-01,none,0.8
U005863,2026-01-01,none,0.4083
U005864,2026-01-01,music,0.3126
U005865,2026-01-01,none,0.3649
U005866,2026-01-01,none,0.3598
U005867,2026-01-01,streaming,0.4455
U005868,2026-01-01,none,0.5523
U005869,2026-01-01,none,0.5168
U005870,2026-01-01,cloud,0.3617
U005871,2026-01-01,none,0.4402
U005872,2026-01-01,none,0.2569
U005873,2026-01-01,none,0.5667
U005874,2026-01-01,insurance,0.2459
U005875,2026-01-01,none,1.0
U005876,2026-01-01,none,0.5565
U005877,2026-01-01,insurance,0.3486
U005878,2026-01-01,cloud,0.3479
U005879,2026-01-01,none,1.0
U005880,2026-01-01,insurance,1.0
U005881,2026-01-01,music,0.2831
U005882,2026-01-01,none,0.4058
U005883,2026-01-01,streaming,0.3636
U005884,2026-01-01,cloud,0.3061
U005885,2026-01-01,none,0.4362
U005886,2026-01-01,streaming,0.337
U005887,2026-01-01,insurance,0.393
U005888,2026-01-01,none,0.4184
U005889,2026-01-01,software,0.4642
U005890,2026-01-01,mobile,0.5273
U005891,2026-01-01,software,0.2658
U005892,2026-01-01,insurance,0.3702
U005893,2026-01-01,none,0.5696
U005894,2026-01-01,mobile,0.5281
U005895,2026-01-01,music,0.4326
U005896,2026-01-01,streaming,0.6046
U005897,2026-01-01,none,0.7576
U005898,2026-01-01,music,0.451
U005899,2026-01-01,software,0.6527
U005900,2026-01-01,none,0.5
U005901,2026-01-01,software,0.6516
U005902,2026-01-01,gym,0.3286
U005903,2026-01-01,insurance,0.2647
U005904,2026-01-01,none,0.4234
U005905,2026-01-01,none,0.3699
U005906,2026-01-01,none,0.5
U005907,2026-01-01,software,0.6091
U005908,2026-01-01,insurance,0.421
U005909,2026-01-01,none,0.7576
U005910,2026-01-01,none,0.3438
U005911,2026-01-01,music,0.4508
U005912,2026-01-01,gym,0.7782
U005913,2026-01-01,software,0.8
U005914,2026-01-01,insurance,0.3238
U005915,2026-01-01,none,0.4331
U005916,2026-01-01,none,0.4213
U005917,2026-01-01,none,0.5941
U005918,2026-01-01,none,0.6176
U005919,2026-01-01,music,0.357
U005920,2026-01-01,insurance,0.3251
U005921,2026-01-01,cloud,0.6505
U005922,2026-01-01,insurance,0.4477
U005923,2026-01-01,mobile,0.3634
U005924,2026-01-01,cloud,0.3091
U005925,2026-01-01,none,0.5707
U005926,2026-01-01,insurance,0.3907
U005927,2026-01-01,gym,0.4691
U005928,2026-01-01,none,0.7971
U005929,2026-01-01,none,0.4875
U005930,2026-01-01,none,0.5374
U005931,2026-01-01,gym,0.3076
U005932,2026-01-01,none,1.0
U005933,2026-01-01,insurance,0.4023
U005934,2026-01-01,software,0.3352
U005935,2026-01-01,none,0.3568
U005936,2026-01-01,music,0.29
U005937,2026-01-01,none,0.3909
U005938,2026-01-01,software,0.6251
U005939,2026-01-01,gym,0.3234
U005940,2026-01-01,none,0.5114
U005941,2026-01-01,software,0.5427
U005942,2026-01-01,insurance,0.6617
U005943,2026-01-01,music,0.7006
U005944,2026-01-01,gym,0.7821
U005945,2026-01-01,mobile,0.405
U005946,2026-01-01,gym,1.0
U005947,2026-01-01,music,0.3391
U005948,2026-01-01,music,0.3506
U005949,2026-01-01,none,0.3869
U005950,2026-01-01,cloud,0.3992
U005951,2026-01-01,software,0.3314
U005952,2026-01-01,none,0.5038
U005953,2026-01-01,none,0.4053
U005954,2026-01-01,music,0.6747
U005955,2026-01-01,insurance,0.4805
U005956,2026-01-01,mobile,0.3802
U005957,2026-01-01,mobile,0.3847
U005958,2026-01-01,music,0.325
U005959,2026-01-01,software,0.2873
U005960,2026-01-01,cloud,1.0
U005961,2026-01-01,software,0.4519
U005962,2026-01-01,streaming,0.2622
U005963,2026-01-01,gym,0.7086
U005964,2026-01-01,gym,0.8586
U005965,2026-01-01,insurance,0.4438
U005966,2026-01-01,music,0.4797
U005967,2026-01-01,none,0.4128
U005968,2026-01-01,gym,0.3326
U005969,2026-01-01,gym,0.327
U005970,2026-01-01,none,0.5874
U005971,2026-01-01,none,0.3994
U005972,2026-01-01,insurance,0.5128
U005973,2026-01-01,gym,0.3164
U005974,2026-01-01,mobile,0.9171
U005975,2026-01-01,streaming,0.5792
U005976,2026-01-01,music,0.2843
U005977,2026-01-01,none,0.4813
U005978,2026-01-01,software,1.0
U005979,2026-01-01,gym,0.7857
U005980,2026-01-01,none,0.7576
U005981,2026-01-01,none,0.5613
U005982,2026-01-01,none,0.5697
U005983,2026-01-01,gym,0.3401
U005984,2026-01-01,none,0.4148
U005985,2026-01-01,cloud,0.5884
U005986,2026-01-01,streaming,0.3341
U005987,2026-01-01,mobile,0.4415
U005988,2026-01-01,none,0.4108
U005989,2026-01-01,none,0.7576
U005990,2026-01-01,insurance,1.0
U005991,2026-01-01,insurance,0.6651
U005992,2026-01-01,cloud,0.3929
U005993,2026-01-01,none,0.4926
U005994,2026-01-01,streaming,0.8303
U005995,2026-01-01,mobile,0.5687
U005996,2026-01-01,gym,0.7205
U005997,2026-01-01,insurance,0.4134
U005998,2026-01-01,insurance,0.4685
U005999,2026-01-01,none,0.7512
U006000,2026-01-01,streaming,0.3627
U006001,2026-01-01,software,0.5714
U006002,2026-01-01,insurance,0.4708
U006003,2026-01-01,cloud,0.4924
U006004,2026-01-01,streaming,0.3273
U006005,2026-01-01,none,0.4256
U006006,2026-01-01,streaming,1.0
U006007,2026-01-01,streaming,0.3408
U006008,2026-01-01,insurance,0.6943
U006009,2026-01-01,music,0.4061
U006010,2026-01-01,gym,0.4183
U006011,2026-01-01,none,0.3264
U006012,2026-01-01,software,0.5063
U006013,2026-01-01,none,0.4573
U006014,2026-01-01,mobile,0.6976
U006015,2026-01-01,streaming,0.7359
U006016,2026-01-01,none,0.3656
U006017,2026-01-01,gym,0.75
U006018,2026-01-01,cloud,0.8833
U006019,2026-01-01,mobile,0.4378
U006020,2026-01-01,software,0.3745
U006021,2026-01-01,streaming,0.3784
U006022,2026-01-01,insurance,0.4906
U006023,2026-01-01,cloud,0.3481
U006024,2026-01-01,streaming,0.4062
U006025,2026-01-01,none,0.6381
U006026,2026-01-01,music,0.3779
U006027,2026-01-01,cloud,0.4281
U006028,2026-01-01,insurance,0.3753
U006029,2026-01-01,none,0.2677
U006030,2026-01-01,streaming,0.4365
U006031,2026-01-01,cloud,0.35
U006032,2026-01-01,none,0.6667
U006033,2026-01-01,none,0.3439
U006034,2026-01-01,mobile,0.5922
U006035,2026-01-01,gym,0.7663
U006036,2026-01-01,music,0.402
U006037,2026-01-01,none,0.378
U006038,2026-01-01,cloud,0.3281
U006039,2026-01-01,insurance,0.5
U006040,2026-01-01,none,0.3614
U006041,2026-01-01,music,0.5714
U006042,2026-01-01,music,0.432
U006043,2026-01-01,streaming,0.5931
U006044,2026-01-01,none,0.3634
U006045,2026-01-01,none,0.3669
U006046,2026-01-01,mobile,0.3205
U006047,2026-01-01,none,0.5
U006048,2026-01-01,cloud,0.3399
U006049,2026-01-01,gym,0.3579
U006050,2026-01-01,insurance,0.3969
U006051,2026-01-01,gym,0.7036
U006052,2026-01-01,music,0.3884
U006053,2026-01-01,none,0.4627
U006054,2026-01-01,mobile,0.9171
U006055,2026-01-01,music,0.4762
U006056,2026-01-01,insurance,0.3912
U006057,2026-01-01,streaming,0.4243
U006058,2026-01-01,music,0.3519
U006059,2026-01-01,streaming,0.4433
U006060,2026-01-01,none,0.3573
U006061,2026-01-01,none,1.0
U006062,2026-01-01,none,0.3314
U006063,2026-01-01,gym,0.5558
U006064,2026-01-01,insurance,1.0
U006065,2026-01-01,none,1.0
U006066,2026-01-01,gym,0.5
U006067,2026-01-01,software,0.3719
U006068,2026-01-01,insurance,0.3267
U006069,2026-01-01,mobile,0.3443
U006070,2026-01-01,none,0.7576
U006071,2026-01-01,gym,0.2897
U006072,2026-01-01,cloud,0.293
U006073,2026-01-01,none,0.4208
U006074,2026-01-01,cloud,0.5956
U006075,2026-01-01,none,0.6071
U006076,2026-01-01,none,0.3752
U006077,2026-01-01,gym,0.3967
U006078,2026-01-01,none,0.3651
U006079,2026-01-01,software,0.5714
U006080,2026-01-01,none,0.7576
U006081,2026-01-01,none,0.3853
U006082,2026-01-01,none,0.6504
U006083,2026-01-01,none,0.3507
U006084,2026-01-01,streaming,0.5705
U006085,2026-01-01,none,0.353
U006086,2026-01-01,mobile,0.6468
U006087,2026-01-01,music,0.5368
U006088,2026-01-01,cloud,0.3289
U006089,2026-01-01,none,0.3075
U006090,2026-01-01,insurance,0.3597
U006091,2026-01-01,software,0.4552
U006092,2026-01-01,none,0.3389
U006093,2026-01-01,none,0.3314
U006094,2026-01-01,cloud,0.5831
U006095,2026-01-01,none,0.2706
U006096,2026-01-01,software,0.4384
U006097,2026-01-01,none,0.3885
U006098,2026-01-01,cloud,0.5224
U006099,2026-01-01,none,0.4951
U006100,2026-01-01,cloud,0.4228
U006101,2026-01-01,none,0.3089
U006102,2026-01-01,none,0.3548
U006103,2026-01-01,insurance,0.4753
U006104,2026-01-01,music,0.5772
U006105,2026-01-01,none,0.4194
U006106,2026-01-01,insurance,1.0
U006107,2026-01-01,gym,0.3173
U006108,2026-01-01,none,0.7
U006109,2026-01-01,music,0.4315
U006110,2026-01-01,none,0.5336
U006111,2026-01-01,none,0.3644
U006112,2026-01-01,cloud,0.5492
U006113,2026-01-01,software,1.0
U006114,2026-01-01,streaming,0.4511
U006115,2026-01-01,mobile,0.429
U006116,2026-01-01,streaming,0.3696
U006117,2026-01-01,insurance,0.4755
U006118,2026-01-01,none,0.5691
U006119,2026-01-01,software,0.7429
U006120,2026-01-01,streaming,0.9106
U006121,2026-01-01,streaming,1.0
U006122,2026-01-01,mobile,0.7119
U006123,2026-01-01,none,0.2824
U006124,2026-01-01,insurance,1.0
U006125,2026-01-01,cloud,0.2634
U006126,2026-01-01,none,0.7576
U006127,2026-01-01,none,0.4022
U006128,2026-01-01,none,0.4451
U006129,2026-01-01,none,0.3917
U006130,2026-01-01,cloud,0.8495
U006131,2026-01-01,insurance,0.3601
U006132,2026-01-01,insurance,0.5128
U006133,2026-01-01,insurance,0.2628
U006134,2026-01-01,mobile,0.4931
U006135,2026-01-01,software,0.5714
U006136,2026-01-01,insurance,0.6209
U006137,2026-01-01,none,0.5114
U006138,2026-01-01,gym,1.0
U006139,2026-01-01,insurance,0.5858
U006140,2026-01-01,none,0.4692
U006141,2026-01-01,streaming,0.4394
U006142,2026-01-01,gym,0.3723
U006143,2026-01-01,none,0.6283
U006144,2026-01-01,insurance,0.5241
U006145,2026-01-01,insurance,0.3509
U006146,2026-01-01,streaming,0.5266
U006147,2026-01-01,none,0.4304
U006148,2026-01-01,none,0.2966
U006149,2026-01-01,software,0.3312
U006150,2026-01-01,insurance,0.4741
U006151,2026-01-01,gym,0.3194
U006152,2026-01-01,none,0.488
U006153,2026-01-01,streaming,0.3583
U006154,2026-01-01,none,0.492
U006155,2026-01-01,none,0.3007
U006156,2026-01-01,insurance,0.5925
U006157,2026-01-01,none,0.4547
U006158,2026-01-01,music,0.2994
U006159,2026-01-01,none,0.3303
U006160,2026-01-01,streaming,0.75
U006161,2026-01-01,gym,0.2883
U006162,2026-01-01,software,1.0
U006163,2026-01-01,insurance,0.439
U006164,2026-01-01,mobile,0.3373
U006165,2026-01-01,none,0.7576
U006166,2026-01-01,gym,0.6693
U006167,2026-01-01,cloud,0.3138
U006168,2026-01-01,streaming,0.6102
U006169,2026-01-01,none,0.3324
U006170,2026-01-01,none,0.3316
U006171,2026-01-01,mobile,0.5384
U006172,2026-01-01,insurance,0.3615
U006173,2026-01-01,music,0.3964
U006174,2026-01-01,none,0.3507
U006175,2026-01-01,software,0.467
U006176,2026-01-01,mobile,0.6003
U006177,2026-01-01,none,0.5206
U006178,2026-01-01,mobile,0.419
U006179,2026-01-01,music,0.4203
U006180,2026-01-01,music,0.3575
U006181,2026-01-01,cloud,0.3147
U006182,2026-01-01,software,0.5821
U006183,2026-01-01,none,0.362
U006184,2026-01-01,music,0.3523
U006185,2026-01-01,none,0.4909
U006186,2026-01-01,mobile,0.8591
U006187,2026-01-01,music,0.3867
U006188,2026-01-01,music,0.3107
U006189,2026-01-01,none,0.3486
U006190,2026-01-01,music,0.3391
U006191,2026-01-01,none,0.472
U006192,2026-01-01,streaming,0.5869
U006193,2026-01-01,mobile,0.3096
U006194,2026-01-01,insurance,0.3935
U006195,2026-01-01,music,0.3287
U006196,2026-01-01,none,0.3744
U006197,2026-01-01,music,0.3801
U006198,2026-01-01,cloud,0.572
U006199,2026-01-01,none,1.0
U006200,2026-01-01,cloud,0.2756
U006201,2026-01-01,cloud,0.5
U006202,2026-01-01,cloud,0.3481
U006203,2026-01-01,streaming,0.4434
U006204,2026-01-01,none,0.4667
U006205,2026-01-01,cloud,0.5673
U006206,2026-01-01,none,0.4102
U006207,2026-01-01,none,0.3948
U006208,2026-01-01,insurance,0.3738
U006209,2026-01-01,cloud,0.474
U006210,2026-01-01,none,0.3599
U006211,2026-01-01,streaming,0.3582
U006212,2026-01-01,none,0.3863
U006213,2026-01-01,streaming,0.403
U006214,2026-01-01,music,0.3727
U006215,2026-01-01,none,1.0
U006216,2026-01-01,software,1.0
U006217,2026-01-01,mobile,0.4225
U006218,2026-01-01,insurance,1.0
U006219,2026-01-01,gym,0.3243
U006220,2026-01-01,music,0.5992
U006221,2026-01-01,insurance,0.3595
U006222,2026-01-01,streaming,0.3537
U006223,2026-01-01,cloud,0.8374
U006224,2026-01-01,insurance,0.3273
U006225,2026-01-01,cloud,0.5365
U006226,2026-01-01,streaming,1.0
U006227,2026-01-01,software,0.366
U006228,2026-01-01,insurance,1.0
U006229,2026-01-01,gym,1.0
U006230,2026-01-01,none,0.4216
U006231,2026-01-01,none,0.3576
U006232,2026-01-01,none,0.6048
U006233,2026-01-01,music,0.4884
U006234,2026-01-01,none,0.4335
U006235,2026-01-01,mobile,0.3299
U006236,2026-01-01,none,0.3395
U006237,2026-01-01,music,1.0
U006238,2026-01-01,cloud,0.6662
U006239,2026-01-01,mobile,0.2339
U006240,2026-01-01,software,0.5375
U006241,2026-01-01,software,0.4724
U006242,2026-01-01,music,0.5714
U006243,2026-01-01,none,0.477
U006244,2026-01-01,insurance,0.3652
U006245,2026-01-01,gym,0.3692
U006246,2026-01-01,none,0.3945
U006247,2026-01-01,insurance,0.2631
U006248,2026-01-01,streaming,0.5398
U006249,2026-01-01,gym,0.3638
U006250,2026-01-01,cloud,0.8374
U006251,2026-01-01,insurance,0.8494
U006252,2026-01-01,software,0.2885
U006253,2026-01-01,none,0.3187
U006254,2026-01-01,none,0.3141
U006255,2026-01-01,insurance,0.3742
U006256,2026-01-01,none,0.4439
U006257,2026-01-01,streaming,0.4458
U006258,2026-01-01,software,0.2857
U006259,2026-01-01,music,0.4508
U006260,2026-01-01,mobile,0.5658
U006261,2026-01-01,streaming,0.4611
U006262,2026-01-01,cloud,0.8686
U006263,2026-01-01,none,0.5643
U006264,2026-01-01,cloud,0.7229
U006265,2026-01-01,streaming,0.3744
U006266,2026-01-01,gym,0.75
U006267,2026-01-01,streaming,0.5425
U006268,2026-01-01,software,0.6667
U006269,2026-01-01,streaming,0.5767
U006270,2026-01-01,none,0.4501
U006271,2026-01-01,music,0.5714
U006272,2026-01-01,music,0.3279
U006273,2026-01-01,insurance,0.3863
U006274,2026-01-01,cloud,0.6725
U006275,2026-01-01,insurance,0.2652
U006276,2026-01-01,none,0.4275
U006277,2026-01-01,music,0.2509
U006278,2026-01-01,insurance,0.5
U006279,2026-01-01,none,0.3246
U006280,2026-01-01,gym,0.6751
U006281,2026-01-01,none,0.5
U006282,2026-01-01,none,0.5211
U006283,2026-01-01,music,0.5325
U006284,2026-01-01,none,0.6039
U006285,2026-01-01,music,0.3348
U006286,2026-01-01,none,0.7576
U006287,2026-01-01,none,1.0
U006288,2026-01-01,cloud,0.5393
U006289,2026-01-01,insurance,0.604
U006290,2026-01-01,none,0.3739
U006291,2026-01-01,mobile,0.5215
U006292,2026-01-01,streaming,0.2979
U006293,2026-01-01,streaming,0.4615
U006294,2026-01-01,streaming,0.366
U006295,2026-01-01,none,0.3449
U006296,2026-01-01,streaming,0.4319
U006297,2026-01-01,none,0.2954
U006298,2026-01-01,mobile,0.6228
U006299,2026-01-01,none,0.3708
U006300,2026-01-01,cloud,0.4304
U006301,2026-01-01,streaming,0.5987
U006302,2026-01-01,cloud,0.5249
U006303,2026-01-01,insurance,0.4569
U006304,2026-01-01,software,0.3252
U006305,2026-01-01,none,0.4435
U006306,2026-01-01,gym,0.7604
U006307,2026-01-01,software,0.4933
U006308,2026-01-01,insurance,0.5
U006309,2026-01-01,streaming,0.2743
U006310,2026-01-01,insurance,0.887
U006311,2026-01-01,music,0.4143
U006312,2026-01-01,music,1.0
U006313,2026-01-01,none,0.3783
U006314,2026-01-01,cloud,0.7781
U006315,2026-01-01,none,0.2779
U006316,2026-01-01,none,0.427
U006317,2026-01-01,gym,0.4603
U006318,2026-01-01,none,0.4073
U006319,2026-01-01,music,0.7139
U006320,2026-01-01,gym,0.4405
U006321,2026-01-01,cloud,0.3387
U006322,2026-01-01,insurance,0.5717
U006323,2026-01-01,streaming,0.243
U006324,2026-01-01,none,0.3401
U006325,2026-01-01,none,0.6754
U006326,2026-01-01,none,0.6357
U006327,2026-01-01,gym,0.381
U006328,2026-01-01,none,0.4698
U006329,2026-01-01,none,0.2934
U006330,2026-01-01,gym,0.8759
U006331,2026-01-01,mobile,0.6046
U006332,2026-01-01,none,0.4674
U006333,2026-01-01,insurance,1.0
U006334,2026-01-01,music,0.3188
U006335,2026-01-01,streaming,0.2952
U006336,2026-01-01,music,0.3588
U006337,2026-01-01,none,0.3358
U006338,2026-01-01,insurance,0.3241
U006339,2026-01-01,software,0.5714
U006340,2026-01-01,none,0.3705
U006341,2026-01-01,none,0.3487
U006342,2026-01-01,none,0.7576
U006343,2026-01-01,insurance,0.5084
U006344,2026-01-01,mobile,0.5093
U006345,2026-01-01,streaming,0.5006
U006346,2026-01-01,insurance,0.5677
U006347,2026-01-01,none,0.3088
U006348,2026-01-01,none,0.4368
U006349,2026-01-01,none,0.3443
U006350,2026-01-01,streaming,0.4344
U006351,2026-01-01,gym,0.3824
U006352,2026-01-01,insurance,0.504
U006353,2026-01-01,streaming,0.4793
U006354,2026-01-01,cloud,0.5
U006355,2026-01-01,gym,0.6109
U006356,2026-01-01,insurance,0.323
U006357,2026-01-01,cloud,0.2981
U006358,2026-01-01,none,0.3779
U006359,2026-01-01,insurance,0.4876
U006360,2026-01-01,music,0.3601
U006361,2026-01-01,mobile,0.7354
U006362,2026-01-01,none,0.2948
U006363,2026-01-01,gym,0.3831
U006364,2026-01-01,music,0.3982
U006365,2026-01-01,cloud,0.474
U006366,2026-01-01,insurance,0.4864
U006367,2026-01-01,none,0.4235
U006368,2026-01-01,streaming,0.4452
U006369,2026-01-01,gym,0.498
U006370,2026-01-01,none,0.577
U006371,2026-01-01,cloud,0.4787
U006372,2026-01-01,insurance,0.5119
U006373,2026-01-01,insurance,0.4692
U006374,2026-01-01,none,0.3615
U006375,2026-01-01,music,1.0
U006376,2026-01-01,none,0.5
U006377,2026-01-01,cloud,0.5398
U006378,2026-01-01,insurance,0.3466
U006379,2026-01-01,cloud,0.502
U006380,2026-01-01,software,0.2966
U006381,2026-01-01,mobile,0.7537
U006382,2026-01-01,software,1.0
U006383,2026-01-01,music,0.5637
U006384,2026-01-01,none,0.4027
U006385,2026-01-01,streaming,0.3617
U006386,2026-01-01,software,0.6226
U006387,2026-01-01,gym,0.2621
U006388,2026-01-01,music,0.7158
U006389,2026-01-01,streaming,0.4333
U006390,2026-01-01,insurance,0.4462
U006391,2026-01-01,mobile,0.2726
U006392,2026-01-01,none,0.7576
U006393,2026-01-01,cloud,0.587
U006394,2026-01-01,music,0.3839
U006395,2026-01-01,streaming,0.5661
U006396,2026-01-01,streaming,0.5704
U006397,2026-01-01,none,0.4071
U006398,2026-01-01,music,0.2241
U006399,2026-01-01,gym,1.0
U006400,2026-01-01,gym,0.3275
U006401,2026-01-01,none,0.3434
U006402,2026-01-01,cloud,0.5793
U006403,2026-01-01,music,0.4579
U006404,2026-01-01,none,1.0
U006405,2026-01-01,gym,1.0
U006406,2026-01-01,cloud,0.4266
U006407,2026-01-01,software,0.4223
U006408,2026-01-01,cloud,0.474
U006409,2026-01-01,cloud,0.4104
U006410,2026-01-01,streaming,0.6981
U006411,2026-01-01,none,0.7576
U006412,2026-01-01,none,0.3049
U006413,2026-01-01,gym,0.7599
U006414,2026-01-01,mobile,0.316
U006415,2026-01-01,mobile,0.5658
U006416,2026-01-01,software,0.5714
U006417,2026-01-01,cloud,0.4947
U006418,2026-01-01,insurance,0.3763
U006419,2026-01-01,streaming,0.5182
U006420,2026-01-01,cloud,0.3884
U006421,2026-01-01,streaming,0.6281
U006422,2026-01-01,none,0.6739
U006423,2026-01-01,streaming,0.4922
U006424,2026-01-01,gym,0.4772
U006425,2026-01-01,music,0.3754
U006426,2026-01-01,insurance,0.5563
U006427,2026-01-01,software,0.5973
U006428,2026-01-01,music,0.3726
U006429,2026-01-01,none,0.3281
U006430,2026-01-01,mobile,0.3936
U006431,2026-01-01,cloud,1.0
U006432,2026-01-01,software,0.3822
U006433,2026-01-01,mobile,0.5362
U006434,2026-01-01,none,0.3318
U006435,2026-01-01,none,0.338
U006436,2026-01-01,music,0.4633
U006437,2026-01-01,insurance,0.2527
U006438,2026-01-01,insurance,0.7841
U006439,2026-01-01,none,0.3057
U006440,2026-01-01,mobile,0.6688
U006441,2026-01-01,none,0.3712
U006442,2026-01-01,none,0.3282
U006443,2026-01-01,streaming,0.3913
U006444,2026-01-01,cloud,0.5624
U006445,2026-01-01,cloud,0.4631
U006446,2026-01-01,music,0.6901
U006447,2026-01-01,none,0.7576
U006448,2026-01-01,music,0.3576
U006449,2026-01-01,mobile,0.4244
U006450,2026-01-01,insurance,0.3331
U006451,2026-01-01,cloud,1.0
U006452,2026-01-01,none,0.2713
U006453,2026-01-01,mobile,0.3788
U006454,2026-01-01,gym,0.3233
U006455,2026-01-01,none,0.3792
U006456,2026-01-01,insurance,0.545
U006457,2026-01-01,software,0.4526
U006458,2026-01-01,insurance,0.3319
U006459,2026-01-01,streaming,0.5509
U006460,2026-01-01,streaming,0.4411
U006461,2026-01-01,insurance,0.4618
U006462,2026-01-01,mobile,0.6408
U006463,2026-01-01,none,0.3294
U006464,2026-01-01,none,0.5864
U006465,2026-01-01,music,1.0
U006466,2026-01-01,insurance,0.3896
U006467,2026-01-01,insurance,0.312
U006468,2026-01-01,insurance,0.3751
U006469,2026-01-01,gym,0.3442
U006470,2026-01-01,none,0.4941
U006471,2026-01-01,none,0.2992
U006472,2026-01-01,none,0.4227
U006473,2026-01-01,streaming,0.588
U006474,2026-01-01,music,0.7147
U006475,2026-01-01,none,0.7576
U006476,2026-01-01,none,0.7576
U006477,2026-01-01,insurance,0.299
U006478,2026-01-01,none,0.4428
U006479,2026-01-01,software,0.6186
U006480,2026-01-01,mobile,0.2692
U006481,2026-01-01,gym,0.3919
U006482,2026-01-01,insurance,0.7841
U006483,2026-01-01,none,0.4604
U006484,2026-01-01,none,0.4088
U006485,2026-01-01,gym,0.4519
U006486,2026-01-01,mobile,0.3342
U006487,2026-01-01,none,0.2721
U006488,2026-01-01,cloud,0.9163
U006489,2026-01-01,none,0.3265
U006490,2026-01-01,none,0.3208
U006491,2026-01-01,software,0.5398
U006492,2026-01-01,music,0.5714
U006493,2026-01-01,none,0.4466
U006494,2026-01-01,insurance,0.2879
U006495,2026-01-01,music,0.4121
U006496,2026-01-01,none,0.4207
U006497,2026-01-01,mobile,0.8097
U006498,2026-01-01,cloud,0.7055
U006499,2026-01-01,none,0.3188
U006500,2026-01-01,none,0.3824
U006501,2026-01-01,streaming,0.3444
U006502,2026-01-01,music,0.5621
U006503,2026-01-01,none,0.2628
U006504,2026-01-01,gym,0.442
U006505,2026-01-01,none,0.3565
U006506,2026-01-01,software,0.6247
U006507,2026-01-01,none,0.4369
U006508,2026-01-01,none,0.4719
U006509,2026-01-01,insurance,0.5254
U006510,2026-01-01,music,0.2773
U006511,2026-01-01,cloud,0.4602
U006512,2026-01-01,none,0.4075
U006513,2026-01-01,cloud,0.5
U006514,2026-01-01,streaming,0.45
U006515,2026-01-01,none,0.7576
U006516,2026-01-01,streaming,0.3771
U006517,2026-01-01,none,0.3286
U006518,2026-01-01,insurance,0.674
U006519,2026-01-01,cloud,0.5526
U006520,2026-01-01,streaming,0.5499
U006521,2026-01-01,gym,0.3327
U006522,2026-01-01,music,0.2883
U006523,2026-01-01,none,0.4854
U006524,2026-01-01,software,0.6667
U006525,2026-01-01,mobile,0.2729
U006526,2026-01-01,insurance,0.3542
U006527,2026-01-01,music,0.3046
U006528,2026-01-01,software,0.425
U006529,2026-01-01,streaming,0.3938
U006530,2026-01-01,none,0.3882
U006531,2026-01-01,mobile,0.3393
U006532,2026-01-01,software,0.472
U006533,2026-01-01,none,0.5736
U006534,2026-01-01,mobile,0.5658
U006535,2026-01-01,mobile,0.3487
U006536,2026-01-01,insurance,0.6684
U006537,2026-01-01,none,0.7512
U006538,2026-01-01,none,0.7576
U006539,2026-01-01,insurance,0.3125
U006540,2026-01-01,none,0.3677
U006541,2026-01-01,insurance,0.5004
U006542,2026-01-01,insurance,0.404
U006543,2026-01-01,none,0.5752
U006544,2026-01-01,mobile,0.3253
U006545,2026-01-01,music,0.3706
U006546,2026-01-01,gym,1.0
U006547,2026-01-01,none,0.3262
U006548,2026-01-01,none,0.387
U006549,2026-01-01,none,0.4791
U006550,2026-01-01,insurance,0.6186
U006551,2026-01-01,mobile,0.5105
U006552,2026-01-01,cloud,0.3526
U006553,2026-01-01,gym,0.6751
U006554,2026-01-01,cloud,0.2744
U006555,2026-01-01,streaming,0.2618
U006556,2026-01-01,none,0.5281
U006557,2026-01-01,mobile,0.5565
U006558,2026-01-01,none,0.7576
U006559,2026-01-01,software,1.0
U006560,2026-01-01,music,0.5211
U006561,2026-01-01,streaming,1.0
U006562,2026-01-01,music,0.4801
U006563,2026-01-01,cloud,0.4509
U006564,2026-01-01,insurance,0.301
U006565,2026-01-01,cloud,0.4187
U006566,2026-01-01,gym,1.0
U006567,2026-01-01,none,0.3674
U006568,2026-01-01,music,0.5934
U006569,2026-01-01,none,1.0
U006570,2026-01-01,none,1.0
U006571,2026-01-01,none,0.5292
U006572,2026-01-01,mobile,0.4184
U006573,2026-01-01,none,1.0
U006574,2026-01-01,software,0.5249
U006575,2026-01-01,cloud,0.445
U006576,2026-01-01,cloud,0.5
U006577,2026-01-01,music,0.2638
U006578,2026-01-01,mobile,0.341
U006579,2026-01-01,software,0.4566
U006580,2026-01-01,software,0.434
U006581,2026-01-01,music,0.4229
U006582,2026-01-01,streaming,0.3625
U006583,2026-01-01,streaming,0.6667
U006584,2026-01-01,mobile,0.6016
U006585,2026-01-01,insurance,0.729
U006586,2026-01-01,none,0.3345
U006587,2026-01-01,mobile,0.367
U006588,2026-01-01,music,0.4929
U006589,2026-01-01,cloud,0.3772
U006590,2026-01-01,streaming,0.6758
U006591,2026-01-01,music,0.3941
U006592,2026-01-01,insurance,0.3261
U006593,2026-01-01,none,0.7576
U006594,2026-01-01,none,0.464
U006595,2026-01-01,software,0.5714
U006596,2026-01-01,gym,0.75
U006597,2026-01-01,cloud,0.3305
U006598,2026-01-01,none,0.5952
U006599,2026-01-01,none,0.3646
U006600,2026-01-01,insurance,0.3816
U006601,2026-01-01,streaming,0.8712
U006602,2026-01-01,none,0.558
U006603,2026-01-01,none,0.5069
U006604,2026-01-01,insurance,0.7078
U006605,2026-01-01,none,0.385
U006606,2026-01-01,music,0.4155
U006607,2026-01-01,mobile,0.6996
U006608,2026-01-01,streaming,0.388
U006609,2026-01-01,streaming,0.4039
U006610,2026-01-01,streaming,0.6808
U006611,2026-01-01,software,0.4602
U006612,2026-01-01,mobile,0.2651
U006613,2026-01-01,music,0.8512
U006614,2026-01-01,none,0.3927
U006615,2026-01-01,music,0.3971
U006616,2026-01-01,none,0.3067
U006617,2026-01-01,none,0.3282
U006618,2026-01-01,none,0.322
U006619,2026-01-01,none,0.5618
U006620,2026-01-01,insurance,0.3153
U006621,2026-01-01,streaming,0.56
U006622,2026-01-01,cloud,0.4606
U006623,2026-01-01,cloud,0.4384
U006624,2026-01-01,none,0.7576
U006625,2026-01-01,music,0.3051
U006626,2026-01-01,none,0.6111
U006627,2026-01-01,cloud,0.3226
U006628,2026-01-01,insurance,0.4577
U006629,2026-01-01,gym,0.3538
U006630,2026-01-01,gym,0.3922
U006631,2026-01-01,software,0.3611
U006632,2026-01-01,streaming,0.2895
U006633,2026-01-01,mobile,0.3223
U006634,2026-01-01,streaming,0.2757
U006635,2026-01-01,none,0.3647
U006636,2026-01-01,none,0.2782
U006637,2026-01-01,none,0.3938
U006638,2026-01-01,music,0.4155
U006639,2026-01-01,none,0.6667
U006640,2026-01-01,insurance,0.3741
U006641,2026-01-01,none,1.0
U006642,2026-01-01,none,1.0
U006643,2026-01-01,none,0.8333
U006644,2026-01-01,gym,0.3804
U006645,2026-01-01,software,0.5159
U006646,2026-01-01,software,0.5714
U006647,2026-01-01,none,0.3375
U006648,2026-01-01,insurance,0.4108
U006649,2026-01-01,insurance,0.3751
U006650,2026-01-01,none,0.3176
U006651,2026-01-01,none,0.2992
U006652,2026-01-01,none,0.624
U006653,2026-01-01,mobile,0.6243
U006654,2026-01-01,mobile,0.3326
U006655,2026-01-01,streaming,0.3277
U006656,2026-01-01,none,0.7576
U006657,2026-01-01,insurance,0.3779
U006658,2026-01-01,insurance,0.3814
U006659,2026-01-01,music,0.5933
U006660,2026-01-01,none,0.4368
U006661,2026-01-01,none,0.3427
U006662,2026-01-01,none,0.644
U006663,2026-01-01,insurance,0.6991
U006664,2026-01-01,mobile,0.2963
U006665,2026-01-01,insurance,0.2144
U006666,2026-01-01,gym,0.6595
U006667,2026-01-01,cloud,0.5265
U006668,2026-01-01,gym,0.2739
U006669,2026-01-01,gym,0.278
U006670,2026-01-01,gym,0.3002
U006671,2026-01-01,none,0.5097
U006672,2026-01-01,insurance,0.6048
U006673,2026-01-01,insurance,0.5423
U006674,2026-01-01,streaming,0.5785
U006675,2026-01-01,insurance,0.3491
U006676,2026-01-01,cloud,0.535
U006677,2026-01-01,insurance,0.4017
U006678,2026-01-01,cloud,0.8374
U006679,2026-01-01,music,0.3287
U006680,2026-01-01,none,0.4172
U006681,2026-01-01,none,0.3559
U006682,2026-01-01,none,0.6089
U006683,2026-01-01,streaming,0.5827
U006684,2026-01-01,music,0.3606
U006685,2026-01-01,none,0.3932
U006686,2026-01-01,mobile,0.4127
U006687,2026-01-01,none,0.3427
U006688,2026-01-01,none,0.477
U006689,2026-01-01,music,0.3254
U006690,2026-01-01,insurance,0.4268
U006691,2026-01-01,mobile,1.0
U006692,2026-01-01,music,1.0
U006693,2026-01-01,music,0.3959
U006694,2026-01-01,insurance,1.0
U006695,2026-01-01,cloud,1.0
U006696,2026-01-01,music,0.3348
U006697,2026-01-01,gym,0.47
U006698,2026-01-01,gym,1.0
U006699,2026-01-01,mobile,0.4488
U006700,2026-01-01,none,0.8333
U006701,2026-01-01,none,0.7
U006702,2026-01-01,none,0.7576
U006703,2026-01-01,insurance,0.5
U006704,2026-01-01,music,0.4403
U006705,2026-01-01,music,0.7787
U006706,2026-01-01,music,0.4117
U006707,2026-01-01,none,0.2655
U006708,2026-01-01,cloud,0.8133
U006709,2026-01-01,software,0.2588
U006710,2026-01-01,music,0.4476
U006711,2026-01-01,none,0.4102
U006712,2026-01-01,insurance,1.0
U006713,2026-01-01,cloud,0.6009
U006714,2026-01-01,none,0.39
U006715,2026-01-01,insurance,0.4503
U006716,2026-01-01,none,0.6005
U006717,2026-01-01,insurance,0.3946
U006718,2026-01-01,software,0.5714
U006719,2026-01-01,none,0.3836
U006720,2026-01-01,music,0.3428
U006721,2026-01-01,none,0.7576
U006722,2026-01-01,streaming,0.3262
U006723,2026-01-01,none,0.363
U006724,2026-01-01,music,1.0
U006725,2026-01-01,streaming,0.5361
U006726,2026-01-01,mobile,0.3348
U006727,2026-01-01,software,0.3262
U006728,2026-01-01,insurance,0.3089
U006729,2026-01-01,mobile,1.0
U006730,2026-01-01,music,0.6313
U006731,2026-01-01,cloud,0.5462
U006732,2026-01-01,cloud,0.4924
U006733,2026-01-01,none,0.5397
U006734,2026-01-01,streaming,0.3154
U006735,2026-01-01,software,0.3763
U006736,2026-01-01,none,0.3433
U006737,2026-01-01,none,0.5
U006738,2026-01-01,cloud,0.4666
U006739,2026-01-01,insurance,0.3503
U006740,2026-01-01,gym,1.0
U006741,2026-01-01,insurance,0.4363
U006742,2026-01-01,none,0.4325
U006743,2026-01-01,none,0.3164
U006744,2026-01-01,none,0.4753
U006745,2026-01-01,none,0.2792
U006746,2026-01-01,music,1.0
U006747,2026-01-01,mobile,0.3223
U006748,2026-01-01,cloud,0.513
U006749,2026-01-01,insurance,0.4989
U006750,2026-01-01,none,0.3057
U006751,2026-01-01,cloud,0.4212
U006752,2026-01-01,insurance,0.5254
U006753,2026-01-01,insurance,1.0
U006754,2026-01-01,none,0.3675
U006755,2026-01-01,cloud,0.5
U006756,2026-01-01,music,0.3224
U006757,2026-01-01,none,1.0
U006758,2026-01-01,cloud,0.558
U006759,2026-01-01,insurance,0.4394
U006760,2026-01-01,cloud,0.6745
U006761,2026-01-01,music,0.5207
U006762,2026-01-01,gym,0.3117
U006763,2026-01-01,music,0.4141
U006764,2026-01-01,music,0.3798
U006765,2026-01-01,gym,0.3018
U006766,2026-01-01,software,0.4942
U006767,2026-01-01,cloud,0.403
U006768,2026-01-01,cloud,0.6767
U006769,2026-01-01,streaming,0.5489
U006770,2026-01-01,insurance,0.4548
U006771,2026-01-01,streaming,0.4848
U006772,2026-01-01,streaming,0.4951
U006773,2026-01-01,none,0.4145
U006774,2026-01-01,insurance,1.0
U006775,2026-01-01,none,0.5637
U006776,2026-01-01,cloud,0.4096
U006777,2026-01-01,cloud,0.4719
U006778,2026-01-01,software,0.3878
U006779,2026-01-01,music,0.3058
U006780,2026-01-01,none,0.3501
U006781,2026-01-01,streaming,0.3539
U006782,2026-01-01,streaming,0.4207
U006783,2026-01-01,streaming,0.4857
U006784,2026-01-01,software,1.0
U006785,2026-01-01,music,0.3081
U006786,2026-01-01,cloud,0.5889
U006787,2026-01-01,none,0.4125
U006788,2026-01-01,none,0.4737
U006789,2026-01-01,music,0.4152
U006790,2026-01-01,mobile,0.2104
U006791,2026-01-01,gym,0.4506
U006792,2026-01-01,none,0.6089
U006793,2026-01-01,none,0.3492
U006794,2026-01-01,none,1.0
U006795,2026-01-01,music,0.3256
U006796,2026-01-01,none,0.7576
U006797,2026-01-01,gym,0.4875
U006798,2026-01-01,software,0.5241
U006799,2026-01-01,music,0.3808
U006800,2026-01-01,music,0.332
U006801,2026-01-01,insurance,0.3306
U006802,2026-01-01,none,0.5936
U006803,2026-01-01,none,0.5214
U006804,2026-01-01,insurance,0.3511
U006805,2026-01-01,gym,0.2546
U006806,2026-01-01,streaming,0.2794
U006807,2026-01-01,cloud,0.5
U006808,2026-01-01,software,1.0
U006809,2026-01-01,none,0.7576
U006810,2026-01-01,mobile,1.0
U006811,2026-01-01,none,0.391
U006812,2026-01-01,none,0.3988
U006813,2026-01-01,music,0.3401
U006814,2026-01-01,software,0.4566
U006815,2026-01-01,insurance,0.6667
U006816,2026-01-01,software,0.5022
U006817,2026-01-01,none,0.3386
U006818,2026-01-01,streaming,0.3471
U006819,2026-01-01,none,0.5898
U006820,2026-01-01,none,1.0
U006821,2026-01-01,streaming,0.7353
U006822,2026-01-01,none,0.5
U006823,2026-01-01,mobile,1.0
U006824,2026-01-01,none,0.4199
U006825,2026-01-01,cloud,0.5462
U006826,2026-01-01,none,0.2586
U006827,2026-01-01,streaming,0.75
U006828,2026-01-01,music,0.3585
U006829,2026-01-01,none,0.5047
U006830,2026-01-01,mobile,0.4485
U006831,2026-01-01,none,0.4285
U006832,2026-01-01,music,0.3543
U006833,2026-01-01,none,0.2695
U006834,2026-01-01,none,0.6667
U006835,2026-01-01,streaming,0.4067
U006836,2026-01-01,cloud,0.7829
U006837,2026-01-01,none,0.2803
U006838,2026-01-01,streaming,0.75
U006839,2026-01-01,none,0.8
U006840,2026-01-01,mobile,0.7213
U006841,2026-01-01,insurance,0.3254
U006842,2026-01-01,none,0.2804
U006843,2026-01-01,none,0.5759
U006844,2026-01-01,music,0.6611
U006845,2026-01-01,mobile,0.2816
U006846,2026-01-01,none,1.0
U006847,2026-01-01,cloud,0.7597
U006848,2026-01-01,music,0.5714
U006849,2026-01-01,none,0.3868
U006850,2026-01-01,mobile,0.6259
U006851,2026-01-01,insurance,0.2887
U006852,2026-01-01,none,0.5459
U006853,2026-01-01,none,0.4068
U006854,2026-01-01,streaming,0.7282
U006855,2026-01-01,cloud,0.3139
U006856,2026-01-01,none,0.4218
U006857,2026-01-01,gym,0.3292
U006858,2026-01-01,mobile,0.3786
U006859,2026-01-01,none,0.3968
U006860,2026-01-01,insurance,0.2597
U006861,2026-01-01,streaming,0.732
U006862,2026-01-01,none,0.4653
U006863,2026-01-01,none,0.3294
U006864,2026-01-01,cloud,0.4307
U006865,2026-01-01,insurance,0.3409
U006866,2026-01-01,cloud,0.755
U006867,2026-01-01,cloud,0.3746
U006868,2026-01-01,gym,1.0
U006869,2026-01-01,none,0.5979
U006870,2026-01-01,none,0.3838
U006871,2026-01-01,streaming,0.6091
U006872,2026-01-01,insurance,0.5143
U006873,2026-01-01,insurance,0.3477
U006874,2026-01-01,music,0.4771
U006875,2026-01-01,none,0.6051
U006876,2026-01-01,none,0.7576
U006877,2026-01-01,software,0.7857
U006878,2026-01-01,software,0.4254
U006879,2026-01-01,software,0.4412
U006880,2026-01-01,none,0.7
U006881,2026-01-01,gym,0.3508
U006882,2026-01-01,gym,0.3539
U006883,2026-01-01,insurance,0.3842
U006884,2026-01-01,gym,1.0
U006885,2026-01-01,music,0.3793
U006886,2026-01-01,music,0.3432
U006887,2026-01-01,none,0.3198
U006888,2026-01-01,mobile,0.3829
U006889,2026-01-01,music,0.3967
U006890,2026-01-01,mobile,0.6976
U006891,2026-01-01,none,0.2974
U006892,2026-01-01,none,0.432
U006893,2026-01-01,none,0.4568
U006894,2026-01-01,none,0.4484
U006895,2026-01-01,none,0.3156
U006896,2026-01-01,cloud,0.4722
U006897,2026-01-01,streaming,0.5869
U006898,2026-01-01,insurance,0.4069
U006899,2026-01-01,insurance,0.3815
U006900,2026-01-01,none,0.6278
U006901,2026-01-01,insurance,1.0
U006902,2026-01-01,cloud,0.7055
U006903,2026-01-01,none,0.4687
U006904,2026-01-01,none,0.3172
U006905,2026-01-01,cloud,1.0
U006906,2026-01-01,gym,0.5
U006907,2026-01-01,mobile,1.0
U006908,2026-01-01,none,0.4396
U006909,2026-01-01,music,0.7787
U006910,2026-01-01,none,0.3578
U006911,2026-01-01,streaming,0.3402
U006912,2026-01-01,streaming,0.2617
U006913,2026-01-01,none,0.6659
U006914,2026-01-01,insurance,1.0
U006915,2026-01-01,none,0.3544
U006916,2026-01-01,streaming,0.309
U006917,2026-01-01,none,0.3391
U006918,2026-01-01,insurance,0.3325
U006919,2026-01-01,none,0.4285
U006920,2026-01-01,insurance,0.5431
U006921,2026-01-01,insurance,0.4169
U006922,2026-01-01,insurance,0.3405
U006923,2026-01-01,streaming,0.6199
U006924,2026-01-01,cloud,0.2403
U006925,2026-01-01,mobile,0.593
U006926,2026-01-01,insurance,1.0
U006927,2026-01-01,music,0.4777
U006928,2026-01-01,none,0.4312
U006929,2026-01-01,streaming,0.5022
U006930,2026-01-01,none,0.7576
U006931,2026-01-01,none,0.5
U006932,2026-01-01,streaming,0.4391
U006933,2026-01-01,gym,0.5
U006934,2026-01-01,none,0.7576
U006935,2026-01-01,none,0.4043
U006936,2026-01-01,music,0.7787
U006937,2026-01-01,none,0.3876
U006938,2026-01-01,none,0.5872
U006939,2026-01-01,streaming,0.7037
U006940,2026-01-01,none,0.2983
U006941,2026-01-01,gym,0.5953
U006942,2026-01-01,insurance,0.3591
U006943,2026-01-01,music,0.3929
U006944,2026-01-01,none,0.4243
U006945,2026-01-01,none,0.3883
U006946,2026-01-01,gym,0.2918
U006947,2026-01-01,music,0.3466
U006948,2026-01-01,none,0.2016
U006949,2026-01-01,streaming,0.5708
U006950,2026-01-01,mobile,0.3651
U006951,2026-01-01,music,0.2759
U006952,2026-01-01,cloud,0.5153
U006953,2026-01-01,none,0.4854
U006954,2026-01-01,none,0.4137
U006955,2026-01-01,none,0.4389
U006956,2026-01-01,music,0.4968
U006957,2026-01-01,gym,0.445
U006958,2026-01-01,none,0.7576
U006959,2026-01-01,cloud,0.5
U006960,2026-01-01,none,0.7576
U006961,2026-01-01,streaming,0.4084
U006962,2026-01-01,cloud,0.6961
U006963,2026-01-01,mobile,0.2334
U006964,2026-01-01,none,0.3159
U006965,2026-01-01,gym,0.3921
U006966,2026-01-01,none,0.7576
U006967,2026-01-01,gym,0.648
U006968,2026-01-01,none,0.8
U006969,2026-01-01,none,0.7576
U006970,2026-01-01,none,0.3051
U006971,2026-01-01,none,0.3791
U006972,2026-01-01,software,0.3396
U006973,2026-01-01,music,0.4556
U006974,2026-01-01,gym,0.5883
U006975,2026-01-01,streaming,0.3485
U006976,2026-01-01,none,0.6039
U006977,2026-01-01,none,0.3766
U006978,2026-01-01,software,0.4651
U006979,2026-01-01,none,0.462
U006980,2026-01-01,streaming,0.3786
U006981,2026-01-01,insurance,0.5695
U006982,2026-01-01,none,0.7133
U006983,2026-01-01,streaming,0.6667
U006984,2026-01-01,insurance,0.516
U006985,2026-01-01,streaming,1.0
U006986,2026-01-01,insurance,0.2437
U006987,2026-01-01,mobile,0.3256
U006988,2026-01-01,none,0.5621
U006989,2026-01-01,software,0.3271
U006990,2026-01-01,mobile,0.3805
U006991,2026-01-01,none,0.4886
U006992,2026-01-01,none,0.3646
U006993,2026-01-01,music,0.4659
U006994,2026-01-01,none,1.0
U006995,2026-01-01,music,0.4854
U006996,2026-01-01,insurance,0.4361
U006997,2026-01-01,music,0.4318
U006998,2026-01-01,insurance,0.4013
U006999,2026-01-01,gym,1.0
U007000,2026-01-01,none,0.3769
U007001,2026-01-01,mobile,0.7537
U007002,2026-01-01,insurance,0.512
U007003,2026-01-01,none,0.4053
U007004,2026-01-01,cloud,0.2823
U007005,2026-01-01,none,0.7512
U007006,2026-01-01,none,0.5454
U007007,2026-01-01,music,0.4137
U007008,2026-01-01,none,0.7576
U007009,2026-01-01,music,0.4125
U007010,2026-01-01,none,0.4031
U007011,2026-01-01,gym,0.3662
U007012,2026-01-01,none,0.4359
U007013,2026-01-01,none,0.4295
U007014,2026-01-01,none,1.0
U007015,2026-01-01,software,0.698
U007016,2026-01-01,gym,1.0
U007017,2026-01-01,streaming,0.3869
U007018,2026-01-01,music,0.3188
U007019,2026-01-01,streaming,0.5835
U007020,2026-01-01,cloud,0.4682
U007021,2026-01-01,none,0.2805
U007022,2026-01-01,cloud,0.3491
U007023,2026-01-01,none,0.8
U007024,2026-01-01,music,0.329
U007025,2026-01-01,insurance,1.0
U007026,2026-01-01,insurance,0.3259
U007027,2026-01-01,none,0.4278
U007028,2026-01-01,none,0.3297
U007029,2026-01-01,none,0.3908
U007030,2026-01-01,software,0.3814
U007031,2026-01-01,mobile,0.4514
U007032,2026-01-01,streaming,0.3451
U007033,2026-01-01,insurance,0.6153
U007034,2026-01-01,cloud,0.3042
U007035,2026-01-01,cloud,0.7055
U007036,2026-01-01,cloud,0.305
U007037,2026-01-01,cloud,1.0
U007038,2026-01-01,streaming,1.0
U007039,2026-01-01,insurance,0.3777
U007040,2026-01-01,streaming,0.3784
U007041,2026-01-01,none,0.3065
U007042,2026-01-01,software,0.6346
U007043,2026-01-01,music,0.274
U007044,2026-01-01,insurance,0.3743
U007045,2026-01-01,none,0.2548
U007046,2026-01-01,insurance,0.5745
U007047,2026-01-01,mobile,0.3673
U007048,2026-01-01,none,0.3692
U007049,2026-01-01,mobile,0.5362
U007050,2026-01-01,insurance,1.0
U007051,2026-01-01,music,0.7787
U007052,2026-01-01,cloud,0.3279
U007053,2026-01-01,none,1.0
U007054,2026-01-01,streaming,0.3615
U007055,2026-01-01,none,0.5523
U007056,2026-01-01,none,0.3442
U007057,2026-01-01,streaming,0.4587
U007058,2026-01-01,cloud,0.3086
U007059,2026-01-01,none,0.4407
U007060,2026-01-01,none,0.3929
U007061,2026-01-01,none,0.3263
U007062,2026-01-01,insurance,0.254
U007063,2026-01-01,mobile,0.5854
U007064,2026-01-01,insurance,0.3619
U007065,2026-01-01,streaming,0.449
U007066,2026-01-01,mobile,0.2763
U007067,2026-01-01,mobile,0.5849
U007068,2026-01-01,none,0.3333
U007069,2026-01-01,none,0.4014
U007070,2026-01-01,none,0.5302
U007071,2026-01-01,cloud,0.4312
U007072,2026-01-01,none,0.3661
U007073,2026-01-01,insurance,0.4858
U007074,2026-01-01,music,0.3686
U007075,2026-01-01,none,0.4428
U007076,2026-01-01,none,0.7444
U007077,2026-01-01,software,0.5714
U007078,2026-01-01,software,0.5502
U007079,2026-01-01,none,0.7576
U007080,2026-01-01,music,0.3815
U007081,2026-01-01,music,0.2754
U007082,2026-01-01,insurance,0.7745
U007083,2026-01-01,streaming,0.5764
U007084,2026-01-01,streaming,0.6791
U007085,2026-01-01,none,0.5443
U007086,2026-01-01,insurance,0.8009
U007087,2026-01-01,software,0.5714
U007088,2026-01-01,cloud,0.8686
U007089,2026-01-01,mobile,0.4527
U007090,2026-01-01,cloud,0.3038
U007091,2026-01-01,streaming,0.3771
U007092,2026-01-01,none,0.43
U007093,2026-01-01,gym,0.3539
U007094,2026-01-01,none,0.3819
U007095,2026-01-01,streaming,0.3972
U007096,2026-01-01,none,0.4495
U007097,2026-01-01,cloud,0.2912
U007098,2026-01-01,insurance,0.3331
U007099,2026-01-01,none,0.4704
U007100,2026-01-01,none,0.4188
U007101,2026-01-01,software,1.0
U007102,2026-01-01,mobile,0.3165
U007103,2026-01-01,none,0.5055
U007104,2026-01-01,streaming,0.3882
U007105,2026-01-01,insurance,1.0
U007106,2026-01-01,none,0.3107
U007107,2026-01-01,none,0.3402
U007108,2026-01-01,insurance,0.5363
U007109,2026-01-01,music,0.3957
U007110,2026-01-01,cloud,0.24
U007111,2026-01-01,none,0.3203
U007112,2026-01-01,gym,0.3298
U007113,2026-01-01,gym,0.7717
U007114,2026-01-01,none,0.4346
U007115,2026-01-01,none,0.4427
U007116,2026-01-01,mobile,0.4208
U007117,2026-01-01,none,0.4446
U007118,2026-01-01,none,0.3726
U007119,2026-01-01,none,0.2894
U007120,2026-01-01,none,0.3976
U007121,2026-01-01,insurance,0.3054
U007122,2026-01-01,mobile,0.4702
U007123,2026-01-01,music,0.4054
U007124,2026-01-01,streaming,0.4303
U007125,2026-01-01,insurance,0.2774
U007126,2026-01-01,streaming,0.4217
U007127,2026-01-01,none,0.5086
U007128,2026-01-01,insurance,0.3156
U007129,2026-01-01,software,0.4556
U007130,2026-01-01,insurance,0.6574
U007131,2026-01-01,mobile,0.7537
U007132,2026-01-01,streaming,0.2225
U007133,2026-01-01,none,0.6393
U007134,2026-01-01,cloud,0.4854
U007135,2026-01-01,streaming,0.4911
U007136,2026-01-01,streaming,0.2363
U007137,2026-01-01,none,0.4005
U007138,2026-01-01,cloud,0.3192
U007139,2026-01-01,none,0.675
U007140,2026-01-01,mobile,0.5957
U007141,2026-01-01,cloud,0.5435
U007142,2026-01-01,none,0.7576
U007143,2026-01-01,none,0.3137
U007144,2026-01-01,software,0.4663
U007145,2026-01-01,streaming,0.7207
U007146,2026-01-01,insurance,0.3025
U007147,2026-01-01,streaming,0.4035
U007148,2026-01-01,music,0.5806
U007149,2026-01-01,gym,1.0
U007150,2026-01-01,none,0.5634
U007151,2026-01-01,mobile,0.3641
U007152,2026-01-01,gym,0.3415
U007153,2026-01-01,mobile,0.3354
U007154,2026-01-01,mobile,0.454
U007155,2026-01-01,cloud,0.5483
U007156,2026-01-01,none,0.2681
U007157,2026-01-01,cloud,0.2724
U007158,2026-01-01,music,0.3934
U007159,2026-01-01,none,0.2606
U007160,2026-01-01,none,0.2918
U007161,2026-01-01,none,0.3225
U007162,2026-01-01,none,0.479
U007163,2026-01-01,none,0.3016
U007164,2026-01-01,none,0.6265
U007165,2026-01-01,streaming,0.5648
U007166,2026-01-01,insurance,0.3303
U007167,2026-01-01,none,0.4811
U007168,2026-01-01,music,0.2342
U007169,2026-01-01,cloud,0.506
U007170,2026-01-01,streaming,0.3105
U007171,2026-01-01,mobile,0.5977
U007172,2026-01-01,software,1.0
U007173,2026-01-01,none,0.3203
U007174,2026-01-01,streaming,0.3009
U007175,2026-01-01,none,0.3755
U007176,2026-01-01,streaming,0.5884
U007177,2026-01-01,streaming,0.5355
U007178,2026-01-01,streaming,0.2895
U007179,2026-01-01,mobile,0.4314
U007180,2026-01-01,mobile,0.3705
U007181,2026-01-01,cloud,0.4521
U007182,2026-01-01,streaming,0.2902
U007183,2026-01-01,gym,0.6172
U007184,2026-01-01,software,1.0
U007185,2026-01-01,insurance,0.4238
U007186,2026-01-01,streaming,0.5534
U007187,2026-01-01,mobile,0.4325
U007188,2026-01-01,none,0.5951
U007189,2026-01-01,cloud,0.8686
U007190,2026-01-01,music,0.683
U007191,2026-01-01,none,0.4069
U007192,2026-01-01,cloud,0.5462
U007193,2026-01-01,none,0.3998
U007194,2026-01-01,mobile,0.5278
U007195,2026-01-01,none,0.3415
U007196,2026-01-01,gym,0.2561
U007197,2026-01-01,music,0.2457
U007198,2026-01-01,insurance,0.4816
U007199,2026-01-01,none,0.3847
U007200,2026-01-01,cloud,0.306
U007201,2026-01-01,streaming,0.4865
U007202,2026-01-01,software,1.0
U007203,2026-01-01,none,0.382
U007204,2026-01-01,none,0.4347
U007205,2026-01-01,music,0.5714
U007206,2026-01-01,none,0.3154
U007207,2026-01-01,insurance,0.5
U007208,2026-01-01,software,0.3879
U007209,2026-01-01,cloud,0.5
U007210,2026-01-01,streaming,0.3612
U007211,2026-01-01,none,0.6637
U007212,2026-01-01,none,0.4902
U007213,2026-01-01,none,0.3344
U007214,2026-01-01,none,0.3347
U007215,2026-01-01,streaming,0.3295
U007216,2026-01-01,cloud,0.5462
U007217,2026-01-01,none,0.4007
U007218,2026-01-01,insurance,0.7841
U007219,2026-01-01,insurance,0.3145
U007220,2026-01-01,none,1.0
U007221,2026-01-01,none,0.4042
U007222,2026-01-01,mobile,0.3081
U007223,2026-01-01,cloud,0.2771
U007224,2026-01-01,none,0.2787
U007225,2026-01-01,music,0.354
U007226,2026-01-01,none,0.5
U007227,2026-01-01,insurance,1.0
U007228,2026-01-01,gym,1.0
U007229,2026-01-01,software,0.3241
U007230,2026-01-01,none,0.5272
U007231,2026-01-01,streaming,0.2928
U007232,2026-01-01,none,0.227
U007233,2026-01-01,streaming,0.75
U007234,2026-01-01,none,0.3879
U007235,2026-01-01,insurance,0.5299
U007236,2026-01-01,cloud,0.5145
U007237,2026-01-01,gym,0.4144
U007238,2026-01-01,music,0.5091
U007239,2026-01-01,software,0.8
U007240,2026-01-01,mobile,0.5658
U007241,2026-01-01,insurance,0.7099
U007242,2026-01-01,cloud,0.4598
U007243,2026-01-01,streaming,0.5155
U007244,2026-01-01,none,0.2932
U007245,2026-01-01,none,0.6218
U007246,2026-01-01,none,0.4215
U007247,2026-01-01,music,0.4253
U007248,2026-01-01,music,0.683
U007249,2026-01-01,music,0.263
U007250,2026-01-01,none,0.5186
U007251,2026-01-01,none,0.3434
U007252,2026-01-01,streaming,0.3682
U007253,2026-01-01,music,0.2794
U007254,2026-01-01,none,0.529
U007255,2026-01-01,none,0.5498
U007256,2026-01-01,none,0.4727
U007257,2026-01-01,none,0.4763
U007258,2026-01-01,none,0.3962
U007259,2026-01-01,streaming,0.3416
U007260,2026-01-01,software,0.4081
U007261,2026-01-01,none,0.7576
U007262,2026-01-01,music,0.344
U007263,2026-01-01,music,1.0
U007264,2026-01-01,none,0.3229
U007265,2026-01-01,insurance,1.0
U007266,2026-01-01,music,0.4458
U007267,2026-01-01,none,0.405
U007268,2026-01-01,insurance,0.5966
U007269,2026-01-01,insurance,0.3638
U007270,2026-01-01,mobile,0.3579
U007271,2026-01-01,cloud,0.4714
U007272,2026-01-01,cloud,0.4567
U007273,2026-01-01,none,0.7576
U007274,2026-01-01,none,0.3937
U007275,2026-01-01,none,0.7576
U007276,2026-01-01,cloud,0.3636
U007277,2026-01-01,streaming,0.2216
U007278,2026-01-01,mobile,1.0
U007279,2026-01-01,cloud,0.4373
U007280,2026-01-01,insurance,0.5
U007281,2026-01-01,mobile,0.422
U007282,2026-01-01,none,0.253
U007283,2026-01-01,streaming,0.4537
U007284,2026-01-01,gym,0.3904
U007285,2026-01-01,cloud,0.9119
U007286,2026-01-01,none,0.333
U007287,2026-01-01,none,0.4007
U007288,2026-01-01,gym,0.3479
U007289,2026-01-01,none,0.283
U007290,2026-01-01,none,0.3237
U007291,2026-01-01,cloud,0.4544
U007292,2026-01-01,gym,0.3364
U007293,2026-01-01,insurance,0.5
U007294,2026-01-01,music,0.3863
U007295,2026-01-01,gym,0.4156
U007296,2026-01-01,cloud,0.4618
U007297,2026-01-01,none,0.4518
U007298,2026-01-01,gym,0.5967
U007299,2026-01-01,gym,0.7815
U007300,2026-01-01,cloud,0.5
U007301,2026-01-01,none,0.439
U007302,2026-01-01,mobile,0.3381
U007303,2026-01-01,none,0.284
U007304,2026-01-01,streaming,0.6494
U007305,2026-01-01,insurance,0.5
U007306,2026-01-01,none,0.3838
U007307,2026-01-01,gym,0.4028
U007308,2026-01-01,none,0.4451
U007309,2026-01-01,none,0.3041
U007310,2026-01-01,streaming,0.3032
U007311,2026-01-01,insurance,0.4016
U007312,2026-01-01,none,0.4248
U007313,2026-01-01,insurance,0.6664
U007314,2026-01-01,insurance,0.5307
U007315,2026-01-01,none,0.7576
U007316,2026-01-01,music,0.5602
U007317,2026-01-01,none,0.376
U007318,2026-01-01,streaming,0.3693
U007319,2026-01-01,none,0.2724
U007320,2026-01-01,insurance,0.4493
U007321,2026-01-01,none,0.6667
U007322,2026-01-01,none,0.4705
U007323,2026-01-01,streaming,0.2828
U007324,2026-01-01,streaming,0.435
U007325,2026-01-01,cloud,0.4924
U007326,2026-01-01,streaming,0.491
U007327,2026-01-01,cloud,0.8686
U007328,2026-01-01,music,0.3257
U007329,2026-01-01,insurance,0.2651
U007330,2026-01-01,none,0.4467
U007331,2026-01-01,none,0.3483
U007332,2026-01-01,none,1.0
U007333,2026-01-01,streaming,0.3171
U007334,2026-01-01,none,0.354
U007335,2026-01-01,mobile,0.4117
U007336,2026-01-01,streaming,0.5523
U007337,2026-01-01,insurance,0.4182
U007338,2026-01-01,none,0.3966
U007339,2026-01-01,mobile,0.5658
U007340,2026-01-01,mobile,0.4475
U007341,2026-01-01,mobile,0.3993
U007342,2026-01-01,none,0.48
U007343,2026-01-01,streaming,0.6496
U007344,2026-01-01,streaming,0.5534
U007345,2026-01-01,none,0.7576
U007346,2026-01-01,insurance,0.4547
U007347,2026-01-01,streaming,0.3075
U007348,2026-01-01,none,0.6669
U007349,2026-01-01,none,0.5665
U007350,2026-01-01,cloud,0.3679
U007351,2026-01-01,insurance,0.486
U007352,2026-01-01,cloud,0.3788
U007353,2026-01-01,insurance,0.3388
U007354,2026-01-01,none,0.4524
U007355,2026-01-01,gym,1.0
U007356,2026-01-01,none,0.3156
U007357,2026-01-01,mobile,0.314
U007358,2026-01-01,none,0.5458
U007359,2026-01-01,gym,0.75
U007360,2026-01-01,music,0.683
U007361,2026-01-01,none,0.7576
U007362,2026-01-01,software,0.4317
U007363,2026-01-01,software,0.3164
U007364,2026-01-01,software,0.4923
U007365,2026-01-01,insurance,0.6506
U007366,2026-01-01,none,0.5862
U007367,2026-01-01,music,0.341
U007368,2026-01-01,none,0.7576
U007369,2026-01-01,none,0.6067
U007370,2026-01-01,mobile,0.4071
U007371,2026-01-01,none,0.2756
U007372,2026-01-01,none,0.3038
U007373,2026-01-01,none,0.3864
U007374,2026-01-01,insurance,0.5734
U007375,2026-01-01,music,0.4174
U007376,2026-01-01,gym,0.5112
U007377,2026-01-01,software,0.4663
U007378,2026-01-01,none,0.4749
U007379,2026-01-01,none,1.0
U007380,2026-01-01,none,0.5725
U007381,2026-01-01,cloud,0.4923
U007382,2026-01-01,insurance,0.3352
U007383,2026-01-01,streaming,0.4624
U007384,2026-01-01,software,0.3564
U007385,2026-01-01,none,0.4738
U007386,2026-01-01,none,0.4258
U007387,2026-01-01,streaming,0.396
U007388,2026-01-01,none,0.3542
U007389,2026-01-01,cloud,0.731
U007390,2026-01-01,none,0.4153
U007391,2026-01-01,music,0.2759
U007392,2026-01-01,none,0.4419
U007393,2026-01-01,none,0.5444
U007394,2026-01-01,cloud,0.8133
U007395,2026-01-01,streaming,0.4518
U007396,2026-01-01,gym,0.711
U007397,2026-01-01,streaming,0.3466
U007398,2026-01-01,none,0.2806
U007399,2026-01-01,none,0.3095
U007400,2026-01-01,none,0.7576
U007401,2026-01-01,cloud,0.276
U007402,2026-01-01,insurance,0.6667
U007403,2026-01-01,music,0.4099
U007404,2026-01-01,music,0.4489
U007405,2026-01-01,streaming,0.4173
U007406,2026-01-01,none,0.3296
U007407,2026-01-01,streaming,0.5238
U007408,2026-01-01,cloud,0.3189
U007409,2026-01-01,mobile,0.3084
U007410,2026-01-01,software,0.2888
U007411,2026-01-01,streaming,0.3729
U007412,2026-01-01,insurance,0.6667
U007413,2026-01-01,mobile,0.3978
U007414,2026-01-01,streaming,1.0
U007415,2026-01-01,insurance,0.6667
U007416,2026-01-01,mobile,0.3087
U007417,2026-01-01,none,0.5904
U007418,2026-01-01,none,0.7
U007419,2026-01-01,none,1.0
U007420,2026-01-01,none,0.5068
U007421,2026-01-01,insurance,0.3222
U007422,2026-01-01,streaming,0.3295
U007423,2026-01-01,gym,0.3952
U007424,2026-01-01,gym,1.0
U007425,2026-01-01,streaming,0.3679
U007426,2026-01-01,mobile,0.4131
U007427,2026-01-01,music,0.3462
U007428,2026-01-01,none,0.4281
U007429,2026-01-01,none,0.553
U007430,2026-01-01,insurance,0.5913
U007431,2026-01-01,insurance,0.4609
U007432,2026-01-01,none,0.3575
U007433,2026-01-01,streaming,0.4583
U007434,2026-01-01,streaming,0.3453
U007435,2026-01-01,streaming,0.5061
U007436,2026-01-01,cloud,0.2937
U007437,2026-01-01,software,0.5314
U007438,2026-01-01,music,1.0
U007439,2026-01-01,insurance,0.3819
U007440,2026-01-01,cloud,0.2999
U007441,2026-01-01,insurance,0.4326
U007442,2026-01-01,mobile,0.3865
U007443,2026-01-01,cloud,0.3993
U007444,2026-01-01,mobile,0.3042
U007445,2026-01-01,insurance,0.3525
U007446,2026-01-01,cloud,0.4779
U007447,2026-01-01,insurance,0.5688
U007448,2026-01-01,none,0.3461
U007449,2026-01-01,none,0.4392
U007450,2026-01-01,insurance,0.319
U007451,2026-01-01,cloud,0.4572
U007452,2026-01-01,none,0.5526
U007453,2026-01-01,music,0.2567
U007454,2026-01-01,none,0.7576
U007455,2026-01-01,none,0.5329
U007456,2026-01-01,streaming,0.2882
U007457,2026-01-01,mobile,0.5658
U007458,2026-01-01,insurance,0.3561
U007459,2026-01-01,software,0.7791
U007460,2026-01-01,none,0.3226
U007461,2026-01-01,cloud,0.6236
U007462,2026-01-01,streaming,0.5234
U007463,2026-01-01,insurance,0.3513
U007464,2026-01-01,software,0.4576
U007465,2026-01-01,cloud,0.5
U007466,2026-01-01,none,0.6946
U007467,2026-01-01,streaming,0.5488
U007468,2026-01-01,none,0.3347
U007469,2026-01-01,software,1.0
U007470,2026-01-01,software,0.2582
U007471,2026-01-01,music,0.8019
U007472,2026-01-01,streaming,0.3671
U007473,2026-01-01,none,0.6241
U007474,2026-01-01,none,0.6439
U007475,2026-01-01,streaming,0.7298
U007476,2026-01-01,gym,0.6505
U007477,2026-01-01,cloud,0.6074
U007478,2026-01-01,gym,0.4919
U007479,2026-01-01,cloud,0.4837
U007480,2026-01-01,gym,0.3873
U007481,2026-01-01,mobile,0.6976
U007482,2026-01-01,streaming,0.25
U007483,2026-01-01,none,0.7576
U007484,2026-01-01,none,0.4472
U007485,2026-01-01,software,0.3818
U007486,2026-01-01,insurance,0.3613
U007487,2026-01-01,software,0.5062
U007488,2026-01-01,none,0.7576
U007489,2026-01-01,mobile,0.2987
U007490,2026-01-01,streaming,0.3234
U007491,2026-01-01,insurance,0.4187
U007492,2026-01-01,insurance,0.6218
U007493,2026-01-01,none,0.5779
U007494,2026-01-01,streaming,0.355
U007495,2026-01-01,mobile,0.377
U007496,2026-01-01,mobile,0.3208
U007497,2026-01-01,none,0.4086
U007498,2026-01-01,insurance,0.329
U007499,2026-01-01,cloud,0.6803
U007500,2026-01-01,streaming,0.3561
U007501,2026-01-01,mobile,0.4015
U007502,2026-01-01,none,0.5448
U007503,2026-01-01,insurance,0.524
U007504,2026-01-01,insurance,0.3126
U007505,2026-01-01,none,0.2919
U007506,2026-01-01,none,0.3324
U007507,2026-01-01,music,0.5004
U007508,2026-01-01,none,0.563
U007509,2026-01-01,none,0.4687
U007510,2026-01-01,streaming,0.323
U007511,2026-01-01,none,0.3481
U007512,2026-01-01,streaming,0.4103
U007513,2026-01-01,none,0.5284
U007514,2026-01-01,none,0.3473
U007515,2026-01-01,none,0.513
U007516,2026-01-01,none,0.3022
U007517,2026-01-01,cloud,0.3227
U007518,2026-01-01,none,0.5539
U007519,2026-01-01,software,0.3612
U007520,2026-01-01,none,0.3378
U007521,2026-01-01,cloud,0.4312
U007522,2026-01-01,cloud,0.2772
U007523,2026-01-01,insurance,0.3249
U007524,2026-01-01,cloud,0.4029
U007525,2026-01-01,streaming,0.3259
U007526,2026-01-01,none,0.3946
U007527,2026-01-01,music,0.3771
U007528,2026-01-01,insurance,0.5882
U007529,2026-01-01,cloud,0.5435
U007530,2026-01-01,software,0.89
U007531,2026-01-01,none,0.3323
U007532,2026-01-01,mobile,0.2894
U007533,2026-01-01,insurance,0.5474
U007534,2026-01-01,none,0.4411
U007535,2026-01-01,none,0.663
U007536,2026-01-01,mobile,0.4116
U007537,2026-01-01,cloud,0.4761
U007538,2026-01-01,cloud,0.4089
U007539,2026-01-01,cloud,0.4221
U007540,2026-01-01,software,0.3857
U007541,2026-01-01,none,0.3829
U007542,2026-01-01,software,0.7983
U007543,2026-01-01,cloud,0.4322
U007544,2026-01-01,music,0.3458
U007545,2026-01-01,insurance,0.7534
U007546,2026-01-01,none,0.5
U007547,2026-01-01,insurance,0.5899
U007548,2026-01-01,streaming,1.0
U007549,2026-01-01,streaming,1.0
U007550,2026-01-01,none,0.4456
U007551,2026-01-01,music,0.3947
U007552,2026-01-01,mobile,0.3997
U007553,2026-01-01,none,0.5293
U007554,2026-01-01,none,0.5574
U007555,2026-01-01,streaming,0.5474
U007556,2026-01-01,none,0.3808
U007557,2026-01-01,insurance,1.0
U007558,2026-01-01,none,0.5498
U007559,2026-01-01,streaming,0.2698
U007560,2026-01-01,streaming,0.3678
U007561,2026-01-01,music,0.4297
U007562,2026-01-01,streaming,0.6041
U007563,2026-01-01,none,0.3458
U007564,2026-01-01,none,0.3415
U007565,2026-01-01,none,0.7576
U007566,2026-01-01,mobile,0.3276
U007567,2026-01-01,none,0.4854
U007568,2026-01-01,none,0.2625
U007569,2026-01-01,gym,0.3575
U007570,2026-01-01,software,0.4723
U007571,2026-01-01,music,0.3483
U007572,2026-01-01,mobile,0.3748
U007573,2026-01-01,streaming,0.2907
U007574,2026-01-01,streaming,0.7172
U007575,2026-01-01,none,0.4704
U007576,2026-01-01,insurance,0.3549
U007577,2026-01-01,none,0.5403
U007578,2026-01-01,music,0.4825
U007579,2026-01-01,none,0.5723
U007580,2026-01-01,mobile,0.8042
U007581,2026-01-01,music,0.3247
U007582,2026-01-01,music,0.3338
U007583,2026-01-01,music,0.3934
U007584,2026-01-01,insurance,0.3746
U007585,2026-01-01,none,0.6031
U007586,2026-01-01,music,0.5426
U007587,2026-01-01,insurance,0.4989
U007588,2026-01-01,none,0.7576
U007589,2026-01-01,insurance,0.5539
U007590,2026-01-01,streaming,0.4385
U007591,2026-01-01,insurance,0.6159
U007592,2026-01-01,none,0.5126
U007593,2026-01-01,streaming,0.711
U007594,2026-01-01,none,0.5553
U007595,2026-01-01,gym,1.0
U007596,2026-01-01,none,0.7576
U007597,2026-01-01,none,0.2888
U007598,2026-01-01,gym,0.3735
U007599,2026-01-01,insurance,0.313
U007600,2026-01-01,insurance,0.3339
U007601,2026-01-01,none,1.0
U007602,2026-01-01,none,0.7576
U007603,2026-01-01,streaming,0.5316
U007604,2026-01-01,none,0.3175
U007605,2026-01-01,insurance,0.5214
U007606,2026-01-01,cloud,0.5782
U007607,2026-01-01,none,0.7
U007608,2026-01-01,none,0.4077
U007609,2026-01-01,none,0.3763
U007610,2026-01-01,none,0.7576
U007611,2026-01-01,music,0.7222
U007612,2026-01-01,cloud,0.8374
U007613,2026-01-01,none,0.3955
U007614,2026-01-01,cloud,0.4146
U007615,2026-01-01,none,0.3
U007616,2026-01-01,none,0.3536
U007617,2026-01-01,none,0.7576
U007618,2026-01-01,streaming,0.4443
U007619,2026-01-01,none,0.5474
U007620,2026-01-01,none,0.4486
U007621,2026-01-01,cloud,0.7443
U007622,2026-01-01,software,0.3788
U007623,2026-01-01,none,0.7896
U007624,2026-01-01,none,0.4754
U007625,2026-01-01,cloud,0.5
U007626,2026-01-01,cloud,0.3239
U007627,2026-01-01,cloud,0.5165
U007628,2026-01-01,insurance,1.0
U007629,2026-01-01,music,0.5062
U007630,2026-01-01,insurance,0.3781
U007631,2026-01-01,none,0.4775
U007632,2026-01-01,cloud,0.4572
U007633,2026-01-01,mobile,0.4091
U007634,2026-01-01,mobile,0.2625
U007635,2026-01-01,streaming,0.3474
U007636,2026-01-01,none,0.7
U007637,2026-01-01,music,0.4096
U007638,2026-01-01,streaming,0.3391
U007639,2026-01-01,mobile,0.3341
U007640,2026-01-01,none,0.7576
U007641,2026-01-01,none,0.4077
U007642,2026-01-01,software,0.3618
U007643,2026-01-01,streaming,0.6174
U007644,2026-01-01,insurance,1.0
U007645,2026-01-01,none,0.7
U007646,2026-01-01,gym,0.3834
U007647,2026-01-01,insurance,0.2622
U007648,2026-01-01,none,0.381
U007649,2026-01-01,streaming,0.3734
U007650,2026-01-01,gym,0.4098
U007651,2026-01-01,mobile,0.4811
U007652,2026-01-01,music,0.5686
U007653,2026-01-01,none,0.354
U007654,2026-01-01,insurance,0.3211
U007655,2026-01-01,insurance,0.2561
U007656,2026-01-01,cloud,0.4521
U007657,2026-01-01,none,0.3138
U007658,2026-01-01,none,0.4701
U007659,2026-01-01,none,0.423
U007660,2026-01-01,mobile,0.2725
U007661,2026-01-01,streaming,0.3192
U007662,2026-01-01,gym,0.298
U007663,2026-01-01,music,0.4483
U007664,2026-01-01,none,0.3125
U007665,2026-01-01,streaming,0.5203
U007666,2026-01-01,music,1.0
U007667,2026-01-01,cloud,0.4789
U007668,2026-01-01,none,0.4779
U007669,2026-01-01,insurance,0.4354
U007670,2026-01-01,cloud,0.4665
U007671,2026-01-01,mobile,0.3434
U007672,2026-01-01,gym,0.4852
U007673,2026-01-01,mobile,1.0
U007674,2026-01-01,none,0.4534
U007675,2026-01-01,cloud,0.3455
U007676,2026-01-01,gym,0.2846
U007677,2026-01-01,cloud,0.5522
U007678,2026-01-01,software,0.499
U007679,2026-01-01,gym,0.365
U007680,2026-01-01,cloud,0.5689
U007681,2026-01-01,none,0.6667
U007682,2026-01-01,cloud,0.6004
U007683,2026-01-01,streaming,0.3216
U007684,2026-01-01,gym,0.4023
U007685,2026-01-01,music,0.4564
U007686,2026-01-01,none,0.7
U007687,2026-01-01,mobile,0.2248
U007688,2026-01-01,none,0.3398
U007689,2026-01-01,none,0.7576
U007690,2026-01-01,streaming,0.3926
U007691,2026-01-01,none,0.7576
U007692,2026-01-01,gym,0.75
U007693,2026-01-01,software,0.5936
U007694,2026-01-01,none,0.6005
U007695,2026-01-01,cloud,0.7055
U007696,2026-01-01,insurance,0.4547
U007697,2026-01-01,gym,1.0
U007698,2026-01-01,mobile,0.3393
U007699,2026-01-01,none,0.4273
U007700,2026-01-01,none,0.5
U007701,2026-01-01,cloud,0.5262
U007702,2026-01-01,mobile,0.8555
U007703,2026-01-01,software,0.8
U007704,2026-01-01,cloud,0.482
U007705,2026-01-01,none,0.3312
U007706,2026-01-01,music,0.4413
U007707,2026-01-01,streaming,0.3668
U007708,2026-01-01,gym,0.3658
U007709,2026-01-01,music,0.3528
U007710,2026-01-01,mobile,0.283
U007711,2026-01-01,streaming,0.4141
U007712,2026-01-01,none,0.4505
U007713,2026-01-01,streaming,0.75
U007714,2026-01-01,music,0.3838
U007715,2026-01-01,none,0.3516
U007716,2026-01-01,none,0.5951
U007717,2026-01-01,insurance,0.3285
U007718,2026-01-01,mobile,1.0
U007719,2026-01-01,insurance,0.2338
U007720,2026-01-01,music,0.6376
U007721,2026-01-01,mobile,0.5658
U007722,2026-01-01,none,0.6667
U007723,2026-01-01,insurance,0.7052
U007724,2026-01-01,none,0.3612
U007725,2026-01-01,music,0.2946
U007726,2026-01-01,software,0.444
U007727,2026-01-01,none,0.3994
U007728,2026-01-01,none,0.5
U007729,2026-01-01,music,0.4256
U007730,2026-01-01,software,0.4605
U007731,2026-01-01,streaming,0.3659
U007732,2026-01-01,music,0.3938
U007733,2026-01-01,music,0.2261
U007734,2026-01-01,insurance,0.3268
U007735,2026-01-01,cloud,0.4688
U007736,2026-01-01,software,0.5549
U007737,2026-01-01,streaming,0.3446
U007738,2026-01-01,none,1.0
U007739,2026-01-01,none,0.3509
U007740,2026-01-01,none,0.4119
U007741,2026-01-01,gym,0.5795
U007742,2026-01-01,gym,1.0
U007743,2026-01-01,software,0.4999
U007744,2026-01-01,none,0.4505
U007745,2026-01-01,music,0.42
U007746,2026-01-01,none,0.3287
U007747,2026-01-01,none,0.4855
U007748,2026-01-01,music,0.3755
U007749,2026-01-01,insurance,0.4244
U007750,2026-01-01,none,0.339
U007751,2026-01-01,mobile,0.2218
U007752,2026-01-01,mobile,0.5385
U007753,2026-01-01,streaming,0.3857
U007754,2026-01-01,streaming,0.6074
U007755,2026-01-01,cloud,0.5
U007756,2026-01-01,insurance,0.61
U007757,2026-01-01,none,0.3134
U007758,2026-01-01,none,0.3046
U007759,2026-01-01,none,0.7576
U007760,2026-01-01,insurance,0.3801
U007761,2026-01-01,mobile,0.385
U007762,2026-01-01,none,1.0
U007763,2026-01-01,none,0.3171
U007764,2026-01-01,cloud,0.5481
U007765,2026-01-01,cloud,0.7534
U007766,2026-01-01,music,0.3988
U007767,2026-01-01,none,0.2529
U007768,2026-01-01,music,0.3461
U007769,2026-01-01,none,0.3256
U007770,2026-01-01,insurance,1.0
U007771,2026-01-01,software,0.5022
U007772,2026-01-01,none,0.3549
U007773,2026-01-01,none,0.4445
U007774,2026-01-01,streaming,0.4576
U007775,2026-01-01,mobile,0.4645
U007776,2026-01-01,none,0.4032
U007777,2026-01-01,software,0.4658
U007778,2026-01-01,none,0.4172
U007779,2026-01-01,none,0.4667
U007780,2026-01-01,none,0.3233
U007781,2026-01-01,software,0.4582
U007782,2026-01-01,none,0.3753
U007783,2026-01-01,music,0.2784
U007784,2026-01-01,music,0.4515
U007785,2026-01-01,none,0.353
U007786,2026-01-01,music,0.3281
U007787,2026-01-01,none,0.3618
U007788,2026-01-01,mobile,0.358
U007789,2026-01-01,mobile,0.3746
U007790,2026-01-01,mobile,0.3138
U007791,2026-01-01,none,0.2954
U007792,2026-01-01,software,0.5068
U007793,2026-01-01,software,0.746
U007794,2026-01-01,software,0.6316
U007795,2026-01-01,none,0.3025
U007796,2026-01-01,mobile,0.4296
U007797,2026-01-01,mobile,0.2499
U007798,2026-01-01,none,0.4934
U007799,2026-01-01,cloud,0.4913
U007800,2026-01-01,none,0.424
U007801,2026-01-01,streaming,0.3876
U007802,2026-01-01,insurance,0.2989
U007803,2026-01-01,gym,0.4206
U007804,2026-01-01,software,0.3219
U007805,2026-01-01,gym,0.3873
U007806,2026-01-01,none,0.3142
U007807,2026-01-01,none,0.3606
U007808,2026-01-01,music,0.3923
U007809,2026-01-01,none,0.6498
U007810,2026-01-01,none,0.4527
U007811,2026-01-01,none,1.0
U007812,2026-01-01,none,0.38
U007813,2026-01-01,music,0.2703
U007814,2026-01-01,streaming,0.373
U007815,2026-01-01,mobile,0.7367
U007816,2026-01-01,cloud,0.5214
U007817,2026-01-01,mobile,0.3779
U007818,2026-01-01,mobile,0.377
U007819,2026-01-01,mobile,0.3304
U007820,2026-01-01,streaming,0.4506
U007821,2026-01-01,music,0.3189
U007822,2026-01-01,gym,0.7036
U007823,2026-01-01,mobile,0.5849
U007824,2026-01-01,streaming,0.4665
U007825,2026-01-01,insurance,0.5418
U007826,2026-01-01,streaming,0.5798
U007827,2026-01-01,none,0.8333
U007828,2026-01-01,none,0.3415
U007829,2026-01-01,none,0.4722
U007830,2026-01-01,gym,0.5321
U007831,2026-01-01,gym,0.5106
U007832,2026-01-01,streaming,0.2931
U007833,2026-01-01,cloud,0.5385
U007834,2026-01-01,cloud,0.6391
U007835,2026-01-01,streaming,0.3052
U007836,2026-01-01,none,0.393
U007837,2026-01-01,cloud,0.4638
U007838,2026-01-01,cloud,0.4385
U007839,2026-01-01,none,0.6958
U007840,2026-01-01,none,0.4437
U007841,2026-01-01,none,0.4495
U007842,2026-01-01,music,0.5609
U007843,2026-01-01,none,0.306
U007844,2026-01-01,mobile,0.3631
U007845,2026-01-01,streaming,0.3688
U007846,2026-01-01,streaming,0.4117
U007847,2026-01-01,insurance,0.5128
U007848,2026-01-01,mobile,0.3851
U007849,2026-01-01,none,0.6231
U007850,2026-01-01,none,0.3501
U007851,2026-01-01,music,0.223
U007852,2026-01-01,none,0.3128
U007853,2026-01-01,insurance,0.2671
U007854,2026-01-01,insurance,0.5312
U007855,2026-01-01,insurance,0.5226
U007856,2026-01-01,none,0.5951
U007857,2026-01-01,none,0.4243
U007858,2026-01-01,insurance,0.3385
U007859,2026-01-01,music,0.4916
U007860,2026-01-01,none,0.4244
U007861,2026-01-01,cloud,0.4524
U007862,2026-01-01,insurance,0.469
U007863,2026-01-01,streaming,0.3412
U007864,2026-01-01,none,0.5951
U007865,2026-01-01,insurance,0.3422
U007866,2026-01-01,software,0.5427
U007867,2026-01-01,none,0.2594
U007868,2026-01-01,software,0.4313
U007869,2026-01-01,none,0.7576
U007870,2026-01-01,cloud,0.4688
U007871,2026-01-01,mobile,0.3074
U007872,2026-01-01,insurance,0.4402
U007873,2026-01-01,none,0.3083
U007874,2026-01-01,insurance,0.5265
U007875,2026-01-01,gym,0.3869
U007876,2026-01-01,music,0.5426
U007877,2026-01-01,insurance,1.0
U007878,2026-01-01,software,0.3721
U007879,2026-01-01,music,0.3442
U007880,2026-01-01,cloud,0.4312
U007881,2026-01-01,software,1.0
U007882,2026-01-01,none,0.5
U007883,2026-01-01,mobile,0.4257
U007884,2026-01-01,none,0.4305
U007885,2026-01-01,cloud,0.513
U007886,2026-01-01,none,0.3476
U007887,2026-01-01,gym,0.6191
U007888,2026-01-01,insurance,0.3589
U007889,2026-01-01,software,0.3344
U007890,2026-01-01,cloud,0.7676
U007891,2026-01-01,mobile,0.2283
U007892,2026-01-01,cloud,1.0
U007893,2026-01-01,mobile,0.3308
U007894,2026-01-01,streaming,0.7703
U007895,2026-01-01,mobile,0.7279
U007896,2026-01-01,none,0.6669
U007897,2026-01-01,gym,0.7732
U007898,2026-01-01,none,0.2726
U007899,2026-01-01,none,0.3355
U007900,2026-01-01,streaming,0.4906
U007901,2026-01-01,cloud,0.4246
U007902,2026-01-01,none,0.3224
U007903,2026-01-01,none,0.6083
U007904,2026-01-01,mobile,0.4559
U007905,2026-01-01,none,0.3778
U007906,2026-01-01,streaming,0.3821
U007907,2026-01-01,music,0.3293
U007908,2026-01-01,insurance,0.4156
U007909,2026-01-01,music,0.3513
U007910,2026-01-01,music,0.2512
U007911,2026-01-01,software,0.5937
U007912,2026-01-01,none,0.7576
U007913,2026-01-01,none,0.4555
U007914,2026-01-01,music,0.3449
U007915,2026-01-01,none,0.2977
U007916,2026-01-01,streaming,0.2965
U007917,2026-01-01,none,0.251
U007918,2026-01-01,none,1.0
U007919,2026-01-01,none,0.8
U007920,2026-01-01,none,0.3883
U007921,2026-01-01,software,0.5714
U007922,2026-01-01,insurance,0.3898
U007923,2026-01-01,cloud,0.6706
U007924,2026-01-01,none,0.3775
U007925,2026-01-01,software,0.4434
U007926,2026-01-01,none,0.5374
U007927,2026-01-01,insurance,0.5256
U007928,2026-01-01,gym,0.304
U007929,2026-01-01,streaming,0.8148
U007930,2026-01-01,none,0.4357
U007931,2026-01-01,none,0.3159
U007932,2026-01-01,insurance,0.4104
U007933,2026-01-01,none,0.3376
U007934,2026-01-01,none,0.3605
U007935,2026-01-01,none,0.466
U007936,2026-01-01,software,0.5008
U007937,2026-01-01,insurance,0.511
U007938,2026-01-01,streaming,0.4237
U007939,2026-01-01,none,0.3619
U007940,2026-01-01,insurance,0.3547
U007941,2026-01-01,software,0.3806
U007942,2026-01-01,insurance,0.3978
U007943,2026-01-01,none,0.4439
U007944,2026-01-01,streaming,0.36
U007945,2026-01-01,none,0.3014
U007946,2026-01-01,mobile,0.46
U007947,2026-01-01,insurance,0.4552
U007948,2026-01-01,music,0.4245
U007949,2026-01-01,cloud,0.513
U007950,2026-01-01,cloud,0.6021
U007951,2026-01-01,insurance,0.2843
U007952,2026-01-01,music,0.3283
U007953,2026-01-01,none,0.3401
U007954,2026-01-01,none,0.4825
U007955,2026-01-01,insurance,0.2928
U007956,2026-01-01,mobile,0.3219
U007957,2026-01-01,none,0.3046
U007958,2026-01-01,software,0.7557
U007959,2026-01-01,none,0.5689
U007960,2026-01-01,mobile,0.3402
U007961,2026-01-01,insurance,1.0
U007962,2026-01-01,music,0.4647
U007963,2026-01-01,software,0.5249
U007964,2026-01-01,none,0.3589
U007965,2026-01-01,mobile,0.3628
U007966,2026-01-01,none,0.3552
U007967,2026-01-01,streaming,0.4087
U007968,2026-01-01,music,0.3141
U007969,2026-01-01,insurance,0.3889
U007970,2026-01-01,music,0.2773
U007971,2026-01-01,mobile,0.4326
U007972,2026-01-01,cloud,0.2689
U007973,2026-01-01,none,0.3538
U007974,2026-01-01,none,0.3605
U007975,2026-01-01,none,0.7512
U007976,2026-01-01,none,0.5781
U007977,2026-01-01,none,0.366
U007978,2026-01-01,none,0.3262
U007979,2026-01-01,none,0.3877
U007980,2026-01-01,music,0.4105
U007981,2026-01-01,none,0.3878
U007982,2026-01-01,streaming,0.2816
U007983,2026-01-01,mobile,0.7556
U007984,2026-01-01,none,0.3667
U007985,2026-01-01,insurance,0.4058
U007986,2026-01-01,software,0.4127
U007987,2026-01-01,music,1.0
U007988,2026-01-01,software,0.6516
U007989,2026-01-01,insurance,0.7052
U007990,2026-01-01,gym,0.3708
U007991,2026-01-01,none,0.338
U007992,2026-01-01,mobile,0.7588
U007993,2026-01-01,none,0.3003
U007994,2026-01-01,streaming,0.3586
U007995,2026-01-01,insurance,0.3792
U007996,2026-01-01,none,0.5556
U007997,2026-01-01,none,0.3154
U007998,2026-01-01,none,0.4949
U007999,2026-01-01,insurance,0.3909
U008000,2026-01-01,software,0.348
U008001,2026-01-01,mobile,0.3562
U008002,2026-01-01,none,0.3283
U008003,2026-01-01,none,0.5003
U008004,2026-01-01,insurance,0.3579
U008005,2026-01-01,none,0.4669
U008006,2026-01-01,none,0.3954
U008007,2026-01-01,cloud,0.4905
U008008,2026-01-01,none,0.7512
U008009,2026-01-01,streaming,0.4539
U008010,2026-01-01,none,0.4085
U008011,2026-01-01,insurance,1.0
U008012,2026-01-01,none,0.5905
U008013,2026-01-01,cloud,0.4615
U008014,2026-01-01,none,0.3412
U008015,2026-01-01,streaming,0.4035
U008016,2026-01-01,none,0.3248
U008017,2026-01-01,gym,0.3216
U008018,2026-01-01,none,0.2927
U008019,2026-01-01,cloud,0.4913
U008020,2026-01-01,insurance,0.3386
U008021,2026-01-01,none,0.7576
U008022,2026-01-01,none,0.7576
U008023,2026-01-01,streaming,0.4355
U008024,2026-01-01,music,0.3474
U008025,2026-01-01,gym,0.4494
U008026,2026-01-01,none,1.0
U008027,2026-01-01,cloud,0.2839
U008028,2026-01-01,music,0.3765
U008029,2026-01-01,streaming,0.5388
U008030,2026-01-01,gym,0.761
U008031,2026-01-01,streaming,0.6314
U008032,2026-01-01,none,0.3528
U008033,2026-01-01,none,0.3599
U008034,2026-01-01,music,0.2457
U008035,2026-01-01,insurance,0.4952
U008036,2026-01-01,music,0.3696
U008037,2026-01-01,insurance,0.6626
U008038,2026-01-01,software,0.3648
U008039,2026-01-01,none,0.3578
U008040,2026-01-01,insurance,0.6667
U008041,2026-01-01,software,0.4873
U008042,2026-01-01,streaming,0.3694
U008043,2026-01-01,software,0.3226
U008044,2026-01-01,none,0.5585
U008045,2026-01-01,none,0.4489
U008046,2026-01-01,cloud,0.2381
U008047,2026-01-01,gym,0.4262
U008048,2026-01-01,none,0.5951
U008049,2026-01-01,none,0.3493
U008050,2026-01-01,cloud,0.8686
U008051,2026-01-01,mobile,0.3792
U008052,2026-01-01,music,0.3892
U008053,2026-01-01,music,0.4067
U008054,2026-01-01,music,0.3761
U008055,2026-01-01,mobile,0.7537
U008056,2026-01-01,none,0.4483
U008057,2026-01-01,mobile,0.5134
U008058,2026-01-01,none,0.3525
U008059,2026-01-01,none,0.3132
U008060,2026-01-01,gym,0.4627
U008061,2026-01-01,insurance,0.4914
U008062,2026-01-01,streaming,0.3946
U008063,2026-01-01,none,0.3946
U008064,2026-01-01,insurance,0.3901
U008065,2026-01-01,streaming,0.4363
U008066,2026-01-01,none,0.3661
U008067,2026-01-01,streaming,0.4777
U008068,2026-01-01,cloud,0.8686
U008069,2026-01-01,none,0.3995
U008070,2026-01-01,software,0.8
U008071,2026-01-01,streaming,0.2739
U008072,2026-01-01,music,0.3682
U008073,2026-01-01,none,0.4275
U008074,2026-01-01,none,0.3354
U008075,2026-01-01,software,0.5052
U008076,2026-01-01,none,0.4003
U008077,2026-01-01,cloud,0.3429
U008078,2026-01-01,music,0.3504
U008079,2026-01-01,none,0.3635
U008080,2026-01-01,insurance,0.493
U008081,2026-01-01,cloud,0.5462
U008082,2026-01-01,none,0.5901
U008083,2026-01-01,music,0.5153
U008084,2026-01-01,none,0.3504
U008085,2026-01-01,none,0.2726
U008086,2026-01-01,music,0.5
U008087,2026-01-01,none,0.4347
U008088,2026-01-01,mobile,0.5732
U008089,2026-01-01,mobile,0.5066
U008090,2026-01-01,mobile,0.3357
U008091,2026-01-01,none,0.4112
U008092,2026-01-01,none,0.3123
U008093,2026-01-01,streaming,0.2475
U008094,2026-01-01,none,0.2537
U008095,2026-01-01,mobile,0.7408
U008096,2026-01-01,software,0.588
U008097,2026-01-01,software,0.5714
U008098,2026-01-01,none,0.7576
U008099,2026-01-01,mobile,0.4622
U008100,2026-01-01,none,0.2544
U008101,2026-01-01,none,0.3431
U008102,2026-01-01,streaming,1.0
U008103,2026-01-01,gym,0.263
U008104,2026-01-01,mobile,0.4877
U008105,2026-01-01,cloud,0.3804
U008106,2026-01-01,gym,1.0
U008107,2026-01-01,none,0.3499
U008108,2026-01-01,none,0.4696
U008109,2026-01-01,insurance,0.7097
U008110,2026-01-01,insurance,0.6667
U008111,2026-01-01,gym,0.3367
U008112,2026-01-01,none,0.3605
U008113,2026-01-01,music,0.4924
U008114,2026-01-01,mobile,0.4067
U008115,2026-01-01,cloud,0.7055
U008116,2026-01-01,streaming,0.5396
U008117,2026-01-01,insurance,0.406
U008118,2026-01-01,music,0.4076
U008119,2026-01-01,none,0.4488
U008120,2026-01-01,streaming,0.3503
U008121,2026-01-01,none,0.6667
U008122,2026-01-01,none,0.7576
U008123,2026-01-01,cloud,0.5
U008124,2026-01-01,music,0.3555
U008125,2026-01-01,none,0.3919
U008126,2026-01-01,none,0.4908
U008127,2026-01-01,none,0.4594
U008128,2026-01-01,insurance,1.0
U008129,2026-01-01,software,0.5204
U008130,2026-01-01,none,0.7619
U008131,2026-01-01,music,0.363
U008132,2026-01-01,insurance,0.4742
U008133,2026-01-01,none,0.32
U008134,2026-01-01,none,0.459
U008135,2026-01-01,mobile,0.3897
U008136,2026-01-01,none,0.7576
U008137,2026-01-01,streaming,0.4072
U008138,2026-01-01,cloud,0.5027
U008139,2026-01-01,mobile,0.3914
U008140,2026-01-01,mobile,0.374
U008141,2026-01-01,streaming,0.2767
U008142,2026-01-01,software,0.3134
U008143,2026-01-01,none,0.5749
U008144,2026-01-01,streaming,0.3511
U008145,2026-01-01,streaming,0.4034
U008146,2026-01-01,music,0.8019
U008147,2026-01-01,none,0.3115
U008148,2026-01-01,none,0.443
U008149,2026-01-01,cloud,0.7829
U008150,2026-01-01,none,0.5577
U008151,2026-01-01,insurance,0.5
U008152,2026-01-01,streaming,1.0
U008153,2026-01-01,mobile,0.3226
U008154,2026-01-01,music,0.3765
U008155,2026-01-01,none,0.4032
U008156,2026-01-01,insurance,0.4051
U008157,2026-01-01,mobile,0.3223
U008158,2026-01-01,music,0.3348
U008159,2026-01-01,none,0.453
U008160,2026-01-01,music,0.3845
U008161,2026-01-01,none,0.4564
U008162,2026-01-01,software,0.3066
U008163,2026-01-01,gym,0.6616
U008164,2026-01-01,none,0.3651
U008165,2026-01-01,none,0.7576
U008166,2026-01-01,none,0.6774
U008167,2026-01-01,cloud,0.5435
U008168,2026-01-01,none,0.5926
U008169,2026-01-01,insurance,0.4427
U008170,2026-01-01,cloud,0.4379
U008171,2026-01-01,none,0.2672
U008172,2026-01-01,none,0.4282
U008173,2026-01-01,none,0.5417
U008174,2026-01-01,mobile,0.2393
U008175,2026-01-01,none,0.5951
U008176,2026-01-01,cloud,0.3744
U008177,2026-01-01,mobile,0.4808
U008178,2026-01-01,mobile,0.6371
U008179,2026-01-01,none,0.3898
U008180,2026-01-01,music,0.3676
U008181,2026-01-01,none,0.35
U008182,2026-01-01,insurance,0.3605
U008183,2026-01-01,mobile,0.2879
U008184,2026-01-01,none,0.5577
U008185,2026-01-01,insurance,0.716
U008186,2026-01-01,insurance,0.5007
U008187,2026-01-01,gym,0.6452
U008188,2026-01-01,gym,0.4555
U008189,2026-01-01,gym,0.7131
U008190,2026-01-01,none,0.3721
U008191,2026-01-01,mobile,0.3705
U008192,2026-01-01,insurance,0.4139
U008193,2026-01-01,cloud,0.704
U008194,2026-01-01,software,0.5455
U008195,2026-01-01,none,1.0
U008196,2026-01-01,streaming,0.7002
U008197,2026-01-01,insurance,1.0
U008198,2026-01-01,gym,0.75
U008199,2026-01-01,none,0.3872
U008200,2026-01-01,cloud,1.0
U008201,2026-01-01,mobile,0.9019
U008202,2026-01-01,mobile,0.4253
U008203,2026-01-01,insurance,0.4388
U008204,2026-01-01,mobile,0.4401
U008205,2026-01-01,streaming,0.4264
U008206,2026-01-01,music,0.6961
U008207,2026-01-01,mobile,0.3305
U008208,2026-01-01,none,0.6648
U008209,2026-01-01,insurance,0.5585
U008210,2026-01-01,none,0.4967
U008211,2026-01-01,gym,0.3963
U008212,2026-01-01,software,0.4856
U008213,2026-01-01,software,0.3062
U008214,2026-01-01,mobile,0.43
U008215,2026-01-01,cloud,0.596
U008216,2026-01-01,mobile,0.4329
U008217,2026-01-01,gym,0.3517
U008218,2026-01-01,gym,0.4453
U008219,2026-01-01,none,0.3511
U008220,2026-01-01,music,0.4026
U008221,2026-01-01,insurance,0.2612
U008222,2026-01-01,none,1.0
U008223,2026-01-01,none,0.3455
U008224,2026-01-01,none,0.4228
U008225,2026-01-01,none,0.2964
U008226,2026-01-01,mobile,0.4162
U008227,2026-01-01,gym,0.5767
U008228,2026-01-01,none,0.3779
U008229,2026-01-01,music,0.359
U008230,2026-01-01,software,0.5263
U008231,2026-01-01,cloud,0.5451
U008232,2026-01-01,mobile,0.3885
U008233,2026-01-01,streaming,0.3313
U008234,2026-01-01,cloud,0.5004
U008235,2026-01-01,insurance,0.332
U008236,2026-01-01,streaming,0.3155
U008237,2026-01-01,none,0.6136
U008238,2026-01-01,streaming,0.3832
U008239,2026-01-01,gym,0.3693
U008240,2026-01-01,gym,0.5089
U008241,2026-01-01,gym,0.3221
U008242,2026-01-01,insurance,0.2915
U008243,2026-01-01,music,0.5361
U008244,2026-01-01,streaming,0.3107
U008245,2026-01-01,mobile,0.4568
U008246,2026-01-01,streaming,0.6667
U008247,2026-01-01,none,1.0
U008248,2026-01-01,insurance,0.2939
U008249,2026-01-01,gym,0.4693
U008250,2026-01-01,streaming,0.5433
U008251,2026-01-01,none,0.4129
U008252,2026-01-01,gym,0.728
U008253,2026-01-01,cloud,0.5203
U008254,2026-01-01,streaming,0.576
U008255,2026-01-01,none,0.295
U008256,2026-01-01,software,0.3131
U008257,2026-01-01,mobile,0.3105
U008258,2026-01-01,none,0.4964
U008259,2026-01-01,none,0.7576
U008260,2026-01-01,none,0.3025
U008261,2026-01-01,cloud,0.8507
U008262,2026-01-01,insurance,0.4072
U008263,2026-01-01,none,0.5926
U008264,2026-01-01,music,0.5714
U008265,2026-01-01,music,0.3907
U008266,2026-01-01,cloud,0.3558
U008267,2026-01-01,mobile,0.3542
U008268,2026-01-01,music,0.3483
U008269,2026-01-01,none,0.4369
U008270,2026-01-01,cloud,0.391
U008271,2026-01-01,mobile,0.3894
U008272,2026-01-01,mobile,0.5464
U008273,2026-01-01,none,0.5523
U008274,2026-01-01,mobile,0.5849
U008275,2026-01-01,none,0.34
U008276,2026-01-01,software,0.7349
U008277,2026-01-01,none,0.3193
U008278,2026-01-01,insurance,1.0
U008279,2026-01-01,none,0.5259
U008280,2026-01-01,gym,1.0
U008281,2026-01-01,mobile,0.2603
U008282,2026-01-01,none,0.4409
U008283,2026-01-01,streaming,0.3417
U008284,2026-01-01,cloud,0.7996
U008285,2026-01-01,none,1.0
U008286,2026-01-01,cloud,0.4474
U008287,2026-01-01,mobile,0.333
U008288,2026-01-01,none,0.5873
U008289,2026-01-01,insurance,0.2456
U008290,2026-01-01,cloud,0.4969
U008291,2026-01-01,music,0.5426
U008292,2026-01-01,insurance,0.2837
U008293,2026-01-01,insurance,0.3608
U008294,2026-01-01,none,1.0
U008295,2026-01-01,insurance,0.3448
U008296,2026-01-01,none,0.265
U008297,2026-01-01,none,1.0
U008298,2026-01-01,gym,0.7606
U008299,2026-01-01,none,0.3716
U008300,2026-01-01,cloud,0.3433
U008301,2026-01-01,gym,0.2868
U008302,2026-01-01,none,0.4375
U008303,2026-01-01,streaming,0.6025
U008304,2026-01-01,mobile,0.5354
U008305,2026-01-01,none,0.5897
U008306,2026-01-01,music,0.3454
U008307,2026-01-01,music,0.3608
U008308,2026-01-01,music,0.4966
U008309,2026-01-01,none,0.5077
U008310,2026-01-01,none,0.5864
U008311,2026-01-01,none,0.7576
U008312,2026-01-01,gym,0.75
U008313,2026-01-01,none,0.3968
U008314,2026-01-01,none,0.4544
U008315,2026-01-01,none,0.4401
U008316,2026-01-01,none,0.6013
U008317,2026-01-01,music,1.0
U008318,2026-01-01,music,0.3836
U008319,2026-01-01,software,0.4256
U008320,2026-01-01,none,0.7576
U008321,2026-01-01,cloud,0.3938
U008322,2026-01-01,none,0.3429
U008323,2026-01-01,streaming,0.8988
U008324,2026-01-01,none,0.4104
U008325,2026-01-01,streaming,0.7207
U008326,2026-01-01,insurance,0.5
U008327,2026-01-01,none,0.4226
U008328,2026-01-01,cloud,0.461
U008329,2026-01-01,none,0.3064
U008330,2026-01-01,none,0.5999
U008331,2026-01-01,software,0.3521
U008332,2026-01-01,cloud,0.3131
U008333,2026-01-01,none,0.3049
U008334,2026-01-01,none,0.389
U008335,2026-01-01,none,0.2501
U008336,2026-01-01,software,0.4203
U008337,2026-01-01,none,0.39
U008338,2026-01-01,insurance,0.413
U008339,2026-01-01,cloud,0.4266
U008340,2026-01-01,streaming,0.3615
U008341,2026-01-01,insurance,0.4148
U008342,2026-01-01,software,0.4565
U008343,2026-01-01,gym,0.6616
U008344,2026-01-01,gym,0.3375
U008345,2026-01-01,none,0.4082
U008346,2026-01-01,software,0.7576
U008347,2026-01-01,mobile,0.5658
U008348,2026-01-01,software,0.4935
U008349,2026-01-01,insurance,0.5986
U008350,2026-01-01,mobile,0.6228
U008351,2026-01-01,streaming,0.3098
U008352,2026-01-01,insurance,0.3434
U008353,2026-01-01,insurance,0.3806
U008354,2026-01-01,insurance,0.4734
U008355,2026-01-01,software,0.4191
U008356,2026-01-01,music,0.433
U008357,2026-01-01,none,0.5518
U008358,2026-01-01,streaming,0.3089
U008359,2026-01-01,mobile,0.4551
U008360,2026-01-01,cloud,0.5
U008361,2026-01-01,mobile,1.0
U008362,2026-01-01,music,0.2922
U008363,2026-01-01,cloud,0.4589
U008364,2026-01-01,none,0.8
U008365,2026-01-01,streaming,0.3794
U008366,2026-01-01,gym,1.0
U008367,2026-01-01,none,0.429
U008368,2026-01-01,insurance,0.4968
U008369,2026-01-01,insurance,0.3693
U008370,2026-01-01,none,0.7576
U008371,2026-01-01,mobile,0.6337
U008372,2026-01-01,none,0.4906
U008373,2026-01-01,cloud,0.5483
U008374,2026-01-01,streaming,0.536
U008375,2026-01-01,software,0.4441
U008376,2026-01-01,none,0.3905
U008377,2026-01-01,none,0.7576
U008378,2026-01-01,music,0.5032
U008379,2026-01-01,cloud,0.4924
U008380,2026-01-01,none,0.5129
U008381,2026-01-01,mobile,0.3439
U008382,2026-01-01,music,0.3296
U008383,2026-01-01,music,1.0
U008384,2026-01-01,none,0.44
U008385,2026-01-01,software,0.6667
U008386,2026-01-01,music,0.4674
U008387,2026-01-01,none,0.7576
U008388,2026-01-01,music,0.32
U008389,2026-01-01,none,0.3447
U008390,2026-01-01,mobile,0.5449
U008391,2026-01-01,none,0.3896
U008392,2026-01-01,none,0.3252
U008393,2026-01-01,cloud,0.5606
U008394,2026-01-01,streaming,0.4344
U008395,2026-01-01,music,1.0
U008396,2026-01-01,music,0.4224
U008397,2026-01-01,streaming,0.7177
U008398,2026-01-01,insurance,0.5936
U008399,2026-01-01,cloud,0.3601
U008400,2026-01-01,cloud,0.5576
U008401,2026-01-01,none,0.7576
U008402,2026-01-01,insurance,1.0
U008403,2026-01-01,streaming,0.5877
U008404,2026-01-01,cloud,0.7748
U008405,2026-01-01,none,0.3056
U008406,2026-01-01,none,0.3409
U008407,2026-01-01,music,0.3837
U008408,2026-01-01,music,0.4403
U008409,2026-01-01,none,0.4198
U008410,2026-01-01,none,0.4598
U008411,2026-01-01,music,0.5254
U008412,2026-01-01,music,0.236
U008413,2026-01-01,insurance,0.4834
U008414,2026-01-01,music,0.3895
U008415,2026-01-01,none,0.4009
U008416,2026-01-01,insurance,0.381
U008417,2026-01-01,insurance,0.5312
U008418,2026-01-01,none,0.3696
U008419,2026-01-01,insurance,0.4121
U008420,2026-01-01,none,0.5944
U008421,2026-01-01,none,0.4359
U008422,2026-01-01,streaming,0.4651
U008423,2026-01-01,mobile,0.5036
U008424,2026-01-01,insurance,0.3761
U008425,2026-01-01,none,0.3252
U008426,2026-01-01,none,0.3174
U008427,2026-01-01,none,1.0
U008428,2026-01-01,insurance,0.3077
U008429,2026-01-01,cloud,0.4404
U008430,2026-01-01,none,0.7576
U008431,2026-01-01,mobile,0.6228
U008432,2026-01-01,mobile,0.2746
U008433,2026-01-01,software,0.3268
U008434,2026-01-01,gym,0.761
U008435,2026-01-01,music,0.2747
U008436,2026-01-01,none,0.3174
U008437,2026-01-01,streaming,0.3562
U008438,2026-01-01,gym,1.0
U008439,2026-01-01,insurance,1.0
U008440,2026-01-01,software,0.7253
U008441,2026-01-01,none,0.4751
U008442,2026-01-01,gym,0.3412
U008443,2026-01-01,none,0.2543
U008444,2026-01-01,none,0.3781
U008445,2026-01-01,streaming,0.9106
U008446,2026-01-01,music,0.5
U008447,2026-01-01,streaming,0.5396
U008448,2026-01-01,music,0.4886
U008449,2026-01-01,streaming,0.3425
U008450,2026-01-01,none,0.5883
U008451,2026-01-01,streaming,0.4321
U008452,2026-01-01,none,0.4396
U008453,2026-01-01,streaming,0.5288
U008454,2026-01-01,music,0.2478
U008455,2026-01-01,insurance,0.4098
U008456,2026-01-01,none,0.7576
U008457,2026-01-01,insurance,0.3939
U008458,2026-01-01,none,0.3424
U008459,2026-01-01,none,0.382
U008460,2026-01-01,none,0.4274
U008461,2026-01-01,none,0.4173
U008462,2026-01-01,streaming,0.4437
U008463,2026-01-01,none,0.388
U008464,2026-01-01,none,0.2732
U008465,2026-01-01,gym,0.3482
U008466,2026-01-01,none,0.3355
U008467,2026-01-01,insurance,0.4831
U008468,2026-01-01,mobile,0.5326
U008469,2026-01-01,mobile,0.2992
U008470,2026-01-01,software,0.4854
U008471,2026-01-01,gym,0.9524
U008472,2026-01-01,none,0.3191
U008473,2026-01-01,gym,0.6189
U008474,2026-01-01,gym,0.2909
U008475,2026-01-01,insurance,0.5915
U008476,2026-01-01,none,0.441
U008477,2026-01-01,music,0.6935
U008478,2026-01-01,gym,0.737
U008479,2026-01-01,none,0.4503
U008480,2026-01-01,streaming,0.3132
U008481,2026-01-01,music,0.2887
U008482,2026-01-01,none,0.4403
U008483,2026-01-01,software,0.5229
U008484,2026-01-01,mobile,0.4769
U008485,2026-01-01,music,0.3582
U008486,2026-01-01,software,1.0
U008487,2026-01-01,none,0.5779
U008488,2026-01-01,none,0.3801
U008489,2026-01-01,streaming,0.3479
U008490,2026-01-01,gym,0.4216
U008491,2026-01-01,none,0.8
U008492,2026-01-01,streaming,0.2749
U008493,2026-01-01,insurance,0.2938
U008494,2026-01-01,none,0.7576
U008495,2026-01-01,streaming,0.413
U008496,2026-01-01,streaming,0.4015
U008497,2026-01-01,none,0.4374
U008498,2026-01-01,streaming,0.4135
U008499,2026-01-01,software,0.5811
U008500,2026-01-01,insurance,0.3944
U008501,2026-01-01,none,0.5238
U008502,2026-01-01,insurance,0.6544
U008503,2026-01-01,none,0.7576
U008504,2026-01-01,none,1.0
U008505,2026-01-01,insurance,0.5
U008506,2026-01-01,none,0.3693
U008507,2026-01-01,streaming,0.3759
U008508,2026-01-01,none,0.341
U008509,2026-01-01,none,0.3577
U008510,2026-01-01,none,0.3829
U008511,2026-01-01,gym,1.0
U008512,2026-01-01,none,0.5893
U008513,2026-01-01,cloud,0.2649
U008514,2026-01-01,music,0.5692
U008515,2026-01-01,none,0.5285
U008516,2026-01-01,none,0.4441
U008517,2026-01-01,cloud,1.0
U008518,2026-01-01,none,0.4016
U008519,2026-01-01,none,0.4895
U008520,2026-01-01,software,1.0
U008521,2026-01-01,music,0.227
U008522,2026-01-01,music,0.5714
U008523,2026-01-01,none,0.8
U008524,2026-01-01,cloud,0.3708
U008525,2026-01-01,music,1.0
U008526,2026-01-01,none,0.4349
U008527,2026-01-01,streaming,0.5579
U008528,2026-01-01,insurance,0.3365
U008529,2026-01-01,insurance,0.5599
U008530,2026-01-01,none,0.6046
U008531,2026-01-01,cloud,0.4246
U008532,2026-01-01,streaming,0.5705
U008533,2026-01-01,insurance,0.3835
U008534,2026-01-01,insurance,0.3592
U008535,2026-01-01,music,0.5075
U008536,2026-01-01,none,0.3014
U008537,2026-01-01,music,0.5805
U008538,2026-01-01,streaming,0.5881
U008539,2026-01-01,mobile,0.5655
U008540,2026-01-01,none,0.3459
U008541,2026-01-01,none,0.3485
U008542,2026-01-01,software,0.3299
U008543,2026-01-01,mobile,0.5066
U008544,2026-01-01,mobile,0.4719
U008545,2026-01-01,insurance,0.5626
U008546,2026-01-01,music,0.3023
U008547,2026-01-01,none,0.2778
U008548,2026-01-01,music,0.4054
U008549,2026-01-01,none,0.3849
U008550,2026-01-01,none,0.3401
U008551,2026-01-01,mobile,0.4072
U008552,2026-01-01,none,0.5184
U008553,2026-01-01,software,0.6667
U008554,2026-01-01,none,0.7576
U008555,2026-01-01,streaming,0.4005
U008556,2026-01-01,insurance,0.5437
U008557,2026-01-01,none,0.3927
U008558,2026-01-01,streaming,0.4007
U008559,2026-01-01,insurance,0.3461
U008560,2026-01-01,music,0.3183
U008561,2026-01-01,none,1.0
U008562,2026-01-01,insurance,0.6416
U008563,2026-01-01,none,0.4781
U008564,2026-01-01,none,0.3972
U008565,2026-01-01,cloud,0.2679
U008566,2026-01-01,none,0.7576
U008567,2026-01-01,insurance,0.5083
U008568,2026-01-01,none,0.4685
U008569,2026-01-01,none,0.5584
U008570,2026-01-01,music,0.3676
U008571,2026-01-01,streaming,0.4669
U008572,2026-01-01,mobile,0.3434
U008573,2026-01-01,none,0.5756
U008574,2026-01-01,none,0.5229
U008575,2026-01-01,none,0.3386
U008576,2026-01-01,music,0.6876
U008577,2026-01-01,mobile,0.4632
U008578,2026-01-01,cloud,0.5002
U008579,2026-01-01,cloud,0.7055
U008580,2026-01-01,insurance,0.3537
U008581,2026-01-01,software,0.3636
U008582,2026-01-01,none,0.4328
U008583,2026-01-01,software,0.5811
U008584,2026-01-01,none,0.7576
U008585,2026-01-01,software,0.3432
U008586,2026-01-01,software,0.3175
U008587,2026-01-01,none,1.0
U008588,2026-01-01,streaming,0.3221
U008589,2026-01-01,streaming,0.5853
U008590,2026-01-01,none,0.5233
U008591,2026-01-01,none,0.6667
U008592,2026-01-01,cloud,0.568
U008593,2026-01-01,insurance,0.401
U008594,2026-01-01,insurance,0.5041
U008595,2026-01-01,music,0.3474
U008596,2026-01-01,none,0.3169
U008597,2026-01-01,cloud,0.4012
U008598,2026-01-01,streaming,0.75
U008599,2026-01-01,music,0.3363
U008600,2026-01-01,cloud,0.4496
U008601,2026-01-01,streaming,0.3287
U008602,2026-01-01,software,1.0
U008603,2026-01-01,none,0.3313
U008604,2026-01-01,none,0.3463
U008605,2026-01-01,none,0.3386
U008606,2026-01-01,gym,0.3085
U008607,2026-01-01,none,0.636
U008608,2026-01-01,none,0.328
U008609,2026-01-01,cloud,0.3886
U008610,2026-01-01,music,0.2756
U008611,2026-01-01,cloud,0.2817
U008612,2026-01-01,none,0.3117
U008613,2026-01-01,insurance,0.3644
U008614,2026-01-01,none,0.3557
U008615,2026-01-01,insurance,0.4158
U008616,2026-01-01,software,0.3348
U008617,2026-01-01,music,0.3214
U008618,2026-01-01,cloud,0.6232
U008619,2026-01-01,none,0.4585
U008620,2026-01-01,music,0.2971
U008621,2026-01-01,cloud,0.8374
U008622,2026-01-01,streaming,0.3566
U008623,2026-01-01,music,0.3382
U008624,2026-01-01,none,0.2655
U008625,2026-01-01,music,0.4084
U008626,2026-01-01,mobile,0.5895
U008627,2026-01-01,music,0.5714
U008628,2026-01-01,none,0.5362
U008629,2026-01-01,none,0.3002
U008630,2026-01-01,none,0.3742
U008631,2026-01-01,cloud,1.0
U008632,2026-01-01,mobile,1.0
U008633,2026-01-01,insurance,0.4585
U008634,2026-01-01,streaming,0.267
U008635,2026-01-01,streaming,0.3568
U008636,2026-01-01,none,0.8
U008637,2026-01-01,none,0.4245
U008638,2026-01-01,cloud,0.292
U008639,2026-01-01,streaming,0.5472
U008640,2026-01-01,none,0.5477
U008641,2026-01-01,cloud,0.5
U008642,2026-01-01,streaming,0.2852
U008643,2026-01-01,none,0.4908
U008644,2026-01-01,cloud,0.466
U008645,2026-01-01,mobile,0.304
U008646,2026-01-01,mobile,0.4658
U008647,2026-01-01,music,0.5043
U008648,2026-01-01,none,0.363
U008649,2026-01-01,none,0.4843
U008650,2026-01-01,cloud,0.4847
U008651,2026-01-01,insurance,0.3949
U008652,2026-01-01,none,0.5176
U008653,2026-01-01,none,0.4377
U008654,2026-01-01,cloud,0.4708
U008655,2026-01-01,gym,1.0
U008656,2026-01-01,streaming,0.3509
U008657,2026-01-01,none,0.3954
U008658,2026-01-01,insurance,1.0
U008659,2026-01-01,insurance,0.3175
U008660,2026-01-01,streaming,0.3387
U008661,2026-01-01,none,0.5398
U008662,2026-01-01,streaming,0.2965
U008663,2026-01-01,insurance,0.2397
U008664,2026-01-01,music,0.523
U008665,2026-01-01,mobile,0.6827
U008666,2026-01-01,streaming,0.4145
U008667,2026-01-01,music,0.3773
U008668,2026-01-01,none,0.409
U008669,2026-01-01,cloud,0.3464
U008670,2026-01-01,none,0.7576
U008671,2026-01-01,none,0.5
U008672,2026-01-01,none,0.6243
U008673,2026-01-01,none,0.5
U008674,2026-01-01,cloud,0.3429
U008675,2026-01-01,music,0.445
U008676,2026-01-01,insurance,0.2812
U008677,2026-01-01,software,0.3946
U008678,2026-01-01,none,0.513
U008679,2026-01-01,insurance,0.4244
U008680,2026-01-01,insurance,0.4744
U008681,2026-01-01,software,0.5714
U008682,2026-01-01,none,0.3475
U008683,2026-01-01,none,0.7576
U008684,2026-01-01,insurance,1.0
U008685,2026-01-01,software,0.413
U008686,2026-01-01,none,0.4081
U008687,2026-01-01,streaming,0.5289
U008688,2026-01-01,insurance,0.4151
U008689,2026-01-01,none,0.7512
U008690,2026-01-01,none,0.4904
U008691,2026-01-01,insurance,0.6347
U008692,2026-01-01,software,0.8
U008693,2026-01-01,music,0.5308
U008694,2026-01-01,none,0.4401
U008695,2026-01-01,music,0.7127
U008696,2026-01-01,none,0.5
U008697,2026-01-01,music,0.3733
U008698,2026-01-01,none,0.4333
U008699,2026-01-01,none,0.2897
U008700,2026-01-01,mobile,0.3143
U008701,2026-01-01,gym,0.3534
U008702,2026-01-01,cloud,0.4384
U008703,2026-01-01,insurance,0.2972
U008704,2026-01-01,none,0.3615
U008705,2026-01-01,insurance,0.3525
U008706,2026-01-01,mobile,0.5849
U008707,2026-01-01,streaming,0.8924
U008708,2026-01-01,insurance,0.2382
U008709,2026-01-01,none,0.7576
U008710,2026-01-01,gym,0.4912
U008711,2026-01-01,none,0.2751
U008712,2026-01-01,none,0.2376
U008713,2026-01-01,music,0.3605
U008714,2026-01-01,cloud,0.8686
U008715,2026-01-01,insurance,0.343
U008716,2026-01-01,none,0.4638
U008717,2026-01-01,none,0.3826
U008718,2026-01-01,music,0.3996
U008719,2026-01-01,cloud,0.4814
U008720,2026-01-01,insurance,0.2955
U008721,2026-01-01,music,0.3796
U008722,2026-01-01,streaming,0.4047
U008723,2026-01-01,none,0.2831
U008724,2026-01-01,cloud,0.4378
U008725,2026-01-01,none,0.3246
U008726,2026-01-01,none,1.0
U008727,2026-01-01,software,0.5427
U008728,2026-01-01,music,0.627
U008729,2026-01-01,none,0.3967
U008730,2026-01-01,none,0.5
U008731,2026-01-01,music,0.3882
U008732,2026-01-01,none,0.2943
U008733,2026-01-01,gym,0.3301
U008734,2026-01-01,none,0.2516
U008735,2026-01-01,music,0.616
U008736,2026-01-01,software,0.4154
U008737,2026-01-01,cloud,0.3264
U008738,2026-01-01,music,0.4484
U008739,2026-01-01,mobile,0.7537
U008740,2026-01-01,cloud,0.4221
U008741,2026-01-01,insurance,0.547
U008742,2026-01-01,gym,0.2468
U008743,2026-01-01,none,0.4533
U008744,2026-01-01,cloud,0.3539
U008745,2026-01-01,mobile,0.3621
U008746,2026-01-01,music,0.3419
U008747,2026-01-01,none,0.4981
U008748,2026-01-01,gym,0.3941
U008749,2026-01-01,insurance,0.6455
U008750,2026-01-01,streaming,0.3612
U008751,2026-01-01,mobile,0.5156
U008752,2026-01-01,none,0.2708
U008753,2026-01-01,software,0.3894
U008754,2026-01-01,streaming,1.0
U008755,2026-01-01,streaming,0.2796
U008756,2026-01-01,insurance,0.3813
U008757,2026-01-01,music,1.0
U008758,2026-01-01,cloud,0.5995
U008759,2026-01-01,gym,0.4906
U008760,2026-01-01,gym,1.0
U008761,2026-01-01,none,0.4891
U008762,2026-01-01,gym,0.7857
U008763,2026-01-01,streaming,0.338
U008764,2026-01-01,music,0.3187
U008765,2026-01-01,none,0.7512
U008766,2026-01-01,none,1.0
U008767,2026-01-01,streaming,0.5433
U008768,2026-01-01,music,0.3985
U008769,2026-01-01,none,0.5693
U008770,2026-01-01,streaming,0.8712
U008771,2026-01-01,music,0.3735
U008772,2026-01-01,cloud,0.319
U008773,2026-01-01,insurance,0.267
U008774,2026-01-01,none,0.4409
U008775,2026-01-01,music,0.4107
U008776,2026-01-01,none,0.4765
U008777,2026-01-01,cloud,0.5
U008778,2026-01-01,streaming,0.6062
U008779,2026-01-01,cloud,0.3239
U008780,2026-01-01,music,0.4034
U008781,2026-01-01,none,0.5352
U008782,2026-01-01,streaming,0.7703
U008783,2026-01-01,none,0.4877
U008784,2026-01-01,software,0.3537
U008785,2026-01-01,insurance,0.6815
U008786,2026-01-01,none,0.4678
U008787,2026-01-01,mobile,0.2802
U008788,2026-01-01,insurance,0.3887
U008789,2026-01-01,software,0.3368
U008790,2026-01-01,none,0.3548
U008791,2026-01-01,music,0.4303
U008792,2026-01-01,none,0.6594
U008793,2026-01-01,none,0.52
U008794,2026-01-01,none,0.4101
U008795,2026-01-01,none,0.3054
U008796,2026-01-01,none,0.5711
U008797,2026-01-01,none,0.3645
U008798,2026-01-01,none,0.4127
U008799,2026-01-01,software,0.4168
U008800,2026-01-01,insurance,0.4654
U008801,2026-01-01,none,0.3249
U008802,2026-01-01,none,0.3461
U008803,2026-01-01,none,0.2901
U008804,2026-01-01,streaming,0.6235
U008805,2026-01-01,none,0.5617
U008806,2026-01-01,none,0.7
U008807,2026-01-01,software,0.3768
U008808,2026-01-01,insurance,0.4043
U008809,2026-01-01,music,0.4345
U008810,2026-01-01,mobile,0.6228
U008811,2026-01-01,music,0.5
U008812,2026-01-01,insurance,0.512
U008813,2026-01-01,streaming,0.75
U008814,2026-01-01,streaming,0.4912
U008815,2026-01-01,none,0.4197
U008816,2026-01-01,music,0.461
U008817,2026-01-01,none,0.4016
U008818,2026-01-01,gym,0.7599
U008819,2026-01-01,none,1.0
U008820,2026-01-01,gym,0.75
U008821,2026-01-01,cloud,0.8121
U008822,2026-01-01,software,0.4231
U008823,2026-01-01,insurance,0.344
U008824,2026-01-01,cloud,0.3245
U008825,2026-01-01,streaming,0.4525
U008826,2026-01-01,software,0.3166
U008827,2026-01-01,none,0.3477
U008828,2026-01-01,mobile,1.0
U008829,2026-01-01,none,0.5925
U008830,2026-01-01,software,0.7983
U008831,2026-01-01,software,0.5312
U008832,2026-01-01,none,0.574
U008833,2026-01-01,insurance,1.0
U008834,2026-01-01,gym,0.3617
U008835,2026-01-01,music,1.0
U008836,2026-01-01,insurance,0.4026
U008837,2026-01-01,streaming,0.3977
U008838,2026-01-01,software,0.2662
U008839,2026-01-01,none,0.3043
U008840,2026-01-01,insurance,0.3248
U008841,2026-01-01,streaming,0.3499
U008842,2026-01-01,gym,0.2424
U008843,2026-01-01,insurance,0.4512
U008844,2026-01-01,insurance,0.726
U008845,2026-01-01,gym,0.75
U008846,2026-01-01,software,0.3516
U008847,2026-01-01,insurance,0.2718
U008848,2026-01-01,streaming,0.4254
U008849,2026-01-01,none,0.4118
U008850,2026-01-01,gym,0.6788
U008851,2026-01-01,music,0.3949
U008852,2026-01-01,insurance,1.0
U008853,2026-01-01,streaming,0.4831
U008854,2026-01-01,insurance,0.3041
U008855,2026-01-01,mobile,0.4476
U008856,2026-01-01,streaming,1.0
U008857,2026-01-01,insurance,0.5612
U008858,2026-01-01,streaming,0.345
U008859,2026-01-01,none,1.0
U008860,2026-01-01,none,0.2841
U008861,2026-01-01,music,0.3382
U008862,2026-01-01,software,0.3193
U008863,2026-01-01,streaming,0.6099
U008864,2026-01-01,software,0.8
U008865,2026-01-01,none,0.2419
U008866,2026-01-01,software,0.5714
U008867,2026-01-01,mobile,0.3942
U008868,2026-01-01,insurance,1.0
U008869,2026-01-01,none,0.7576
U008870,2026-01-01,none,0.3688
U008871,2026-01-01,mobile,0.3285
U008872,2026-01-01,insurance,0.4094
U008873,2026-01-01,none,0.4919
U008874,2026-01-01,software,0.5714
U008875,2026-01-01,music,0.3716
U008876,2026-01-01,none,0.5389
U008877,2026-01-01,gym,1.0
U008878,2026-01-01,software,0.3968
U008879,2026-01-01,cloud,1.0
U008880,2026-01-01,none,0.4716
U008881,2026-01-01,gym,0.4253
U008882,2026-01-01,software,0.4539
U008883,2026-01-01,gym,0.5
U008884,2026-01-01,cloud,0.3118
U008885,2026-01-01,none,1.0
U008886,2026-01-01,none,0.6667
U008887,2026-01-01,gym,0.875
U008888,2026-01-01,none,0.4389
U008889,2026-01-01,none,0.4097
U008890,2026-01-01,insurance,0.5433
U008891,2026-01-01,none,0.5796
U008892,2026-01-01,none,0.3447
U008893,2026-01-01,music,0.5714
U008894,2026-01-01,insurance,0.3258
U008895,2026-01-01,gym,0.6664
U008896,2026-01-01,none,0.5
U008897,2026-01-01,streaming,0.7046
U008898,2026-01-01,mobile,0.5819
U008899,2026-01-01,none,0.4196
U008900,2026-01-01,music,0.3264
U008901,2026-01-01,none,0.3868
U008902,2026-01-01,music,0.3477
U008903,2026-01-01,none,0.6667
U008904,2026-01-01,none,0.6218
U008905,2026-01-01,none,0.3135
U008906,2026-01-01,mobile,0.3623
U008907,2026-01-01,gym,0.2836
U008908,2026-01-01,none,0.8
U008909,2026-01-01,music,0.2702
U008910,2026-01-01,insurance,0.4824
U008911,2026-01-01,mobile,0.5667
U008912,2026-01-01,music,0.3566
U008913,2026-01-01,none,0.4108
U008914,2026-01-01,insurance,0.3394
U008915,2026-01-01,cloud,0.5681
U008916,2026-01-01,none,0.7576
U008917,2026-01-01,cloud,0.5616
U008918,2026-01-01,none,0.4012
U008919,2026-01-01,gym,0.75
U008920,2026-01-01,software,0.5458
U008921,2026-01-01,cloud,1.0
U008922,2026-01-01,streaming,0.5489
U008923,2026-01-01,none,0.3009
U008924,2026-01-01,cloud,0.4755
U008925,2026-01-01,none,0.3741
U008926,2026-01-01,streaming,0.5389
U008927,2026-01-01,none,0.4255
U008928,2026-01-01,gym,0.4267
U008929,2026-01-01,software,1.0
U008930,2026-01-01,software,0.5427
U008931,2026-01-01,mobile,0.4763
U008932,2026-01-01,none,0.3285
U008933,2026-01-01,gym,0.75
U008934,2026-01-01,cloud,0.3646
U008935,2026-01-01,streaming,0.356
U008936,2026-01-01,streaming,0.2877
U008937,2026-01-01,gym,1.0
U008938,2026-01-01,music,0.4477
U008939,2026-01-01,none,0.5615
U008940,2026-01-01,insurance,0.7088
U008941,2026-01-01,mobile,0.3649
U008942,2026-01-01,software,0.4056
U008943,2026-01-01,music,0.4611
U008944,2026-01-01,streaming,0.2978
U008945,2026-01-01,none,0.2814
U008946,2026-01-01,none,0.3443
U008947,2026-01-01,insurance,0.3708
U008948,2026-01-01,mobile,0.7344
U008949,2026-01-01,streaming,0.4219
U008950,2026-01-01,streaming,0.7037
U008951,2026-01-01,gym,0.3836
U008952,2026-01-01,none,0.3484
U008953,2026-01-01,mobile,0.5427
U008954,2026-01-01,streaming,0.3826
U008955,2026-01-01,streaming,0.2507
U008956,2026-01-01,cloud,0.3399
U008957,2026-01-01,streaming,0.3047
U008958,2026-01-01,insurance,0.347
U008959,2026-01-01,none,0.4873
U008960,2026-01-01,insurance,0.5561
U008961,2026-01-01,music,0.8019
U008962,2026-01-01,streaming,0.2913
U008963,2026-01-01,mobile,0.7537
U008964,2026-01-01,mobile,0.9019
U008965,2026-01-01,cloud,0.4789
U008966,2026-01-01,cloud,0.2507
U008967,2026-01-01,none,0.4606
U008968,2026-01-01,none,0.3011
U008969,2026-01-01,streaming,0.4879
U008970,2026-01-01,insurance,0.5
U008971,2026-01-01,software,0.4088
U008972,2026-01-01,gym,0.3896
U008973,2026-01-01,cloud,0.4604
U008974,2026-01-01,music,0.5714
U008975,2026-01-01,none,0.7576
U008976,2026-01-01,music,0.4212
U008977,2026-01-01,music,0.3391
U008978,2026-01-01,none,0.3125
U008979,2026-01-01,gym,1.0
U008980,2026-01-01,none,0.6854
U008981,2026-01-01,insurance,0.3699
U008982,2026-01-01,music,0.4931
U008983,2026-01-01,none,0.8333
U008984,2026-01-01,mobile,0.6804
U008985,2026-01-01,music,0.287
U008986,2026-01-01,music,0.5
U008987,2026-01-01,cloud,0.5826
U008988,2026-01-01,insurance,0.3537
U008989,2026-01-01,streaming,0.75
U008990,2026-01-01,none,0.5096
U008991,2026-01-01,none,0.4832
U008992,2026-01-01,streaming,0.431
U008993,2026-01-01,insurance,0.3178
U008994,2026-01-01,none,0.353
U008995,2026-01-01,cloud,0.5
U008996,2026-01-01,mobile,0.6881
U008997,2026-01-01,streaming,0.281
U008998,2026-01-01,none,0.4031
U008999,2026-01-01,none,0.5109
U009000,2026-01-01,insurance,0.3739
U009001,2026-01-01,none,0.4427
U009002,2026-01-01,cloud,0.6087
U009003,2026-01-01,cloud,0.5412
U009004,2026-01-01,none,0.4639
U009005,2026-01-01,music,0.3422
U009006,2026-01-01,cloud,1.0
U009007,2026-01-01,music,0.4085
U009008,2026-01-01,streaming,1.0
U009009,2026-01-01,insurance,0.5548
U009010,2026-01-01,none,0.6064
U009011,2026-01-01,streaming,0.3753
U009012,2026-01-01,none,0.7576
U009013,2026-01-01,insurance,0.5311
U009014,2026-01-01,music,0.6828
U009015,2026-01-01,music,0.4525
U009016,2026-01-01,gym,1.0
U009017,2026-01-01,streaming,0.4765
U009018,2026-01-01,streaming,0.3221
U009019,2026-01-01,none,0.3976
U009020,2026-01-01,mobile,0.4078
U009021,2026-01-01,none,0.534
U009022,2026-01-01,cloud,0.441
U009023,2026-01-01,none,0.282
U009024,2026-01-01,none,0.3271
U009025,2026-01-01,software,0.3153
U009026,2026-01-01,insurance,0.269
U009027,2026-01-01,cloud,0.4786
U009028,2026-01-01,cloud,0.5513
U009029,2026-01-01,cloud,0.3433
U009030,2026-01-01,none,0.5333
U009031,2026-01-01,mobile,0.3663
U009032,2026-01-01,none,0.3581
U009033,2026-01-01,streaming,0.3791
U009034,2026-01-01,streaming,0.2667
U009035,2026-01-01,mobile,0.2613
U009036,2026-01-01,none,0.523
U009037,2026-01-01,none,0.7576
U009038,2026-01-01,music,0.277
U009039,2026-01-01,music,0.3787
U009040,2026-01-01,streaming,0.4277
U009041,2026-01-01,music,0.3153
U009042,2026-01-01,mobile,0.4294
U009043,2026-01-01,software,0.5675
U009044,2026-01-01,insurance,1.0
U009045,2026-01-01,cloud,0.7443
U009046,2026-01-01,insurance,0.3711
U009047,2026-01-01,music,0.3531
U009048,2026-01-01,music,0.3963
U009049,2026-01-01,mobile,0.3581
U009050,2026-01-01,streaming,0.3318
U009051,2026-01-01,none,1.0
U009052,2026-01-01,streaming,0.4511
U009053,2026-01-01,none,0.5199
U009054,2026-01-01,cloud,0.4539
U009055,2026-01-01,gym,0.2533
U009056,2026-01-01,insurance,0.3554
U009057,2026-01-01,music,0.397
U009058,2026-01-01,cloud,1.0
U009059,2026-01-01,gym,0.6937
U009060,2026-01-01,music,0.4633
U009061,2026-01-01,none,0.4427
U009062,2026-01-01,gym,0.2743
U009063,2026-01-01,music,0.2412
U009064,2026-01-01,streaming,0.3462
U009065,2026-01-01,gym,0.3226
U009066,2026-01-01,none,0.3794
U009067,2026-01-01,music,0.4524
U009068,2026-01-01,streaming,1.0
U009069,2026-01-01,cloud,1.0
U009070,2026-01-01,mobile,0.5153
U009071,2026-01-01,mobile,0.3302
U009072,2026-01-01,software,0.464
U009073,2026-01-01,mobile,0.4991
U009074,2026-01-01,music,0.3091
U009075,2026-01-01,mobile,0.4342
U009076,2026-01-01,none,0.3981
U009077,2026-01-01,none,0.5321
U009078,2026-01-01,none,0.3138
U009079,2026-01-01,software,0.8
U009080,2026-01-01,none,1.0
U009081,2026-01-01,none,0.5822
U009082,2026-01-01,cloud,0.3581
U009083,2026-01-01,cloud,0.4316
U009084,2026-01-01,streaming,0.2664
U009085,2026-01-01,none,0.2806
U009086,2026-01-01,none,0.2887
U009087,2026-01-01,none,0.3928
U009088,2026-01-01,none,0.4109
U009089,2026-01-01,insurance,0.5
U009090,2026-01-01,insurance,0.6416
U009091,2026-01-01,none,0.3967
U009092,2026-01-01,insurance,0.3886
U009093,2026-01-01,gym,0.4326
U009094,2026-01-01,none,0.6498
U009095,2026-01-01,none,0.7576
U009096,2026-01-01,none,0.5951
U009097,2026-01-01,insurance,0.4282
U009098,2026-01-01,software,0.467
U009099,2026-01-01,none,0.48
U009100,2026-01-01,none,0.5403
U009101,2026-01-01,none,0.2892
U009102,2026-01-01,none,0.4007
U009103,2026-01-01,cloud,0.7622
U009104,2026-01-01,software,0.5714
U009105,2026-01-01,none,1.0
U009106,2026-01-01,none,0.2679
U009107,2026-01-01,music,0.6934
U009108,2026-01-01,gym,0.3927
U009109,2026-01-01,mobile,0.7465
U009110,2026-01-01,none,0.5627
U009111,2026-01-01,none,0.4638
U009112,2026-01-01,music,1.0
U009113,2026-01-01,none,0.5292
U009114,2026-01-01,none,0.4157
U009115,2026-01-01,none,0.4788
U009116,2026-01-01,mobile,1.0
U009117,2026-01-01,none,0.2948
U009118,2026-01-01,gym,0.3773
U009119,2026-01-01,insurance,0.2922
U009120,2026-01-01,music,0.3675
U009121,2026-01-01,insurance,0.2909
U009122,2026-01-01,cloud,0.2829
U009123,2026-01-01,none,0.523
U009124,2026-01-01,none,0.3034
U009125,2026-01-01,none,0.3235
U009126,2026-01-01,gym,0.3337
U009127,2026-01-01,none,0.7576
U009128,2026-01-01,none,0.4409
U009129,2026-01-01,none,0.3218
U009130,2026-01-01,insurance,0.3438
U009131,2026-01-01,gym,0.7881
U009132,2026-01-01,insurance,0.5802
U009133,2026-01-01,none,0.3294
U009134,2026-01-01,streaming,0.75
U009135,2026-01-01,music,0.4346
U009136,2026-01-01,streaming,0.268
U009137,2026-01-01,none,0.3816
U009138,2026-01-01,music,1.0
U009139,2026-01-01,none,0.7576
U009140,2026-01-01,streaming,0.4086
U009141,2026-01-01,insurance,0.701
U009142,2026-01-01,none,0.7576
U009143,2026-01-01,streaming,0.675
U009144,2026-01-01,none,0.345
U009145,2026-01-01,music,0.5714
U009146,2026-01-01,streaming,0.3283
U009147,2026-01-01,none,0.4306
U009148,2026-01-01,insurance,0.2728
U009149,2026-01-01,gym,0.3456
U009150,2026-01-01,none,0.6667
U009151,2026-01-01,software,0.4011
U009152,2026-01-01,music,0.4607
U009153,2026-01-01,none,0.2982
U009154,2026-01-01,none,0.332
U009155,2026-01-01,insurance,0.3522
U009156,2026-01-01,music,0.4055
U009157,2026-01-01,music,0.4334
U009158,2026-01-01,cloud,0.5
U009159,2026-01-01,software,0.5766
U009160,2026-01-01,none,0.3456
U009161,2026-01-01,none,0.3775
U009162,2026-01-01,insurance,0.4235
U009163,2026-01-01,software,0.6667
U009164,2026-01-01,cloud,0.5
U009165,2026-01-01,insurance,0.6472
U009166,2026-01-01,none,0.548
U009167,2026-01-01,insurance,0.3427
U009168,2026-01-01,software,0.8
U009169,2026-01-01,music,0.3804
U009170,2026-01-01,software,0.4404
U009171,2026-01-01,none,0.5
U009172,2026-01-01,none,0.7576
U009173,2026-01-01,none,0.7576
U009174,2026-01-01,streaming,0.5233
U009175,2026-01-01,insurance,0.4729
U009176,2026-01-01,gym,0.6595
U009177,2026-01-01,cloud,0.4327
U009178,2026-01-01,none,1.0
U009179,2026-01-01,none,1.0
U009180,2026-01-01,none,0.3356
U009181,2026-01-01,software,0.4651
U009182,2026-01-01,mobile,0.4203
U009183,2026-01-01,software,0.3198
U009184,2026-01-01,insurance,0.3468
U009185,2026-01-01,music,0.3086
U009186,2026-01-01,streaming,0.4589
U009187,2026-01-01,none,0.4281
U009188,2026-01-01,music,0.4049
U009189,2026-01-01,mobile,0.8451
U009190,2026-01-01,none,0.7576
U009191,2026-01-01,insurance,0.399
U009192,2026-01-01,music,0.3007
U009193,2026-01-01,none,0.3611
U009194,2026-01-01,none,0.3533
U009195,2026-01-01,none,0.4901
U009196,2026-01-01,gym,1.0
U009197,2026-01-01,music,1.0
U009198,2026-01-01,streaming,0.4319
U009199,2026-01-01,mobile,0.3319
U009200,2026-01-01,streaming,0.3225
U009201,2026-01-01,music,0.2643
U009202,2026-01-01,streaming,0.7359
U009203,2026-01-01,streaming,0.5463
U009204,2026-01-01,none,0.7576
U009205,2026-01-01,software,0.3297
U009206,2026-01-01,none,0.3342
U009207,2026-01-01,gym,0.6799
U009208,2026-01-01,none,0.3081
U009209,2026-01-01,streaming,0.5781
U009210,2026-01-01,streaming,0.3728
U009211,2026-01-01,cloud,0.5415
U009212,2026-01-01,none,0.2687
U009213,2026-01-01,streaming,0.4004
U009214,2026-01-01,none,0.2949
U009215,2026-01-01,music,0.5407
U009216,2026-01-01,music,0.2378
U009217,2026-01-01,music,0.4945
U009218,2026-01-01,gym,0.75
U009219,2026-01-01,insurance,0.392
U009220,2026-01-01,mobile,0.3586
U009221,2026-01-01,music,0.2658
U009222,2026-01-01,none,0.3894
U009223,2026-01-01,streaming,0.4258
U009224,2026-01-01,streaming,0.3854
U009225,2026-01-01,gym,0.3415
U009226,2026-01-01,insurance,0.7036
U009227,2026-01-01,insurance,0.3896
U009228,2026-01-01,none,0.2423
U009229,2026-01-01,cloud,0.5234
U009230,2026-01-01,none,0.4856
U009231,2026-01-01,none,0.5333
U009232,2026-01-01,none,0.7576
U009233,2026-01-01,none,0.3115
U009234,2026-01-01,none,0.7576
U009235,2026-01-01,music,0.5426
U009236,2026-01-01,insurance,0.2395
U009237,2026-01-01,none,1.0
U009238,2026-01-01,none,0.5223
U009239,2026-01-01,cloud,0.2732
U009240,2026-01-01,software,0.3371
U009241,2026-01-01,insurance,0.3579
U009242,2026-01-01,music,0.3812
U009243,2026-01-01,streaming,0.5705
U009244,2026-01-01,software,0.2824
U009245,2026-01-01,music,0.4506
U009246,2026-01-01,none,0.5446
U009247,2026-01-01,cloud,0.5472
U009248,2026-01-01,none,0.2702
U009249,2026-01-01,mobile,0.628
U009250,2026-01-01,cloud,0.4617
U009251,2026-01-01,none,0.7576
U009252,2026-01-01,none,0.4437
U009253,2026-01-01,mobile,0.3308
U009254,2026-01-01,streaming,0.6667
U009255,2026-01-01,insurance,0.3497
U009256,2026-01-01,mobile,0.7218
U009257,2026-01-01,music,0.3989
U009258,2026-01-01,none,0.7014
U009259,2026-01-01,music,0.233
U009260,2026-01-01,software,0.2355
U009261,2026-01-01,gym,0.2597
U009262,2026-01-01,none,0.3833
U009263,2026-01-01,none,0.4939
U009264,2026-01-01,mobile,0.6981
U009265,2026-01-01,software,0.5714
U009266,2026-01-01,gym,0.341
U009267,2026-01-01,cloud,0.5439
U009268,2026-01-01,none,0.7576
U009269,2026-01-01,none,0.3226
U009270,2026-01-01,gym,0.3725
U009271,2026-01-01,streaming,0.3233
U009272,2026-01-01,none,0.3076
U009273,2026-01-01,streaming,0.3356
U009274,2026-01-01,insurance,0.3624
U009275,2026-01-01,mobile,0.4401
U009276,2026-01-01,streaming,0.3767
U009277,2026-01-01,none,1.0
U009278,2026-01-01,cloud,0.4742
U009279,2026-01-01,music,0.3088
U009280,2026-01-01,music,0.3577
U009281,2026-01-01,mobile,0.4928
U009282,2026-01-01,cloud,0.2745
U009283,2026-01-01,insurance,0.5205
U009284,2026-01-01,none,0.3731
U009285,2026-01-01,streaming,0.3917
U009286,2026-01-01,music,1.0
U009287,2026-01-01,none,0.372
U009288,2026-01-01,none,0.471
U009289,2026-01-01,cloud,0.4561
U009290,2026-01-01,streaming,0.6186
U009291,2026-01-01,music,0.3384
U009292,2026-01-01,cloud,0.5258
U009293,2026-01-01,software,0.429
U009294,2026-01-01,none,0.3306
U009295,2026-01-01,music,0.4217
U009296,2026-01-01,cloud,0.3751
U009297,2026-01-01,streaming,0.7043
U009298,2026-01-01,insurance,0.4765
U009299,2026-01-01,music,0.2344
U009300,2026-01-01,gym,0.7278
U009301,2026-01-01,insurance,0.3475
U009302,2026-01-01,none,0.4837
U009303,2026-01-01,none,0.5
U009304,2026-01-01,none,0.8
U009305,2026-01-01,streaming,0.5643
U009306,2026-01-01,mobile,0.6337
U009307,2026-01-01,none,0.4552
U009308,2026-01-01,insurance,0.4017
U009309,2026-01-01,insurance,0.3584
U009310,2026-01-01,none,0.471
U009311,2026-01-01,gym,0.458
U009312,2026-01-01,software,0.2681
U009313,2026-01-01,none,0.7576
U009314,2026-01-01,none,0.6089
U009315,2026-01-01,streaming,0.3708
U009316,2026-01-01,cloud,0.441
U009317,2026-01-01,none,0.4796
U009318,2026-01-01,none,0.6123
U009319,2026-01-01,streaming,0.7159
U009320,2026-01-01,none,0.4057
U009321,2026-01-01,mobile,0.4076
U009322,2026-01-01,software,0.5249
U009323,2026-01-01,gym,0.515
U009324,2026-01-01,insurance,0.3597
U009325,2026-01-01,none,0.7576
U009326,2026-01-01,none,0.3327
U009327,2026-01-01,music,1.0
U009328,2026-01-01,music,0.6452
U009329,2026-01-01,software,0.8
U009330,2026-01-01,none,1.0
U009331,2026-01-01,none,0.4161
U009332,2026-01-01,cloud,0.8374
U009333,2026-01-01,none,0.2892
U009334,2026-01-01,none,0.342
U009335,2026-01-01,music,0.5104
U009336,2026-01-01,none,0.4062
U009337,2026-01-01,insurance,0.576
U009338,2026-01-01,gym,0.6452
U009339,2026-01-01,cloud,0.4672
U009340,2026-01-01,insurance,1.0
U009341,2026-01-01,none,0.4027
U009342,2026-01-01,none,0.4831
U009343,2026-01-01,insurance,0.5731
U009344,2026-01-01,none,0.5496
U009345,2026-01-01,streaming,0.5065
U009346,2026-01-01,none,0.334
U009347,2026-01-01,none,0.588
U009348,2026-01-01,insurance,0.7841
U009349,2026-01-01,cloud,0.5804
U009350,2026-01-01,streaming,0.4939
U009351,2026-01-01,insurance,0.5654
U009352,2026-01-01,insurance,0.3402
U009353,2026-01-01,software,0.3028
U009354,2026-01-01,music,0.4414
U009355,2026-01-01,none,0.4749
U009356,2026-01-01,none,0.3322
U009357,2026-01-01,music,0.4065
U009358,2026-01-01,streaming,0.75
U009359,2026-01-01,none,0.3282
U009360,2026-01-01,software,0.3188
U009361,2026-01-01,none,0.4555
U009362,2026-01-01,insurance,0.6584
U009363,2026-01-01,music,0.3863
U009364,2026-01-01,none,0.308
U009365,2026-01-01,none,0.3549
U009366,2026-01-01,none,0.3466
U009367,2026-01-01,insurance,0.6605
U009368,2026-01-01,none,0.2893
U009369,2026-01-01,gym,0.3809
U009370,2026-01-01,insurance,0.3504
U009371,2026-01-01,music,0.4242
U009372,2026-01-01,mobile,0.4304
U009373,2026-01-01,music,0.3711
U009374,2026-01-01,mobile,0.5849
U009375,2026-01-01,none,0.8
U009376,2026-01-01,insurance,0.4408
U009377,2026-01-01,music,0.6016
U009378,2026-01-01,none,0.7576
U009379,2026-01-01,mobile,0.4568
U009380,2026-01-01,music,0.4297
U009381,2026-01-01,insurance,0.6696
U009382,2026-01-01,insurance,0.4116
U009383,2026-01-01,none,0.3991
U009384,2026-01-01,software,0.4729
U009385,2026-01-01,software,1.0
U009386,2026-01-01,none,0.4701
U009387,2026-01-01,streaming,0.4152
U009388,2026-01-01,music,0.5409
U009389,2026-01-01,none,0.7
U009390,2026-01-01,gym,0.7728
U009391,2026-01-01,mobile,0.6804
U009392,2026-01-01,streaming,0.5888
U009393,2026-01-01,gym,0.3395
U009394,2026-01-01,streaming,0.5425
U009395,2026-01-01,none,0.7128
U009396,2026-01-01,streaming,0.3023
U009397,2026-01-01,mobile,0.4308
U009398,2026-01-01,mobile,0.5667
U009399,2026-01-01,streaming,0.3221
U009400,2026-01-01,gym,0.3871
U009401,2026-01-01,none,0.8333
U009402,2026-01-01,streaming,0.3772
U009403,2026-01-01,streaming,1.0
U009404,2026-01-01,music,0.3577
U009405,2026-01-01,none,0.3392
U009406,2026-01-01,cloud,0.2698
U009407,2026-01-01,gym,0.3494
U009408,2026-01-01,software,0.3721
U009409,2026-01-01,insurance,0.7315
U009410,2026-01-01,insurance,0.385
U009411,2026-01-01,none,0.5523
U009412,2026-01-01,none,0.3429
U009413,2026-01-01,cloud,0.3856
U009414,2026-01-01,software,1.0
U009415,2026-01-01,insurance,0.6904
U009416,2026-01-01,none,0.4825
U009417,2026-01-01,software,0.3954
U009418,2026-01-01,streaming,0.4447
U009419,2026-01-01,software,1.0
U009420,2026-01-01,gym,0.2956
U009421,2026-01-01,gym,0.4574
U009422,2026-01-01,music,0.4686
U009423,2026-01-01,streaming,0.4118
U009424,2026-01-01,mobile,0.3329
U009425,2026-01-01,cloud,1.0
U009426,2026-01-01,streaming,0.492
U009427,2026-01-01,gym,1.0
U009428,2026-01-01,none,0.3945
U009429,2026-01-01,insurance,0.6991
U009430,2026-01-01,none,0.3022
U009431,2026-01-01,mobile,0.3742
U009432,2026-01-01,music,0.3914
U009433,2026-01-01,none,0.3977
U009434,2026-01-01,insurance,0.7712
U009435,2026-01-01,music,0.6205
U009436,2026-01-01,music,1.0
U009437,2026-01-01,none,1.0
U009438,2026-01-01,cloud,0.5846
U009439,2026-01-01,streaming,0.5315
U009440,2026-01-01,insurance,0.7454
U009441,2026-01-01,cloud,0.5079
U009442,2026-01-01,streaming,0.3334
U009443,2026-01-01,insurance,0.486
U009444,2026-01-01,none,1.0
U009445,2026-01-01,cloud,0.6916
U009446,2026-01-01,gym,0.7205
U009447,2026-01-01,mobile,0.7584
U009448,2026-01-01,music,0.3401
U009449,2026-01-01,cloud,0.6454
U009450,2026-01-01,none,0.4649
U009451,2026-01-01,mobile,0.3548
U009452,2026-01-01,gym,0.2853
U009453,2026-01-01,streaming,0.7329
U009454,2026-01-01,mobile,1.0
U009455,2026-01-01,music,0.3736
U009456,2026-01-01,music,0.4868
U009457,2026-01-01,cloud,0.6009
U009458,2026-01-01,streaming,0.2993
U009459,2026-01-01,insurance,0.2927
U009460,2026-01-01,streaming,0.6995
U009461,2026-01-01,none,0.4191
U009462,2026-01-01,none,0.3501
U009463,2026-01-01,insurance,0.5353
U009464,2026-01-01,insurance,0.2536
U009465,2026-01-01,streaming,0.5262
U009466,2026-01-01,none,0.3119
U009467,2026-01-01,mobile,0.5658
U009468,2026-01-01,cloud,0.7748
U009469,2026-01-01,streaming,0.6486
U009470,2026-01-01,none,0.7
U009471,2026-01-01,none,0.5926
U009472,2026-01-01,none,0.7576
U009473,2026-01-01,none,0.4231
U009474,2026-01-01,streaming,0.3711
U009475,2026-01-01,none,1.0
U009476,2026-01-01,none,0.3303
U009477,2026-01-01,none,0.4766
U009478,2026-01-01,cloud,0.5462
U009479,2026-01-01,streaming,0.3856
U009480,2026-01-01,gym,0.739
U009481,2026-01-01,music,0.3355
U009482,2026-01-01,software,0.4594
U009483,2026-01-01,streaming,0.7141
U009484,2026-01-01,cloud,0.6342
U009485,2026-01-01,none,0.4537
U009486,2026-01-01,none,0.4441
U009487,2026-01-01,mobile,0.3896
U009488,2026-01-01,mobile,0.3495
U009489,2026-01-01,insurance,0.3559
U009490,2026-01-01,none,0.4304
U009491,2026-01-01,gym,0.3024
U009492,2026-01-01,none,0.7576
U009493,2026-01-01,streaming,0.5548
U009494,2026-01-01,gym,0.2748
U009495,2026-01-01,none,0.4771
U009496,2026-01-01,mobile,1.0
U009497,2026-01-01,none,0.7576
U009498,2026-01-01,mobile,0.7537
U009499,2026-01-01,none,0.4917
U009500,2026-01-01,music,0.3889
U009501,2026-01-01,music,0.4308
U009502,2026-01-01,none,0.4478
U009503,2026-01-01,insurance,0.5986
U009504,2026-01-01,software,0.4537
U009505,2026-01-01,none,0.4139
U009506,2026-01-01,none,0.2826
U009507,2026-01-01,none,1.0
U009508,2026-01-01,streaming,0.5307
U009509,2026-01-01,none,0.4346
U009510,2026-01-01,none,0.4469
U009511,2026-01-01,gym,0.3932
U009512,2026-01-01,none,0.7576
U009513,2026-01-01,streaming,0.6407
U009514,2026-01-01,music,0.3842
U009515,2026-01-01,software,0.4659
U009516,2026-01-01,none,0.8
U009517,2026-01-01,mobile,0.7275
U009518,2026-01-01,insurance,0.3525
U009519,2026-01-01,software,0.5845
U009520,2026-01-01,insurance,0.3849
U009521,2026-01-01,insurance,0.3221
U009522,2026-01-01,music,0.5032
U009523,2026-01-01,none,0.3345
U009524,2026-01-01,cloud,0.428
U009525,2026-01-01,cloud,0.536
U009526,2026-01-01,streaming,0.4924
U009527,2026-01-01,music,0.3401
U009528,2026-01-01,mobile,0.4791
U009529,2026-01-01,insurance,0.3361
U009530,2026-01-01,music,0.3729
U009531,2026-01-01,none,0.4747
U009532,2026-01-01,streaming,0.2255
U009533,2026-01-01,cloud,0.5125
U009534,2026-01-01,none,0.4382
U009535,2026-01-01,gym,0.5986
U009536,2026-01-01,none,0.4317
U009537,2026-01-01,music,0.3003
U009538,2026-01-01,insurance,0.6363
U009539,2026-01-01,music,0.375
U009540,2026-01-01,mobile,0.5849
U009541,2026-01-01,software,0.588
U009542,2026-01-01,none,0.6223
U009543,2026-01-01,none,0.4016
U009544,2026-01-01,none,0.5309
U009545,2026-01-01,none,0.399
U009546,2026-01-01,cloud,1.0
U009547,2026-01-01,software,0.5714
U009548,2026-01-01,software,0.8
U009549,2026-01-01,none,0.3102
U009550,2026-01-01,streaming,0.5648
U009551,2026-01-01,streaming,0.6948
U009552,2026-01-01,none,0.2514
U009553,2026-01-01,streaming,0.5578
U009554,2026-01-01,insurance,0.3228
U009555,2026-01-01,none,0.4597
U009556,2026-01-01,insurance,0.4026
U009557,2026-01-01,mobile,0.3995
U009558,2026-01-01,none,0.5151
U009559,2026-01-01,insurance,0.7435
U009560,2026-01-01,none,0.3762
U009561,2026-01-01,streaming,0.8037
U009562,2026-01-01,none,0.4934
U009563,2026-01-01,insurance,0.6911
U009564,2026-01-01,mobile,1.0
U009565,2026-01-01,none,0.6073
U009566,2026-01-01,none,0.4539
U009567,2026-01-01,none,0.3112
U009568,2026-01-01,none,0.4427
U009569,2026-01-01,streaming,0.2259
U009570,2026-01-01,streaming,0.6423
U009571,2026-01-01,none,0.5955
U009572,2026-01-01,insurance,1.0
U009573,2026-01-01,none,0.4307
U009574,2026-01-01,mobile,0.5691
U009575,2026-01-01,none,0.5162
U009576,2026-01-01,none,0.3362
U009577,2026-01-01,gym,0.2614
U009578,2026-01-01,insurance,0.3968
U009579,2026-01-01,gym,0.6451
U009580,2026-01-01,none,0.5022
U009581,2026-01-01,none,0.4412
U009582,2026-01-01,mobile,0.3751
U009583,2026-01-01,streaming,0.3902
U009584,2026-01-01,cloud,0.3944
U009585,2026-01-01,gym,0.5
U009586,2026-01-01,mobile,1.0
U009587,2026-01-01,none,0.5396
U009588,2026-01-01,gym,0.6736
U009589,2026-01-01,music,0.3735
U009590,2026-01-01,none,0.7576
U009591,2026-01-01,streaming,0.6439
U009592,2026-01-01,streaming,0.4743
U009593,2026-01-01,music,0.683
U009594,2026-01-01,mobile,0.4426
U009595,2026-01-01,none,0.5623
U009596,2026-01-01,cloud,0.4615
U009597,2026-01-01,music,0.2907
U009598,2026-01-01,none,0.2718
U009599,2026-01-01,none,0.5065
U009600,2026-01-01,cloud,0.5082
U009601,2026-01-01,gym,0.7331
U009602,2026-01-01,insurance,0.5
U009603,2026-01-01,cloud,0.5322
U009604,2026-01-01,gym,0.7929
U009605,2026-01-01,insurance,0.3504
U009606,2026-01-01,insurance,0.3559
U009607,2026-01-01,music,0.5992
U009608,2026-01-01,software,0.3318
U009609,2026-01-01,gym,1.0
U009610,2026-01-01,streaming,0.3968
U009611,2026-01-01,none,0.4124
U009612,2026-01-01,insurance,1.0
U009613,2026-01-01,none,0.5751
U009614,2026-01-01,software,0.4539
U009615,2026-01-01,mobile,0.4749
U009616,2026-01-01,none,0.4328
U009617,2026-01-01,none,0.5186
U009618,2026-01-01,insurance,1.0
U009619,2026-01-01,streaming,0.3711
U009620,2026-01-01,gym,0.2333
U009621,2026-01-01,insurance,0.3593
U009622,2026-01-01,cloud,0.5719
U009623,2026-01-01,insurance,1.0
U009624,2026-01-01,none,0.3869
U009625,2026-01-01,streaming,0.6667
U009626,2026-01-01,software,0.4183
U009627,2026-01-01,gym,0.3614
U009628,2026-01-01,cloud,0.7093
U009629,2026-01-01,streaming,0.362
U009630,2026-01-01,streaming,0.2606
U009631,2026-01-01,none,0.3901
U009632,2026-01-01,gym,0.2611
U009633,2026-01-01,none,0.6097
U009634,2026-01-01,gym,0.3915
U009635,2026-01-01,none,1.0
U009636,2026-01-01,mobile,0.6377
U009637,2026-01-01,gym,0.546
U009638,2026-01-01,none,0.7576
U009639,2026-01-01,streaming,0.532
U009640,2026-01-01,music,0.3264
U009641,2026-01-01,insurance,0.531
U009642,2026-01-01,none,0.3612
U009643,2026-01-01,streaming,0.3652
U009644,2026-01-01,mobile,1.0
U009645,2026-01-01,software,1.0
U009646,2026-01-01,gym,0.335
U009647,2026-01-01,none,0.3999
U009648,2026-01-01,music,0.2612
U009649,2026-01-01,streaming,0.5068
U009650,2026-01-01,none,0.656
U009651,2026-01-01,none,0.7576
U009652,2026-01-01,insurance,0.6479
U009653,2026-01-01,cloud,1.0
U009654,2026-01-01,software,0.5714
U009655,2026-01-01,music,0.5082
U009656,2026-01-01,insurance,0.6667
U009657,2026-01-01,none,0.3529
U009658,2026-01-01,streaming,0.2899
U009659,2026-01-01,streaming,0.3089
U009660,2026-01-01,insurance,0.424
U009661,2026-01-01,insurance,0.4489
U009662,2026-01-01,none,0.3706
U009663,2026-01-01,cloud,0.5187
U009664,2026-01-01,streaming,0.2649
U009665,2026-01-01,music,0.7787
U009666,2026-01-01,none,0.3243
U009667,2026-01-01,mobile,0.4477
U009668,2026-01-01,none,0.3432
U009669,2026-01-01,none,0.4275
U009670,2026-01-01,none,0.6039
U009671,2026-01-01,none,0.5296
U009672,2026-01-01,none,0.7576
U009673,2026-01-01,insurance,0.4585
U009674,2026-01-01,none,0.4183
U009675,2026-01-01,none,0.7576
U009676,2026-01-01,cloud,0.5502
U009677,2026-01-01,insurance,0.4644
U009678,2026-01-01,none,0.7576
U009679,2026-01-01,cloud,0.4106
U009680,2026-01-01,streaming,0.3113
U009681,2026-01-01,gym,0.4449
U009682,2026-01-01,music,0.3449
U009683,2026-01-01,music,0.5228
U009684,2026-01-01,none,0.422
U009685,2026-01-01,streaming,0.4046
U009686,2026-01-01,gym,0.3234
U009687,2026-01-01,cloud,0.8374
U009688,2026-01-01,none,0.3895
U009689,2026-01-01,streaming,0.3878
U009690,2026-01-01,cloud,0.5604
U009691,2026-01-01,insurance,0.4989
U009692,2026-01-01,mobile,0.2986
U009693,2026-01-01,cloud,0.6985
U009694,2026-01-01,streaming,1.0
U009695,2026-01-01,insurance,1.0
U009696,2026-01-01,streaming,0.75
U009697,2026-01-01,music,0.4929
U009698,2026-01-01,none,0.4033
U009699,2026-01-01,cloud,0.5462
U009700,2026-01-01,music,0.4764
U009701,2026-01-01,none,0.5454
U009702,2026-01-01,streaming,0.3817
U009703,2026-01-01,insurance,0.7643
U009704,2026-01-01,none,0.3987
U009705,2026-01-01,none,0.63
U009706,2026-01-01,none,0.3323
U009707,2026-01-01,none,0.3481
U009708,2026-01-01,none,0.3428
U009709,2026-01-01,insurance,0.4245
U009710,2026-01-01,cloud,0.3683
U009711,2026-01-01,insurance,0.5256
U009712,2026-01-01,none,0.3961
U009713,2026-01-01,none,0.2483
U009714,2026-01-01,gym,1.0
U009715,2026-01-01,software,0.3519
U009716,2026-01-01,software,0.8
U009717,2026-01-01,none,0.6051
U009718,2026-01-01,none,0.3069
U009719,2026-01-01,streaming,0.3863
U009720,2026-01-01,insurance,0.3535
U009721,2026-01-01,software,0.4249
U009722,2026-01-01,streaming,0.5931
U009723,2026-01-01,insurance,0.3084
U009724,2026-01-01,none,0.3141
U009725,2026-01-01,music,0.2911
U009726,2026-01-01,none,0.4892
U009727,2026-01-01,streaming,0.3342
U009728,2026-01-01,none,0.5488
U009729,2026-01-01,none,0.3272
U009730,2026-01-01,insurance,0.4334
U009731,2026-01-01,streaming,0.3399
U009732,2026-01-01,none,0.4635
U009733,2026-01-01,cloud,0.3464
U009734,2026-01-01,mobile,0.4038
U009735,2026-01-01,none,0.3291
U009736,2026-01-01,insurance,0.3216
U009737,2026-01-01,none,0.3622
U009738,2026-01-01,music,0.3806
U009739,2026-01-01,software,0.4471
U009740,2026-01-01,mobile,0.3277
U009741,2026-01-01,none,0.5999
U009742,2026-01-01,none,0.2287
U009743,2026-01-01,insurance,0.3809
U009744,2026-01-01,cloud,0.7416
U009745,2026-01-01,none,0.2592
U009746,2026-01-01,insurance,0.3275
U009747,2026-01-01,none,0.376
U009748,2026-01-01,cloud,0.2692
U009749,2026-01-01,none,0.601
U009750,2026-01-01,music,0.3863
U009751,2026-01-01,none,0.3266
U009752,2026-01-01,none,0.5681
U009753,2026-01-01,none,0.4379
U009754,2026-01-01,none,0.397
U009755,2026-01-01,none,0.2949
U009756,2026-01-01,insurance,0.5106
U009757,2026-01-01,gym,1.0
U009758,2026-01-01,none,0.4838
U009759,2026-01-01,none,0.3653
U009760,2026-01-01,streaming,0.3349
U009761,2026-01-01,music,0.5767
U009762,2026-01-01,none,0.5981
U009763,2026-01-01,none,0.7576
U009764,2026-01-01,none,0.7576
U009765,2026-01-01,cloud,0.4195
U009766,2026-01-01,cloud,0.4998
U009767,2026-01-01,none,0.3939
U009768,2026-01-01,streaming,0.2783
U009769,2026-01-01,none,0.5972
U009770,2026-01-01,cloud,0.3593
U009771,2026-01-01,insurance,0.5353
U009772,2026-01-01,music,1.0
U009773,2026-01-01,software,0.5276
U009774,2026-01-01,streaming,0.2381
U009775,2026-01-01,streaming,0.387
U009776,2026-01-01,streaming,0.4681
U009777,2026-01-01,gym,0.4115
U009778,2026-01-01,cloud,0.5
U009779,2026-01-01,none,0.3538
U009780,2026-01-01,streaming,0.3905
U009781,2026-01-01,cloud,0.8686
U009782,2026-01-01,none,0.4129
U009783,2026-01-01,insurance,0.4274
U009784,2026-01-01,gym,0.4229
U009785,2026-01-01,none,0.3645
U009786,2026-01-01,streaming,0.4127
U009787,2026-01-01,none,0.4247
U009788,2026-01-01,software,0.5474
U009789,2026-01-01,none,1.0
U009790,2026-01-01,software,0.5714
U009791,2026-01-01,cloud,0.4441
U009792,2026-01-01,none,0.6041
U009793,2026-01-01,cloud,0.24
U009794,2026-01-01,cloud,0.4586
U009795,2026-01-01,music,0.5348
U009796,2026-01-01,gym,1.0
U009797,2026-01-01,mobile,0.4473
U009798,2026-01-01,streaming,0.3394
U009799,2026-01-01,software,0.5427
U009800,2026-01-01,none,0.5956
U009801,2026-01-01,none,0.3498
U009802,2026-01-01,streaming,0.4246
U009803,2026-01-01,none,0.4147
U009804,2026-01-01,mobile,0.5584
U009805,2026-01-01,insurance,0.5185
U009806,2026-01-01,none,0.6667
U009807,2026-01-01,mobile,0.3762
U009808,2026-01-01,mobile,0.3593
U009809,2026-01-01,gym,0.3703
U009810,2026-01-01,mobile,0.3325
U009811,2026-01-01,none,0.5773
U009812,2026-01-01,cloud,0.2611
U009813,2026-01-01,music,0.5117
U009814,2026-01-01,none,0.7576
U009815,2026-01-01,insurance,0.3987
U009816,2026-01-01,none,1.0
U009817,2026-01-01,cloud,0.5522
U009818,2026-01-01,none,0.8
U009819,2026-01-01,streaming,0.3483
U009820,2026-01-01,gym,1.0
U009821,2026-01-01,mobile,0.4087
U009822,2026-01-01,none,0.8
U009823,2026-01-01,none,0.3992
U009824,2026-01-01,mobile,0.3716
U009825,2026-01-01,mobile,0.5093
U009826,2026-01-01,none,0.325
U009827,2026-01-01,none,0.4059
U009828,2026-01-01,none,0.28
U009829,2026-01-01,none,0.6508
U009830,2026-01-01,none,0.4926
U009831,2026-01-01,none,0.5177
U009832,2026-01-01,none,0.5
U009833,2026-01-01,none,0.3195
U009834,2026-01-01,music,0.4504
U009835,2026-01-01,none,0.3026
U009836,2026-01-01,none,0.3878
U009837,2026-01-01,none,1.0
U009838,2026-01-01,software,0.5811
U009839,2026-01-01,insurance,0.4134
U009840,2026-01-01,none,0.3219
U009841,2026-01-01,music,0.3206
U009842,2026-01-01,mobile,0.5098
U009843,2026-01-01,none,0.4496
U009844,2026-01-01,mobile,0.4116
U009845,2026-01-01,music,0.4406
U009846,2026-01-01,none,0.7576
U009847,2026-01-01,music,0.4153
U009848,2026-01-01,gym,0.326
U009849,2026-01-01,streaming,0.3208
U009850,2026-01-01,streaming,0.5162
U009851,2026-01-01,none,0.3403
U009852,2026-01-01,insurance,0.2733
U009853,2026-01-01,insurance,0.4595
U009854,2026-01-01,streaming,0.5489
U009855,2026-01-01,none,0.3398
U009856,2026-01-01,none,0.7576
U009857,2026-01-01,music,0.4029
U009858,2026-01-01,insurance,0.4672
U009859,2026-01-01,none,0.5291
U009860,2026-01-01,none,0.4375
U009861,2026-01-01,gym,1.0
U009862,2026-01-01,streaming,0.317
U009863,2026-01-01,gym,0.3894
U009864,2026-01-01,none,0.2925
U009865,2026-01-01,streaming,0.3088
U009866,2026-01-01,none,0.3218
U009867,2026-01-01,none,0.4604
U009868,2026-01-01,software,0.4854
U009869,2026-01-01,gym,0.4855
U009870,2026-01-01,insurance,1.0
U009871,2026-01-01,streaming,0.3856
U009872,2026-01-01,cloud,0.4143
U009873,2026-01-01,cloud,0.8758
U009874,2026-01-01,gym,0.4863
U009875,2026-01-01,gym,0.2456
U009876,2026-01-01,none,0.2879
U009877,2026-01-01,none,0.5618
U009878,2026-01-01,gym,0.5767
U009879,2026-01-01,music,0.5775
U009880,2026-01-01,insurance,0.6997
U009881,2026-01-01,gym,0.3494
U009882,2026-01-01,streaming,0.3578
U009883,2026-01-01,cloud,0.3374
U009884,2026-01-01,gym,0.2525
U009885,2026-01-01,none,0.6034
U009886,2026-01-01,none,0.4742
U009887,2026-01-01,mobile,0.6688
U009888,2026-01-01,streaming,0.5247
U009889,2026-01-01,insurance,0.7643
U009890,2026-01-01,insurance,0.5281
U009891,2026-01-01,software,0.3702
U009892,2026-01-01,software,0.465
U009893,2026-01-01,software,0.763
U009894,2026-01-01,none,0.5172
U009895,2026-01-01,music,0.5283
U009896,2026-01-01,mobile,0.6228
U009897,2026-01-01,none,0.3932
U009898,2026-01-01,none,0.3114
U009899,2026-01-01,insurance,0.4105
U009900,2026-01-01,streaming,0.4168
U009901,2026-01-01,none,0.5602
U009902,2026-01-01,insurance,0.4784
U009903,2026-01-01,streaming,0.4724
U009904,2026-01-01,none,0.3154
U009905,2026-01-01,streaming,0.3934
U009906,2026-01-01,music,0.6376
U009907,2026-01-01,none,0.4148
U009908,2026-01-01,gym,0.4868
U009909,2026-01-01,none,0.4474
U009910,2026-01-01,none,0.484
U009911,2026-01-01,insurance,0.5139
U009912,2026-01-01,none,0.4025
U009913,2026-01-01,streaming,0.3726
U009914,2026-01-01,cloud,0.3349
U009915,2026-01-01,none,0.2928
U009916,2026-01-01,insurance,0.3576
U009917,2026-01-01,gym,0.3522
U009918,2026-01-01,none,0.7576
U009919,2026-01-01,cloud,0.3485
U009920,2026-01-01,insurance,0.3751
U009921,2026-01-01,none,0.3861
U009922,2026-01-01,streaming,0.2616
U009923,2026-01-01,none,0.3562
U009924,2026-01-01,gym,0.8548
U009925,2026-01-01,streaming,0.8148
U009926,2026-01-01,insurance,0.337
U009927,2026-01-01,insurance,0.3752
U009928,2026-01-01,streaming,0.4025
U009929,2026-01-01,software,0.3909
U009930,2026-01-01,none,0.5603
U009931,2026-01-01,none,0.48
U009932,2026-01-01,insurance,0.4601
U009933,2026-01-01,software,0.5714
U009934,2026-01-01,none,0.367
U009935,2026-01-01,insurance,0.2972
U009936,2026-01-01,streaming,0.2943
U009937,2026-01-01,none,0.5872
U009938,2026-01-01,none,0.3412
U009939,2026-01-01,insurance,0.3698
U009940,2026-01-01,cloud,0.4452
U009941,2026-01-01,none,0.4668
U009942,2026-01-01,none,0.3323
U009943,2026-01-01,none,0.4395
U009944,2026-01-01,none,0.5513
U009945,2026-01-01,none,0.7576
U009946,2026-01-01,insurance,0.4086
U009947,2026-01-01,none,0.4464
U009948,2026-01-01,streaming,0.3828
U009949,2026-01-01,software,0.6031
U009950,2026-01-01,mobile,0.2793
U009951,2026-01-01,none,0.7576
U009952,2026-01-01,streaming,0.3621
U009953,2026-01-01,music,0.4807
U009954,2026-01-01,none,1.0
U009955,2026-01-01,none,0.362
U009956,2026-01-01,music,0.587
U009957,2026-01-01,none,0.3471
U009958,2026-01-01,software,0.5714
U009959,2026-01-01,none,0.4901
U009960,2026-01-01,streaming,0.4254
U009961,2026-01-01,none,0.3208
U009962,2026-01-01,insurance,0.293
U009963,2026-01-01,streaming,0.3137
U009964,2026-01-01,mobile,0.3029
U009965,2026-01-01,none,0.4156
U009966,2026-01-01,none,0.7576
U009967,2026-01-01,none,0.2788
U009968,2026-01-01,none,0.3974
U009969,2026-01-01,insurance,0.2978
U009970,2026-01-01,cloud,0.6986
U009971,2026-01-01,insurance,0.5
U009972,2026-01-01,mobile,1.0
U009973,2026-01-01,streaming,0.4041
U009974,2026-01-01,none,0.5027
U009975,2026-01-01,insurance,0.5613
U009976,2026-01-01,none,0.5025
U009977,2026-01-01,none,0.7576
U009978,2026-01-01,music,0.5
U009979,2026-01-01,music,0.3247
U009980,2026-01-01,music,0.3421
U009981,2026-01-01,insurance,1.0
U009982,2026-01-01,none,0.5
U009983,2026-01-01,streaming,0.3905
U009984,2026-01-01,streaming,0.3335
U009985,2026-01-01,none,0.7061
U009986,2026-01-01,software,0.3119
U009987,2026-01-01,none,0.3777
U009988,2026-01-01,none,0.3082
U009989,2026-01-01,cloud,0.4904
U009990,2026-01-01,streaming,0.2778
U009991,2026-01-01,insurance,0.2476
U009992,2026-01-01,none,0.3947
U009993,2026-01-01,streaming,0.7298
U009994,2026-01-01,music,0.4841
U009995,2026-01-01,cloud,0.4913
U009996,2026-01-01,insurance,0.349
U009997,2026-01-01,insurance,0.6678
U009998,2026-01-01,insurance,0.3965
U009999,2026-01-01,none,0.4368
