client_id,cutoff_date,target_next_recurring_merchant,confidence
U000000,2026-01-01,software,0.5641
U000001,2026-01-01,insurance,0.8356
U000002,2026-01-01,mobile,0.8035
U000003,2026-01-01,gym,0.7047
U000004,2026-01-01,none,0.665
U000005,2026-01-01,none,0.7491
U000006,2026-01-01,music,0.4827
U000007,2026-01-01,none,0.8929
U000008,2026-01-01,cloud,0.6449
U000009,2026-01-01,cloud,0.5043
U000010,2026-01-01,music,0.462
U000011,2026-01-01,insurance,0.6891
U000012,2026-01-01,none,0.6207
U000013,2026-01-01,cloud,0.4109
U000014,2026-01-01,software,0.5907
U000015,2026-01-01,cloud,0.5905
U000016,2026-01-01,gym,0.7948
U000017,2026-01-01,none,0.6724
U000018,2026-01-01,insurance,0.4009
U000019,2026-01-01,music,0.6296
U000020,2026-01-01,none,0.9948
U000021,2026-01-01,none,0.6265
U000022,2026-01-01,music,0.3885
U000023,2026-01-01,none,0.9948
U000024,2026-01-01,streaming,0.2757
U000025,2026-01-01,cloud,0.5905
U000026,2026-01-01,insurance,0.5963
U000027,2026-01-01,mobile,0.3487
U000028,2026-01-01,streaming,0.306
U000029,2026-01-01,music,0.9192
U000030,2026-01-01,insurance,0.2771
U000031,2026-01-01,mobile,0.825
U000032,2026-01-01,insurance,0.5108
U000033,2026-01-01,insurance,0.4543
U000034,2026-01-01,mobile,0.835
U000035,2026-01-01,music,0.4632
U000036,2026-01-01,cloud,0.5842
U000037,2026-01-01,music,0.6379
U000038,2026-01-01,software,0.366
U000039,2026-01-01,streaming,0.8913
U000040,2026-01-01,software,0.499
U000041,2026-01-01,none,0.9548
U000042,2026-01-01,none,0.3659
U000043,2026-01-01,cloud,0.4473
U000044,2026-01-01,gym,0.4906
U000045,2026-01-01,gym,0.6218
U000046,2026-01-01,insurance,0.5445
U000047,2026-01-01,insurance,0.5297
U000048,2026-01-01,cloud,0.4324
U000049,2026-01-01,none,0.3922
U000050,2026-01-01,insurance,0.6255
U000051,2026-01-01,mobile,0.7105
U000052,2026-01-01,music,0.4766
U000053,2026-01-01,insurance,0.4468
U000054,2026-01-01,none,0.9945
U000055,2026-01-01,none,0.7745
U000056,2026-01-01,none,0.3936
U000057,2026-01-01,none,0.9808
U000058,2026-01-01,none,0.9978
U000059,2026-01-01,insurance,0.6314
U000060,2026-01-01,mobile,0.3131
U000061,2026-01-01,streaming,0.3702
U000062,2026-01-01,none,0.9891
U000063,2026-01-01,streaming,0.6149
U000064,2026-01-01,insurance,0.5164
U000065,2026-01-01,mobile,0.9059
U000066,2026-01-01,gym,0.5055
U000067,2026-01-01,cloud,0.3522
U000068,2026-01-01,software,0.8209
U000069,2026-01-01,software,0.7323
U000070,2026-01-01,none,0.9329
U000071,2026-01-01,cloud,0.8186
U000072,2026-01-01,music,0.8128
U000073,2026-01-01,none,0.7803
U000074,2026-01-01,streaming,0.7951
U000075,2026-01-01,software,0.7116
U000076,2026-01-01,mobile,0.7274
U000077,2026-01-01,software,0.4868
U000078,2026-01-01,none,0.5811
U000079,2026-01-01,insurance,0.7049
U000080,2026-01-01,insurance,0.4515
U000081,2026-01-01,insurance,0.4319
U000082,2026-01-01,none,0.9965
U000083,2026-01-01,none,0.7287
U000084,2026-01-01,software,0.436
U000085,2026-01-01,cloud,0.6466
U000086,2026-01-01,cloud,0.4719
U000087,2026-01-01,cloud,0.7081
U000088,2026-01-01,mobile,0.4813
U000089,2026-01-01,software,0.5176
U000090,2026-01-01,music,0.8994
U000091,2026-01-01,music,0.5413
U000092,2026-01-01,streaming,0.8658
U000093,2026-01-01,gym,0.2992
U000094,2026-01-01,cloud,0.5375
U000095,2026-01-01,software,0.5553
U000096,2026-01-01,cloud,0.8323
U000097,2026-01-01,mobile,0.7415
U000098,2026-01-01,mobile,0.6266
U000099,2026-01-01,none,0.7555
U000100,2026-01-01,cloud,0.4621
U000101,2026-01-01,software,0.5858
U000102,2026-01-01,none,0.9926
U000103,2026-01-01,mobile,0.3576
U000104,2026-01-01,insurance,0.7998
U000105,2026-01-01,insurance,0.7301
U000106,2026-01-01,none,0.7915
U000107,2026-01-01,mobile,0.635
U000108,2026-01-01,none,0.814
U000109,2026-01-01,gym,0.7912
U000110,2026-01-01,none,0.999
U000111,2026-01-01,streaming,0.4859
U000112,2026-01-01,streaming,0.5131
U000113,2026-01-01,mobile,0.8142
U000114,2026-01-01,cloud,0.6414
U000115,2026-01-01,gym,0.841
U000116,2026-01-01,none,0.9436
U000117,2026-01-01,none,0.8963
U000118,2026-01-01,software,0.6768
U000119,2026-01-01,none,0.9018
U000120,2026-01-01,mobile,0.6911
U000121,2026-01-01,software,0.4527
U000122,2026-01-01,gym,0.5701
U000123,2026-01-01,none,0.9344
U000124,2026-01-01,gym,0.6989
U000125,2026-01-01,mobile,0.5114
U000126,2026-01-01,mobile,0.7183
U000127,2026-01-01,software,0.492
U000128,2026-01-01,mobile,0.7503
U000129,2026-01-01,music,0.5402
U000130,2026-01-01,gym,0.5025
U000131,2026-01-01,none,0.9763
U000132,2026-01-01,gym,0.5452
U000133,2026-01-01,none,0.906
U000134,2026-01-01,none,0.9098
U000135,2026-01-01,gym,0.4374
U000136,2026-01-01,music,0.8579
U000137,2026-01-01,software,0.6841
U000138,2026-01-01,insurance,0.6998
U000139,2026-01-01,streaming,0.5231
U000140,2026-01-01,cloud,0.6166
U000141,2026-01-01,software,0.4248
U000142,2026-01-01,none,0.4536
U000143,2026-01-01,streaming,0.7923
U000144,2026-01-01,software,0.5563
U000145,2026-01-01,none,0.3528
U000146,2026-01-01,cloud,0.4531
U000147,2026-01-01,streaming,0.6613
U000148,2026-01-01,mobile,0.4514
U000149,2026-01-01,none,0.8222
U000150,2026-01-01,cloud,0.8243
U000151,2026-01-01,insurance,0.4917
U000152,2026-01-01,mobile,0.8556
U000153,2026-01-01,none,0.3466
U000154,2026-01-01,music,0.4831
U000155,2026-01-01,none,0.7683
U000156,2026-01-01,none,0.2549
U000157,2026-01-01,software,0.4337
U000158,2026-01-01,software,0.8966
U000159,2026-01-01,software,0.5961
U000160,2026-01-01,none,0.5263
U000161,2026-01-01,streaming,0.2795
U000162,2026-01-01,streaming,0.6248
U000163,2026-01-01,none,0.8493
U000164,2026-01-01,software,0.5477
U000165,2026-01-01,cloud,0.4446
U000166,2026-01-01,mobile,0.8841
U000167,2026-01-01,gym,0.6225
U000168,2026-01-01,insurance,0.5048
U000169,2026-01-01,none,0.3155
U000170,2026-01-01,streaming,0.6972
U000171,2026-01-01,none,0.7133
U000172,2026-01-01,none,0.9941
U000173,2026-01-01,software,0.3562
U000174,2026-01-01,none,0.9635
U000175,2026-01-01,cloud,0.5628
U000176,2026-01-01,insurance,0.7863
U000177,2026-01-01,none,0.9874
U000178,2026-01-01,software,0.5011
U000179,2026-01-01,none,0.5954
U000180,2026-01-01,cloud,0.8574
U000181,2026-01-01,gym,0.6087
U000182,2026-01-01,none,0.9995
U000183,2026-01-01,insurance,0.4324
U000184,2026-01-01,insurance,0.6096
U000185,2026-01-01,cloud,0.877
U000186,2026-01-01,insurance,0.5537
U000187,2026-01-01,none,0.7995
U000188,2026-01-01,cloud,0.4617
U000189,2026-01-01,music,0.5754
U000190,2026-01-01,none,0.9675
U000191,2026-01-01,cloud,0.5428
U000192,2026-01-01,none,0.7183
U000193,2026-01-01,mobile,0.4399
U000194,2026-01-01,software,0.8133
U000195,2026-01-01,insurance,0.4451
U000196,2026-01-01,insurance,0.8232
U000197,2026-01-01,cloud,0.5106
U000198,2026-01-01,none,0.9742
U000199,2026-01-01,software,0.6739
U000200,2026-01-01,music,0.6615
U000201,2026-01-01,none,0.9141
U000202,2026-01-01,music,0.5305
U000203,2026-01-01,gym,0.579
U000204,2026-01-01,software,0.5969
U000205,2026-01-01,music,0.773
U000206,2026-01-01,none,0.9937
U000207,2026-01-01,insurance,0.4163
U000208,2026-01-01,none,0.9082
U000209,2026-01-01,none,0.9965
U000210,2026-01-01,streaming,0.5
U000211,2026-01-01,insurance,0.8592
U000212,2026-01-01,mobile,0.8095
U000213,2026-01-01,none,0.4095
U000214,2026-01-01,none,0.9734
U000215,2026-01-01,none,0.9893
U000216,2026-01-01,cloud,0.7572
U000217,2026-01-01,none,0.9593
U000218,2026-01-01,insurance,0.5638
U000219,2026-01-01,insurance,0.3361
U000220,2026-01-01,none,0.2964
U000221,2026-01-01,none,0.5334
U000222,2026-01-01,insurance,0.4251
U000223,2026-01-01,software,0.5694
U000224,2026-01-01,none,0.3378
U000225,2026-01-01,software,0.7229
U000226,2026-01-01,gym,0.6152
U000227,2026-01-01,mobile,0.2929
U000228,2026-01-01,none,0.9429
U000229,2026-01-01,none,0.9629
U000230,2026-01-01,software,0.6737
U000231,2026-01-01,insurance,0.3321
U000232,2026-01-01,none,0.5756
U000233,2026-01-01,music,0.5789
U000234,2026-01-01,insurance,0.5085
U000235,2026-01-01,none,0.7447
U000236,2026-01-01,insurance,0.7855
U000237,2026-01-01,music,0.5
U000238,2026-01-01,streaming,0.6248
U000239,2026-01-01,software,0.7713
U000240,2026-01-01,gym,0.4081
U000241,2026-01-01,none,0.9387
U000242,2026-01-01,gym,0.779
U000243,2026-01-01,mobile,0.3256
U000244,2026-01-01,none,0.5477
U000245,2026-01-01,cloud,0.6035
U000246,2026-01-01,insurance,0.429
U000247,2026-01-01,mobile,0.9146
U000248,2026-01-01,software,0.7865
U000249,2026-01-01,music,0.7691
U000250,2026-01-01,streaming,0.8276
U000251,2026-01-01,streaming,0.5383
U000252,2026-01-01,music,0.7522
U000253,2026-01-01,cloud,0.695
U000254,2026-01-01,none,0.9615
U000255,2026-01-01,none,0.8784
U000256,2026-01-01,none,0.7193
U000257,2026-01-01,none,0.8265
U000258,2026-01-01,insurance,0.508
U000259,2026-01-01,software,0.3616
U000260,2026-01-01,insurance,0.432
U000261,2026-01-01,cloud,0.5868
U000262,2026-01-01,none,0.42
U000263,2026-01-01,cloud,0.5747
U000264,2026-01-01,streaming,0.7166
U000265,2026-01-01,music,0.5863
U000266,2026-01-01,streaming,0.469
U000267,2026-01-01,mobile,0.8255
U000268,2026-01-01,insurance,0.6786
U000269,2026-01-01,none,0.9694
U000270,2026-01-01,none,0.9681
U000271,2026-01-01,insurance,0.3326
U000272,2026-01-01,mobile,0.5042
U000273,2026-01-01,gym,0.5004
U000274,2026-01-01,software,0.3808
U000275,2026-01-01,gym,0.3829
U000276,2026-01-01,none,0.9156
U000277,2026-01-01,cloud,0.5147
U000278,2026-01-01,mobile,0.5035
U000279,2026-01-01,software,0.367
U000280,2026-01-01,gym,0.6218
U000281,2026-01-01,cloud,0.7525
U000282,2026-01-01,music,0.6551
U000283,2026-01-01,none,0.5485
U000284,2026-01-01,cloud,0.3565
U000285,2026-01-01,insurance,0.4912
U000286,2026-01-01,cloud,0.7626
U000287,2026-01-01,mobile,0.8618
U000288,2026-01-01,streaming,0.6035
U000289,2026-01-01,streaming,0.7066
U000290,2026-01-01,mobile,0.4574
U000291,2026-01-01,streaming,0.4741
U000292,2026-01-01,music,0.445
U000293,2026-01-01,mobile,0.6534
U000294,2026-01-01,streaming,0.5994
U000295,2026-01-01,mobile,0.5443
U000296,2026-01-01,streaming,0.8249
U000297,2026-01-01,music,0.5199
U000298,2026-01-01,mobile,0.6411
U000299,2026-01-01,software,0.7848
U000300,2026-01-01,insurance,0.6735
U000301,2026-01-01,music,0.3749
U000302,2026-01-01,mobile,0.6133
U000303,2026-01-01,streaming,0.603
U000304,2026-01-01,insurance,0.3228
U000305,2026-01-01,none,0.9866
U000306,2026-01-01,none,0.8691
U000307,2026-01-01,mobile,0.7114
U000308,2026-01-01,none,0.3493
U000309,2026-01-01,insurance,0.3781
U000310,2026-01-01,streaming,0.4662
U000311,2026-01-01,none,0.9666
U000312,2026-01-01,mobile,0.5034
U000313,2026-01-01,insurance,0.6484
U000314,2026-01-01,mobile,0.8363
U000315,2026-01-01,none,0.5763
U000316,2026-01-01,cloud,0.5207
U000317,2026-01-01,music,0.3762
U000318,2026-01-01,gym,0.5932
U000319,2026-01-01,software,0.7235
U000320,2026-01-01,none,0.9669
U000321,2026-01-01,none,0.9228
U000322,2026-01-01,software,0.4025
U000323,2026-01-01,none,0.946
U000324,2026-01-01,cloud,0.5972
U000325,2026-01-01,mobile,0.6845
U000326,2026-01-01,mobile,0.8189
U000327,2026-01-01,mobile,0.5668
U000328,2026-01-01,cloud,0.4379
U000329,2026-01-01,software,0.6992
U000330,2026-01-01,none,0.5538
U000331,2026-01-01,none,0.9999
U000332,2026-01-01,music,0.619
U000333,2026-01-01,none,0.9983
U000334,2026-01-01,mobile,0.371
U000335,2026-01-01,music,0.4546
U000336,2026-01-01,software,0.8205
U000337,2026-01-01,mobile,0.6214
U000338,2026-01-01,gym,0.6918
U000339,2026-01-01,insurance,0.6601
U000340,2026-01-01,none,0.4665
U000341,2026-01-01,software,0.4572
U000342,2026-01-01,music,0.5929
U000343,2026-01-01,gym,0.853
U000344,2026-01-01,gym,0.6396
U000345,2026-01-01,software,0.6453
U000346,2026-01-01,gym,0.6873
U000347,2026-01-01,insurance,0.513
U000348,2026-01-01,none,0.3559
U000349,2026-01-01,streaming,0.5931
U000350,2026-01-01,none,0.8362
U000351,2026-01-01,none,0.9569
U000352,2026-01-01,none,0.9098
U000353,2026-01-01,gym,0.2819
U000354,2026-01-01,software,0.4905
U000355,2026-01-01,none,0.9842
U000356,2026-01-01,mobile,0.3576
U000357,2026-01-01,gym,0.6388
U000358,2026-01-01,mobile,0.7123
U000359,2026-01-01,cloud,0.8165
U000360,2026-01-01,insurance,0.2896
U000361,2026-01-01,none,0.6056
U000362,2026-01-01,mobile,0.7838
U000363,2026-01-01,none,0.9792
U000364,2026-01-01,none,0.6623
U000365,2026-01-01,none,0.541
U000366,2026-01-01,software,0.6657
U000367,2026-01-01,none,0.9853
U000368,2026-01-01,software,0.776
U000369,2026-01-01,none,0.6273
U000370,2026-01-01,mobile,0.8302
U000371,2026-01-01,software,0.7855
U000372,2026-01-01,insurance,0.7432
U000373,2026-01-01,none,0.9646
U000374,2026-01-01,software,0.7003
U000375,2026-01-01,none,0.8358
U000376,2026-01-01,music,0.7519
U000377,2026-01-01,none,0.9809
U000378,2026-01-01,cloud,0.7465
U000379,2026-01-01,none,0.9557
U000380,2026-01-01,music,0.5366
U000381,2026-01-01,music,0.8124
U000382,2026-01-01,none,0.9761
U000383,2026-01-01,gym,0.4376
U000384,2026-01-01,gym,0.8179
U000385,2026-01-01,cloud,0.443
U000386,2026-01-01,cloud,0.5546
U000387,2026-01-01,insurance,0.719
U000388,2026-01-01,none,0.9938
U000389,2026-01-01,mobile,0.6517
U000390,2026-01-01,none,0.9987
U000391,2026-01-01,none,0.8302
U000392,2026-01-01,cloud,0.3083
U000393,2026-01-01,mobile,0.4665
U000394,2026-01-01,none,0.9525
U000395,2026-01-01,music,0.5443
U000396,2026-01-01,gym,0.6459
U000397,2026-01-01,insurance,0.8211
U000398,2026-01-01,streaming,0.6693
U000399,2026-01-01,none,0.6367
U000400,2026-01-01,mobile,0.42
U000401,2026-01-01,none,0.9932
U000402,2026-01-01,insurance,0.7793
U000403,2026-01-01,mobile,0.3611
U000404,2026-01-01,insurance,0.5209
U000405,2026-01-01,gym,0.5726
U000406,2026-01-01,none,0.5016
U000407,2026-01-01,none,0.7945
U000408,2026-01-01,gym,0.4478
U000409,2026-01-01,insurance,0.4837
U000410,2026-01-01,software,0.562
U000411,2026-01-01,streaming,0.6264
U000412,2026-01-01,mobile,0.4062
U000413,2026-01-01,insurance,0.6982
U000414,2026-01-01,cloud,0.683
U000415,2026-01-01,gym,0.4175
U000416,2026-01-01,none,0.9338
U000417,2026-01-01,none,0.4674
U000418,2026-01-01,software,0.7731
U000419,2026-01-01,none,0.9996
U000420,2026-01-01,none,0.961
U000421,2026-01-01,none,0.9832
U000422,2026-01-01,insurance,0.4549
U000423,2026-01-01,cloud,0.7404
U000424,2026-01-01,software,0.4856
U000425,2026-01-01,cloud,0.6161
U000426,2026-01-01,none,0.9753
U000427,2026-01-01,gym,0.86
U000428,2026-01-01,streaming,0.6805
U000429,2026-01-01,streaming,0.6131
U000430,2026-01-01,music,0.9452
U000431,2026-01-01,cloud,0.4517
U000432,2026-01-01,none,0.4501
U000433,2026-01-01,insurance,0.6222
U000434,2026-01-01,streaming,0.8998
U000435,2026-01-01,insurance,0.543
U000436,2026-01-01,cloud,0.6512
U000437,2026-01-01,none,0.988
U000438,2026-01-01,mobile,0.5092
U000439,2026-01-01,streaming,0.9094
U000440,2026-01-01,mobile,0.6497
U000441,2026-01-01,music,0.5084
U000442,2026-01-01,cloud,0.6407
U000443,2026-01-01,none,0.9783
U000444,2026-01-01,gym,0.5593
U000445,2026-01-01,streaming,0.8193
U000446,2026-01-01,mobile,0.463
U000447,2026-01-01,gym,0.5403
U000448,2026-01-01,none,0.4821
U000449,2026-01-01,none,0.8498
U000450,2026-01-01,gym,0.5909
U000451,2026-01-01,none,0.525
U000452,2026-01-01,gym,0.3715
U000453,2026-01-01,none,0.9702
U000454,2026-01-01,music,0.7931
U000455,2026-01-01,software,0.453
U000456,2026-01-01,none,0.7691
U000457,2026-01-01,none,0.789
U000458,2026-01-01,software,0.5254
U000459,2026-01-01,streaming,0.4041
U000460,2026-01-01,music,0.3498
U000461,2026-01-01,none,0.9994
U000462,2026-01-01,insurance,0.2782
U000463,2026-01-01,gym,0.4093
U000464,2026-01-01,gym,0.5639
U000465,2026-01-01,none,0.8981
U000466,2026-01-01,none,0.9363
U000467,2026-01-01,insurance,0.6823
U000468,2026-01-01,streaming,0.6684
U000469,2026-01-01,mobile,0.8741
U000470,2026-01-01,streaming,0.4242
U000471,2026-01-01,none,0.3597
U000472,2026-01-01,music,0.8333
U000473,2026-01-01,none,0.806
U000474,2026-01-01,mobile,0.4231
U000475,2026-01-01,software,0.7896
U000476,2026-01-01,none,0.861
U000477,2026-01-01,streaming,0.5091
U000478,2026-01-01,software,0.5144
U000479,2026-01-01,music,0.4634
U000480,2026-01-01,none,0.9512
U000481,2026-01-01,streaming,0.3407
U000482,2026-01-01,none,0.9623
U000483,2026-01-01,cloud,0.8886
U000484,2026-01-01,cloud,0.4367
U000485,2026-01-01,streaming,0.8707
U000486,2026-01-01,cloud,0.5217
U000487,2026-01-01,mobile,0.8939
U000488,2026-01-01,mobile,0.907
U000489,2026-01-01,none,0.99
U000490,2026-01-01,music,0.7632
U000491,2026-01-01,software,0.8668
U000492,2026-01-01,none,0.8537
U000493,2026-01-01,none,0.7896
U000494,2026-01-01,none,0.9906
U000495,2026-01-01,music,0.7344
U000496,2026-01-01,software,0.9064
U000497,2026-01-01,mobile,0.268
U000498,2026-01-01,music,0.3241
U000499,2026-01-01,none,0.9892
U000500,2026-01-01,none,0.3784
U000501,2026-01-01,software,0.4346
U000502,2026-01-01,none,0.9076
U000503,2026-01-01,gym,0.6116
U000504,2026-01-01,streaming,0.8826
U000505,2026-01-01,gym,0.5677
U000506,2026-01-01,mobile,0.3199
U000507,2026-01-01,none,0.9975
U000508,2026-01-01,cloud,0.8023
U000509,2026-01-01,software,0.6009
U000510,2026-01-01,music,0.4714
U000511,2026-01-01,streaming,0.43
U000512,2026-01-01,insurance,0.6694
U000513,2026-01-01,none,0.4954
U000514,2026-01-01,software,0.4869
U000515,2026-01-01,mobile,0.5377
U000516,2026-01-01,music,0.2415
U000517,2026-01-01,gym,0.6252
U000518,2026-01-01,music,0.3042
U000519,2026-01-01,streaming,0.4512
U000520,2026-01-01,music,0.6082
U000521,2026-01-01,none,0.7315
U000522,2026-01-01,mobile,0.5311
U000523,2026-01-01,software,0.7118
U000524,2026-01-01,gym,0.3334
U000525,2026-01-01,cloud,0.4106
U000526,2026-01-01,none,0.5105
U000527,2026-01-01,insurance,0.6221
U000528,2026-01-01,cloud,0.797
U000529,2026-01-01,none,0.9097
U000530,2026-01-01,software,0.3932
U000531,2026-01-01,mobile,0.8642
U000532,2026-01-01,mobile,0.4128
U000533,2026-01-01,none,0.9834
U000534,2026-01-01,mobile,0.6777
U000535,2026-01-01,insurance,0.6895
U000536,2026-01-01,cloud,0.6121
U000537,2026-01-01,mobile,0.8748
U000538,2026-01-01,software,0.5134
U000539,2026-01-01,gym,0.5259
U000540,2026-01-01,none,0.4252
U000541,2026-01-01,insurance,0.7028
U000542,2026-01-01,gym,0.8723
U000543,2026-01-01,software,0.429
U000544,2026-01-01,insurance,0.3418
U000545,2026-01-01,gym,0.4821
U000546,2026-01-01,music,0.3522
U000547,2026-01-01,software,0.5918
U000548,2026-01-01,streaming,0.8337
U000549,2026-01-01,none,0.9495
U000550,2026-01-01,cloud,0.4624
U000551,2026-01-01,insurance,0.7976
U000552,2026-01-01,insurance,0.5381
U000553,2026-01-01,insurance,0.6114
U000554,2026-01-01,cloud,0.5318
U000555,2026-01-01,streaming,0.4098
U000556,2026-01-01,gym,0.7253
U000557,2026-01-01,cloud,0.7646
U000558,2026-01-01,none,0.9959
U000559,2026-01-01,insurance,0.8251
U000560,2026-01-01,software,0.6278
U000561,2026-01-01,mobile,0.3896
U000562,2026-01-01,cloud,0.4121
U000563,2026-01-01,insurance,0.8136
U000564,2026-01-01,cloud,0.597
U000565,2026-01-01,music,0.4413
U000566,2026-01-01,mobile,0.6966
U000567,2026-01-01,mobile,0.3649
U000568,2026-01-01,mobile,0.5218
U000569,2026-01-01,none,0.9142
U000570,2026-01-01,music,0.4433
U000571,2026-01-01,none,0.9941
U000572,2026-01-01,streaming,0.9144
U000573,2026-01-01,gym,0.3225
U000574,2026-01-01,insurance,0.8097
U000575,2026-01-01,none,0.5659
U000576,2026-01-01,gym,0.4796
U000577,2026-01-01,mobile,0.5136
U000578,2026-01-01,music,0.4723
U000579,2026-01-01,music,0.7206
U000580,2026-01-01,cloud,0.5246
U000581,2026-01-01,insurance,0.5125
U000582,2026-01-01,mobile,0.6723
U000583,2026-01-01,software,0.7248
U000584,2026-01-01,none,0.9982
U000585,2026-01-01,software,0.6376
U000586,2026-01-01,insurance,0.4761
U000587,2026-01-01,cloud,0.8413
U000588,2026-01-01,none,0.9091
U000589,2026-01-01,none,0.5781
U000590,2026-01-01,streaming,0.4317
U000591,2026-01-01,mobile,0.5527
U000592,2026-01-01,gym,0.5254
U000593,2026-01-01,streaming,0.8192
U000594,2026-01-01,mobile,0.7311
U000595,2026-01-01,none,0.851
U000596,2026-01-01,insurance,0.7792
U000597,2026-01-01,software,0.7236
U000598,2026-01-01,software,0.3858
U000599,2026-01-01,gym,0.4566
U000600,2026-01-01,mobile,0.6326
U000601,2026-01-01,software,0.5204
U000602,2026-01-01,none,0.8986
U000603,2026-01-01,insurance,0.4914
U000604,2026-01-01,none,0.9586
U000605,2026-01-01,none,0.9116
U000606,2026-01-01,insurance,0.4436
U000607,2026-01-01,streaming,0.7027
U000608,2026-01-01,software,0.6116
U000609,2026-01-01,music,0.4454
U000610,2026-01-01,none,0.4234
U000611,2026-01-01,mobile,0.5175
U000612,2026-01-01,none,0.5305
U000613,2026-01-01,insurance,0.5229
U000614,2026-01-01,mobile,0.8571
U000615,2026-01-01,software,0.4533
U000616,2026-01-01,none,0.9863
U000617,2026-01-01,none,0.9764
U000618,2026-01-01,music,0.936
U000619,2026-01-01,none,0.953
U000620,2026-01-01,gym,0.378
U000621,2026-01-01,streaming,0.8695
U000622,2026-01-01,none,0.6835
U000623,2026-01-01,cloud,0.582
U000624,2026-01-01,software,0.6543
U000625,2026-01-01,insurance,0.8528
U000626,2026-01-01,gym,0.8542
U000627,2026-01-01,software,0.7002
U000628,2026-01-01,none,0.9728
U000629,2026-01-01,streaming,0.8087
U000630,2026-01-01,mobile,0.5183
U000631,2026-01-01,insurance,0.3898
U000632,2026-01-01,insurance,0.3882
U000633,2026-01-01,gym,0.4667
U000634,2026-01-01,mobile,0.6929
U000635,2026-01-01,music,0.8761
U000636,2026-01-01,cloud,0.802
U000637,2026-01-01,insurance,0.6682
U000638,2026-01-01,mobile,0.5016
U000639,2026-01-01,insurance,0.5324
U000640,2026-01-01,cloud,0.6945
U000641,2026-01-01,cloud,0.5874
U000642,2026-01-01,none,0.9198
U000643,2026-01-01,software,0.71
U000644,2026-01-01,gym,0.6747
U000645,2026-01-01,none,0.5927
U000646,2026-01-01,gym,0.4903
U000647,2026-01-01,streaming,0.6357
U000648,2026-01-01,software,0.676
U000649,2026-01-01,mobile,0.6844
U000650,2026-01-01,none,0.9529
U000651,2026-01-01,insurance,0.755
U000652,2026-01-01,streaming,0.8662
U000653,2026-01-01,none,0.8192
U000654,2026-01-01,insurance,0.523
U000655,2026-01-01,none,0.98
U000656,2026-01-01,cloud,0.8138
U000657,2026-01-01,none,0.6451
U000658,2026-01-01,none,0.6894
U000659,2026-01-01,insurance,0.6249
U000660,2026-01-01,insurance,0.7762
U000661,2026-01-01,mobile,0.7609
U000662,2026-01-01,gym,0.7463
U000663,2026-01-01,cloud,0.4904
U000664,2026-01-01,none,0.3727
U000665,2026-01-01,insurance,0.4032
U000666,2026-01-01,insurance,0.8692
U000667,2026-01-01,none,0.9942
U000668,2026-01-01,none,0.8587
U000669,2026-01-01,mobile,0.4172
U000670,2026-01-01,cloud,0.3134
U000671,2026-01-01,none,0.9709
U000672,2026-01-01,insurance,0.8089
U000673,2026-01-01,none,0.8655
U000674,2026-01-01,gym,0.7399
U000675,2026-01-01,none,0.7427
U000676,2026-01-01,none,0.6556
U000677,2026-01-01,gym,0.5651
U000678,2026-01-01,insurance,0.4363
U000679,2026-01-01,streaming,0.6857
U000680,2026-01-01,gym,0.7044
U000681,2026-01-01,mobile,0.9196
U000682,2026-01-01,music,0.4402
U000683,2026-01-01,none,0.3104
U000684,2026-01-01,software,0.8017
U000685,2026-01-01,none,0.6888
U000686,2026-01-01,music,0.8011
U000687,2026-01-01,cloud,0.8464
U000688,2026-01-01,insurance,0.8119
U000689,2026-01-01,mobile,0.7579
U000690,2026-01-01,gym,0.6989
U000691,2026-01-01,none,0.9709
U000692,2026-01-01,none,0.9893
U000693,2026-01-01,none,0.8989
U000694,2026-01-01,none,0.8514
U000695,2026-01-01,none,0.9923
U000696,2026-01-01,gym,0.3785
U000697,2026-01-01,none,0.6586
U000698,2026-01-01,streaming,0.4625
U000699,2026-01-01,gym,0.7674
U000700,2026-01-01,cloud,0.5144
U000701,2026-01-01,software,0.8174
U000702,2026-01-01,none,0.9996
U000703,2026-01-01,mobile,0.8407
U000704,2026-01-01,none,0.5336
U000705,2026-01-01,none,0.7202
U000706,2026-01-01,none,0.4898
U000707,2026-01-01,cloud,0.6114
U000708,2026-01-01,insurance,0.4738
U000709,2026-01-01,music,0.5077
U000710,2026-01-01,software,0.4079
U000711,2026-01-01,none,0.9936
U000712,2026-01-01,gym,0.522
U000713,2026-01-01,none,0.9046
U000714,2026-01-01,music,0.3354
U000715,2026-01-01,mobile,0.8185
U000716,2026-01-01,gym,0.4316
U000717,2026-01-01,none,0.9549
U000718,2026-01-01,cloud,0.7825
U000719,2026-01-01,none,0.736
U000720,2026-01-01,software,0.6637
U000721,2026-01-01,streaming,0.411
U000722,2026-01-01,mobile,0.3706
U000723,2026-01-01,mobile,0.5828
U000724,2026-01-01,gym,0.6611
U000725,2026-01-01,insurance,0.7095
U000726,2026-01-01,cloud,0.66
U000727,2026-01-01,software,0.604
U000728,2026-01-01,music,0.8635
U000729,2026-01-01,cloud,0.92
U000730,2026-01-01,music,0.4407
U000731,2026-01-01,music,0.8663
U000732,2026-01-01,gym,0.4142
U000733,2026-01-01,music,0.5198
U000734,2026-01-01,cloud,0.829
U000735,2026-01-01,streaming,0.4848
U000736,2026-01-01,insurance,0.249
U000737,2026-01-01,streaming,0.8377
U000738,2026-01-01,software,0.8712
U000739,2026-01-01,none,0.8714
U000740,2026-01-01,none,0.3323
U000741,2026-01-01,none,0.9707
U000742,2026-01-01,none,0.3427
U000743,2026-01-01,none,0.9927
U000744,2026-01-01,music,0.2708
U000745,2026-01-01,none,0.9972
U000746,2026-01-01,streaming,0.3275
U000747,2026-01-01,gym,0.6105
U000748,2026-01-01,cloud,0.65
U000749,2026-01-01,software,0.6753
U000750,2026-01-01,none,0.8754
U000751,2026-01-01,none,0.3578
U000752,2026-01-01,none,0.9902
U000753,2026-01-01,insurance,0.6807
U000754,2026-01-01,streaming,0.4618
U000755,2026-01-01,none,0.9462
U000756,2026-01-01,none,0.8329
U000757,2026-01-01,insurance,0.7975
U000758,2026-01-01,software,0.6472
U000759,2026-01-01,none,0.9413
U000760,2026-01-01,streaming,0.5969
U000761,2026-01-01,none,0.9183
U000762,2026-01-01,none,0.6444
U000763,2026-01-01,music,0.4979
U000764,2026-01-01,music,0.5522
U000765,2026-01-01,mobile,0.7724
U000766,2026-01-01,cloud,0.3223
U000767,2026-01-01,streaming,0.4216
U000768,2026-01-01,none,0.4988
U000769,2026-01-01,software,0.5376
U000770,2026-01-01,streaming,0.4155
U000771,2026-01-01,mobile,0.4299
U000772,2026-01-01,music,0.5236
U000773,2026-01-01,cloud,0.3986
U000774,2026-01-01,none,0.9997
U000775,2026-01-01,none,0.988
U000776,2026-01-01,insurance,0.6323
U000777,2026-01-01,insurance,0.8738
U000778,2026-01-01,none,0.8383
U000779,2026-01-01,software,0.5119
U000780,2026-01-01,none,0.7114
U000781,2026-01-01,software,0.3191
U000782,2026-01-01,software,0.4721
U000783,2026-01-01,mobile,0.5481
U000784,2026-01-01,gym,0.8174
U000785,2026-01-01,streaming,0.4926
U000786,2026-01-01,none,0.9441
U000787,2026-01-01,cloud,0.3723
U000788,2026-01-01,streaming,0.5574
U000789,2026-01-01,none,0.9132
U000790,2026-01-01,music,0.2576
U000791,2026-01-01,insurance,0.7689
U000792,2026-01-01,none,0.9352
U000793,2026-01-01,gym,0.7608
U000794,2026-01-01,insurance,0.4935
U000795,2026-01-01,mobile,0.8239
U000796,2026-01-01,none,0.9959
U000797,2026-01-01,cloud,0.7205
U000798,2026-01-01,insurance,0.4705
U000799,2026-01-01,none,0.7008
U000800,2026-01-01,none,0.9901
U000801,2026-01-01,music,0.9141
U000802,2026-01-01,none,0.9151
U000803,2026-01-01,none,0.9334
U000804,2026-01-01,software,0.8639
U000805,2026-01-01,software,0.4182
U000806,2026-01-01,none,0.9371
U000807,2026-01-01,music,0.6486
U000808,2026-01-01,mobile,0.492
U000809,2026-01-01,insurance,0.874
U000810,2026-01-01,none,0.8845
U000811,2026-01-01,none,0.9118
U000812,2026-01-01,mobile,0.6175
U000813,2026-01-01,none,0.9904
U000814,2026-01-01,gym,0.8411
U000815,2026-01-01,mobile,0.4376
U000816,2026-01-01,music,0.5327
U000817,2026-01-01,insurance,0.6943
U000818,2026-01-01,music,0.4695
U000819,2026-01-01,none,0.8903
U000820,2026-01-01,gym,0.4343
U000821,2026-01-01,gym,0.5134
U000822,2026-01-01,mobile,0.7938
U000823,2026-01-01,none,0.978
U000824,2026-01-01,gym,0.6552
U000825,2026-01-01,streaming,0.7233
U000826,2026-01-01,insurance,0.8601
U000827,2026-01-01,none,0.9981
U000828,2026-01-01,mobile,0.8113
U000829,2026-01-01,insurance,0.8765
U000830,2026-01-01,none,0.6251
U000831,2026-01-01,none,0.8926
U000832,2026-01-01,none,0.8271
U000833,2026-01-01,mobile,0.8497
U000834,2026-01-01,none,0.7916
U000835,2026-01-01,none,0.968
U000836,2026-01-01,cloud,0.4783
U000837,2026-01-01,music,0.5016
U000838,2026-01-01,cloud,0.4653
U000839,2026-01-01,mobile,0.8875
U000840,2026-01-01,gym,0.6413
U000841,2026-01-01,none,0.2396
U000842,2026-01-01,music,0.8926
U000843,2026-01-01,none,0.9989
U000844,2026-01-01,streaming,0.7666
U000845,2026-01-01,insurance,0.8713
U000846,2026-01-01,cloud,0.7133
U000847,2026-01-01,music,0.4964
U000848,2026-01-01,gym,0.8687
U000849,2026-01-01,gym,0.4626
U000850,2026-01-01,streaming,0.7937
U000851,2026-01-01,software,0.646
U000852,2026-01-01,software,0.6497
U000853,2026-01-01,none,0.9828
U000854,2026-01-01,gym,0.3415
U000855,2026-01-01,software,0.5306
U000856,2026-01-01,cloud,0.5688
U000857,2026-01-01,mobile,0.446
U000858,2026-01-01,insurance,0.5296
U000859,2026-01-01,none,0.4186
U000860,2026-01-01,none,0.9013
U000861,2026-01-01,music,0.491
U000862,2026-01-01,insurance,0.5325
U000863,2026-01-01,none,0.9983
U000864,2026-01-01,insurance,0.6244
U000865,2026-01-01,none,0.9778
U000866,2026-01-01,streaming,0.8358
U000867,2026-01-01,none,0.5031
U000868,2026-01-01,insurance,0.4439
U000869,2026-01-01,none,0.8701
U000870,2026-01-01,streaming,0.4778
U000871,2026-01-01,insurance,0.2991
U000872,2026-01-01,mobile,0.649
U000873,2026-01-01,none,0.9915
U000874,2026-01-01,insurance,0.5273
U000875,2026-01-01,insurance,0.5795
U000876,2026-01-01,insurance,0.4274
U000877,2026-01-01,insurance,0.4057
U000878,2026-01-01,gym,0.7765
U000879,2026-01-01,none,0.5813
U000880,2026-01-01,cloud,0.6591
U000881,2026-01-01,streaming,0.532
U000882,2026-01-01,cloud,0.6341
U000883,2026-01-01,mobile,0.8659
U000884,2026-01-01,streaming,0.6558
U000885,2026-01-01,gym,0.7834
U000886,2026-01-01,gym,0.4928
U000887,2026-01-01,music,0.5676
U000888,2026-01-01,software,0.7948
U000889,2026-01-01,cloud,0.6735
U000890,2026-01-01,gym,0.4862
U000891,2026-01-01,cloud,0.5845
U000892,2026-01-01,gym,0.4983
U000893,2026-01-01,none,0.6558
U000894,2026-01-01,none,0.9368
U000895,2026-01-01,insurance,0.4758
U000896,2026-01-01,insurance,0.4872
U000897,2026-01-01,none,0.7307
U000898,2026-01-01,cloud,0.5544
U000899,2026-01-01,gym,0.7391
U000900,2026-01-01,none,0.9966
U000901,2026-01-01,streaming,0.5762
U000902,2026-01-01,none,0.4357
U000903,2026-01-01,none,0.7928
U000904,2026-01-01,none,0.8698
U000905,2026-01-01,insurance,0.3973
U000906,2026-01-01,cloud,0.3675
U000907,2026-01-01,none,0.9812
U000908,2026-01-01,cloud,0.7312
U000909,2026-01-01,gym,0.4234
U000910,2026-01-01,gym,0.6967
U000911,2026-01-01,streaming,0.4688
U000912,2026-01-01,none,0.8841
U000913,2026-01-01,streaming,0.7371
U000914,2026-01-01,none,0.978
U000915,2026-01-01,cloud,0.5871
U000916,2026-01-01,none,0.9975
U000917,2026-01-01,insurance,0.5946
U000918,2026-01-01,software,0.5932
U000919,2026-01-01,music,0.7967
U000920,2026-01-01,software,0.5924
U000921,2026-01-01,music,0.4096
U000922,2026-01-01,none,0.872
U000923,2026-01-01,software,0.6921
U000924,2026-01-01,none,0.6159
U000925,2026-01-01,mobile,0.8342
U000926,2026-01-01,music,0.7557
U000927,2026-01-01,none,0.6767
U000928,2026-01-01,none,0.9624
U000929,2026-01-01,mobile,0.8145
U000930,2026-01-01,streaming,0.4581
U000931,2026-01-01,none,0.7944
U000932,2026-01-01,none,0.9769
U000933,2026-01-01,none,0.9994
U000934,2026-01-01,music,0.327
U000935,2026-01-01,insurance,0.6065
U000936,2026-01-01,cloud,0.6052
U000937,2026-01-01,none,0.9861
U000938,2026-01-01,cloud,0.5645
U000939,2026-01-01,music,0.5419
U000940,2026-01-01,insurance,0.6225
U000941,2026-01-01,software,0.7863
U000942,2026-01-01,gym,0.8104
U000943,2026-01-01,insurance,0.4941
U000944,2026-01-01,software,0.4205
U000945,2026-01-01,software,0.526
U000946,2026-01-01,software,0.9001
U000947,2026-01-01,software,0.7147
U000948,2026-01-01,none,0.4546
U000949,2026-01-01,none,0.2795
U000950,2026-01-01,gym,0.6594
U000951,2026-01-01,music,0.6552
U000952,2026-01-01,none,0.9906
U000953,2026-01-01,software,0.7507
U000954,2026-01-01,none,0.5386
U000955,2026-01-01,mobile,0.3019
U000956,2026-01-01,music,0.4015
U000957,2026-01-01,none,0.4534
U000958,2026-01-01,none,0.7245
U000959,2026-01-01,streaming,0.4137
U000960,2026-01-01,none,0.7695
U000961,2026-01-01,insurance,0.4582
U000962,2026-01-01,insurance,0.4819
U000963,2026-01-01,cloud,0.5518
U000964,2026-01-01,streaming,0.6021
U000965,2026-01-01,none,0.5133
U000966,2026-01-01,music,0.4478
U000967,2026-01-01,insurance,0.3868
U000968,2026-01-01,none,0.9625
U000969,2026-01-01,insurance,0.5027
U000970,2026-01-01,music,0.4309
U000971,2026-01-01,gym,0.8406
U000972,2026-01-01,insurance,0.7744
U000973,2026-01-01,none,0.9991
U000974,2026-01-01,software,0.7444
U000975,2026-01-01,none,0.9423
U000976,2026-01-01,cloud,0.434
U000977,2026-01-01,gym,0.3942
U000978,2026-01-01,cloud,0.5606
U000979,2026-01-01,music,0.6622
U000980,2026-01-01,none,0.994
U000981,2026-01-01,cloud,0.5898
U000982,2026-01-01,none,0.8006
U000983,2026-01-01,none,0.707
U000984,2026-01-01,none,0.3125
U000985,2026-01-01,none,0.9886
U000986,2026-01-01,insurance,0.6085
U000987,2026-01-01,cloud,0.4398
U000988,2026-01-01,music,0.5628
U000989,2026-01-01,cloud,0.4386
U000990,2026-01-01,gym,0.5175
U000991,2026-01-01,mobile,0.8605
U000992,2026-01-01,none,0.4132
U000993,2026-01-01,none,0.985
U000994,2026-01-01,gym,0.7807
U000995,2026-01-01,streaming,0.9054
U000996,2026-01-01,software,0.4614
U000997,2026-01-01,insurance,0.6605
U000998,2026-01-01,streaming,0.4256
U000999,2026-01-01,mobile,0.6502
U001000,2026-01-01,software,0.6904
U001001,2026-01-01,gym,0.2669
U001002,2026-01-01,cloud,0.772
U001003,2026-01-01,none,0.9176
U001004,2026-01-01,none,0.6415
U001005,2026-01-01,streaming,0.8072
U001006,2026-01-01,gym,0.8838
U001007,2026-01-01,software,0.5988
U001008,2026-01-01,gym,0.3462
U001009,2026-01-01,none,0.9902
U001010,2026-01-01,none,0.985
U001011,2026-01-01,mobile,0.3779
U001012,2026-01-01,none,0.9222
U001013,2026-01-01,none,0.8003
U001014,2026-01-01,none,0.8867
U001015,2026-01-01,none,0.8952
U001016,2026-01-01,none,0.9711
U001017,2026-01-01,software,0.8022
U001018,2026-01-01,none,0.8963
U001019,2026-01-01,cloud,0.5786
U001020,2026-01-01,none,0.8444
U001021,2026-01-01,mobile,0.2407
U001022,2026-01-01,none,0.9957
U001023,2026-01-01,streaming,0.6119
U001024,2026-01-01,streaming,0.5261
U001025,2026-01-01,none,0.6045
U001026,2026-01-01,insurance,0.4375
U001027,2026-01-01,none,0.8182
U001028,2026-01-01,gym,0.5527
U001029,2026-01-01,streaming,0.4716
U001030,2026-01-01,mobile,0.4164
U001031,2026-01-01,none,0.9338
U001032,2026-01-01,none,0.7736
U001033,2026-01-01,cloud,0.5215
U001034,2026-01-01,streaming,0.5157
U001035,2026-01-01,insurance,0.823
U001036,2026-01-01,software,0.391
U001037,2026-01-01,software,0.681
U001038,2026-01-01,insurance,0.5418
U001039,2026-01-01,software,0.2893
U001040,2026-01-01,mobile,0.4258
U001041,2026-01-01,gym,0.5063
U001042,2026-01-01,none,0.9932
U001043,2026-01-01,software,0.3896
U001044,2026-01-01,mobile,0.6274
U001045,2026-01-01,cloud,0.356
U001046,2026-01-01,none,0.6778
U001047,2026-01-01,streaming,0.7028
U001048,2026-01-01,streaming,0.5939
U001049,2026-01-01,insurance,0.4659
U001050,2026-01-01,insurance,0.4668
U001051,2026-01-01,insurance,0.7268
U001052,2026-01-01,cloud,0.5322
U001053,2026-01-01,software,0.5342
U001054,2026-01-01,streaming,0.3617
U001055,2026-01-01,music,0.5132
U001056,2026-01-01,mobile,0.3732
U001057,2026-01-01,insurance,0.5045
U001058,2026-01-01,none,0.962
U001059,2026-01-01,streaming,0.5784
U001060,2026-01-01,insurance,0.5989
U001061,2026-01-01,streaming,0.7768
U001062,2026-01-01,insurance,0.3288
U001063,2026-01-01,music,0.5519
U001064,2026-01-01,none,0.9952
U001065,2026-01-01,insurance,0.6227
U001066,2026-01-01,software,0.8477
U001067,2026-01-01,streaming,0.3331
U001068,2026-01-01,none,0.501
U001069,2026-01-01,insurance,0.4858
U001070,2026-01-01,streaming,0.4378
U001071,2026-01-01,gym,0.5254
U001072,2026-01-01,mobile,0.3095
U001073,2026-01-01,mobile,0.4406
U001074,2026-01-01,streaming,0.5966
U001075,2026-01-01,insurance,0.4479
U001076,2026-01-01,insurance,0.4895
U001077,2026-01-01,mobile,0.5635
U001078,2026-01-01,mobile,0.7535
U001079,2026-01-01,streaming,0.8304
U001080,2026-01-01,none,0.9921
U001081,2026-01-01,insurance,0.5482
U001082,2026-01-01,none,0.9831
U001083,2026-01-01,insurance,0.4735
U001084,2026-01-01,gym,0.4905
U001085,2026-01-01,streaming,0.6888
U001086,2026-01-01,none,0.9987
U001087,2026-01-01,insurance,0.8613
U001088,2026-01-01,gym,0.8131
U001089,2026-01-01,software,0.4622
U001090,2026-01-01,streaming,0.8442
U001091,2026-01-01,cloud,0.5161
U001092,2026-01-01,cloud,0.6245
U001093,2026-01-01,streaming,0.5367
U001094,2026-01-01,mobile,0.8966
U001095,2026-01-01,cloud,0.4815
U001096,2026-01-01,none,0.5471
U001097,2026-01-01,mobile,0.7842
U001098,2026-01-01,music,0.6241
U001099,2026-01-01,insurance,0.8309
U001100,2026-01-01,none,0.9478
U001101,2026-01-01,none,0.9974
U001102,2026-01-01,music,0.8096
U001103,2026-01-01,insurance,0.8168
U001104,2026-01-01,music,0.5587
U001105,2026-01-01,gym,0.3034
U001106,2026-01-01,none,0.9901
U001107,2026-01-01,gym,0.361
U001108,2026-01-01,streaming,0.7924
U001109,2026-01-01,gym,0.7686
U001110,2026-01-01,streaming,0.5281
U001111,2026-01-01,streaming,0.8719
U001112,2026-01-01,gym,0.3639
U001113,2026-01-01,gym,0.6004
U001114,2026-01-01,insurance,0.4368
U001115,2026-01-01,none,0.9988
U001116,2026-01-01,insurance,0.5219
U001117,2026-01-01,gym,0.3786
U001118,2026-01-01,streaming,0.7481
U001119,2026-01-01,streaming,0.6964
U001120,2026-01-01,mobile,0.7241
U001121,2026-01-01,gym,0.5434
U001122,2026-01-01,none,0.9499
U001123,2026-01-01,insurance,0.8842
U001124,2026-01-01,none,0.9488
U001125,2026-01-01,cloud,0.3966
U001126,2026-01-01,gym,0.6617
U001127,2026-01-01,none,0.9989
U001128,2026-01-01,gym,0.3558
U001129,2026-01-01,insurance,0.6184
U001130,2026-01-01,streaming,0.7253
U001131,2026-01-01,mobile,0.6626
U001132,2026-01-01,streaming,0.7485
U001133,2026-01-01,insurance,0.492
U001134,2026-01-01,gym,0.3401
U001135,2026-01-01,streaming,0.44
U001136,2026-01-01,gym,0.7659
U001137,2026-01-01,cloud,0.6956
U001138,2026-01-01,insurance,0.3459
U001139,2026-01-01,insurance,0.8578
U001140,2026-01-01,software,0.6901
U001141,2026-01-01,streaming,0.5834
U001142,2026-01-01,software,0.4029
U001143,2026-01-01,streaming,0.5856
U001144,2026-01-01,none,0.7505
U001145,2026-01-01,none,0.8128
U001146,2026-01-01,streaming,0.5179
U001147,2026-01-01,streaming,0.6767
U001148,2026-01-01,music,0.5359
U001149,2026-01-01,insurance,0.7005
U001150,2026-01-01,software,0.6346
U001151,2026-01-01,music,0.4389
U001152,2026-01-01,none,0.5324
U001153,2026-01-01,gym,0.2714
U001154,2026-01-01,none,0.914
U001155,2026-01-01,gym,0.6878
U001156,2026-01-01,music,0.8145
U001157,2026-01-01,mobile,0.6046
U001158,2026-01-01,insurance,0.5189
U001159,2026-01-01,music,0.4928
U001160,2026-01-01,music,0.4976
U001161,2026-01-01,insurance,0.354
U001162,2026-01-01,mobile,0.3892
U001163,2026-01-01,none,0.9929
U001164,2026-01-01,streaming,0.9202
U001165,2026-01-01,insurance,0.4644
U001166,2026-01-01,none,0.7023
U001167,2026-01-01,software,0.734
U001168,2026-01-01,software,0.5692
U001169,2026-01-01,none,0.8339
U001170,2026-01-01,insurance,0.3975
U001171,2026-01-01,none,0.9763
U001172,2026-01-01,cloud,0.4584
U001173,2026-01-01,none,0.8868
U001174,2026-01-01,none,0.3102
U001175,2026-01-01,none,0.5435
U001176,2026-01-01,streaming,0.8729
U001177,2026-01-01,cloud,0.4654
U001178,2026-01-01,none,0.7187
U001179,2026-01-01,gym,0.7322
U001180,2026-01-01,cloud,0.3269
U001181,2026-01-01,streaming,0.6908
U001182,2026-01-01,mobile,0.5055
U001183,2026-01-01,gym,0.4134
U001184,2026-01-01,gym,0.5102
U001185,2026-01-01,cloud,0.6852
U001186,2026-01-01,streaming,0.4845
U001187,2026-01-01,insurance,0.4847
U001188,2026-01-01,gym,0.4712
U001189,2026-01-01,software,0.5861
U001190,2026-01-01,streaming,0.7294
U001191,2026-01-01,music,0.5375
U001192,2026-01-01,gym,0.749
U001193,2026-01-01,music,0.4152
U001194,2026-01-01,mobile,0.441
U001195,2026-01-01,insurance,0.6485
U001196,2026-01-01,software,0.3405
U001197,2026-01-01,none,0.5525
U001198,2026-01-01,none,0.8254
U001199,2026-01-01,insurance,0.5514
U001200,2026-01-01,none,0.5841
U001201,2026-01-01,none,0.6165
U001202,2026-01-01,insurance,0.6677
U001203,2026-01-01,insurance,0.6268
U001204,2026-01-01,none,0.6446
U001205,2026-01-01,none,0.6309
U001206,2026-01-01,mobile,0.6296
U001207,2026-01-01,software,0.4877
U001208,2026-01-01,insurance,0.4731
U001209,2026-01-01,none,0.9051
U001210,2026-01-01,streaming,0.825
U001211,2026-01-01,gym,0.5672
U001212,2026-01-01,insurance,0.7245
U001213,2026-01-01,none,0.9706
U001214,2026-01-01,cloud,0.8155
U001215,2026-01-01,none,0.9796
U001216,2026-01-01,cloud,0.5766
U001217,2026-01-01,insurance,0.7712
U001218,2026-01-01,cloud,0.4215
U001219,2026-01-01,software,0.5469
U001220,2026-01-01,software,0.844
U001221,2026-01-01,none,0.9046
U001222,2026-01-01,cloud,0.7159
U001223,2026-01-01,gym,0.7829
U001224,2026-01-01,software,0.518
U001225,2026-01-01,streaming,0.6694
U001226,2026-01-01,music,0.7976
U001227,2026-01-01,insurance,0.7564
U001228,2026-01-01,mobile,0.3548
U001229,2026-01-01,insurance,0.6951
U001230,2026-01-01,mobile,0.8092
U001231,2026-01-01,cloud,0.6944
U001232,2026-01-01,insurance,0.4022
U001233,2026-01-01,mobile,0.919
U001234,2026-01-01,streaming,0.4589
U001235,2026-01-01,music,0.7098
U001236,2026-01-01,mobile,0.7374
U001237,2026-01-01,none,0.3786
U001238,2026-01-01,none,0.7739
U001239,2026-01-01,insurance,0.7004
U001240,2026-01-01,none,0.8719
U001241,2026-01-01,none,0.6771
U001242,2026-01-01,software,0.6003
U001243,2026-01-01,streaming,0.6122
U001244,2026-01-01,music,0.3325
U001245,2026-01-01,gym,0.3991
U001246,2026-01-01,none,0.9983
U001247,2026-01-01,cloud,0.5396
U001248,2026-01-01,software,0.536
U001249,2026-01-01,none,0.9993
U001250,2026-01-01,cloud,0.3412
U001251,2026-01-01,none,0.8681
U001252,2026-01-01,software,0.4662
U001253,2026-01-01,cloud,0.6013
U001254,2026-01-01,gym,0.9098
U001255,2026-01-01,music,0.5008
U001256,2026-01-01,mobile,0.7697
U001257,2026-01-01,none,0.7769
U001258,2026-01-01,streaming,0.522
U001259,2026-01-01,none,0.9302
U001260,2026-01-01,software,0.668
U001261,2026-01-01,streaming,0.5414
U001262,2026-01-01,none,0.5931
U001263,2026-01-01,cloud,0.3737
U001264,2026-01-01,cloud,0.5531
U001265,2026-01-01,insurance,0.8937
U001266,2026-01-01,none,0.8295
U001267,2026-01-01,none,0.4393
U001268,2026-01-01,insurance,0.8602
U001269,2026-01-01,none,0.7835
U001270,2026-01-01,music,0.4851
U001271,2026-01-01,streaming,0.6158
U001272,2026-01-01,software,0.5773
U001273,2026-01-01,none,0.6516
U001274,2026-01-01,none,0.9862
U001275,2026-01-01,none,0.3104
U001276,2026-01-01,gym,0.4824
U001277,2026-01-01,streaming,0.5125
U001278,2026-01-01,software,0.5634
U001279,2026-01-01,mobile,0.3974
U001280,2026-01-01,none,0.602
U001281,2026-01-01,none,0.9788
U001282,2026-01-01,cloud,0.6476
U001283,2026-01-01,none,0.9895
U001284,2026-01-01,insurance,0.6019
U001285,2026-01-01,software,0.6854
U001286,2026-01-01,software,0.4298
U001287,2026-01-01,none,0.8492
U001288,2026-01-01,none,0.9999
U001289,2026-01-01,none,0.5951
U001290,2026-01-01,streaming,0.4486
U001291,2026-01-01,mobile,0.4958
U001292,2026-01-01,mobile,0.4983
U001293,2026-01-01,mobile,0.4196
U001294,2026-01-01,gym,0.5034
U001295,2026-01-01,music,0.8926
U001296,2026-01-01,software,0.8538
U001297,2026-01-01,mobile,0.2453
U001298,2026-01-01,none,0.8317
U001299,2026-01-01,mobile,0.7449
U001300,2026-01-01,gym,0.868
U001301,2026-01-01,cloud,0.2585
U001302,2026-01-01,music,0.6169
U001303,2026-01-01,insurance,0.6782
U001304,2026-01-01,mobile,0.5997
U001305,2026-01-01,streaming,0.605
U001306,2026-01-01,cloud,0.5068
U001307,2026-01-01,insurance,0.5785
U001308,2026-01-01,mobile,0.6524
U001309,2026-01-01,none,0.869
U001310,2026-01-01,software,0.6754
U001311,2026-01-01,software,0.567
U001312,2026-01-01,insurance,0.9074
U001313,2026-01-01,mobile,0.3759
U001314,2026-01-01,insurance,0.6133
U001315,2026-01-01,streaming,0.3315
U001316,2026-01-01,none,0.9997
U001317,2026-01-01,none,0.5029
U001318,2026-01-01,software,0.6948
U001319,2026-01-01,music,0.8859
U001320,2026-01-01,mobile,0.6648
U001321,2026-01-01,none,0.9302
U001322,2026-01-01,streaming,0.8415
U001323,2026-01-01,none,0.9906
U001324,2026-01-01,none,0.894
U001325,2026-01-01,software,0.3899
U001326,2026-01-01,none,0.9877
U001327,2026-01-01,cloud,0.558
U001328,2026-01-01,streaming,0.5645
U001329,2026-01-01,none,0.6698
U001330,2026-01-01,mobile,0.3529
U001331,2026-01-01,none,0.9276
U001332,2026-01-01,none,0.9397
U001333,2026-01-01,gym,0.4753
U001334,2026-01-01,mobile,0.5534
U001335,2026-01-01,gym,0.3268
U001336,2026-01-01,none,0.7991
U001337,2026-01-01,cloud,0.3329
U001338,2026-01-01,none,0.995
U001339,2026-01-01,gym,0.478
U001340,2026-01-01,cloud,0.8327
U001341,2026-01-01,none,0.9005
U001342,2026-01-01,gym,0.4997
U001343,2026-01-01,none,0.4937
U001344,2026-01-01,insurance,0.5837
U001345,2026-01-01,cloud,0.5382
U001346,2026-01-01,music,0.8051
U001347,2026-01-01,mobile,0.5399
U001348,2026-01-01,gym,0.4296
U001349,2026-01-01,cloud,0.4915
U001350,2026-01-01,gym,0.4038
U001351,2026-01-01,none,0.9947
U001352,2026-01-01,software,0.4639
U001353,2026-01-01,none,0.9779
U001354,2026-01-01,insurance,0.4764
U001355,2026-01-01,cloud,0.3431
U001356,2026-01-01,gym,0.5644
U001357,2026-01-01,gym,0.6452
U001358,2026-01-01,insurance,0.3244
U001359,2026-01-01,none,0.4743
U001360,2026-01-01,cloud,0.56
U001361,2026-01-01,none,0.9961
U001362,2026-01-01,none,0.5742
U001363,2026-01-01,music,0.6488
U001364,2026-01-01,none,0.9994
U001365,2026-01-01,insurance,0.6586
U001366,2026-01-01,insurance,0.4136
U001367,2026-01-01,music,0.8322
U001368,2026-01-01,insurance,0.7047
U001369,2026-01-01,software,0.5645
U001370,2026-01-01,none,0.9626
U001371,2026-01-01,insurance,0.6542
U001372,2026-01-01,none,0.9968
U001373,2026-01-01,none,0.9995
U001374,2026-01-01,none,0.9676
U001375,2026-01-01,mobile,0.8217
U001376,2026-01-01,streaming,0.3299
U001377,2026-01-01,streaming,0.6357
U001378,2026-01-01,cloud,0.8342
U001379,2026-01-01,none,0.9944
U001380,2026-01-01,mobile,0.5218
U001381,2026-01-01,gym,0.575
U001382,2026-01-01,none,0.9841
U001383,2026-01-01,music,0.5891
U001384,2026-01-01,none,0.9661
U001385,2026-01-01,software,0.6538
U001386,2026-01-01,streaming,0.5878
U001387,2026-01-01,none,0.9802
U001388,2026-01-01,cloud,0.6529
U001389,2026-01-01,cloud,0.7131
U001390,2026-01-01,software,0.9215
U001391,2026-01-01,software,0.6171
U001392,2026-01-01,music,0.8338
U001393,2026-01-01,software,0.5347
U001394,2026-01-01,streaming,0.4058
U001395,2026-01-01,music,0.4022
U001396,2026-01-01,software,0.5951
U001397,2026-01-01,mobile,0.3762
U001398,2026-01-01,gym,0.7856
U001399,2026-01-01,none,0.7087
U001400,2026-01-01,mobile,0.5616
U001401,2026-01-01,none,0.7163
U001402,2026-01-01,cloud,0.4927
U001403,2026-01-01,gym,0.4485
U001404,2026-01-01,none,0.736
U001405,2026-01-01,none,0.6349
U001406,2026-01-01,gym,0.5878
U001407,2026-01-01,gym,0.4279
U001408,2026-01-01,music,0.5642
U001409,2026-01-01,mobile,0.7559
U001410,2026-01-01,cloud,0.8077
U001411,2026-01-01,mobile,0.4201
U001412,2026-01-01,none,0.5759
U001413,2026-01-01,streaming,0.8876
U001414,2026-01-01,music,0.7486
U001415,2026-01-01,none,0.7649
U001416,2026-01-01,streaming,0.3857
U001417,2026-01-01,music,0.2911
U001418,2026-01-01,none,0.8868
U001419,2026-01-01,mobile,0.3247
U001420,2026-01-01,none,0.9998
U001421,2026-01-01,insurance,0.5555
U001422,2026-01-01,gym,0.5925
U001423,2026-01-01,mobile,0.5179
U001424,2026-01-01,none,0.7051
U001425,2026-01-01,mobile,0.4964
U001426,2026-01-01,none,0.9467
U001427,2026-01-01,none,0.4087
U001428,2026-01-01,gym,0.6863
U001429,2026-01-01,insurance,0.5157
U001430,2026-01-01,insurance,0.4633
U001431,2026-01-01,cloud,0.45
U001432,2026-01-01,gym,0.8602
U001433,2026-01-01,gym,0.6488
U001434,2026-01-01,software,0.3745
U001435,2026-01-01,software,0.7002
U001436,2026-01-01,streaming,0.7936
U001437,2026-01-01,none,0.4152
U001438,2026-01-01,mobile,0.487
U001439,2026-01-01,music,0.6417
U001440,2026-01-01,insurance,0.5186
U001441,2026-01-01,gym,0.491
U001442,2026-01-01,none,0.9861
U001443,2026-01-01,none,0.9742
U001444,2026-01-01,gym,0.8382
U001445,2026-01-01,insurance,0.6713
U001446,2026-01-01,streaming,0.5971
U001447,2026-01-01,streaming,0.5581
U001448,2026-01-01,none,0.629
U001449,2026-01-01,mobile,0.9034
U001450,2026-01-01,none,0.6835
U001451,2026-01-01,mobile,0.5153
U001452,2026-01-01,music,0.5685
U001453,2026-01-01,none,0.9951
U001454,2026-01-01,gym,0.8433
U001455,2026-01-01,none,0.8084
U001456,2026-01-01,cloud,0.2959
U001457,2026-01-01,none,0.9614
U001458,2026-01-01,gym,0.4671
U001459,2026-01-01,none,0.6078
U001460,2026-01-01,cloud,0.7401
U001461,2026-01-01,none,0.372
U001462,2026-01-01,none,0.7866
U001463,2026-01-01,music,0.6095
U001464,2026-01-01,insurance,0.3261
U001465,2026-01-01,insurance,0.6491
U001466,2026-01-01,mobile,0.488
U001467,2026-01-01,music,0.7758
U001468,2026-01-01,none,0.9999
U001469,2026-01-01,gym,0.6983
U001470,2026-01-01,music,0.3306
U001471,2026-01-01,music,0.6698
U001472,2026-01-01,mobile,0.6996
U001473,2026-01-01,none,0.6944
U001474,2026-01-01,software,0.4557
U001475,2026-01-01,mobile,0.7869
U001476,2026-01-01,mobile,0.5299
U001477,2026-01-01,cloud,0.6178
U001478,2026-01-01,gym,0.9173
U001479,2026-01-01,cloud,0.9011
U001480,2026-01-01,music,0.8549
U001481,2026-01-01,none,0.6866
U001482,2026-01-01,gym,0.4658
U001483,2026-01-01,mobile,0.8679
U001484,2026-01-01,insurance,0.5291
U001485,2026-01-01,none,0.615
U001486,2026-01-01,insurance,0.3994
U001487,2026-01-01,music,0.43
U001488,2026-01-01,cloud,0.4442
U001489,2026-01-01,cloud,0.7359
U001490,2026-01-01,software,0.8392
U001491,2026-01-01,gym,0.5348
U001492,2026-01-01,none,0.9612
U001493,2026-01-01,none,0.9732
U001494,2026-01-01,insurance,0.5224
U001495,2026-01-01,software,0.5561
U001496,2026-01-01,none,0.916
U001497,2026-01-01,none,0.9458
U001498,2026-01-01,none,0.987
U001499,2026-01-01,gym,0.3836
U001500,2026-01-01,streaming,0.5631
U001501,2026-01-01,cloud,0.4678
U001502,2026-01-01,none,0.6632
U001503,2026-01-01,none,0.9998
U001504,2026-01-01,none,0.979
U001505,2026-01-01,none,0.8622
U001506,2026-01-01,insurance,0.8651
U001507,2026-01-01,mobile,0.7368
U001508,2026-01-01,music,0.8613
U001509,2026-01-01,music,0.5967
U001510,2026-01-01,none,0.9995
U001511,2026-01-01,software,0.6045
U001512,2026-01-01,none,0.9082
U001513,2026-01-01,mobile,0.7871
U001514,2026-01-01,cloud,0.8046
U001515,2026-01-01,gym,0.7347
U001516,2026-01-01,insurance,0.6772
U001517,2026-01-01,insurance,0.5418
U001518,2026-01-01,none,0.9801
U001519,2026-01-01,gym,0.6866
U001520,2026-01-01,software,0.5284
U001521,2026-01-01,insurance,0.5718
U001522,2026-01-01,streaming,0.3143
U001523,2026-01-01,streaming,0.577
U001524,2026-01-01,software,0.5147
U001525,2026-01-01,mobile,0.8468
U001526,2026-01-01,software,0.3771
U001527,2026-01-01,gym,0.3812
U001528,2026-01-01,software,0.8522
U001529,2026-01-01,music,0.4117
U001530,2026-01-01,insurance,0.7909
U001531,2026-01-01,none,0.9983
U001532,2026-01-01,insurance,0.5275
U001533,2026-01-01,none,0.7374
U001534,2026-01-01,software,0.5548
U001535,2026-01-01,cloud,0.4778
U001536,2026-01-01,mobile,0.5089
U001537,2026-01-01,mobile,0.4956
U001538,2026-01-01,insurance,0.5311
U001539,2026-01-01,none,0.9926
U001540,2026-01-01,music,0.8121
U001541,2026-01-01,gym,0.4138
U001542,2026-01-01,music,0.4677
U001543,2026-01-01,none,0.9942
U001544,2026-01-01,insurance,0.3511
U001545,2026-01-01,cloud,0.5027
U001546,2026-01-01,insurance,0.7171
U001547,2026-01-01,software,0.8812
U001548,2026-01-01,mobile,0.6802
U001549,2026-01-01,streaming,0.5123
U001550,2026-01-01,streaming,0.4224
U001551,2026-01-01,none,0.859
U001552,2026-01-01,music,0.4798
U001553,2026-01-01,insurance,0.6333
U001554,2026-01-01,music,0.5053
U001555,2026-01-01,streaming,0.784
U001556,2026-01-01,insurance,0.3443
U001557,2026-01-01,none,0.5573
U001558,2026-01-01,none,0.2718
U001559,2026-01-01,music,0.6283
U001560,2026-01-01,insurance,0.497
U001561,2026-01-01,none,0.5098
U001562,2026-01-01,mobile,0.7204
U001563,2026-01-01,insurance,0.5209
U001564,2026-01-01,streaming,0.6761
U001565,2026-01-01,gym,0.5021
U001566,2026-01-01,gym,0.4921
U001567,2026-01-01,music,0.4459
U001568,2026-01-01,gym,0.5185
U001569,2026-01-01,none,0.967
U001570,2026-01-01,none,0.6481
U001571,2026-01-01,music,0.8654
U001572,2026-01-01,none,0.7316
U001573,2026-01-01,cloud,0.7018
U001574,2026-01-01,streaming,0.4045
U001575,2026-01-01,none,0.9829
U001576,2026-01-01,cloud,0.4725
U001577,2026-01-01,music,0.4357
U001578,2026-01-01,mobile,0.619
U001579,2026-01-01,cloud,0.3615
U001580,2026-01-01,music,0.8469
U001581,2026-01-01,software,0.5694
U001582,2026-01-01,none,0.9925
U001583,2026-01-01,none,0.5929
U001584,2026-01-01,software,0.7652
U001585,2026-01-01,mobile,0.4415
U001586,2026-01-01,cloud,0.5419
U001587,2026-01-01,none,0.5915
U001588,2026-01-01,software,0.655
U001589,2026-01-01,mobile,0.8782
U001590,2026-01-01,mobile,0.5329
U001591,2026-01-01,none,0.6189
U001592,2026-01-01,streaming,0.5609
U001593,2026-01-01,none,0.8644
U001594,2026-01-01,insurance,0.8114
U001595,2026-01-01,insurance,0.5221
U001596,2026-01-01,none,0.9999
U001597,2026-01-01,gym,0.5551
U001598,2026-01-01,insurance,0.457
U001599,2026-01-01,gym,0.3969
U001600,2026-01-01,none,0.9711
U001601,2026-01-01,insurance,0.5212
U001602,2026-01-01,streaming,0.4965
U001603,2026-01-01,insurance,0.6315
U001604,2026-01-01,cloud,0.5552
U001605,2026-01-01,software,0.8193
U001606,2026-01-01,streaming,0.7064
U001607,2026-01-01,insurance,0.5683
U001608,2026-01-01,streaming,0.4698
U001609,2026-01-01,gym,0.5679
U001610,2026-01-01,mobile,0.6226
U001611,2026-01-01,insurance,0.4866
U001612,2026-01-01,mobile,0.7042
U001613,2026-01-01,none,0.9498
U001614,2026-01-01,cloud,0.8741
U001615,2026-01-01,none,0.9256
U001616,2026-01-01,none,0.9841
U001617,2026-01-01,music,0.5877
U001618,2026-01-01,streaming,0.5048
U001619,2026-01-01,streaming,0.4709
U001620,2026-01-01,software,0.4614
U001621,2026-01-01,none,0.9762
U001622,2026-01-01,mobile,0.5803
U001623,2026-01-01,cloud,0.804
U001624,2026-01-01,cloud,0.8797
U001625,2026-01-01,insurance,0.6118
U001626,2026-01-01,none,0.9321
U001627,2026-01-01,cloud,0.4665
U001628,2026-01-01,none,0.4577
U001629,2026-01-01,none,0.9872
U001630,2026-01-01,none,0.7014
U001631,2026-01-01,gym,0.3771
U001632,2026-01-01,cloud,0.608
U001633,2026-01-01,mobile,0.6821
U001634,2026-01-01,none,0.9931
U001635,2026-01-01,insurance,0.59
U001636,2026-01-01,none,0.5748
U001637,2026-01-01,none,0.9921
U001638,2026-01-01,mobile,0.4445
U001639,2026-01-01,none,0.8965
U001640,2026-01-01,gym,0.8793
U001641,2026-01-01,software,0.4797
U001642,2026-01-01,cloud,0.7259
U001643,2026-01-01,none,0.9542
U001644,2026-01-01,mobile,0.5571
U001645,2026-01-01,software,0.531
U001646,2026-01-01,mobile,0.6203
U001647,2026-01-01,none,0.9869
U001648,2026-01-01,mobile,0.7067
U001649,2026-01-01,insurance,0.5392
U001650,2026-01-01,music,0.6187
U001651,2026-01-01,insurance,0.5049
U001652,2026-01-01,software,0.3706
U001653,2026-01-01,cloud,0.4435
U001654,2026-01-01,none,0.9688
U001655,2026-01-01,cloud,0.4417
U001656,2026-01-01,streaming,0.8143
U001657,2026-01-01,none,0.7366
U001658,2026-01-01,software,0.4864
U001659,2026-01-01,software,0.4817
U001660,2026-01-01,software,0.3383
U001661,2026-01-01,none,0.8997
U001662,2026-01-01,none,0.6984
U001663,2026-01-01,software,0.8453
U001664,2026-01-01,none,0.4632
U001665,2026-01-01,none,0.5239
U001666,2026-01-01,music,0.7322
U001667,2026-01-01,gym,0.4714
U001668,2026-01-01,insurance,0.6258
U001669,2026-01-01,none,0.4292
U001670,2026-01-01,gym,0.4954
U001671,2026-01-01,none,0.4934
U001672,2026-01-01,insurance,0.7844
U001673,2026-01-01,insurance,0.591
U001674,2026-01-01,music,0.5018
U001675,2026-01-01,none,0.9453
U001676,2026-01-01,mobile,0.7563
U001677,2026-01-01,music,0.7521
U001678,2026-01-01,none,0.5156
U001679,2026-01-01,cloud,0.502
U001680,2026-01-01,cloud,0.7853
U001681,2026-01-01,mobile,0.6923
U001682,2026-01-01,none,0.443
U001683,2026-01-01,music,0.5089
U001684,2026-01-01,streaming,0.773
U001685,2026-01-01,none,0.6317
U001686,2026-01-01,insurance,0.52
U001687,2026-01-01,streaming,0.6053
U001688,2026-01-01,none,0.9355
U001689,2026-01-01,cloud,0.4502
U001690,2026-01-01,none,0.9109
U001691,2026-01-01,insurance,0.7273
U001692,2026-01-01,gym,0.6033
U001693,2026-01-01,gym,0.8135
U001694,2026-01-01,software,0.4346
U001695,2026-01-01,gym,0.5055
U001696,2026-01-01,software,0.3907
U001697,2026-01-01,streaming,0.4694
U001698,2026-01-01,none,0.9692
U001699,2026-01-01,cloud,0.6305
U001700,2026-01-01,none,0.6348
U001701,2026-01-01,software,0.3318
U001702,2026-01-01,software,0.5574
U001703,2026-01-01,cloud,0.6254
U001704,2026-01-01,cloud,0.323
U001705,2026-01-01,cloud,0.4907
U001706,2026-01-01,cloud,0.7371
U001707,2026-01-01,mobile,0.3575
U001708,2026-01-01,software,0.4197
U001709,2026-01-01,insurance,0.7699
U001710,2026-01-01,none,0.6997
U001711,2026-01-01,streaming,0.7382
U001712,2026-01-01,none,0.7729
U001713,2026-01-01,none,0.9992
U001714,2026-01-01,insurance,0.8371
U001715,2026-01-01,streaming,0.4616
U001716,2026-01-01,insurance,0.5878
U001717,2026-01-01,none,0.9046
U001718,2026-01-01,mobile,0.4077
U001719,2026-01-01,gym,0.5608
U001720,2026-01-01,streaming,0.4024
U001721,2026-01-01,gym,0.8981
U001722,2026-01-01,cloud,0.3749
U001723,2026-01-01,none,0.4461
U001724,2026-01-01,software,0.6514
U001725,2026-01-01,streaming,0.6493
U001726,2026-01-01,cloud,0.4565
U001727,2026-01-01,streaming,0.4548
U001728,2026-01-01,mobile,0.7441
U001729,2026-01-01,none,0.9565
U001730,2026-01-01,none,0.6047
U001731,2026-01-01,music,0.3535
U001732,2026-01-01,cloud,0.5395
U001733,2026-01-01,none,0.9975
U001734,2026-01-01,mobile,0.5487
U001735,2026-01-01,gym,0.7643
U001736,2026-01-01,none,0.9973
U001737,2026-01-01,software,0.5054
U001738,2026-01-01,mobile,0.4541
U001739,2026-01-01,cloud,0.6461
U001740,2026-01-01,mobile,0.4503
U001741,2026-01-01,mobile,0.4076
U001742,2026-01-01,none,0.9993
U001743,2026-01-01,mobile,0.8716
U001744,2026-01-01,insurance,0.7848
U001745,2026-01-01,none,0.6811
U001746,2026-01-01,cloud,0.7346
U001747,2026-01-01,none,0.9894
U001748,2026-01-01,none,0.8459
U001749,2026-01-01,none,0.7746
U001750,2026-01-01,none,0.9906
U001751,2026-01-01,streaming,0.89
U001752,2026-01-01,insurance,0.6766
U001753,2026-01-01,music,0.5298
U001754,2026-01-01,cloud,0.4903
U001755,2026-01-01,none,0.9991
U001756,2026-01-01,streaming,0.352
U001757,2026-01-01,insurance,0.8483
U001758,2026-01-01,gym,0.3499
U001759,2026-01-01,none,0.9624
U001760,2026-01-01,music,0.8578
U001761,2026-01-01,music,0.8682
U001762,2026-01-01,music,0.7933
U001763,2026-01-01,gym,0.5254
U001764,2026-01-01,insurance,0.8452
U001765,2026-01-01,software,0.4724
U001766,2026-01-01,gym,0.6334
U001767,2026-01-01,none,0.6736
U001768,2026-01-01,gym,0.5536
U001769,2026-01-01,mobile,0.5575
U001770,2026-01-01,insurance,0.5672
U001771,2026-01-01,none,0.9443
U001772,2026-01-01,insurance,0.5014
U001773,2026-01-01,cloud,0.3563
U001774,2026-01-01,mobile,0.4699
U001775,2026-01-01,streaming,0.6505
U001776,2026-01-01,none,0.4015
U001777,2026-01-01,insurance,0.3275
U001778,2026-01-01,gym,0.4847
U001779,2026-01-01,streaming,0.643
U001780,2026-01-01,insurance,0.4436
U001781,2026-01-01,gym,0.4878
U001782,2026-01-01,streaming,0.5879
U001783,2026-01-01,none,0.6702
U001784,2026-01-01,gym,0.9059
U001785,2026-01-01,none,0.9473
U001786,2026-01-01,insurance,0.4668
U001787,2026-01-01,insurance,0.3922
U001788,2026-01-01,cloud,0.6298
U001789,2026-01-01,insurance,0.3994
U001790,2026-01-01,software,0.3696
U001791,2026-01-01,none,0.7968
U001792,2026-01-01,streaming,0.5035
U001793,2026-01-01,none,0.7413
U001794,2026-01-01,mobile,0.4309
U001795,2026-01-01,music,0.5984
U001796,2026-01-01,none,0.6546
U001797,2026-01-01,streaming,0.6865
U001798,2026-01-01,mobile,0.3992
U001799,2026-01-01,none,0.9529
U001800,2026-01-01,cloud,0.7953
U001801,2026-01-01,gym,0.8379
U001802,2026-01-01,none,0.3996
U001803,2026-01-01,none,0.8772
U001804,2026-01-01,insurance,0.5363
U001805,2026-01-01,software,0.5095
U001806,2026-01-01,none,0.4693
U001807,2026-01-01,none,0.9952
U001808,2026-01-01,insurance,0.8076
U001809,2026-01-01,streaming,0.7285
U001810,2026-01-01,cloud,0.4598
U001811,2026-01-01,none,0.9653
U001812,2026-01-01,none,0.8583
U001813,2026-01-01,insurance,0.462
U001814,2026-01-01,none,0.9927
U001815,2026-01-01,none,0.9995
U001816,2026-01-01,none,0.8032
U001817,2026-01-01,cloud,0.811
U001818,2026-01-01,music,0.6446
U001819,2026-01-01,none,0.9954
U001820,2026-01-01,none,0.4927
U001821,2026-01-01,cloud,0.5671
U001822,2026-01-01,software,0.4138
U001823,2026-01-01,mobile,0.4909
U001824,2026-01-01,insurance,0.4737
U001825,2026-01-01,mobile,0.5064
U001826,2026-01-01,mobile,0.3795
U001827,2026-01-01,none,0.8822
U001828,2026-01-01,insurance,0.721
U001829,2026-01-01,insurance,0.5365
U001830,2026-01-01,mobile,0.604
U001831,2026-01-01,insurance,0.4481
U001832,2026-01-01,cloud,0.6856
U001833,2026-01-01,gym,0.6513
U001834,2026-01-01,none,0.4402
U001835,2026-01-01,music,0.5721
U001836,2026-01-01,mobile,0.8328
U001837,2026-01-01,music,0.4992
U001838,2026-01-01,cloud,0.7854
U001839,2026-01-01,cloud,0.4224
U001840,2026-01-01,cloud,0.693
U001841,2026-01-01,none,0.8599
U001842,2026-01-01,none,0.9822
U001843,2026-01-01,insurance,0.4918
U001844,2026-01-01,gym,0.4543
U001845,2026-01-01,none,0.9184
U001846,2026-01-01,mobile,0.4548
U001847,2026-01-01,cloud,0.434
U001848,2026-01-01,none,0.8824
U001849,2026-01-01,streaming,0.5118
U001850,2026-01-01,none,0.399
U001851,2026-01-01,gym,0.6001
U001852,2026-01-01,gym,0.5709
U001853,2026-01-01,none,0.9833
U001854,2026-01-01,music,0.8873
U001855,2026-01-01,software,0.8499
U001856,2026-01-01,mobile,0.3898
U001857,2026-01-01,none,0.3843
U001858,2026-01-01,none,0.328
U001859,2026-01-01,insurance,0.5385
U001860,2026-01-01,cloud,0.5135
U001861,2026-01-01,gym,0.8367
U001862,2026-01-01,music,0.4418
U001863,2026-01-01,none,0.9961
U001864,2026-01-01,gym,0.5398
U001865,2026-01-01,music,0.875
U001866,2026-01-01,gym,0.3968
U001867,2026-01-01,insurance,0.5932
U001868,2026-01-01,none,0.9863
U001869,2026-01-01,gym,0.4589
U001870,2026-01-01,none,0.4934
U001871,2026-01-01,gym,0.5063
U001872,2026-01-01,insurance,0.4827
U001873,2026-01-01,streaming,0.5495
U001874,2026-01-01,cloud,0.5694
U001875,2026-01-01,mobile,0.4008
U001876,2026-01-01,cloud,0.8007
U001877,2026-01-01,music,0.8291
U001878,2026-01-01,gym,0.8411
U001879,2026-01-01,music,0.8844
U001880,2026-01-01,cloud,0.8693
U001881,2026-01-01,none,0.9732
U001882,2026-01-01,gym,0.499
U001883,2026-01-01,none,0.9509
U001884,2026-01-01,streaming,0.8911
U001885,2026-01-01,none,0.9971
U001886,2026-01-01,mobile,0.3926
U001887,2026-01-01,none,0.4124
U001888,2026-01-01,streaming,0.8616
U001889,2026-01-01,software,0.5813
U001890,2026-01-01,gym,0.4345
U001891,2026-01-01,music,0.5223
U001892,2026-01-01,gym,0.4927
U001893,2026-01-01,insurance,0.7798
U001894,2026-01-01,none,0.7365
U001895,2026-01-01,music,0.9272
U001896,2026-01-01,mobile,0.6854
U001897,2026-01-01,streaming,0.3669
U001898,2026-01-01,gym,0.7589
U001899,2026-01-01,insurance,0.4087
U001900,2026-01-01,gym,0.8529
U001901,2026-01-01,gym,0.606
U001902,2026-01-01,none,0.5951
U001903,2026-01-01,software,0.8463
U001904,2026-01-01,insurance,0.5608
U001905,2026-01-01,none,0.6036
U001906,2026-01-01,streaming,0.4212
U001907,2026-01-01,insurance,0.8984
U001908,2026-01-01,gym,0.84
U001909,2026-01-01,none,0.925
U001910,2026-01-01,software,0.6351
U001911,2026-01-01,mobile,0.3888
U001912,2026-01-01,none,0.9881
U001913,2026-01-01,mobile,0.3743
U001914,2026-01-01,streaming,0.7908
U001915,2026-01-01,streaming,0.7805
U001916,2026-01-01,insurance,0.802
U001917,2026-01-01,gym,0.8504
U001918,2026-01-01,insurance,0.6394
U001919,2026-01-01,music,0.4497
U001920,2026-01-01,mobile,0.6985
U001921,2026-01-01,streaming,0.4558
U001922,2026-01-01,streaming,0.7769
U001923,2026-01-01,none,0.917
U001924,2026-01-01,gym,0.8854
U001925,2026-01-01,none,0.8939
U001926,2026-01-01,none,0.907
U001927,2026-01-01,software,0.8132
U001928,2026-01-01,none,0.985
U001929,2026-01-01,music,0.6371
U001930,2026-01-01,gym,0.5487
U001931,2026-01-01,mobile,0.5293
U001932,2026-01-01,mobile,0.6825
U001933,2026-01-01,insurance,0.7204
U001934,2026-01-01,mobile,0.4355
U001935,2026-01-01,insurance,0.8252
U001936,2026-01-01,gym,0.4829
U001937,2026-01-01,none,0.4028
U001938,2026-01-01,cloud,0.4249
U001939,2026-01-01,streaming,0.5083
U001940,2026-01-01,none,0.9027
U001941,2026-01-01,mobile,0.6353
U001942,2026-01-01,none,0.8903
U001943,2026-01-01,none,0.7105
U001944,2026-01-01,gym,0.4953
U001945,2026-01-01,none,0.9381
U001946,2026-01-01,software,0.2714
U001947,2026-01-01,software,0.4513
U001948,2026-01-01,software,0.614
U001949,2026-01-01,music,0.429
U001950,2026-01-01,streaming,0.5668
U001951,2026-01-01,cloud,0.6672
U001952,2026-01-01,software,0.4762
U001953,2026-01-01,gym,0.454
U001954,2026-01-01,mobile,0.3886
U001955,2026-01-01,music,0.6611
U001956,2026-01-01,cloud,0.4245
U001957,2026-01-01,mobile,0.8639
U001958,2026-01-01,mobile,0.7192
U001959,2026-01-01,insurance,0.4699
U001960,2026-01-01,software,0.7106
U001961,2026-01-01,none,0.4716
U001962,2026-01-01,none,0.45
U001963,2026-01-01,streaming,0.3854
U001964,2026-01-01,gym,0.5845
U001965,2026-01-01,insurance,0.7178
U001966,2026-01-01,insurance,0.4909
U001967,2026-01-01,gym,0.3383
U001968,2026-01-01,music,0.475
U001969,2026-01-01,none,0.9967
U001970,2026-01-01,software,0.449
U001971,2026-01-01,insurance,0.7758
U001972,2026-01-01,insurance,0.6994
U001973,2026-01-01,music,0.8176
U001974,2026-01-01,none,0.7914
U001975,2026-01-01,insurance,0.7708
U001976,2026-01-01,gym,0.745
U001977,2026-01-01,none,0.6535
U001978,2026-01-01,gym,0.5663
U001979,2026-01-01,streaming,0.3145
U001980,2026-01-01,none,0.3085
U001981,2026-01-01,streaming,0.5178
U001982,2026-01-01,mobile,0.4157
U001983,2026-01-01,none,0.7906
U001984,2026-01-01,insurance,0.612
U001985,2026-01-01,none,0.6758
U001986,2026-01-01,streaming,0.787
U001987,2026-01-01,mobile,0.5538
U001988,2026-01-01,none,0.6218
U001989,2026-01-01,cloud,0.3171
U001990,2026-01-01,insurance,0.5709
U001991,2026-01-01,none,0.8467
U001992,2026-01-01,software,0.5466
U001993,2026-01-01,insurance,0.5695
U001994,2026-01-01,insurance,0.7989
U001995,2026-01-01,streaming,0.4558
U001996,2026-01-01,none,0.4541
U001997,2026-01-01,none,0.7459
U001998,2026-01-01,none,0.953
U001999,2026-01-01,insurance,0.5054
U002000,2026-01-01,insurance,0.73
U002001,2026-01-01,music,0.4648
U002002,2026-01-01,software,0.6004
U002003,2026-01-01,streaming,0.3569
U002004,2026-01-01,gym,0.7901
U002005,2026-01-01,streaming,0.4331
U002006,2026-01-01,insurance,0.7386
U002007,2026-01-01,mobile,0.7217
U002008,2026-01-01,none,0.9891
U002009,2026-01-01,music,0.7849
U002010,2026-01-01,none,0.3835
U002011,2026-01-01,gym,0.4899
U002012,2026-01-01,cloud,0.6142
U002013,2026-01-01,cloud,0.5811
U002014,2026-01-01,streaming,0.5895
U002015,2026-01-01,gym,0.4972
U002016,2026-01-01,software,0.77
U002017,2026-01-01,streaming,0.5733
U002018,2026-01-01,cloud,0.5592
U002019,2026-01-01,cloud,0.3855
U002020,2026-01-01,none,0.9626
U002021,2026-01-01,insurance,0.533
U002022,2026-01-01,none,0.9734
U002023,2026-01-01,music,0.656
U002024,2026-01-01,mobile,0.6316
U002025,2026-01-01,gym,0.8568
U002026,2026-01-01,none,0.9603
U002027,2026-01-01,mobile,0.4257
U002028,2026-01-01,gym,0.5904
U002029,2026-01-01,insurance,0.6209
U002030,2026-01-01,mobile,0.628
U002031,2026-01-01,none,0.729
U002032,2026-01-01,software,0.7945
U002033,2026-01-01,gym,0.4241
U002034,2026-01-01,insurance,0.5113
U002035,2026-01-01,none,0.9956
U002036,2026-01-01,mobile,0.5421
U002037,2026-01-01,none,0.9674
U002038,2026-01-01,none,0.9849
U002039,2026-01-01,streaming,0.3489
U002040,2026-01-01,gym,0.8874
U002041,2026-01-01,gym,0.5425
U002042,2026-01-01,software,0.4475
U002043,2026-01-01,none,0.9664
U002044,2026-01-01,gym,0.5257
U002045,2026-01-01,none,0.5526
U002046,2026-01-01,music,0.7182
U002047,2026-01-01,mobile,0.384
U002048,2026-01-01,cloud,0.8943
U002049,2026-01-01,cloud,0.5493
U002050,2026-01-01,none,0.9324
U002051,2026-01-01,cloud,0.6985
U002052,2026-01-01,music,0.5268
U002053,2026-01-01,none,0.3944
U002054,2026-01-01,software,0.4372
U002055,2026-01-01,software,0.4572
U002056,2026-01-01,none,0.9889
U002057,2026-01-01,gym,0.6371
U002058,2026-01-01,none,0.9443
U002059,2026-01-01,music,0.4912
U002060,2026-01-01,mobile,0.6965
U002061,2026-01-01,none,0.6906
U002062,2026-01-01,music,0.5681
U002063,2026-01-01,none,0.9869
U002064,2026-01-01,none,0.9974
U002065,2026-01-01,insurance,0.4641
U002066,2026-01-01,gym,0.4734
U002067,2026-01-01,none,0.9111
U002068,2026-01-01,none,0.9228
U002069,2026-01-01,streaming,0.8703
U002070,2026-01-01,software,0.565
U002071,2026-01-01,gym,0.6571
U002072,2026-01-01,insurance,0.6476
U002073,2026-01-01,none,0.9506
U002074,2026-01-01,software,0.8041
U002075,2026-01-01,mobile,0.6595
U002076,2026-01-01,music,0.4863
U002077,2026-01-01,mobile,0.5019
U002078,2026-01-01,music,0.7546
U002079,2026-01-01,music,0.6272
U002080,2026-01-01,none,0.9018
U002081,2026-01-01,none,0.9796
U002082,2026-01-01,cloud,0.3786
U002083,2026-01-01,none,0.9461
U002084,2026-01-01,gym,0.418
U002085,2026-01-01,software,0.6565
U002086,2026-01-01,none,0.4454
U002087,2026-01-01,gym,0.5316
U002088,2026-01-01,music,0.8939
U002089,2026-01-01,none,0.4623
U002090,2026-01-01,software,0.5327
U002091,2026-01-01,cloud,0.4428
U002092,2026-01-01,streaming,0.6248
U002093,2026-01-01,insurance,0.7023
U002094,2026-01-01,none,0.9454
U002095,2026-01-01,mobile,0.6241
U002096,2026-01-01,none,0.9935
U002097,2026-01-01,none,0.7985
U002098,2026-01-01,insurance,0.8424
U002099,2026-01-01,software,0.4984
U002100,2026-01-01,gym,0.429
U002101,2026-01-01,gym,0.8037
U002102,2026-01-01,streaming,0.4229
U002103,2026-01-01,mobile,0.8086
U002104,2026-01-01,none,0.9988
U002105,2026-01-01,none,0.8793
U002106,2026-01-01,music,0.2794
U002107,2026-01-01,streaming,0.5253
U002108,2026-01-01,mobile,0.6991
U002109,2026-01-01,gym,0.8411
U002110,2026-01-01,streaming,0.5069
U002111,2026-01-01,software,0.5321
U002112,2026-01-01,cloud,0.6073
U002113,2026-01-01,none,0.9627
U002114,2026-01-01,cloud,0.5737
U002115,2026-01-01,none,0.9771
U002116,2026-01-01,cloud,0.4187
U002117,2026-01-01,gym,0.8775
U002118,2026-01-01,gym,0.4684
U002119,2026-01-01,cloud,0.4483
U002120,2026-01-01,insurance,0.6286
U002121,2026-01-01,streaming,0.7511
U002122,2026-01-01,none,0.9159
U002123,2026-01-01,streaming,0.7664
U002124,2026-01-01,cloud,0.5589
U002125,2026-01-01,mobile,0.5637
U002126,2026-01-01,mobile,0.292
U002127,2026-01-01,insurance,0.5413
U002128,2026-01-01,cloud,0.5658
U002129,2026-01-01,none,0.8524
U002130,2026-01-01,cloud,0.6378
U002131,2026-01-01,insurance,0.781
U002132,2026-01-01,gym,0.3249
U002133,2026-01-01,insurance,0.2958
U002134,2026-01-01,none,0.9999
U002135,2026-01-01,none,0.8439
U002136,2026-01-01,gym,0.4513
U002137,2026-01-01,none,0.3009
U002138,2026-01-01,music,0.6606
U002139,2026-01-01,none,0.9697
U002140,2026-01-01,none,0.824
U002141,2026-01-01,streaming,0.6415
U002142,2026-01-01,cloud,0.3318
U002143,2026-01-01,cloud,0.3899
U002144,2026-01-01,music,0.8424
U002145,2026-01-01,cloud,0.7575
U002146,2026-01-01,software,0.503
U002147,2026-01-01,insurance,0.365
U002148,2026-01-01,insurance,0.393
U002149,2026-01-01,none,0.934
U002150,2026-01-01,gym,0.5245
U002151,2026-01-01,none,0.5888
U002152,2026-01-01,software,0.4441
U002153,2026-01-01,cloud,0.543
U002154,2026-01-01,insurance,0.3032
U002155,2026-01-01,music,0.6207
U002156,2026-01-01,none,0.6893
U002157,2026-01-01,none,0.9323
U002158,2026-01-01,none,0.9553
U002159,2026-01-01,music,0.5957
U002160,2026-01-01,cloud,0.4808
U002161,2026-01-01,cloud,0.4276
U002162,2026-01-01,mobile,0.8378
U002163,2026-01-01,software,0.4781
U002164,2026-01-01,insurance,0.6825
U002165,2026-01-01,music,0.47
U002166,2026-01-01,cloud,0.5607
U002167,2026-01-01,insurance,0.4371
U002168,2026-01-01,none,0.5763
U002169,2026-01-01,software,0.6723
U002170,2026-01-01,none,0.999
U002171,2026-01-01,streaming,0.531
U002172,2026-01-01,music,0.3251
U002173,2026-01-01,none,0.378
U002174,2026-01-01,software,0.5016
U002175,2026-01-01,software,0.4179
U002176,2026-01-01,none,0.992
U002177,2026-01-01,mobile,0.6561
U002178,2026-01-01,streaming,0.4102
U002179,2026-01-01,software,0.6031
U002180,2026-01-01,mobile,0.4748
U002181,2026-01-01,cloud,0.5531
U002182,2026-01-01,mobile,0.6443
U002183,2026-01-01,mobile,0.2583
U002184,2026-01-01,gym,0.4062
U002185,2026-01-01,streaming,0.3438
U002186,2026-01-01,insurance,0.7487
U002187,2026-01-01,none,0.4688
U002188,2026-01-01,software,0.822
U002189,2026-01-01,none,0.6517
U002190,2026-01-01,insurance,0.5057
U002191,2026-01-01,music,0.7281
U002192,2026-01-01,streaming,0.8754
U002193,2026-01-01,none,0.9873
U002194,2026-01-01,none,0.5241
U002195,2026-01-01,gym,0.5494
U002196,2026-01-01,streaming,0.5941
U002197,2026-01-01,mobile,0.5116
U002198,2026-01-01,software,0.8957
U002199,2026-01-01,streaming,0.5912
U002200,2026-01-01,streaming,0.8043
U002201,2026-01-01,mobile,0.5161
U002202,2026-01-01,gym,0.676
U002203,2026-01-01,none,0.8033
U002204,2026-01-01,music,0.3864
U002205,2026-01-01,music,0.5135
U002206,2026-01-01,gym,0.6615
U002207,2026-01-01,cloud,0.4241
U002208,2026-01-01,software,0.8551
U002209,2026-01-01,insurance,0.8268
U002210,2026-01-01,mobile,0.5728
U002211,2026-01-01,software,0.366
U002212,2026-01-01,none,0.6241
U002213,2026-01-01,none,0.5631
U002214,2026-01-01,none,0.9978
U002215,2026-01-01,music,0.4712
U002216,2026-01-01,none,0.6692
U002217,2026-01-01,none,0.9806
U002218,2026-01-01,music,0.3268
U002219,2026-01-01,none,0.9977
U002220,2026-01-01,software,0.7898
U002221,2026-01-01,music,0.4259
U002222,2026-01-01,gym,0.4242
U002223,2026-01-01,none,0.9898
U002224,2026-01-01,none,0.976
U002225,2026-01-01,none,0.9775
U002226,2026-01-01,none,0.4172
U002227,2026-01-01,mobile,0.796
U002228,2026-01-01,none,0.9549
U002229,2026-01-01,mobile,0.6136
U002230,2026-01-01,insurance,0.5737
U002231,2026-01-01,insurance,0.5751
U002232,2026-01-01,gym,0.6083
U002233,2026-01-01,mobile,0.5491
U002234,2026-01-01,gym,0.5347
U002235,2026-01-01,software,0.4436
U002236,2026-01-01,streaming,0.4061
U002237,2026-01-01,gym,0.3894
U002238,2026-01-01,insurance,0.5622
U002239,2026-01-01,music,0.4053
U002240,2026-01-01,cloud,0.8101
U002241,2026-01-01,music,0.4482
U002242,2026-01-01,none,0.7631
U002243,2026-01-01,software,0.5008
U002244,2026-01-01,music,0.4834
U002245,2026-01-01,software,0.4795
U002246,2026-01-01,software,0.3839
U002247,2026-01-01,mobile,0.3936
U002248,2026-01-01,none,0.9998
U002249,2026-01-01,mobile,0.7801
U002250,2026-01-01,none,0.8323
U002251,2026-01-01,software,0.3456
U002252,2026-01-01,music,0.7031
U002253,2026-01-01,streaming,0.5475
U002254,2026-01-01,none,0.5387
U002255,2026-01-01,none,0.9951
U002256,2026-01-01,cloud,0.5536
U002257,2026-01-01,mobile,0.8467
U002258,2026-01-01,none,0.8891
U002259,2026-01-01,none,0.5032
U002260,2026-01-01,none,0.8953
U002261,2026-01-01,none,0.3548
U002262,2026-01-01,none,0.995
U002263,2026-01-01,insurance,0.3624
U002264,2026-01-01,music,0.6542
U002265,2026-01-01,none,0.9996
U002266,2026-01-01,none,0.8582
U002267,2026-01-01,insurance,0.4732
U002268,2026-01-01,none,0.8278
U002269,2026-01-01,none,0.482
U002270,2026-01-01,mobile,0.4868
U002271,2026-01-01,mobile,0.3907
U002272,2026-01-01,insurance,0.6709
U002273,2026-01-01,cloud,0.3769
U002274,2026-01-01,insurance,0.5592
U002275,2026-01-01,none,0.9928
U002276,2026-01-01,none,0.4674
U002277,2026-01-01,music,0.6985
U002278,2026-01-01,gym,0.6058
U002279,2026-01-01,streaming,0.4579
U002280,2026-01-01,gym,0.8494
U002281,2026-01-01,none,0.7561
U002282,2026-01-01,none,0.8259
U002283,2026-01-01,music,0.4989
U002284,2026-01-01,gym,0.8135
U002285,2026-01-01,cloud,0.4786
U002286,2026-01-01,cloud,0.3837
U002287,2026-01-01,none,0.8979
U002288,2026-01-01,software,0.3238
U002289,2026-01-01,none,0.4797
U002290,2026-01-01,software,0.5185
U002291,2026-01-01,music,0.6346
U002292,2026-01-01,none,0.5603
U002293,2026-01-01,software,0.4878
U002294,2026-01-01,insurance,0.6528
U002295,2026-01-01,none,0.5858
U002296,2026-01-01,insurance,0.3753
U002297,2026-01-01,none,0.9173
U002298,2026-01-01,mobile,0.9036
U002299,2026-01-01,cloud,0.5123
U002300,2026-01-01,gym,0.5144
U002301,2026-01-01,gym,0.6697
U002302,2026-01-01,insurance,0.7177
U002303,2026-01-01,mobile,0.4839
U002304,2026-01-01,insurance,0.8505
U002305,2026-01-01,software,0.582
U002306,2026-01-01,gym,0.6571
U002307,2026-01-01,streaming,0.7266
U002308,2026-01-01,mobile,0.4622
U002309,2026-01-01,none,0.2803
U002310,2026-01-01,none,0.9989
U002311,2026-01-01,gym,0.5661
U002312,2026-01-01,none,0.9569
U002313,2026-01-01,software,0.3748
U002314,2026-01-01,gym,0.8452
U002315,2026-01-01,gym,0.4796
U002316,2026-01-01,gym,0.5669
U002317,2026-01-01,streaming,0.8875
U002318,2026-01-01,streaming,0.4581
U002319,2026-01-01,streaming,0.5257
U002320,2026-01-01,streaming,0.4075
U002321,2026-01-01,gym,0.7515
U002322,2026-01-01,cloud,0.67
U002323,2026-01-01,gym,0.3991
U002324,2026-01-01,streaming,0.6389
U002325,2026-01-01,none,0.99
U002326,2026-01-01,music,0.5921
U002327,2026-01-01,gym,0.5155
U002328,2026-01-01,gym,0.8073
U002329,2026-01-01,insurance,0.8698
U002330,2026-01-01,gym,0.7846
U002331,2026-01-01,mobile,0.5483
U002332,2026-01-01,none,0.834
U002333,2026-01-01,none,0.9527
U002334,2026-01-01,music,0.6364
U002335,2026-01-01,insurance,0.5139
U002336,2026-01-01,none,0.8823
U002337,2026-01-01,mobile,0.7186
U002338,2026-01-01,insurance,0.802
U002339,2026-01-01,music,0.6541
U002340,2026-01-01,software,0.493
U002341,2026-01-01,cloud,0.8531
U002342,2026-01-01,software,0.4922
U002343,2026-01-01,streaming,0.7634
U002344,2026-01-01,streaming,0.6011
U002345,2026-01-01,none,0.8853
U002346,2026-01-01,mobile,0.8284
U002347,2026-01-01,cloud,0.3946
U002348,2026-01-01,music,0.3582
U002349,2026-01-01,software,0.6607
U002350,2026-01-01,none,0.9811
U002351,2026-01-01,streaming,0.5528
U002352,2026-01-01,insurance,0.6894
U002353,2026-01-01,cloud,0.401
U002354,2026-01-01,none,0.8704
U002355,2026-01-01,gym,0.4019
U002356,2026-01-01,software,0.4427
U002357,2026-01-01,software,0.6538
U002358,2026-01-01,none,0.9905
U002359,2026-01-01,cloud,0.8487
U002360,2026-01-01,software,0.8317
U002361,2026-01-01,none,0.864
U002362,2026-01-01,software,0.2784
U002363,2026-01-01,mobile,0.8632
U002364,2026-01-01,streaming,0.4908
U002365,2026-01-01,none,0.4763
U002366,2026-01-01,cloud,0.3821
U002367,2026-01-01,streaming,0.4604
U002368,2026-01-01,none,0.9194
U002369,2026-01-01,none,0.9799
U002370,2026-01-01,none,0.6675
U002371,2026-01-01,music,0.7705
U002372,2026-01-01,gym,0.804
U002373,2026-01-01,cloud,0.5555
U002374,2026-01-01,music,0.5031
U002375,2026-01-01,music,0.5465
U002376,2026-01-01,cloud,0.4294
U002377,2026-01-01,software,0.4132
U002378,2026-01-01,none,0.9817
U002379,2026-01-01,none,0.9282
U002380,2026-01-01,none,0.9905
U002381,2026-01-01,none,0.4419
U002382,2026-01-01,streaming,0.6805
U002383,2026-01-01,insurance,0.5562
U002384,2026-01-01,gym,0.4734
U002385,2026-01-01,mobile,0.9173
U002386,2026-01-01,none,0.9922
U002387,2026-01-01,insurance,0.5133
U002388,2026-01-01,cloud,0.3769
U002389,2026-01-01,insurance,0.8503
U002390,2026-01-01,insurance,0.5019
U002391,2026-01-01,music,0.4419
U002392,2026-01-01,none,0.585
U002393,2026-01-01,none,0.971
U002394,2026-01-01,none,0.4852
U002395,2026-01-01,music,0.4519
U002396,2026-01-01,none,0.5869
U002397,2026-01-01,gym,0.4885
U002398,2026-01-01,none,0.7019
U002399,2026-01-01,gym,0.4998
U002400,2026-01-01,music,0.4848
U002401,2026-01-01,software,0.3857
U002402,2026-01-01,streaming,0.4251
U002403,2026-01-01,mobile,0.7187
U002404,2026-01-01,none,0.9307
U002405,2026-01-01,insurance,0.8031
U002406,2026-01-01,streaming,0.498
U002407,2026-01-01,none,0.931
U002408,2026-01-01,insurance,0.3962
U002409,2026-01-01,gym,0.4242
U002410,2026-01-01,none,0.931
U002411,2026-01-01,music,0.4587
U002412,2026-01-01,music,0.5837
U002413,2026-01-01,software,0.8751
U002414,2026-01-01,software,0.4559
U002415,2026-01-01,streaming,0.8058
U002416,2026-01-01,none,0.9901
U002417,2026-01-01,cloud,0.5642
U002418,2026-01-01,insurance,0.7121
U002419,2026-01-01,gym,0.742
U002420,2026-01-01,streaming,0.7365
U002421,2026-01-01,none,0.8647
U002422,2026-01-01,none,0.9089
U002423,2026-01-01,none,0.9938
U002424,2026-01-01,none,0.4741
U002425,2026-01-01,gym,0.7381
U002426,2026-01-01,none,0.844
U002427,2026-01-01,none,0.9321
U002428,2026-01-01,insurance,0.5713
U002429,2026-01-01,none,0.9413
U002430,2026-01-01,none,0.669
U002431,2026-01-01,none,0.5662
U002432,2026-01-01,mobile,0.4115
U002433,2026-01-01,gym,0.8708
U002434,2026-01-01,insurance,0.81
U002435,2026-01-01,streaming,0.8788
U002436,2026-01-01,none,0.421
U002437,2026-01-01,cloud,0.2817
U002438,2026-01-01,mobile,0.6969
U002439,2026-01-01,cloud,0.7778
U002440,2026-01-01,none,0.9953
U002441,2026-01-01,gym,0.4706
U002442,2026-01-01,streaming,0.7064
U002443,2026-01-01,insurance,0.4783
U002444,2026-01-01,mobile,0.392
U002445,2026-01-01,mobile,0.7118
U002446,2026-01-01,none,0.927
U002447,2026-01-01,none,0.7663
U002448,2026-01-01,software,0.8192
U002449,2026-01-01,cloud,0.7304
U002450,2026-01-01,software,0.5299
U002451,2026-01-01,streaming,0.6257
U002452,2026-01-01,none,0.933
U002453,2026-01-01,none,0.9996
U002454,2026-01-01,gym,0.5943
U002455,2026-01-01,gym,0.408
U002456,2026-01-01,none,0.9778
U002457,2026-01-01,music,0.7406
U002458,2026-01-01,streaming,0.3726
U002459,2026-01-01,gym,0.7824
U002460,2026-01-01,insurance,0.4821
U002461,2026-01-01,streaming,0.3211
U002462,2026-01-01,music,0.4764
U002463,2026-01-01,streaming,0.858
U002464,2026-01-01,none,0.4759
U002465,2026-01-01,none,0.9813
U002466,2026-01-01,none,0.8649
U002467,2026-01-01,none,0.801
U002468,2026-01-01,gym,0.517
U002469,2026-01-01,music,0.7667
U002470,2026-01-01,none,0.4734
U002471,2026-01-01,software,0.7863
U002472,2026-01-01,none,0.5548
U002473,2026-01-01,none,0.7499
U002474,2026-01-01,streaming,0.7557
U002475,2026-01-01,music,0.8561
U002476,2026-01-01,cloud,0.6222
U002477,2026-01-01,software,0.4106
U002478,2026-01-01,cloud,0.7305
U002479,2026-01-01,insurance,0.5084
U002480,2026-01-01,gym,0.4589
U002481,2026-01-01,cloud,0.5454
U002482,2026-01-01,none,0.9569
U002483,2026-01-01,music,0.5777
U002484,2026-01-01,insurance,0.5454
U002485,2026-01-01,music,0.8497
U002486,2026-01-01,music,0.7751
U002487,2026-01-01,software,0.7598
U002488,2026-01-01,streaming,0.4553
U002489,2026-01-01,mobile,0.5619
U002490,2026-01-01,cloud,0.3518
U002491,2026-01-01,none,0.994
U002492,2026-01-01,streaming,0.8799
U002493,2026-01-01,streaming,0.8151
U002494,2026-01-01,insurance,0.3832
U002495,2026-01-01,none,0.9966
U002496,2026-01-01,music,0.8111
U002497,2026-01-01,cloud,0.5341
U002498,2026-01-01,mobile,0.5959
U002499,2026-01-01,gym,0.3972
U002500,2026-01-01,gym,0.5526
U002501,2026-01-01,software,0.3799
U002502,2026-01-01,music,0.44
U002503,2026-01-01,none,0.9973
U002504,2026-01-01,streaming,0.5559
U002505,2026-01-01,none,0.9943
U002506,2026-01-01,cloud,0.4299
U002507,2026-01-01,mobile,0.5355
U002508,2026-01-01,none,0.985
U002509,2026-01-01,mobile,0.518
U002510,2026-01-01,cloud,0.6892
U002511,2026-01-01,insurance,0.3777
U002512,2026-01-01,software,0.8293
U002513,2026-01-01,mobile,0.5412
U002514,2026-01-01,gym,0.6834
U002515,2026-01-01,gym,0.7985
U002516,2026-01-01,software,0.812
U002517,2026-01-01,mobile,0.8357
U002518,2026-01-01,music,0.5548
U002519,2026-01-01,none,0.7485
U002520,2026-01-01,none,0.6206
U002521,2026-01-01,gym,0.3465
U002522,2026-01-01,cloud,0.4824
U002523,2026-01-01,mobile,0.5034
U002524,2026-01-01,none,0.3413
U002525,2026-01-01,none,0.679
U002526,2026-01-01,insurance,0.3956
U002527,2026-01-01,cloud,0.3945
U002528,2026-01-01,gym,0.6068
U002529,2026-01-01,mobile,0.6996
U002530,2026-01-01,none,0.992
U002531,2026-01-01,none,0.9185
U002532,2026-01-01,software,0.3405
U002533,2026-01-01,insurance,0.8524
U002534,2026-01-01,mobile,0.8945
U002535,2026-01-01,cloud,0.7434
U002536,2026-01-01,cloud,0.4412
U002537,2026-01-01,software,0.5973
U002538,2026-01-01,cloud,0.6628
U002539,2026-01-01,none,0.909
U002540,2026-01-01,streaming,0.645
U002541,2026-01-01,insurance,0.689
U002542,2026-01-01,cloud,0.3674
U002543,2026-01-01,insurance,0.5075
U002544,2026-01-01,mobile,0.7023
U002545,2026-01-01,none,0.9711
U002546,2026-01-01,gym,0.5779
U002547,2026-01-01,none,0.9981
U002548,2026-01-01,software,0.5372
U002549,2026-01-01,cloud,0.8542
U002550,2026-01-01,none,0.6278
U002551,2026-01-01,streaming,0.8704
U002552,2026-01-01,cloud,0.6602
U002553,2026-01-01,cloud,0.3877
U002554,2026-01-01,software,0.3825
U002555,2026-01-01,none,0.9158
U002556,2026-01-01,gym,0.7396
U002557,2026-01-01,none,0.893
U002558,2026-01-01,none,0.5365
U002559,2026-01-01,mobile,0.5869
U002560,2026-01-01,cloud,0.8676
U002561,2026-01-01,music,0.5156
U002562,2026-01-01,software,0.5079
U002563,2026-01-01,music,0.5998
U002564,2026-01-01,none,0.99
U002565,2026-01-01,cloud,0.4971
U002566,2026-01-01,cloud,0.8472
U002567,2026-01-01,gym,0.7214
U002568,2026-01-01,mobile,0.3752
U002569,2026-01-01,none,0.5394
U002570,2026-01-01,none,0.9766
U002571,2026-01-01,cloud,0.5311
U002572,2026-01-01,none,0.3725
U002573,2026-01-01,gym,0.4382
U002574,2026-01-01,none,0.9979
U002575,2026-01-01,none,0.8406
U002576,2026-01-01,none,0.9014
U002577,2026-01-01,none,0.5728
U002578,2026-01-01,software,0.3839
U002579,2026-01-01,music,0.4466
U002580,2026-01-01,none,0.9965
U002581,2026-01-01,cloud,0.7666
U002582,2026-01-01,gym,0.8017
U002583,2026-01-01,cloud,0.4366
U002584,2026-01-01,cloud,0.6253
U002585,2026-01-01,none,0.495
U002586,2026-01-01,gym,0.9042
U002587,2026-01-01,cloud,0.4992
U002588,2026-01-01,cloud,0.5757
U002589,2026-01-01,streaming,0.4859
U002590,2026-01-01,mobile,0.8965
U002591,2026-01-01,gym,0.91
U002592,2026-01-01,streaming,0.4375
U002593,2026-01-01,none,0.9447
U002594,2026-01-01,music,0.4553
U002595,2026-01-01,none,0.6544
U002596,2026-01-01,none,0.4994
U002597,2026-01-01,software,0.3644
U002598,2026-01-01,insurance,0.5843
U002599,2026-01-01,software,0.7594
U002600,2026-01-01,none,0.9951
U002601,2026-01-01,none,0.9661
U002602,2026-01-01,software,0.3786
U002603,2026-01-01,gym,0.5335
U002604,2026-01-01,none,0.3933
U002605,2026-01-01,mobile,0.3596
U002606,2026-01-01,gym,0.702
U002607,2026-01-01,none,0.7373
U002608,2026-01-01,none,0.9557
U002609,2026-01-01,streaming,0.3497
U002610,2026-01-01,music,0.6256
U002611,2026-01-01,mobile,0.482
U002612,2026-01-01,cloud,0.5629
U002613,2026-01-01,music,0.8801
U002614,2026-01-01,none,0.9678
U002615,2026-01-01,streaming,0.3625
U002616,2026-01-01,none,0.9859
U002617,2026-01-01,gym,0.522
U002618,2026-01-01,mobile,0.3597
U002619,2026-01-01,gym,0.3598
U002620,2026-01-01,insurance,0.415
U002621,2026-01-01,none,0.9651
U002622,2026-01-01,none,0.3806
U002623,2026-01-01,software,0.5169
U002624,2026-01-01,gym,0.6651
U002625,2026-01-01,none,0.5373
U002626,2026-01-01,insurance,0.6556
U002627,2026-01-01,streaming,0.6062
U002628,2026-01-01,software,0.8163
U002629,2026-01-01,music,0.5106
U002630,2026-01-01,streaming,0.4302
U002631,2026-01-01,gym,0.3849
U002632,2026-01-01,music,0.787
U002633,2026-01-01,gym,0.3079
U002634,2026-01-01,mobile,0.819
U002635,2026-01-01,insurance,0.3071
U002636,2026-01-01,software,0.5722
U002637,2026-01-01,none,0.9972
U002638,2026-01-01,none,0.994
U002639,2026-01-01,mobile,0.4828
U002640,2026-01-01,none,0.784
U002641,2026-01-01,mobile,0.4261
U002642,2026-01-01,none,0.9789
U002643,2026-01-01,none,0.683
U002644,2026-01-01,none,0.4797
U002645,2026-01-01,gym,0.7108
U002646,2026-01-01,none,0.5458
U002647,2026-01-01,streaming,0.8434
U002648,2026-01-01,none,0.9992
U002649,2026-01-01,mobile,0.5662
U002650,2026-01-01,none,0.9868
U002651,2026-01-01,none,0.7781
U002652,2026-01-01,none,0.9888
U002653,2026-01-01,cloud,0.7222
U002654,2026-01-01,insurance,0.8247
U002655,2026-01-01,cloud,0.5466
U002656,2026-01-01,none,0.9311
U002657,2026-01-01,gym,0.526
U002658,2026-01-01,none,0.5367
U002659,2026-01-01,none,0.9507
U002660,2026-01-01,mobile,0.6529
U002661,2026-01-01,streaming,0.4721
U002662,2026-01-01,cloud,0.7229
U002663,2026-01-01,none,0.7093
U002664,2026-01-01,none,0.8098
U002665,2026-01-01,none,0.7898
U002666,2026-01-01,music,0.5469
U002667,2026-01-01,insurance,0.506
U002668,2026-01-01,cloud,0.4528
U002669,2026-01-01,none,0.9948
U002670,2026-01-01,gym,0.7577
U002671,2026-01-01,gym,0.7771
U002672,2026-01-01,none,0.667
U002673,2026-01-01,cloud,0.4227
U002674,2026-01-01,cloud,0.6995
U002675,2026-01-01,gym,0.5283
U002676,2026-01-01,insurance,0.8018
U002677,2026-01-01,software,0.7564
U002678,2026-01-01,none,0.9143
U002679,2026-01-01,gym,0.548
U002680,2026-01-01,insurance,0.6168
U002681,2026-01-01,insurance,0.5257
U002682,2026-01-01,mobile,0.2696
U002683,2026-01-01,software,0.4508
U002684,2026-01-01,none,0.7735
U002685,2026-01-01,music,0.6726
U002686,2026-01-01,none,0.8113
U002687,2026-01-01,none,0.9359
U002688,2026-01-01,none,0.9054
U002689,2026-01-01,software,0.645
U002690,2026-01-01,software,0.4027
U002691,2026-01-01,insurance,0.5641
U002692,2026-01-01,none,0.4131
U002693,2026-01-01,none,0.3891
U002694,2026-01-01,mobile,0.5002
U002695,2026-01-01,none,0.7144
U002696,2026-01-01,none,0.4823
U002697,2026-01-01,none,0.8966
U002698,2026-01-01,cloud,0.3907
U002699,2026-01-01,insurance,0.2987
U002700,2026-01-01,mobile,0.5745
U002701,2026-01-01,music,0.4806
U002702,2026-01-01,cloud,0.4865
U002703,2026-01-01,cloud,0.3044
U002704,2026-01-01,music,0.4878
U002705,2026-01-01,insurance,0.4755
U002706,2026-01-01,insurance,0.628
U002707,2026-01-01,streaming,0.5959
U002708,2026-01-01,none,0.9415
U002709,2026-01-01,none,0.9214
U002710,2026-01-01,mobile,0.3352
U002711,2026-01-01,mobile,0.7946
U002712,2026-01-01,none,0.3528
U002713,2026-01-01,streaming,0.8773
U002714,2026-01-01,none,0.9788
U002715,2026-01-01,streaming,0.6034
U002716,2026-01-01,streaming,0.7161
U002717,2026-01-01,cloud,0.5176
U002718,2026-01-01,none,0.607
U002719,2026-01-01,cloud,0.8687
U002720,2026-01-01,none,0.6567
U002721,2026-01-01,music,0.6392
U002722,2026-01-01,gym,0.5811
U002723,2026-01-01,insurance,0.5007
U002724,2026-01-01,none,0.8552
U002725,2026-01-01,none,0.4989
U002726,2026-01-01,music,0.5941
U002727,2026-01-01,none,0.9443
U002728,2026-01-01,cloud,0.8286
U002729,2026-01-01,mobile,0.8702
U002730,2026-01-01,insurance,0.46
U002731,2026-01-01,none,0.5906
U002732,2026-01-01,none,0.8751
U002733,2026-01-01,none,0.9842
U002734,2026-01-01,music,0.3665
U002735,2026-01-01,insurance,0.4715
U002736,2026-01-01,streaming,0.5758
U002737,2026-01-01,none,0.9902
U002738,2026-01-01,software,0.6323
U002739,2026-01-01,cloud,0.6832
U002740,2026-01-01,cloud,0.8714
U002741,2026-01-01,streaming,0.6142
U002742,2026-01-01,music,0.377
U002743,2026-01-01,cloud,0.6044
U002744,2026-01-01,cloud,0.5425
U002745,2026-01-01,music,0.5683
U002746,2026-01-01,gym,0.4515
U002747,2026-01-01,music,0.48
U002748,2026-01-01,gym,0.6181
U002749,2026-01-01,insurance,0.5468
U002750,2026-01-01,streaming,0.6182
U002751,2026-01-01,none,0.9609
U002752,2026-01-01,none,0.8266
U002753,2026-01-01,mobile,0.768
U002754,2026-01-01,none,0.6745
U002755,2026-01-01,streaming,0.3602
U002756,2026-01-01,software,0.7493
U002757,2026-01-01,music,0.5843
U002758,2026-01-01,insurance,0.576
U002759,2026-01-01,none,0.6737
U002760,2026-01-01,software,0.4143
U002761,2026-01-01,insurance,0.6887
U002762,2026-01-01,cloud,0.3158
U002763,2026-01-01,insurance,0.8287
U002764,2026-01-01,none,0.9937
U002765,2026-01-01,insurance,0.5388
U002766,2026-01-01,gym,0.5954
U002767,2026-01-01,mobile,0.5281
U002768,2026-01-01,none,0.9103
U002769,2026-01-01,none,0.9382
U002770,2026-01-01,software,0.6413
U002771,2026-01-01,none,0.9981
U002772,2026-01-01,music,0.3802
U002773,2026-01-01,streaming,0.2886
U002774,2026-01-01,streaming,0.4568
U002775,2026-01-01,streaming,0.7268
U002776,2026-01-01,none,0.5966
U002777,2026-01-01,music,0.326
U002778,2026-01-01,cloud,0.5233
U002779,2026-01-01,software,0.6162
U002780,2026-01-01,cloud,0.8401
U002781,2026-01-01,none,0.9858
U002782,2026-01-01,streaming,0.3378
U002783,2026-01-01,insurance,0.3766
U002784,2026-01-01,streaming,0.4637
U002785,2026-01-01,none,0.9783
U002786,2026-01-01,cloud,0.6544
U002787,2026-01-01,none,0.9869
U002788,2026-01-01,music,0.8194
U002789,2026-01-01,cloud,0.8624
U002790,2026-01-01,streaming,0.9376
U002791,2026-01-01,mobile,0.7151
U002792,2026-01-01,insurance,0.8359
U002793,2026-01-01,none,0.6169
U002794,2026-01-01,insurance,0.9062
U002795,2026-01-01,none,0.2911
U002796,2026-01-01,none,0.7008
U002797,2026-01-01,software,0.5885
U002798,2026-01-01,mobile,0.4953
U002799,2026-01-01,insurance,0.4781
U002800,2026-01-01,mobile,0.5925
U002801,2026-01-01,streaming,0.3728
U002802,2026-01-01,none,0.9997
U002803,2026-01-01,cloud,0.555
U002804,2026-01-01,streaming,0.866
U002805,2026-01-01,none,0.6365
U002806,2026-01-01,none,0.5112
U002807,2026-01-01,none,0.9997
U002808,2026-01-01,none,0.9012
U002809,2026-01-01,cloud,0.4406
U002810,2026-01-01,none,0.2927
U002811,2026-01-01,gym,0.5906
U002812,2026-01-01,none,0.485
U002813,2026-01-01,insurance,0.598
U002814,2026-01-01,none,0.9621
U002815,2026-01-01,cloud,0.638
U002816,2026-01-01,gym,0.4617
U002817,2026-01-01,gym,0.8097
U002818,2026-01-01,none,0.8394
U002819,2026-01-01,none,0.6544
U002820,2026-01-01,none,0.9212
U002821,2026-01-01,software,0.4487
U002822,2026-01-01,none,0.4457
U002823,2026-01-01,gym,0.5459
U002824,2026-01-01,mobile,0.3569
U002825,2026-01-01,none,0.7726
U002826,2026-01-01,gym,0.6473
U002827,2026-01-01,none,0.6854
U002828,2026-01-01,insurance,0.575
U002829,2026-01-01,none,0.9904
U002830,2026-01-01,streaming,0.6807
U002831,2026-01-01,insurance,0.5352
U002832,2026-01-01,software,0.4139
U002833,2026-01-01,cloud,0.3405
U002834,2026-01-01,mobile,0.3367
U002835,2026-01-01,streaming,0.5462
U002836,2026-01-01,streaming,0.6101
U002837,2026-01-01,software,0.8343
U002838,2026-01-01,gym,0.4655
U002839,2026-01-01,cloud,0.8615
U002840,2026-01-01,none,0.6312
U002841,2026-01-01,none,0.3217
U002842,2026-01-01,mobile,0.3085
U002843,2026-01-01,cloud,0.7764
U002844,2026-01-01,gym,0.321
U002845,2026-01-01,music,0.4837
U002846,2026-01-01,music,0.5116
U002847,2026-01-01,streaming,0.479
U002848,2026-01-01,none,0.6574
U002849,2026-01-01,none,0.5341
U002850,2026-01-01,software,0.6396
U002851,2026-01-01,cloud,0.8009
U002852,2026-01-01,insurance,0.5329
U002853,2026-01-01,none,0.9838
U002854,2026-01-01,none,0.993
U002855,2026-01-01,none,0.6756
U002856,2026-01-01,cloud,0.5587
U002857,2026-01-01,none,0.8528
U002858,2026-01-01,music,0.6635
U002859,2026-01-01,streaming,0.4567
U002860,2026-01-01,insurance,0.3572
U002861,2026-01-01,mobile,0.4173
U002862,2026-01-01,gym,0.8651
U002863,2026-01-01,mobile,0.6788
U002864,2026-01-01,gym,0.678
U002865,2026-01-01,none,0.579
U002866,2026-01-01,music,0.4141
U002867,2026-01-01,gym,0.8716
U002868,2026-01-01,mobile,0.8685
U002869,2026-01-01,insurance,0.6337
U002870,2026-01-01,gym,0.7108
U002871,2026-01-01,insurance,0.6783
U002872,2026-01-01,music,0.8027
U002873,2026-01-01,none,0.9863
U002874,2026-01-01,none,0.7699
U002875,2026-01-01,mobile,0.8578
U002876,2026-01-01,none,0.7493
U002877,2026-01-01,streaming,0.6937
U002878,2026-01-01,music,0.3854
U002879,2026-01-01,insurance,0.7831
U002880,2026-01-01,mobile,0.4846
U002881,2026-01-01,software,0.4418
U002882,2026-01-01,gym,0.4059
U002883,2026-01-01,music,0.4983
U002884,2026-01-01,gym,0.4021
U002885,2026-01-01,gym,0.6056
U002886,2026-01-01,gym,0.3964
U002887,2026-01-01,mobile,0.6737
U002888,2026-01-01,gym,0.7431
U002889,2026-01-01,insurance,0.5887
U002890,2026-01-01,gym,0.7391
U002891,2026-01-01,none,0.3102
U002892,2026-01-01,music,0.5429
U002893,2026-01-01,mobile,0.3592
U002894,2026-01-01,streaming,0.733
U002895,2026-01-01,gym,0.4376
U002896,2026-01-01,music,0.658
U002897,2026-01-01,insurance,0.8292
U002898,2026-01-01,none,0.9743
U002899,2026-01-01,music,0.6272
U002900,2026-01-01,insurance,0.6834
U002901,2026-01-01,none,0.9379
U002902,2026-01-01,mobile,0.4999
U002903,2026-01-01,music,0.5649
U002904,2026-01-01,none,0.9494
U002905,2026-01-01,streaming,0.6011
U002906,2026-01-01,none,0.9684
U002907,2026-01-01,none,0.5607
U002908,2026-01-01,cloud,0.4961
U002909,2026-01-01,cloud,0.7221
U002910,2026-01-01,none,0.99
U002911,2026-01-01,none,0.4017
U002912,2026-01-01,none,0.7397
U002913,2026-01-01,insurance,0.5342
U002914,2026-01-01,streaming,0.79
U002915,2026-01-01,insurance,0.8757
U002916,2026-01-01,cloud,0.7544
U002917,2026-01-01,insurance,0.6415
U002918,2026-01-01,music,0.671
U002919,2026-01-01,streaming,0.4422
U002920,2026-01-01,gym,0.6039
U002921,2026-01-01,software,0.6407
U002922,2026-01-01,software,0.7475
U002923,2026-01-01,mobile,0.669
U002924,2026-01-01,gym,0.7141
U002925,2026-01-01,insurance,0.4929
U002926,2026-01-01,software,0.8365
U002927,2026-01-01,gym,0.3783
U002928,2026-01-01,cloud,0.5941
U002929,2026-01-01,software,0.6905
U002930,2026-01-01,mobile,0.7441
U002931,2026-01-01,streaming,0.3775
U002932,2026-01-01,software,0.7736
U002933,2026-01-01,cloud,0.8249
U002934,2026-01-01,insurance,0.4815
U002935,2026-01-01,mobile,0.463
U002936,2026-01-01,gym,0.5857
U002937,2026-01-01,cloud,0.7115
U002938,2026-01-01,cloud,0.5718
U002939,2026-01-01,mobile,0.6707
U002940,2026-01-01,none,0.9129
U002941,2026-01-01,none,0.5113
U002942,2026-01-01,mobile,0.8509
U002943,2026-01-01,software,0.3906
U002944,2026-01-01,gym,0.5529
U002945,2026-01-01,none,0.4196
U002946,2026-01-01,music,0.3846
U002947,2026-01-01,cloud,0.6904
U002948,2026-01-01,cloud,0.4777
U002949,2026-01-01,insurance,0.4751
U002950,2026-01-01,insurance,0.8571
U002951,2026-01-01,none,0.9607
U002952,2026-01-01,streaming,0.4573
U002953,2026-01-01,none,0.9464
U002954,2026-01-01,cloud,0.8405
U002955,2026-01-01,streaming,0.6184
U002956,2026-01-01,none,0.8982
U002957,2026-01-01,gym,0.4388
U002958,2026-01-01,insurance,0.3346
U002959,2026-01-01,none,0.3857
U002960,2026-01-01,mobile,0.4739
U002961,2026-01-01,gym,0.5403
U002962,2026-01-01,software,0.4272
U002963,2026-01-01,software,0.6213
U002964,2026-01-01,music,0.509
U002965,2026-01-01,cloud,0.8764
U002966,2026-01-01,insurance,0.5311
U002967,2026-01-01,insurance,0.3891
U002968,2026-01-01,music,0.4329
U002969,2026-01-01,insurance,0.6678
U002970,2026-01-01,mobile,0.8335
U002971,2026-01-01,insurance,0.4288
U002972,2026-01-01,gym,0.521
U002973,2026-01-01,cloud,0.7657
U002974,2026-01-01,none,0.9157
U002975,2026-01-01,gym,0.6352
U002976,2026-01-01,none,0.689
U002977,2026-01-01,software,0.4908
U002978,2026-01-01,streaming,0.4277
U002979,2026-01-01,streaming,0.8221
U002980,2026-01-01,none,0.9073
U002981,2026-01-01,none,0.9986
U002982,2026-01-01,gym,0.5301
U002983,2026-01-01,music,0.7654
U002984,2026-01-01,cloud,0.5249
U002985,2026-01-01,software,0.4131
U002986,2026-01-01,mobile,0.5999
U002987,2026-01-01,software,0.7967
U002988,2026-01-01,none,0.9527
U002989,2026-01-01,mobile,0.5064
U002990,2026-01-01,streaming,0.4131
U002991,2026-01-01,none,0.486
U002992,2026-01-01,software,0.6452
U002993,2026-01-01,insurance,0.6002
U002994,2026-01-01,music,0.5038
U002995,2026-01-01,none,0.6772
U002996,2026-01-01,insurance,0.7999
U002997,2026-01-01,streaming,0.6995
U002998,2026-01-01,none,0.957
U002999,2026-01-01,insurance,0.8733
U003000,2026-01-01,none,0.881
U003001,2026-01-01,cloud,0.8395
U003002,2026-01-01,gym,0.6299
U003003,2026-01-01,software,0.5334
U003004,2026-01-01,none,0.9031
U003005,2026-01-01,mobile,0.564
U003006,2026-01-01,none,0.9285
U003007,2026-01-01,music,0.3952
U003008,2026-01-01,insurance,0.4655
U003009,2026-01-01,insurance,0.5281
U003010,2026-01-01,streaming,0.6269
U003011,2026-01-01,cloud,0.5908
U003012,2026-01-01,none,0.4767
U003013,2026-01-01,music,0.6848
U003014,2026-01-01,streaming,0.6181
U003015,2026-01-01,software,0.6509
U003016,2026-01-01,gym,0.4789
U003017,2026-01-01,none,0.7704
U003018,2026-01-01,gym,0.4428
U003019,2026-01-01,none,0.599
U003020,2026-01-01,gym,0.3173
U003021,2026-01-01,software,0.6391
U003022,2026-01-01,none,0.7849
U003023,2026-01-01,none,0.3454
U003024,2026-01-01,none,0.9951
U003025,2026-01-01,cloud,0.491
U003026,2026-01-01,none,0.7043
U003027,2026-01-01,mobile,0.511
U003028,2026-01-01,streaming,0.8257
U003029,2026-01-01,none,0.2974
U003030,2026-01-01,none,0.9499
U003031,2026-01-01,streaming,0.4872
U003032,2026-01-01,none,0.5577
U003033,2026-01-01,none,0.9668
U003034,2026-01-01,software,0.3266
U003035,2026-01-01,streaming,0.6012
U003036,2026-01-01,none,0.9278
U003037,2026-01-01,cloud,0.6753
U003038,2026-01-01,streaming,0.8203
U003039,2026-01-01,none,0.9902
U003040,2026-01-01,cloud,0.4629
U003041,2026-01-01,cloud,0.5044
U003042,2026-01-01,none,0.6696
U003043,2026-01-01,none,0.9897
U003044,2026-01-01,none,0.4227
U003045,2026-01-01,mobile,0.6401
U003046,2026-01-01,music,0.4914
U003047,2026-01-01,none,0.8171
U003048,2026-01-01,cloud,0.419
U003049,2026-01-01,none,0.9584
U003050,2026-01-01,insurance,0.4266
U003051,2026-01-01,music,0.523
U003052,2026-01-01,insurance,0.4578
U003053,2026-01-01,none,0.965
U003054,2026-01-01,gym,0.4005
U003055,2026-01-01,none,0.3657
U003056,2026-01-01,insurance,0.5832
U003057,2026-01-01,none,0.8402
U003058,2026-01-01,music,0.4762
U003059,2026-01-01,mobile,0.6692
U003060,2026-01-01,none,0.8028
U003061,2026-01-01,none,0.7917
U003062,2026-01-01,cloud,0.653
U003063,2026-01-01,gym,0.5579
U003064,2026-01-01,none,0.9968
U003065,2026-01-01,gym,0.3792
U003066,2026-01-01,none,0.481
U003067,2026-01-01,music,0.6266
U003068,2026-01-01,music,0.4564
U003069,2026-01-01,music,0.6398
U003070,2026-01-01,none,0.8408
U003071,2026-01-01,software,0.3856
U003072,2026-01-01,software,0.8291
U003073,2026-01-01,none,0.7565
U003074,2026-01-01,none,0.9561
U003075,2026-01-01,gym,0.2938
U003076,2026-01-01,software,0.7929
U003077,2026-01-01,insurance,0.6202
U003078,2026-01-01,insurance,0.7312
U003079,2026-01-01,none,0.9295
U003080,2026-01-01,cloud,0.6766
U003081,2026-01-01,cloud,0.5308
U003082,2026-01-01,mobile,0.7234
U003083,2026-01-01,cloud,0.4482
U003084,2026-01-01,streaming,0.3486
U003085,2026-01-01,streaming,0.509
U003086,2026-01-01,software,0.4843
U003087,2026-01-01,cloud,0.4823
U003088,2026-01-01,none,0.9319
U003089,2026-01-01,none,0.8941
U003090,2026-01-01,cloud,0.2761
U003091,2026-01-01,insurance,0.7206
U003092,2026-01-01,gym,0.3725
U003093,2026-01-01,cloud,0.488
U003094,2026-01-01,gym,0.3818
U003095,2026-01-01,music,0.4593
U003096,2026-01-01,software,0.6812
U003097,2026-01-01,none,0.9349
U003098,2026-01-01,none,0.9553
U003099,2026-01-01,mobile,0.5263
U003100,2026-01-01,mobile,0.4566
U003101,2026-01-01,gym,0.552
U003102,2026-01-01,software,0.814
U003103,2026-01-01,insurance,0.4829
U003104,2026-01-01,none,0.4549
U003105,2026-01-01,none,0.6402
U003106,2026-01-01,none,0.7511
U003107,2026-01-01,none,0.7666
U003108,2026-01-01,none,0.9672
U003109,2026-01-01,insurance,0.3954
U003110,2026-01-01,gym,0.5844
U003111,2026-01-01,gym,0.5872
U003112,2026-01-01,gym,0.7477
U003113,2026-01-01,streaming,0.619
U003114,2026-01-01,music,0.5246
U003115,2026-01-01,none,0.4659
U003116,2026-01-01,music,0.5418
U003117,2026-01-01,streaming,0.3864
U003118,2026-01-01,insurance,0.3125
U003119,2026-01-01,streaming,0.5079
U003120,2026-01-01,none,0.9178
U003121,2026-01-01,insurance,0.6302
U003122,2026-01-01,music,0.4408
U003123,2026-01-01,music,0.3883
U003124,2026-01-01,none,0.9997
U003125,2026-01-01,none,0.8238
U003126,2026-01-01,gym,0.5164
U003127,2026-01-01,gym,0.4307
U003128,2026-01-01,music,0.4664
U003129,2026-01-01,insurance,0.2957
U003130,2026-01-01,gym,0.3974
U003131,2026-01-01,none,0.9431
U003132,2026-01-01,cloud,0.4851
U003133,2026-01-01,cloud,0.3823
U003134,2026-01-01,cloud,0.7286
U003135,2026-01-01,music,0.8811
U003136,2026-01-01,cloud,0.5447
U003137,2026-01-01,mobile,0.8733
U003138,2026-01-01,insurance,0.7886
U003139,2026-01-01,none,0.9385
U003140,2026-01-01,streaming,0.6031
U003141,2026-01-01,none,0.9992
U003142,2026-01-01,cloud,0.5895
U003143,2026-01-01,insurance,0.8986
U003144,2026-01-01,none,0.9352
U003145,2026-01-01,none,0.4244
U003146,2026-01-01,cloud,0.7803
U003147,2026-01-01,none,0.7921
U003148,2026-01-01,none,0.9493
U003149,2026-01-01,gym,0.2935
U003150,2026-01-01,cloud,0.9025
U003151,2026-01-01,streaming,0.4488
U003152,2026-01-01,gym,0.4744
U003153,2026-01-01,streaming,0.5899
U003154,2026-01-01,streaming,0.8843
U003155,2026-01-01,software,0.7083
U003156,2026-01-01,none,0.9904
U003157,2026-01-01,none,0.9985
U003158,2026-01-01,insurance,0.5308
U003159,2026-01-01,cloud,0.3723
U003160,2026-01-01,software,0.4479
U003161,2026-01-01,streaming,0.6488
U003162,2026-01-01,gym,0.5077
U003163,2026-01-01,none,0.988
U003164,2026-01-01,none,0.8359
U003165,2026-01-01,streaming,0.6468
U003166,2026-01-01,mobile,0.4877
U003167,2026-01-01,none,0.3104
U003168,2026-01-01,streaming,0.7878
U003169,2026-01-01,none,0.5379
U003170,2026-01-01,insurance,0.4881
U003171,2026-01-01,insurance,0.4329
U003172,2026-01-01,none,0.9619
U003173,2026-01-01,cloud,0.7773
U003174,2026-01-01,gym,0.6891
U003175,2026-01-01,insurance,0.5006
U003176,2026-01-01,music,0.4997
U003177,2026-01-01,none,0.8813
U003178,2026-01-01,none,0.9949
U003179,2026-01-01,mobile,0.5848
U003180,2026-01-01,music,0.8686
U003181,2026-01-01,none,0.6736
U003182,2026-01-01,mobile,0.4818
U003183,2026-01-01,none,0.9768
U003184,2026-01-01,software,0.6463
U003185,2026-01-01,streaming,0.5471
U003186,2026-01-01,gym,0.7758
U003187,2026-01-01,software,0.4355
U003188,2026-01-01,streaming,0.4046
U003189,2026-01-01,software,0.3699
U003190,2026-01-01,none,0.4702
U003191,2026-01-01,streaming,0.3534
U003192,2026-01-01,mobile,0.6045
U003193,2026-01-01,gym,0.299
U003194,2026-01-01,gym,0.5402
U003195,2026-01-01,none,0.6891
U003196,2026-01-01,music,0.7501
U003197,2026-01-01,insurance,0.3827
U003198,2026-01-01,gym,0.5937
U003199,2026-01-01,streaming,0.5399
U003200,2026-01-01,gym,0.8189
U003201,2026-01-01,music,0.6631
U003202,2026-01-01,streaming,0.4481
U003203,2026-01-01,gym,0.4901
U003204,2026-01-01,cloud,0.5468
U003205,2026-01-01,insurance,0.8116
U003206,2026-01-01,mobile,0.8285
U003207,2026-01-01,streaming,0.612
U003208,2026-01-01,streaming,0.815
U003209,2026-01-01,software,0.5804
U003210,2026-01-01,insurance,0.4262
U003211,2026-01-01,none,0.5875
U003212,2026-01-01,streaming,0.492
U003213,2026-01-01,music,0.6392
U003214,2026-01-01,none,0.9944
U003215,2026-01-01,none,0.9937
U003216,2026-01-01,gym,0.5228
U003217,2026-01-01,none,0.9436
U003218,2026-01-01,software,0.4522
U003219,2026-01-01,insurance,0.3066
U003220,2026-01-01,none,0.5386
U003221,2026-01-01,none,0.9332
U003222,2026-01-01,none,0.887
U003223,2026-01-01,software,0.4812
U003224,2026-01-01,mobile,0.8227
U003225,2026-01-01,mobile,0.4474
U003226,2026-01-01,insurance,0.3655
U003227,2026-01-01,streaming,0.8571
U003228,2026-01-01,music,0.2897
U003229,2026-01-01,cloud,0.5774
U003230,2026-01-01,music,0.3783
U003231,2026-01-01,streaming,0.4844
U003232,2026-01-01,gym,0.4788
U003233,2026-01-01,mobile,0.56
U003234,2026-01-01,music,0.5215
U003235,2026-01-01,music,0.6866
U003236,2026-01-01,insurance,0.5344
U003237,2026-01-01,insurance,0.6025
U003238,2026-01-01,none,0.4066
U003239,2026-01-01,insurance,0.7627
U003240,2026-01-01,cloud,0.877
U003241,2026-01-01,streaming,0.5462
U003242,2026-01-01,insurance,0.7667
U003243,2026-01-01,music,0.7607
U003244,2026-01-01,insurance,0.6059
U003245,2026-01-01,music,0.5103
U003246,2026-01-01,none,0.9487
U003247,2026-01-01,none,0.8097
U003248,2026-01-01,software,0.8207
U003249,2026-01-01,mobile,0.3806
U003250,2026-01-01,none,0.751
U003251,2026-01-01,software,0.5672
U003252,2026-01-01,gym,0.5527
U003253,2026-01-01,streaming,0.551
U003254,2026-01-01,none,0.9959
U003255,2026-01-01,streaming,0.6317
U003256,2026-01-01,music,0.5619
U003257,2026-01-01,cloud,0.6595
U003258,2026-01-01,none,0.9987
U003259,2026-01-01,streaming,0.4129
U003260,2026-01-01,none,0.5146
U003261,2026-01-01,insurance,0.5349
U003262,2026-01-01,streaming,0.3962
U003263,2026-01-01,cloud,0.8511
U003264,2026-01-01,software,0.6167
U003265,2026-01-01,gym,0.8198
U003266,2026-01-01,none,0.9983
U003267,2026-01-01,software,0.5293
U003268,2026-01-01,streaming,0.6821
U003269,2026-01-01,none,0.9796
U003270,2026-01-01,music,0.6369
U003271,2026-01-01,gym,0.7862
U003272,2026-01-01,none,0.973
U003273,2026-01-01,software,0.3739
U003274,2026-01-01,software,0.8038
U003275,2026-01-01,streaming,0.4586
U003276,2026-01-01,mobile,0.6508
U003277,2026-01-01,gym,0.546
U003278,2026-01-01,software,0.5888
U003279,2026-01-01,mobile,0.3891
U003280,2026-01-01,software,0.5129
U003281,2026-01-01,none,0.6843
U003282,2026-01-01,music,0.6936
U003283,2026-01-01,streaming,0.463
U003284,2026-01-01,none,0.6053
U003285,2026-01-01,streaming,0.5899
U003286,2026-01-01,none,0.5314
U003287,2026-01-01,music,0.5075
U003288,2026-01-01,none,0.7778
U003289,2026-01-01,streaming,0.5149
U003290,2026-01-01,cloud,0.2773
U003291,2026-01-01,insurance,0.4895
U003292,2026-01-01,software,0.3655
U003293,2026-01-01,gym,0.4357
U003294,2026-01-01,streaming,0.7706
U003295,2026-01-01,cloud,0.6193
U003296,2026-01-01,software,0.4342
U003297,2026-01-01,cloud,0.8391
U003298,2026-01-01,mobile,0.5725
U003299,2026-01-01,none,0.8336
U003300,2026-01-01,gym,0.7708
U003301,2026-01-01,cloud,0.5585
U003302,2026-01-01,insurance,0.4646
U003303,2026-01-01,music,0.8454
U003304,2026-01-01,gym,0.8395
U003305,2026-01-01,cloud,0.4772
U003306,2026-01-01,streaming,0.5001
U003307,2026-01-01,gym,0.5984
U003308,2026-01-01,gym,0.8023
U003309,2026-01-01,music,0.6835
U003310,2026-01-01,software,0.6266
U003311,2026-01-01,gym,0.4972
U003312,2026-01-01,mobile,0.7208
U003313,2026-01-01,gym,0.6492
U003314,2026-01-01,gym,0.6653
U003315,2026-01-01,music,0.712
U003316,2026-01-01,music,0.8628
U003317,2026-01-01,software,0.6519
U003318,2026-01-01,cloud,0.5379
U003319,2026-01-01,mobile,0.3763
U003320,2026-01-01,software,0.6293
U003321,2026-01-01,mobile,0.4894
U003322,2026-01-01,mobile,0.8044
U003323,2026-01-01,mobile,0.9133
U003324,2026-01-01,mobile,0.5238
U003325,2026-01-01,cloud,0.6822
U003326,2026-01-01,none,0.9929
U003327,2026-01-01,software,0.7644
U003328,2026-01-01,cloud,0.7231
U003329,2026-01-01,none,0.6401
U003330,2026-01-01,streaming,0.8324
U003331,2026-01-01,mobile,0.8488
U003332,2026-01-01,none,0.9992
U003333,2026-01-01,streaming,0.5552
U003334,2026-01-01,streaming,0.436
U003335,2026-01-01,music,0.7015
U003336,2026-01-01,cloud,0.695
U003337,2026-01-01,none,0.5409
U003338,2026-01-01,software,0.4558
U003339,2026-01-01,insurance,0.3883
U003340,2026-01-01,none,0.9995
U003341,2026-01-01,cloud,0.3785
U003342,2026-01-01,cloud,0.752
U003343,2026-01-01,gym,0.2116
U003344,2026-01-01,gym,0.6365
U003345,2026-01-01,cloud,0.6746
U003346,2026-01-01,music,0.7569
U003347,2026-01-01,streaming,0.8656
U003348,2026-01-01,none,0.9433
U003349,2026-01-01,mobile,0.5622
U003350,2026-01-01,mobile,0.6738
U003351,2026-01-01,insurance,0.8333
U003352,2026-01-01,software,0.4716
U003353,2026-01-01,none,0.4101
U003354,2026-01-01,none,0.9995
U003355,2026-01-01,insurance,0.728
U003356,2026-01-01,software,0.7376
U003357,2026-01-01,mobile,0.5424
U003358,2026-01-01,gym,0.8124
U003359,2026-01-01,music,0.7802
U003360,2026-01-01,insurance,0.6175
U003361,2026-01-01,mobile,0.4843
U003362,2026-01-01,streaming,0.91
U003363,2026-01-01,insurance,0.6025
U003364,2026-01-01,none,0.4825
U003365,2026-01-01,mobile,0.5202
U003366,2026-01-01,insurance,0.4127
U003367,2026-01-01,insurance,0.714
U003368,2026-01-01,none,0.993
U003369,2026-01-01,insurance,0.5628
U003370,2026-01-01,software,0.548
U003371,2026-01-01,none,0.5088
U003372,2026-01-01,none,0.4767
U003373,2026-01-01,streaming,0.7396
U003374,2026-01-01,mobile,0.5329
U003375,2026-01-01,software,0.6746
U003376,2026-01-01,software,0.8153
U003377,2026-01-01,mobile,0.645
U003378,2026-01-01,cloud,0.742
U003379,2026-01-01,music,0.436
U003380,2026-01-01,software,0.5898
U003381,2026-01-01,gym,0.7791
U003382,2026-01-01,streaming,0.3848
U003383,2026-01-01,streaming,0.432
U003384,2026-01-01,none,0.9997
U003385,2026-01-01,gym,0.7939
U003386,2026-01-01,none,0.7172
U003387,2026-01-01,mobile,0.5365
U003388,2026-01-01,gym,0.6418
U003389,2026-01-01,insurance,0.6179
U003390,2026-01-01,mobile,0.4698
U003391,2026-01-01,software,0.6551
U003392,2026-01-01,music,0.5208
U003393,2026-01-01,software,0.8678
U003394,2026-01-01,streaming,0.6043
U003395,2026-01-01,insurance,0.7749
U003396,2026-01-01,music,0.4936
U003397,2026-01-01,mobile,0.6546
U003398,2026-01-01,none,0.9954
U003399,2026-01-01,gym,0.836
U003400,2026-01-01,software,0.3689
U003401,2026-01-01,music,0.4845
U003402,2026-01-01,none,0.6084
U003403,2026-01-01,streaming,0.4543
U003404,2026-01-01,software,0.5898
U003405,2026-01-01,none,0.509
U003406,2026-01-01,gym,0.7772
U003407,2026-01-01,insurance,0.6781
U003408,2026-01-01,none,0.8573
U003409,2026-01-01,streaming,0.6834
U003410,2026-01-01,none,0.4011
U003411,2026-01-01,none,0.4912
U003412,2026-01-01,mobile,0.4941
U003413,2026-01-01,gym,0.3842
U003414,2026-01-01,gym,0.5691
U003415,2026-01-01,gym,0.4487
U003416,2026-01-01,cloud,0.7012
U003417,2026-01-01,none,0.8534
U003418,2026-01-01,none,0.7058
U003419,2026-01-01,streaming,0.4579
U003420,2026-01-01,music,0.3495
U003421,2026-01-01,none,0.9262
U003422,2026-01-01,mobile,0.7322
U003423,2026-01-01,gym,0.7108
U003424,2026-01-01,none,0.9999
U003425,2026-01-01,none,0.6046
U003426,2026-01-01,streaming,0.4612
U003427,2026-01-01,music,0.3258
U003428,2026-01-01,none,0.6631
U003429,2026-01-01,mobile,0.9181
U003430,2026-01-01,gym,0.3864
U003431,2026-01-01,insurance,0.5527
U003432,2026-01-01,gym,0.3776
U003433,2026-01-01,none,0.8945
U003434,2026-01-01,mobile,0.4315
U003435,2026-01-01,insurance,0.398
U003436,2026-01-01,streaming,0.6455
U003437,2026-01-01,gym,0.7614
U003438,2026-01-01,music,0.5297
U003439,2026-01-01,gym,0.6194
U003440,2026-01-01,none,0.7198
U003441,2026-01-01,insurance,0.58
U003442,2026-01-01,cloud,0.4936
U003443,2026-01-01,mobile,0.5509
U003444,2026-01-01,none,0.8318
U003445,2026-01-01,music,0.7234
U003446,2026-01-01,cloud,0.5726
U003447,2026-01-01,none,0.993
U003448,2026-01-01,insurance,0.3651
U003449,2026-01-01,mobile,0.2926
U003450,2026-01-01,insurance,0.7435
U003451,2026-01-01,insurance,0.7104
U003452,2026-01-01,gym,0.7626
U003453,2026-01-01,cloud,0.7003
U003454,2026-01-01,cloud,0.3308
U003455,2026-01-01,cloud,0.5913
U003456,2026-01-01,none,0.9203
U003457,2026-01-01,software,0.5504
U003458,2026-01-01,none,0.9029
U003459,2026-01-01,gym,0.3717
U003460,2026-01-01,streaming,0.4835
U003461,2026-01-01,cloud,0.5358
U003462,2026-01-01,mobile,0.5456
U003463,2026-01-01,none,0.8278
U003464,2026-01-01,cloud,0.7011
U003465,2026-01-01,music,0.7043
U003466,2026-01-01,music,0.6255
U003467,2026-01-01,software,0.5319
U003468,2026-01-01,streaming,0.5513
U003469,2026-01-01,none,0.9512
U003470,2026-01-01,gym,0.6217
U003471,2026-01-01,gym,0.5051
U003472,2026-01-01,insurance,0.6629
U003473,2026-01-01,software,0.4627
U003474,2026-01-01,none,0.434
U003475,2026-01-01,cloud,0.631
U003476,2026-01-01,none,0.4927
U003477,2026-01-01,streaming,0.875
U003478,2026-01-01,gym,0.819
U003479,2026-01-01,software,0.456
U003480,2026-01-01,mobile,0.4485
U003481,2026-01-01,insurance,0.64
U003482,2026-01-01,none,0.9983
U003483,2026-01-01,mobile,0.4521
U003484,2026-01-01,software,0.4248
U003485,2026-01-01,insurance,0.469
U003486,2026-01-01,mobile,0.3326
U003487,2026-01-01,gym,0.8437
U003488,2026-01-01,software,0.614
U003489,2026-01-01,mobile,0.4576
U003490,2026-01-01,gym,0.3739
U003491,2026-01-01,none,0.3076
U003492,2026-01-01,software,0.4429
U003493,2026-01-01,none,0.9842
U003494,2026-01-01,none,0.9903
U003495,2026-01-01,mobile,0.4861
U003496,2026-01-01,none,0.9375
U003497,2026-01-01,cloud,0.5925
U003498,2026-01-01,gym,0.801
U003499,2026-01-01,none,0.9083
U003500,2026-01-01,mobile,0.3381
U003501,2026-01-01,none,0.9478
U003502,2026-01-01,gym,0.617
U003503,2026-01-01,insurance,0.6297
U003504,2026-01-01,insurance,0.5593
U003505,2026-01-01,streaming,0.4663
U003506,2026-01-01,none,0.9417
U003507,2026-01-01,streaming,0.8751
U003508,2026-01-01,mobile,0.718
U003509,2026-01-01,software,0.5722
U003510,2026-01-01,none,0.9859
U003511,2026-01-01,mobile,0.5262
U003512,2026-01-01,music,0.8057
U003513,2026-01-01,mobile,0.5147
U003514,2026-01-01,software,0.6605
U003515,2026-01-01,mobile,0.7029
U003516,2026-01-01,insurance,0.8128
U003517,2026-01-01,cloud,0.4338
U003518,2026-01-01,none,0.9294
U003519,2026-01-01,cloud,0.4564
U003520,2026-01-01,mobile,0.544
U003521,2026-01-01,streaming,0.6625
U003522,2026-01-01,none,0.9603
U003523,2026-01-01,insurance,0.4926
U003524,2026-01-01,software,0.5507
U003525,2026-01-01,cloud,0.7304
U003526,2026-01-01,none,0.9386
U003527,2026-01-01,none,0.9516
U003528,2026-01-01,cloud,0.4966
U003529,2026-01-01,cloud,0.4588
U003530,2026-01-01,none,0.982
U003531,2026-01-01,none,0.9159
U003532,2026-01-01,software,0.6901
U003533,2026-01-01,gym,0.4951
U003534,2026-01-01,streaming,0.8911
U003535,2026-01-01,none,0.9553
U003536,2026-01-01,music,0.5396
U003537,2026-01-01,gym,0.443
U003538,2026-01-01,insurance,0.4222
U003539,2026-01-01,mobile,0.6819
U003540,2026-01-01,none,0.8414
U003541,2026-01-01,cloud,0.8785
U003542,2026-01-01,software,0.3612
U003543,2026-01-01,software,0.4455
U003544,2026-01-01,streaming,0.373
U003545,2026-01-01,mobile,0.5675
U003546,2026-01-01,music,0.7966
U003547,2026-01-01,gym,0.7511
U003548,2026-01-01,mobile,0.5673
U003549,2026-01-01,mobile,0.5909
U003550,2026-01-01,software,0.3359
U003551,2026-01-01,music,0.3455
U003552,2026-01-01,none,0.9937
U003553,2026-01-01,music,0.5618
U003554,2026-01-01,none,0.9809
U003555,2026-01-01,none,0.9996
U003556,2026-01-01,none,0.9267
U003557,2026-01-01,cloud,0.47
U003558,2026-01-01,music,0.7635
U003559,2026-01-01,mobile,0.5881
U003560,2026-01-01,music,0.4535
U003561,2026-01-01,insurance,0.7524
U003562,2026-01-01,none,0.9937
U003563,2026-01-01,music,0.7766
U003564,2026-01-01,none,0.5081
U003565,2026-01-01,music,0.8394
U003566,2026-01-01,streaming,0.5637
U003567,2026-01-01,none,0.9975
U003568,2026-01-01,software,0.6548
U003569,2026-01-01,cloud,0.7223
U003570,2026-01-01,cloud,0.5098
U003571,2026-01-01,software,0.8187
U003572,2026-01-01,streaming,0.6737
U003573,2026-01-01,software,0.5284
U003574,2026-01-01,music,0.6162
U003575,2026-01-01,cloud,0.5119
U003576,2026-01-01,software,0.6725
U003577,2026-01-01,music,0.6164
U003578,2026-01-01,software,0.5289
U003579,2026-01-01,gym,0.3448
U003580,2026-01-01,none,0.9054
U003581,2026-01-01,none,0.4976
U003582,2026-01-01,gym,0.6708
U003583,2026-01-01,gym,0.6341
U003584,2026-01-01,mobile,0.892
U003585,2026-01-01,none,0.6341
U003586,2026-01-01,none,0.9197
U003587,2026-01-01,software,0.5038
U003588,2026-01-01,music,0.5083
U003589,2026-01-01,none,0.7046
U003590,2026-01-01,insurance,0.5804
U003591,2026-01-01,none,0.9222
U003592,2026-01-01,gym,0.7632
U003593,2026-01-01,streaming,0.6617
U003594,2026-01-01,insurance,0.8433
U003595,2026-01-01,gym,0.496
U003596,2026-01-01,none,0.7987
U003597,2026-01-01,none,0.8336
U003598,2026-01-01,none,0.3785
U003599,2026-01-01,none,0.9035
U003600,2026-01-01,streaming,0.8645
U003601,2026-01-01,none,0.5517
U003602,2026-01-01,music,0.6475
U003603,2026-01-01,insurance,0.4574
U003604,2026-01-01,software,0.6063
U003605,2026-01-01,none,0.659
U003606,2026-01-01,music,0.6578
U003607,2026-01-01,insurance,0.6514
U003608,2026-01-01,mobile,0.3834
U003609,2026-01-01,insurance,0.4932
U003610,2026-01-01,cloud,0.5913
U003611,2026-01-01,cloud,0.4774
U003612,2026-01-01,cloud,0.8096
U003613,2026-01-01,music,0.5217
U003614,2026-01-01,streaming,0.6919
U003615,2026-01-01,none,0.3996
U003616,2026-01-01,insurance,0.6294
U003617,2026-01-01,mobile,0.3869
U003618,2026-01-01,music,0.6957
U003619,2026-01-01,software,0.3672
U003620,2026-01-01,mobile,0.4492
U003621,2026-01-01,none,0.8653
U003622,2026-01-01,insurance,0.5071
U003623,2026-01-01,gym,0.6918
U003624,2026-01-01,none,0.9884
U003625,2026-01-01,mobile,0.5572
U003626,2026-01-01,software,0.5212
U003627,2026-01-01,none,0.4841
U003628,2026-01-01,none,0.3814
U003629,2026-01-01,music,0.4814
U003630,2026-01-01,none,0.9993
U003631,2026-01-01,insurance,0.7279
U003632,2026-01-01,software,0.4173
U003633,2026-01-01,none,0.225
U003634,2026-01-01,software,0.8655
U003635,2026-01-01,insurance,0.5263
U003636,2026-01-01,gym,0.4691
U003637,2026-01-01,insurance,0.7457
U003638,2026-01-01,music,0.5994
U003639,2026-01-01,music,0.6988
U003640,2026-01-01,mobile,0.4549
U003641,2026-01-01,none,0.868
U003642,2026-01-01,none,0.8289
U003643,2026-01-01,music,0.3674
U003644,2026-01-01,insurance,0.5815
U003645,2026-01-01,none,0.9414
U003646,2026-01-01,music,0.7519
U003647,2026-01-01,streaming,0.6578
U003648,2026-01-01,music,0.5843
U003649,2026-01-01,music,0.8731
U003650,2026-01-01,streaming,0.4833
U003651,2026-01-01,none,0.9986
U003652,2026-01-01,insurance,0.7822
U003653,2026-01-01,insurance,0.4748
U003654,2026-01-01,none,0.6418
U003655,2026-01-01,none,0.9412
U003656,2026-01-01,insurance,0.603
U003657,2026-01-01,insurance,0.7201
U003658,2026-01-01,mobile,0.4985
U003659,2026-01-01,none,0.997
U003660,2026-01-01,gym,0.6442
U003661,2026-01-01,none,0.976
U003662,2026-01-01,gym,0.7791
U003663,2026-01-01,insurance,0.6971
U003664,2026-01-01,streaming,0.8027
U003665,2026-01-01,streaming,0.4328
U003666,2026-01-01,none,0.9921
U003667,2026-01-01,cloud,0.4655
U003668,2026-01-01,mobile,0.8451
U003669,2026-01-01,gym,0.5344
U003670,2026-01-01,gym,0.8493
U003671,2026-01-01,music,0.4513
U003672,2026-01-01,software,0.5191
U003673,2026-01-01,mobile,0.4206
U003674,2026-01-01,none,0.995
U003675,2026-01-01,insurance,0.8679
U003676,2026-01-01,music,0.6213
U003677,2026-01-01,music,0.4581
U003678,2026-01-01,software,0.6181
U003679,2026-01-01,none,0.9377
U003680,2026-01-01,software,0.4031
U003681,2026-01-01,none,0.9582
U003682,2026-01-01,none,0.9947
U003683,2026-01-01,insurance,0.3421
U003684,2026-01-01,software,0.6753
U003685,2026-01-01,software,0.4021
U003686,2026-01-01,none,0.8678
U003687,2026-01-01,gym,0.6724
U003688,2026-01-01,none,0.5732
U003689,2026-01-01,cloud,0.3382
U003690,2026-01-01,none,0.9884
U003691,2026-01-01,none,0.5236
U003692,2026-01-01,none,0.9959
U003693,2026-01-01,music,0.4096
U003694,2026-01-01,none,0.9978
U003695,2026-01-01,software,0.4548
U003696,2026-01-01,none,0.4454
U003697,2026-01-01,software,0.6792
U003698,2026-01-01,gym,0.4836
U003699,2026-01-01,insurance,0.509
U003700,2026-01-01,none,0.9874
U003701,2026-01-01,none,0.949
U003702,2026-01-01,insurance,0.6607
U003703,2026-01-01,gym,0.8181
U003704,2026-01-01,mobile,0.4103
U003705,2026-01-01,music,0.8719
U003706,2026-01-01,cloud,0.585
U003707,2026-01-01,software,0.8849
U003708,2026-01-01,none,0.3845
U003709,2026-01-01,cloud,0.8515
U003710,2026-01-01,gym,0.7852
U003711,2026-01-01,gym,0.4821
U003712,2026-01-01,insurance,0.4585
U003713,2026-01-01,mobile,0.4794
U003714,2026-01-01,gym,0.2785
U003715,2026-01-01,none,0.6545
U003716,2026-01-01,streaming,0.8551
U003717,2026-01-01,none,0.9982
U003718,2026-01-01,software,0.3416
U003719,2026-01-01,music,0.9023
U003720,2026-01-01,streaming,0.915
U003721,2026-01-01,software,0.4714
U003722,2026-01-01,none,0.9324
U003723,2026-01-01,software,0.5056
U003724,2026-01-01,software,0.561
U003725,2026-01-01,streaming,0.5207
U003726,2026-01-01,gym,0.8385
U003727,2026-01-01,insurance,0.4669
U003728,2026-01-01,none,0.9972
U003729,2026-01-01,none,0.3696
U003730,2026-01-01,insurance,0.4635
U003731,2026-01-01,cloud,0.8449
U003732,2026-01-01,insurance,0.4979
U003733,2026-01-01,software,0.4519
U003734,2026-01-01,software,0.6844
U003735,2026-01-01,none,0.8527
U003736,2026-01-01,software,0.4338
U003737,2026-01-01,mobile,0.5469
U003738,2026-01-01,none,0.6679
U003739,2026-01-01,music,0.6843
U003740,2026-01-01,gym,0.5696
U003741,2026-01-01,software,0.6142
U003742,2026-01-01,music,0.7047
U003743,2026-01-01,software,0.6244
U003744,2026-01-01,mobile,0.4808
U003745,2026-01-01,none,0.9648
U003746,2026-01-01,gym,0.4585
U003747,2026-01-01,music,0.7265
U003748,2026-01-01,insurance,0.6735
U003749,2026-01-01,software,0.4452
U003750,2026-01-01,music,0.5263
U003751,2026-01-01,cloud,0.7884
U003752,2026-01-01,insurance,0.6254
U003753,2026-01-01,music,0.4357
U003754,2026-01-01,streaming,0.6842
U003755,2026-01-01,none,0.999
U003756,2026-01-01,mobile,0.8012
U003757,2026-01-01,none,0.9279
U003758,2026-01-01,software,0.4877
U003759,2026-01-01,software,0.463
U003760,2026-01-01,none,0.6347
U003761,2026-01-01,streaming,0.6327
U003762,2026-01-01,gym,0.472
U003763,2026-01-01,none,0.7536
U003764,2026-01-01,none,0.4006
U003765,2026-01-01,none,0.9364
U003766,2026-01-01,software,0.6317
U003767,2026-01-01,none,0.401
U003768,2026-01-01,none,0.9457
U003769,2026-01-01,none,0.9572
U003770,2026-01-01,gym,0.5829
U003771,2026-01-01,cloud,0.5678
U003772,2026-01-01,software,0.7609
U003773,2026-01-01,mobile,0.6984
U003774,2026-01-01,software,0.4166
U003775,2026-01-01,gym,0.5902
U003776,2026-01-01,none,0.9988
U003777,2026-01-01,cloud,0.9046
U003778,2026-01-01,none,0.981
U003779,2026-01-01,music,0.5365
U003780,2026-01-01,cloud,0.785
U003781,2026-01-01,none,0.8054
U003782,2026-01-01,gym,0.7113
U003783,2026-01-01,gym,0.5228
U003784,2026-01-01,streaming,0.6432
U003785,2026-01-01,cloud,0.4667
U003786,2026-01-01,none,0.6385
U003787,2026-01-01,insurance,0.4717
U003788,2026-01-01,streaming,0.8682
U003789,2026-01-01,mobile,0.5239
U003790,2026-01-01,none,0.9078
U003791,2026-01-01,software,0.8801
U003792,2026-01-01,software,0.8363
U003793,2026-01-01,gym,0.3734
U003794,2026-01-01,music,0.4168
U003795,2026-01-01,none,0.9769
U003796,2026-01-01,software,0.6755
U003797,2026-01-01,mobile,0.5492
U003798,2026-01-01,streaming,0.2733
U003799,2026-01-01,none,0.7495
U003800,2026-01-01,insurance,0.7721
U003801,2026-01-01,none,0.9828
U003802,2026-01-01,streaming,0.712
U003803,2026-01-01,software,0.6351
U003804,2026-01-01,gym,0.6739
U003805,2026-01-01,insurance,0.3908
U003806,2026-01-01,none,0.5711
U003807,2026-01-01,software,0.5626
U003808,2026-01-01,streaming,0.6128
U003809,2026-01-01,mobile,0.7871
U003810,2026-01-01,none,0.7764
U003811,2026-01-01,none,0.9964
U003812,2026-01-01,insurance,0.4455
U003813,2026-01-01,cloud,0.5894
U003814,2026-01-01,streaming,0.2873
U003815,2026-01-01,cloud,0.6438
U003816,2026-01-01,cloud,0.3507
U003817,2026-01-01,none,0.9692
U003818,2026-01-01,mobile,0.6357
U003819,2026-01-01,none,0.8849
U003820,2026-01-01,gym,0.4048
U003821,2026-01-01,gym,0.3975
U003822,2026-01-01,insurance,0.5493
U003823,2026-01-01,none,0.9955
U003824,2026-01-01,cloud,0.4436
U003825,2026-01-01,none,0.501
U003826,2026-01-01,music,0.4722
U003827,2026-01-01,none,0.7685
U003828,2026-01-01,music,0.409
U003829,2026-01-01,none,0.8001
U003830,2026-01-01,none,0.7714
U003831,2026-01-01,gym,0.6608
U003832,2026-01-01,cloud,0.7233
U003833,2026-01-01,gym,0.6326
U003834,2026-01-01,none,0.9802
U003835,2026-01-01,none,0.9444
U003836,2026-01-01,none,0.9904
U003837,2026-01-01,mobile,0.7953
U003838,2026-01-01,streaming,0.6575
U003839,2026-01-01,cloud,0.5135
U003840,2026-01-01,streaming,0.3918
U003841,2026-01-01,music,0.7731
U003842,2026-01-01,software,0.7586
U003843,2026-01-01,cloud,0.8507
U003844,2026-01-01,software,0.7413
U003845,2026-01-01,insurance,0.6689
U003846,2026-01-01,mobile,0.6957
U003847,2026-01-01,streaming,0.6478
U003848,2026-01-01,cloud,0.6052
U003849,2026-01-01,none,0.9153
U003850,2026-01-01,music,0.7923
U003851,2026-01-01,none,0.8226
U003852,2026-01-01,streaming,0.547
U003853,2026-01-01,mobile,0.8655
U003854,2026-01-01,none,0.9744
U003855,2026-01-01,cloud,0.6693
U003856,2026-01-01,none,0.972
U003857,2026-01-01,insurance,0.5221
U003858,2026-01-01,none,0.9997
U003859,2026-01-01,streaming,0.671
U003860,2026-01-01,none,0.942
U003861,2026-01-01,software,0.6366
U003862,2026-01-01,mobile,0.5286
U003863,2026-01-01,none,0.7615
U003864,2026-01-01,cloud,0.4481
U003865,2026-01-01,none,0.4612
U003866,2026-01-01,none,0.9996
U003867,2026-01-01,insurance,0.687
U003868,2026-01-01,mobile,0.7074
U003869,2026-01-01,mobile,0.5943
U003870,2026-01-01,cloud,0.8746
U003871,2026-01-01,mobile,0.5429
U003872,2026-01-01,music,0.5155
U003873,2026-01-01,none,0.9722
U003874,2026-01-01,none,0.9247
U003875,2026-01-01,streaming,0.6599
U003876,2026-01-01,insurance,0.4783
U003877,2026-01-01,cloud,0.4502
U003878,2026-01-01,cloud,0.312
U003879,2026-01-01,cloud,0.8688
U003880,2026-01-01,streaming,0.7344
U003881,2026-01-01,none,0.4083
U003882,2026-01-01,none,0.9512
U003883,2026-01-01,music,0.4599
U003884,2026-01-01,streaming,0.406
U003885,2026-01-01,cloud,0.6176
U003886,2026-01-01,cloud,0.537
U003887,2026-01-01,cloud,0.7459
U003888,2026-01-01,none,0.9953
U003889,2026-01-01,music,0.4074
U003890,2026-01-01,gym,0.6868
U003891,2026-01-01,none,0.9981
U003892,2026-01-01,none,0.9929
U003893,2026-01-01,mobile,0.4706
U003894,2026-01-01,software,0.394
U003895,2026-01-01,none,0.5869
U003896,2026-01-01,gym,0.4561
U003897,2026-01-01,gym,0.321
U003898,2026-01-01,mobile,0.7725
U003899,2026-01-01,gym,0.3786
U003900,2026-01-01,software,0.487
U003901,2026-01-01,mobile,0.5353
U003902,2026-01-01,music,0.3562
U003903,2026-01-01,none,0.9367
U003904,2026-01-01,insurance,0.787
U003905,2026-01-01,software,0.5229
U003906,2026-01-01,software,0.509
U003907,2026-01-01,streaming,0.4889
U003908,2026-01-01,none,0.7607
U003909,2026-01-01,streaming,0.6826
U003910,2026-01-01,none,0.4804
U003911,2026-01-01,none,0.9834
U003912,2026-01-01,insurance,0.567
U003913,2026-01-01,cloud,0.3774
U003914,2026-01-01,streaming,0.4072
U003915,2026-01-01,none,0.9668
U003916,2026-01-01,none,0.919
U003917,2026-01-01,none,0.893
U003918,2026-01-01,gym,0.8873
U003919,2026-01-01,none,0.9416
U003920,2026-01-01,none,0.9256
U003921,2026-01-01,mobile,0.455
U003922,2026-01-01,none,0.6448
U003923,2026-01-01,cloud,0.4524
U003924,2026-01-01,software,0.8777
U003925,2026-01-01,software,0.772
U003926,2026-01-01,mobile,0.5653
U003927,2026-01-01,music,0.6478
U003928,2026-01-01,cloud,0.5943
U003929,2026-01-01,music,0.5359
U003930,2026-01-01,software,0.5213
U003931,2026-01-01,streaming,0.4811
U003932,2026-01-01,none,0.9866
U003933,2026-01-01,cloud,0.7602
U003934,2026-01-01,mobile,0.5161
U003935,2026-01-01,insurance,0.4275
U003936,2026-01-01,streaming,0.3601
U003937,2026-01-01,gym,0.6267
U003938,2026-01-01,music,0.8526
U003939,2026-01-01,mobile,0.5196
U003940,2026-01-01,none,0.9974
U003941,2026-01-01,insurance,0.4618
U003942,2026-01-01,software,0.9086
U003943,2026-01-01,streaming,0.4104
U003944,2026-01-01,none,0.3593
U003945,2026-01-01,software,0.4862
U003946,2026-01-01,none,0.9805
U003947,2026-01-01,insurance,0.5895
U003948,2026-01-01,gym,0.748
U003949,2026-01-01,cloud,0.4243
U003950,2026-01-01,software,0.3867
U003951,2026-01-01,music,0.9131
U003952,2026-01-01,none,0.8775
U003953,2026-01-01,none,0.9441
U003954,2026-01-01,none,0.9541
U003955,2026-01-01,mobile,0.5117
U003956,2026-01-01,none,0.4285
U003957,2026-01-01,none,0.7551
U003958,2026-01-01,software,0.4473
U003959,2026-01-01,insurance,0.4212
U003960,2026-01-01,mobile,0.8786
U003961,2026-01-01,cloud,0.761
U003962,2026-01-01,none,0.3769
U003963,2026-01-01,music,0.5156
U003964,2026-01-01,music,0.467
U003965,2026-01-01,software,0.5788
U003966,2026-01-01,none,0.995
U003967,2026-01-01,insurance,0.6099
U003968,2026-01-01,none,0.7338
U003969,2026-01-01,music,0.5495
U003970,2026-01-01,insurance,0.4735
U003971,2026-01-01,none,0.677
U003972,2026-01-01,none,0.9877
U003973,2026-01-01,mobile,0.3938
U003974,2026-01-01,streaming,0.4023
U003975,2026-01-01,software,0.5125
U003976,2026-01-01,music,0.4354
U003977,2026-01-01,streaming,0.3308
U003978,2026-01-01,cloud,0.4788
U003979,2026-01-01,music,0.6375
U003980,2026-01-01,mobile,0.6289
U003981,2026-01-01,insurance,0.5674
U003982,2026-01-01,streaming,0.4681
U003983,2026-01-01,streaming,0.5502
U003984,2026-01-01,mobile,0.898
U003985,2026-01-01,none,0.6731
U003986,2026-01-01,gym,0.6902
U003987,2026-01-01,none,0.8725
U003988,2026-01-01,gym,0.3591
U003989,2026-01-01,none,0.9947
U003990,2026-01-01,software,0.4347
U003991,2026-01-01,none,0.9934
U003992,2026-01-01,cloud,0.345
U003993,2026-01-01,cloud,0.4572
U003994,2026-01-01,cloud,0.3909
U003995,2026-01-01,none,0.9668
U003996,2026-01-01,mobile,0.3568
U003997,2026-01-01,cloud,0.5479
U003998,2026-01-01,insurance,0.5787
U003999,2026-01-01,mobile,0.4582
U004000,2026-01-01,music,0.6442
U004001,2026-01-01,insurance,0.7973
U004002,2026-01-01,none,0.3192
U004003,2026-01-01,music,0.4692
U004004,2026-01-01,music,0.6501
U004005,2026-01-01,cloud,0.7699
U004006,2026-01-01,software,0.7412
U004007,2026-01-01,none,0.8826
U004008,2026-01-01,mobile,0.5322
U004009,2026-01-01,insurance,0.447
U004010,2026-01-01,none,0.9827
U004011,2026-01-01,insurance,0.5055
U004012,2026-01-01,music,0.847
U004013,2026-01-01,none,0.8142
U004014,2026-01-01,cloud,0.7612
U004015,2026-01-01,none,0.638
U004016,2026-01-01,none,0.8297
U004017,2026-01-01,none,0.9201
U004018,2026-01-01,gym,0.6428
U004019,2026-01-01,none,0.7639
U004020,2026-01-01,streaming,0.6133
U004021,2026-01-01,music,0.7256
U004022,2026-01-01,streaming,0.4809
U004023,2026-01-01,cloud,0.5189
U004024,2026-01-01,none,0.4077
U004025,2026-01-01,streaming,0.6946
U004026,2026-01-01,gym,0.6511
U004027,2026-01-01,gym,0.5507
U004028,2026-01-01,insurance,0.4577
U004029,2026-01-01,none,0.7488
U004030,2026-01-01,software,0.6189
U004031,2026-01-01,cloud,0.3995
U004032,2026-01-01,none,0.9807
U004033,2026-01-01,mobile,0.7563
U004034,2026-01-01,mobile,0.3419
U004035,2026-01-01,mobile,0.4557
U004036,2026-01-01,music,0.4721
U004037,2026-01-01,none,0.9658
U004038,2026-01-01,streaming,0.5189
U004039,2026-01-01,cloud,0.4041
U004040,2026-01-01,none,0.4478
U004041,2026-01-01,none,0.9115
U004042,2026-01-01,insurance,0.5829
U004043,2026-01-01,mobile,0.6322
U004044,2026-01-01,music,0.4429
U004045,2026-01-01,none,0.8725
U004046,2026-01-01,insurance,0.3337
U004047,2026-01-01,insurance,0.4238
U004048,2026-01-01,gym,0.5594
U004049,2026-01-01,insurance,0.4514
U004050,2026-01-01,cloud,0.5458
U004051,2026-01-01,software,0.6491
U004052,2026-01-01,none,0.4925
U004053,2026-01-01,cloud,0.8287
U004054,2026-01-01,insurance,0.3637
U004055,2026-01-01,gym,0.3788
U004056,2026-01-01,insurance,0.6157
U004057,2026-01-01,cloud,0.4783
U004058,2026-01-01,gym,0.604
U004059,2026-01-01,software,0.3755
U004060,2026-01-01,software,0.4202
U004061,2026-01-01,cloud,0.2904
U004062,2026-01-01,none,0.998
U004063,2026-01-01,mobile,0.5478
U004064,2026-01-01,streaming,0.7608
U004065,2026-01-01,cloud,0.7912
U004066,2026-01-01,gym,0.5362
U004067,2026-01-01,none,0.7634
U004068,2026-01-01,gym,0.4747
U004069,2026-01-01,mobile,0.7066
U004070,2026-01-01,none,0.4134
U004071,2026-01-01,none,0.5954
U004072,2026-01-01,gym,0.4737
U004073,2026-01-01,insurance,0.539
U004074,2026-01-01,insurance,0.5552
U004075,2026-01-01,none,0.9703
U004076,2026-01-01,mobile,0.6285
U004077,2026-01-01,music,0.5561
U004078,2026-01-01,software,0.579
U004079,2026-01-01,software,0.5531
U004080,2026-01-01,cloud,0.4445
U004081,2026-01-01,music,0.5611
U004082,2026-01-01,none,0.7639
U004083,2026-01-01,cloud,0.4974
U004084,2026-01-01,insurance,0.8138
U004085,2026-01-01,cloud,0.3785
U004086,2026-01-01,cloud,0.5868
U004087,2026-01-01,mobile,0.5418
U004088,2026-01-01,none,0.6561
U004089,2026-01-01,insurance,0.5326
U004090,2026-01-01,mobile,0.5378
U004091,2026-01-01,gym,0.7774
U004092,2026-01-01,music,0.8361
U004093,2026-01-01,music,0.5081
U004094,2026-01-01,software,0.4356
U004095,2026-01-01,none,0.5724
U004096,2026-01-01,cloud,0.496
U004097,2026-01-01,cloud,0.5799
U004098,2026-01-01,none,0.9968
U004099,2026-01-01,music,0.5977
U004100,2026-01-01,cloud,0.7511
U004101,2026-01-01,none,0.8938
U004102,2026-01-01,mobile,0.8237
U004103,2026-01-01,none,0.9998
U004104,2026-01-01,software,0.718
U004105,2026-01-01,streaming,0.5957
U004106,2026-01-01,insurance,0.8004
U004107,2026-01-01,cloud,0.4504
U004108,2026-01-01,cloud,0.6078
U004109,2026-01-01,streaming,0.3408
U004110,2026-01-01,insurance,0.8177
U004111,2026-01-01,none,0.9966
U004112,2026-01-01,gym,0.6735
U004113,2026-01-01,software,0.4057
U004114,2026-01-01,none,0.4362
U004115,2026-01-01,streaming,0.4994
U004116,2026-01-01,music,0.615
U004117,2026-01-01,insurance,0.5336
U004118,2026-01-01,none,0.6919
U004119,2026-01-01,software,0.7468
U004120,2026-01-01,streaming,0.8836
U004121,2026-01-01,none,0.9991
U004122,2026-01-01,insurance,0.2427
U004123,2026-01-01,insurance,0.5885
U004124,2026-01-01,mobile,0.858
U004125,2026-01-01,streaming,0.8416
U004126,2026-01-01,mobile,0.8202
U004127,2026-01-01,gym,0.8234
U004128,2026-01-01,streaming,0.6962
U004129,2026-01-01,streaming,0.6095
U004130,2026-01-01,music,0.6724
U004131,2026-01-01,cloud,0.684
U004132,2026-01-01,music,0.5357
U004133,2026-01-01,gym,0.5904
U004134,2026-01-01,streaming,0.4675
U004135,2026-01-01,streaming,0.4494
U004136,2026-01-01,none,0.9927
U004137,2026-01-01,software,0.3106
U004138,2026-01-01,none,0.9099
U004139,2026-01-01,cloud,0.5035
U004140,2026-01-01,none,0.8487
U004141,2026-01-01,software,0.4423
U004142,2026-01-01,mobile,0.4132
U004143,2026-01-01,cloud,0.829
U004144,2026-01-01,cloud,0.4377
U004145,2026-01-01,cloud,0.641
U004146,2026-01-01,music,0.4713
U004147,2026-01-01,cloud,0.6668
U004148,2026-01-01,music,0.8849
U004149,2026-01-01,none,0.9865
U004150,2026-01-01,mobile,0.49
U004151,2026-01-01,music,0.8186
U004152,2026-01-01,none,0.9134
U004153,2026-01-01,gym,0.5018
U004154,2026-01-01,cloud,0.4764
U004155,2026-01-01,music,0.6982
U004156,2026-01-01,software,0.7139
U004157,2026-01-01,software,0.4194
U004158,2026-01-01,insurance,0.3595
U004159,2026-01-01,none,0.5963
U004160,2026-01-01,streaming,0.4621
U004161,2026-01-01,music,0.7415
U004162,2026-01-01,insurance,0.728
U004163,2026-01-01,gym,0.4557
U004164,2026-01-01,none,0.7756
U004165,2026-01-01,insurance,0.3382
U004166,2026-01-01,gym,0.7282
U004167,2026-01-01,cloud,0.4517
U004168,2026-01-01,none,0.7699
U004169,2026-01-01,software,0.4595
U004170,2026-01-01,insurance,0.7188
U004171,2026-01-01,none,0.9697
U004172,2026-01-01,insurance,0.615
U004173,2026-01-01,music,0.5432
U004174,2026-01-01,cloud,0.344
U004175,2026-01-01,none,0.4988
U004176,2026-01-01,none,0.9972
U004177,2026-01-01,none,0.6954
U004178,2026-01-01,none,0.4373
U004179,2026-01-01,none,0.68
U004180,2026-01-01,music,0.3924
U004181,2026-01-01,music,0.8627
U004182,2026-01-01,none,0.5749
U004183,2026-01-01,insurance,0.3581
U004184,2026-01-01,cloud,0.5517
U004185,2026-01-01,software,0.75
U004186,2026-01-01,none,0.537
U004187,2026-01-01,streaming,0.8617
U004188,2026-01-01,gym,0.8249
U004189,2026-01-01,music,0.6435
U004190,2026-01-01,streaming,0.5242
U004191,2026-01-01,music,0.2897
U004192,2026-01-01,mobile,0.7666
U004193,2026-01-01,gym,0.4698
U004194,2026-01-01,cloud,0.5973
U004195,2026-01-01,cloud,0.6698
U004196,2026-01-01,software,0.4284
U004197,2026-01-01,cloud,0.618
U004198,2026-01-01,software,0.5529
U004199,2026-01-01,music,0.8175
U004200,2026-01-01,none,0.5472
U004201,2026-01-01,gym,0.4458
U004202,2026-01-01,none,0.3712
U004203,2026-01-01,none,0.9846
U004204,2026-01-01,none,0.9982
U004205,2026-01-01,none,0.7969
U004206,2026-01-01,cloud,0.5518
U004207,2026-01-01,none,0.9867
U004208,2026-01-01,none,0.9007
U004209,2026-01-01,insurance,0.3847
U004210,2026-01-01,none,0.7329
U004211,2026-01-01,none,0.6123
U004212,2026-01-01,software,0.4712
U004213,2026-01-01,software,0.5348
U004214,2026-01-01,none,0.675
U004215,2026-01-01,none,0.7122
U004216,2026-01-01,music,0.8691
U004217,2026-01-01,none,0.9902
U004218,2026-01-01,software,0.7362
U004219,2026-01-01,none,0.4731
U004220,2026-01-01,none,0.3985
U004221,2026-01-01,music,0.6205
U004222,2026-01-01,insurance,0.6438
U004223,2026-01-01,none,0.9976
U004224,2026-01-01,gym,0.5663
U004225,2026-01-01,software,0.6921
U004226,2026-01-01,music,0.4059
U004227,2026-01-01,none,0.9735
U004228,2026-01-01,none,0.8241
U004229,2026-01-01,streaming,0.4924
U004230,2026-01-01,none,0.5964
U004231,2026-01-01,none,0.9951
U004232,2026-01-01,insurance,0.5679
U004233,2026-01-01,none,0.4863
U004234,2026-01-01,insurance,0.9114
U004235,2026-01-01,insurance,0.4209
U004236,2026-01-01,none,0.5136
U004237,2026-01-01,none,0.5071
U004238,2026-01-01,gym,0.5302
U004239,2026-01-01,software,0.3845
U004240,2026-01-01,none,0.9827
U004241,2026-01-01,cloud,0.3882
U004242,2026-01-01,software,0.752
U004243,2026-01-01,insurance,0.6688
U004244,2026-01-01,none,0.9578
U004245,2026-01-01,streaming,0.5794
U004246,2026-01-01,none,0.8842
U004247,2026-01-01,none,0.8817
U004248,2026-01-01,mobile,0.9131
U004249,2026-01-01,mobile,0.424
U004250,2026-01-01,insurance,0.5967
U004251,2026-01-01,gym,0.6783
U004252,2026-01-01,music,0.8223
U004253,2026-01-01,streaming,0.6332
U004254,2026-01-01,none,0.3131
U004255,2026-01-01,music,0.6695
U004256,2026-01-01,cloud,0.6439
U004257,2026-01-01,mobile,0.8776
U004258,2026-01-01,none,0.9795
U004259,2026-01-01,software,0.5603
U004260,2026-01-01,none,0.9672
U004261,2026-01-01,none,0.9086
U004262,2026-01-01,mobile,0.7869
U004263,2026-01-01,gym,0.5487
U004264,2026-01-01,cloud,0.698
U004265,2026-01-01,streaming,0.5986
U004266,2026-01-01,cloud,0.4272
U004267,2026-01-01,none,0.9942
U004268,2026-01-01,none,0.9971
U004269,2026-01-01,insurance,0.3789
U004270,2026-01-01,streaming,0.5337
U004271,2026-01-01,none,0.997
U004272,2026-01-01,music,0.4725
U004273,2026-01-01,cloud,0.6314
U004274,2026-01-01,streaming,0.4504
U004275,2026-01-01,streaming,0.3724
U004276,2026-01-01,software,0.6147
U004277,2026-01-01,insurance,0.515
U004278,2026-01-01,insurance,0.5149
U004279,2026-01-01,mobile,0.4186
U004280,2026-01-01,software,0.5641
U004281,2026-01-01,insurance,0.4405
U004282,2026-01-01,gym,0.4518
U004283,2026-01-01,mobile,0.4222
U004284,2026-01-01,none,0.8938
U004285,2026-01-01,mobile,0.9049
U004286,2026-01-01,insurance,0.3958
U004287,2026-01-01,none,0.6652
U004288,2026-01-01,music,0.3551
U004289,2026-01-01,none,0.9987
U004290,2026-01-01,gym,0.5082
U004291,2026-01-01,none,0.3715
U004292,2026-01-01,insurance,0.616
U004293,2026-01-01,music,0.409
U004294,2026-01-01,cloud,0.8467
U004295,2026-01-01,streaming,0.5715
U004296,2026-01-01,none,0.4013
U004297,2026-01-01,software,0.534
U004298,2026-01-01,gym,0.4626
U004299,2026-01-01,gym,0.7152
U004300,2026-01-01,gym,0.3917
U004301,2026-01-01,cloud,0.6522
U004302,2026-01-01,streaming,0.614
U004303,2026-01-01,none,0.6348
U004304,2026-01-01,none,0.4136
U004305,2026-01-01,none,0.787
U004306,2026-01-01,music,0.5708
U004307,2026-01-01,software,0.3993
U004308,2026-01-01,none,0.7798
U004309,2026-01-01,none,0.5704
U004310,2026-01-01,mobile,0.8624
U004311,2026-01-01,none,0.9023
U004312,2026-01-01,insurance,0.5985
U004313,2026-01-01,none,0.8661
U004314,2026-01-01,insurance,0.501
U004315,2026-01-01,gym,0.5318
U004316,2026-01-01,none,0.9731
U004317,2026-01-01,none,0.9847
U004318,2026-01-01,none,0.961
U004319,2026-01-01,none,0.7828
U004320,2026-01-01,cloud,0.5329
U004321,2026-01-01,software,0.428
U004322,2026-01-01,none,0.9047
U004323,2026-01-01,streaming,0.5963
U004324,2026-01-01,music,0.5578
U004325,2026-01-01,gym,0.7243
U004326,2026-01-01,cloud,0.5937
U004327,2026-01-01,none,0.4799
U004328,2026-01-01,gym,0.4944
U004329,2026-01-01,software,0.551
U004330,2026-01-01,insurance,0.5452
U004331,2026-01-01,none,0.848
U004332,2026-01-01,none,0.9859
U004333,2026-01-01,none,0.6954
U004334,2026-01-01,none,0.3732
U004335,2026-01-01,none,0.9967
U004336,2026-01-01,insurance,0.6353
U004337,2026-01-01,music,0.3759
U004338,2026-01-01,gym,0.9083
U004339,2026-01-01,none,0.9569
U004340,2026-01-01,insurance,0.6201
U004341,2026-01-01,cloud,0.851
U004342,2026-01-01,insurance,0.8313
U004343,2026-01-01,mobile,0.5841
U004344,2026-01-01,cloud,0.3349
U004345,2026-01-01,none,0.9903
U004346,2026-01-01,none,0.9826
U004347,2026-01-01,cloud,0.4603
U004348,2026-01-01,music,0.5361
U004349,2026-01-01,streaming,0.5853
U004350,2026-01-01,none,0.9661
U004351,2026-01-01,mobile,0.7808
U004352,2026-01-01,none,0.9575
U004353,2026-01-01,mobile,0.7018
U004354,2026-01-01,cloud,0.8391
U004355,2026-01-01,gym,0.8026
U004356,2026-01-01,software,0.7621
U004357,2026-01-01,mobile,0.7712
U004358,2026-01-01,software,0.7732
U004359,2026-01-01,mobile,0.5725
U004360,2026-01-01,none,0.9494
U004361,2026-01-01,software,0.4182
U004362,2026-01-01,gym,0.4548
U004363,2026-01-01,streaming,0.7519
U004364,2026-01-01,gym,0.4885
U004365,2026-01-01,gym,0.661
U004366,2026-01-01,mobile,0.4472
U004367,2026-01-01,none,0.6796
U004368,2026-01-01,streaming,0.469
U004369,2026-01-01,insurance,0.4585
U004370,2026-01-01,cloud,0.4601
U004371,2026-01-01,none,0.7829
U004372,2026-01-01,music,0.6787
U004373,2026-01-01,gym,0.5088
U004374,2026-01-01,software,0.5396
U004375,2026-01-01,software,0.3828
U004376,2026-01-01,gym,0.4674
U004377,2026-01-01,mobile,0.356
U004378,2026-01-01,cloud,0.6309
U004379,2026-01-01,none,0.5051
U004380,2026-01-01,gym,0.4749
U004381,2026-01-01,gym,0.3064
U004382,2026-01-01,music,0.3453
U004383,2026-01-01,none,0.6974
U004384,2026-01-01,streaming,0.3884
U004385,2026-01-01,insurance,0.5748
U004386,2026-01-01,gym,0.604
U004387,2026-01-01,none,0.7129
U004388,2026-01-01,none,0.9888
U004389,2026-01-01,cloud,0.3703
U004390,2026-01-01,insurance,0.5219
U004391,2026-01-01,streaming,0.8139
U004392,2026-01-01,none,0.8257
U004393,2026-01-01,none,0.9781
U004394,2026-01-01,none,0.494
U004395,2026-01-01,gym,0.3359
U004396,2026-01-01,gym,0.6749
U004397,2026-01-01,none,0.8767
U004398,2026-01-01,insurance,0.5178
U004399,2026-01-01,none,0.8921
U004400,2026-01-01,mobile,0.4467
U004401,2026-01-01,gym,0.8586
U004402,2026-01-01,none,0.968
U004403,2026-01-01,gym,0.8938
U004404,2026-01-01,insurance,0.549
U004405,2026-01-01,mobile,0.5315
U004406,2026-01-01,software,0.3896
U004407,2026-01-01,cloud,0.6636
U004408,2026-01-01,mobile,0.7521
U004409,2026-01-01,insurance,0.4581
U004410,2026-01-01,cloud,0.4126
U004411,2026-01-01,cloud,0.4771
U004412,2026-01-01,none,0.3353
U004413,2026-01-01,none,0.8307
U004414,2026-01-01,insurance,0.7167
U004415,2026-01-01,none,0.8725
U004416,2026-01-01,insurance,0.7186
U004417,2026-01-01,gym,0.6656
U004418,2026-01-01,none,0.7779
U004419,2026-01-01,insurance,0.3884
U004420,2026-01-01,gym,0.4147
U004421,2026-01-01,streaming,0.7487
U004422,2026-01-01,software,0.6905
U004423,2026-01-01,none,0.9665
U004424,2026-01-01,software,0.5446
U004425,2026-01-01,gym,0.4595
U004426,2026-01-01,cloud,0.3877
U004427,2026-01-01,none,0.4717
U004428,2026-01-01,gym,0.4407
U004429,2026-01-01,mobile,0.9142
U004430,2026-01-01,gym,0.613
U004431,2026-01-01,none,0.9273
U004432,2026-01-01,gym,0.6379
U004433,2026-01-01,cloud,0.8187
U004434,2026-01-01,music,0.5943
U004435,2026-01-01,streaming,0.629
U004436,2026-01-01,none,0.4456
U004437,2026-01-01,mobile,0.3863
U004438,2026-01-01,gym,0.3542
U004439,2026-01-01,streaming,0.703
U004440,2026-01-01,streaming,0.5619
U004441,2026-01-01,music,0.3277
U004442,2026-01-01,none,0.7808
U004443,2026-01-01,none,0.9715
U004444,2026-01-01,cloud,0.6444
U004445,2026-01-01,none,0.5227
U004446,2026-01-01,cloud,0.792
U004447,2026-01-01,streaming,0.5922
U004448,2026-01-01,streaming,0.7466
U004449,2026-01-01,mobile,0.4244
U004450,2026-01-01,mobile,0.4767
U004451,2026-01-01,software,0.8391
U004452,2026-01-01,none,0.833
U004453,2026-01-01,gym,0.6214
U004454,2026-01-01,streaming,0.5865
U004455,2026-01-01,none,0.6879
U004456,2026-01-01,mobile,0.5638
U004457,2026-01-01,none,0.9691
U004458,2026-01-01,gym,0.4189
U004459,2026-01-01,software,0.7204
U004460,2026-01-01,insurance,0.9039
U004461,2026-01-01,cloud,0.4863
U004462,2026-01-01,none,0.99
U004463,2026-01-01,music,0.6887
U004464,2026-01-01,gym,0.5532
U004465,2026-01-01,mobile,0.6819
U004466,2026-01-01,cloud,0.6006
U004467,2026-01-01,software,0.4931
U004468,2026-01-01,streaming,0.8428
U004469,2026-01-01,insurance,0.5796
U004470,2026-01-01,software,0.8202
U004471,2026-01-01,music,0.6014
U004472,2026-01-01,none,0.9509
U004473,2026-01-01,none,0.9702
U004474,2026-01-01,gym,0.56
U004475,2026-01-01,cloud,0.5036
U004476,2026-01-01,music,0.4115
U004477,2026-01-01,insurance,0.9019
U004478,2026-01-01,none,0.4995
U004479,2026-01-01,streaming,0.7077
U004480,2026-01-01,mobile,0.4851
U004481,2026-01-01,cloud,0.4
U004482,2026-01-01,none,0.731
U004483,2026-01-01,none,0.9842
U004484,2026-01-01,none,0.9798
U004485,2026-01-01,insurance,0.328
U004486,2026-01-01,software,0.4326
U004487,2026-01-01,music,0.3641
U004488,2026-01-01,streaming,0.743
U004489,2026-01-01,insurance,0.616
U004490,2026-01-01,gym,0.625
U004491,2026-01-01,insurance,0.5601
U004492,2026-01-01,gym,0.7347
U004493,2026-01-01,music,0.4077
U004494,2026-01-01,gym,0.6655
U004495,2026-01-01,none,0.7257
U004496,2026-01-01,software,0.5048
U004497,2026-01-01,none,0.9134
U004498,2026-01-01,cloud,0.7394
U004499,2026-01-01,none,0.7743
U004500,2026-01-01,mobile,0.5031
U004501,2026-01-01,cloud,0.5397
U004502,2026-01-01,insurance,0.4383
U004503,2026-01-01,cloud,0.5022
U004504,2026-01-01,none,0.8799
U004505,2026-01-01,cloud,0.8361
U004506,2026-01-01,none,0.9993
U004507,2026-01-01,gym,0.4875
U004508,2026-01-01,none,0.8072
U004509,2026-01-01,none,0.9394
U004510,2026-01-01,insurance,0.731
U004511,2026-01-01,music,0.3401
U004512,2026-01-01,mobile,0.7345
U004513,2026-01-01,gym,0.6009
U004514,2026-01-01,insurance,0.5052
U004515,2026-01-01,none,0.7982
U004516,2026-01-01,none,0.9971
U004517,2026-01-01,none,0.7444
U004518,2026-01-01,music,0.5288
U004519,2026-01-01,none,0.9575
U004520,2026-01-01,music,0.5849
U004521,2026-01-01,mobile,0.2666
U004522,2026-01-01,insurance,0.494
U004523,2026-01-01,gym,0.3899
U004524,2026-01-01,cloud,0.7458
U004525,2026-01-01,gym,0.8273
U004526,2026-01-01,cloud,0.5058
U004527,2026-01-01,cloud,0.6888
U004528,2026-01-01,music,0.4641
U004529,2026-01-01,software,0.7008
U004530,2026-01-01,music,0.6751
U004531,2026-01-01,mobile,0.6979
U004532,2026-01-01,software,0.5279
U004533,2026-01-01,gym,0.7005
U004534,2026-01-01,insurance,0.5122
U004535,2026-01-01,mobile,0.6061
U004536,2026-01-01,cloud,0.4411
U004537,2026-01-01,streaming,0.5347
U004538,2026-01-01,insurance,0.7575
U004539,2026-01-01,none,0.2796
U004540,2026-01-01,none,0.5972
U004541,2026-01-01,music,0.4362
U004542,2026-01-01,none,0.6048
U004543,2026-01-01,software,0.5427
U004544,2026-01-01,cloud,0.5256
U004545,2026-01-01,software,0.7443
U004546,2026-01-01,software,0.8484
U004547,2026-01-01,software,0.8577
U004548,2026-01-01,software,0.8513
U004549,2026-01-01,none,0.8261
U004550,2026-01-01,none,0.5109
U004551,2026-01-01,software,0.4982
U004552,2026-01-01,gym,0.5791
U004553,2026-01-01,streaming,0.6494
U004554,2026-01-01,none,0.9481
U004555,2026-01-01,software,0.6792
U004556,2026-01-01,mobile,0.7221
U004557,2026-01-01,software,0.708
U004558,2026-01-01,insurance,0.4828
U004559,2026-01-01,mobile,0.5341
U004560,2026-01-01,none,0.6342
U004561,2026-01-01,none,0.9896
U004562,2026-01-01,none,0.7939
U004563,2026-01-01,gym,0.3209
U004564,2026-01-01,streaming,0.3303
U004565,2026-01-01,software,0.389
U004566,2026-01-01,gym,0.3514
U004567,2026-01-01,streaming,0.4913
U004568,2026-01-01,mobile,0.4603
U004569,2026-01-01,mobile,0.5813
U004570,2026-01-01,insurance,0.5077
U004571,2026-01-01,insurance,0.4367
U004572,2026-01-01,none,0.9029
U004573,2026-01-01,insurance,0.4308
U004574,2026-01-01,none,0.9997
U004575,2026-01-01,cloud,0.6353
U004576,2026-01-01,gym,0.701
U004577,2026-01-01,none,0.9542
U004578,2026-01-01,insurance,0.6933
U004579,2026-01-01,music,0.5653
U004580,2026-01-01,cloud,0.7384
U004581,2026-01-01,none,0.9807
U004582,2026-01-01,none,0.4305
U004583,2026-01-01,insurance,0.4597
U004584,2026-01-01,none,0.9916
U004585,2026-01-01,streaming,0.5995
U004586,2026-01-01,insurance,0.6972
U004587,2026-01-01,none,0.4847
U004588,2026-01-01,gym,0.5393
U004589,2026-01-01,cloud,0.5728
U004590,2026-01-01,music,0.543
U004591,2026-01-01,streaming,0.8922
U004592,2026-01-01,cloud,0.6517
U004593,2026-01-01,none,0.5541
U004594,2026-01-01,streaming,0.7096
U004595,2026-01-01,insurance,0.4035
U004596,2026-01-01,software,0.5165
U004597,2026-01-01,software,0.5223
U004598,2026-01-01,none,0.9838
U004599,2026-01-01,none,0.924
U004600,2026-01-01,software,0.4682
U004601,2026-01-01,mobile,0.3726
U004602,2026-01-01,none,0.9908
U004603,2026-01-01,none,0.9824
U004604,2026-01-01,none,0.9715
U004605,2026-01-01,insurance,0.8565
U004606,2026-01-01,insurance,0.5095
U004607,2026-01-01,gym,0.8313
U004608,2026-01-01,streaming,0.4724
U004609,2026-01-01,gym,0.6792
U004610,2026-01-01,none,0.5954
U004611,2026-01-01,insurance,0.4664
U004612,2026-01-01,music,0.4987
U004613,2026-01-01,insurance,0.593
U004614,2026-01-01,insurance,0.8186
U004615,2026-01-01,insurance,0.7491
U004616,2026-01-01,gym,0.4764
U004617,2026-01-01,gym,0.4086
U004618,2026-01-01,gym,0.4338
U004619,2026-01-01,none,0.4945
U004620,2026-01-01,none,0.6779
U004621,2026-01-01,gym,0.5545
U004622,2026-01-01,music,0.3992
U004623,2026-01-01,insurance,0.7039
U004624,2026-01-01,music,0.4433
U004625,2026-01-01,insurance,0.6718
U004626,2026-01-01,streaming,0.5348
U004627,2026-01-01,software,0.2933
U004628,2026-01-01,none,0.9634
U004629,2026-01-01,software,0.7919
U004630,2026-01-01,cloud,0.5271
U004631,2026-01-01,none,0.6733
U004632,2026-01-01,music,0.5109
U004633,2026-01-01,software,0.8349
U004634,2026-01-01,none,0.9571
U004635,2026-01-01,none,0.7849
U004636,2026-01-01,music,0.4347
U004637,2026-01-01,insurance,0.3767
U004638,2026-01-01,cloud,0.628
U004639,2026-01-01,cloud,0.4683
U004640,2026-01-01,none,0.971
U004641,2026-01-01,none,0.7279
U004642,2026-01-01,music,0.463
U004643,2026-01-01,music,0.4722
U004644,2026-01-01,insurance,0.5693
U004645,2026-01-01,music,0.3805
U004646,2026-01-01,cloud,0.5441
U004647,2026-01-01,cloud,0.6218
U004648,2026-01-01,music,0.4597
U004649,2026-01-01,insurance,0.5286
U004650,2026-01-01,gym,0.5474
U004651,2026-01-01,mobile,0.7709
U004652,2026-01-01,streaming,0.5237
U004653,2026-01-01,none,0.9735
U004654,2026-01-01,none,0.9845
U004655,2026-01-01,cloud,0.4558
U004656,2026-01-01,streaming,0.4292
U004657,2026-01-01,cloud,0.6238
U004658,2026-01-01,insurance,0.5353
U004659,2026-01-01,software,0.5837
U004660,2026-01-01,software,0.6737
U004661,2026-01-01,cloud,0.6846
U004662,2026-01-01,cloud,0.5987
U004663,2026-01-01,gym,0.6876
U004664,2026-01-01,insurance,0.6595
U004665,2026-01-01,none,0.7947
U004666,2026-01-01,none,0.8932
U004667,2026-01-01,insurance,0.903
U004668,2026-01-01,mobile,0.6813
U004669,2026-01-01,none,0.5647
U004670,2026-01-01,insurance,0.5273
U004671,2026-01-01,none,0.965
U004672,2026-01-01,music,0.8341
U004673,2026-01-01,none,0.6787
U004674,2026-01-01,mobile,0.4648
U004675,2026-01-01,insurance,0.4524
U004676,2026-01-01,none,0.9625
U004677,2026-01-01,cloud,0.55
U004678,2026-01-01,mobile,0.4116
U004679,2026-01-01,gym,0.7286
U004680,2026-01-01,gym,0.8798
U004681,2026-01-01,gym,0.4759
U004682,2026-01-01,none,0.6314
U004683,2026-01-01,software,0.6166
U004684,2026-01-01,none,0.5733
U004685,2026-01-01,none,0.9925
U004686,2026-01-01,none,0.9707
U004687,2026-01-01,none,0.7827
U004688,2026-01-01,none,0.8988
U004689,2026-01-01,none,0.3586
U004690,2026-01-01,insurance,0.5985
U004691,2026-01-01,none,0.871
U004692,2026-01-01,music,0.5013
U004693,2026-01-01,none,0.8488
U004694,2026-01-01,streaming,0.6192
U004695,2026-01-01,software,0.4917
U004696,2026-01-01,insurance,0.702
U004697,2026-01-01,cloud,0.4968
U004698,2026-01-01,insurance,0.6364
U004699,2026-01-01,insurance,0.6832
U004700,2026-01-01,none,0.9598
U004701,2026-01-01,streaming,0.7292
U004702,2026-01-01,gym,0.5931
U004703,2026-01-01,cloud,0.4884
U004704,2026-01-01,none,0.6742
U004705,2026-01-01,music,0.4731
U004706,2026-01-01,software,0.3605
U004707,2026-01-01,gym,0.3437
U004708,2026-01-01,music,0.5818
U004709,2026-01-01,none,0.9978
U004710,2026-01-01,mobile,0.6739
U004711,2026-01-01,streaming,0.6648
U004712,2026-01-01,insurance,0.5921
U004713,2026-01-01,none,0.9311
U004714,2026-01-01,mobile,0.4673
U004715,2026-01-01,mobile,0.5429
U004716,2026-01-01,mobile,0.653
U004717,2026-01-01,software,0.4233
U004718,2026-01-01,gym,0.4944
U004719,2026-01-01,none,0.6936
U004720,2026-01-01,none,0.9768
U004721,2026-01-01,mobile,0.4115
U004722,2026-01-01,music,0.8189
U004723,2026-01-01,gym,0.4869
U004724,2026-01-01,cloud,0.8529
U004725,2026-01-01,streaming,0.3977
U004726,2026-01-01,none,0.7048
U004727,2026-01-01,music,0.4192
U004728,2026-01-01,cloud,0.4871
U004729,2026-01-01,none,0.9958
U004730,2026-01-01,none,0.9837
U004731,2026-01-01,none,0.9583
U004732,2026-01-01,software,0.3829
U004733,2026-01-01,mobile,0.691
U004734,2026-01-01,gym,0.7092
U004735,2026-01-01,software,0.8062
U004736,2026-01-01,music,0.6543
U004737,2026-01-01,streaming,0.857
U004738,2026-01-01,none,0.4776
U004739,2026-01-01,insurance,0.4824
U004740,2026-01-01,none,0.7108
U004741,2026-01-01,insurance,0.4536
U004742,2026-01-01,music,0.5304
U004743,2026-01-01,software,0.5041
U004744,2026-01-01,mobile,0.5622
U004745,2026-01-01,insurance,0.5528
U004746,2026-01-01,software,0.5987
U004747,2026-01-01,none,0.8102
U004748,2026-01-01,none,0.992
U004749,2026-01-01,none,0.9297
U004750,2026-01-01,none,0.6952
U004751,2026-01-01,software,0.5379
U004752,2026-01-01,music,0.6225
U004753,2026-01-01,software,0.7933
U004754,2026-01-01,cloud,0.4499
U004755,2026-01-01,none,0.987
U004756,2026-01-01,streaming,0.403
U004757,2026-01-01,streaming,0.8286
U004758,2026-01-01,none,0.9549
U004759,2026-01-01,mobile,0.6799
U004760,2026-01-01,cloud,0.521
U004761,2026-01-01,none,0.3938
U004762,2026-01-01,gym,0.6884
U004763,2026-01-01,software,0.4334
U004764,2026-01-01,gym,0.5927
U004765,2026-01-01,insurance,0.4486
U004766,2026-01-01,gym,0.6608
U004767,2026-01-01,none,0.4861
U004768,2026-01-01,streaming,0.3892
U004769,2026-01-01,cloud,0.8468
U004770,2026-01-01,none,0.3636
U004771,2026-01-01,software,0.5399
U004772,2026-01-01,gym,0.6833
U004773,2026-01-01,software,0.5377
U004774,2026-01-01,mobile,0.5132
U004775,2026-01-01,none,0.4205
U004776,2026-01-01,insurance,0.5333
U004777,2026-01-01,mobile,0.5105
U004778,2026-01-01,cloud,0.6143
U004779,2026-01-01,software,0.6114
U004780,2026-01-01,mobile,0.752
U004781,2026-01-01,none,0.7966
U004782,2026-01-01,none,0.9923
U004783,2026-01-01,music,0.7164
U004784,2026-01-01,software,0.8566
U004785,2026-01-01,mobile,0.6737
U004786,2026-01-01,music,0.5665
U004787,2026-01-01,mobile,0.8653
U004788,2026-01-01,none,0.946
U004789,2026-01-01,none,0.9915
U004790,2026-01-01,software,0.5926
U004791,2026-01-01,gym,0.2777
U004792,2026-01-01,none,0.7711
U004793,2026-01-01,insurance,0.4789
U004794,2026-01-01,none,0.9977
U004795,2026-01-01,none,0.9661
U004796,2026-01-01,none,0.9789
U004797,2026-01-01,software,0.4998
U004798,2026-01-01,insurance,0.4792
U004799,2026-01-01,music,0.4797
U004800,2026-01-01,none,0.4268
U004801,2026-01-01,mobile,0.4486
U004802,2026-01-01,none,0.6338
U004803,2026-01-01,none,0.4485
U004804,2026-01-01,music,0.4311
U004805,2026-01-01,none,0.638
U004806,2026-01-01,none,0.4879
U004807,2026-01-01,insurance,0.7754
U004808,2026-01-01,streaming,0.4442
U004809,2026-01-01,music,0.8032
U004810,2026-01-01,mobile,0.4566
U004811,2026-01-01,mobile,0.7602
U004812,2026-01-01,music,0.4789
U004813,2026-01-01,none,0.3617
U004814,2026-01-01,insurance,0.4123
U004815,2026-01-01,gym,0.3307
U004816,2026-01-01,streaming,0.4506
U004817,2026-01-01,music,0.4656
U004818,2026-01-01,cloud,0.7876
U004819,2026-01-01,cloud,0.6238
U004820,2026-01-01,none,0.649
U004821,2026-01-01,streaming,0.5462
U004822,2026-01-01,gym,0.4881
U004823,2026-01-01,insurance,0.489
U004824,2026-01-01,music,0.7308
U004825,2026-01-01,none,0.5751
U004826,2026-01-01,insurance,0.5111
U004827,2026-01-01,software,0.8854
U004828,2026-01-01,cloud,0.8234
U004829,2026-01-01,software,0.7134
U004830,2026-01-01,streaming,0.5028
U004831,2026-01-01,none,0.9246
U004832,2026-01-01,music,0.8632
U004833,2026-01-01,streaming,0.6677
U004834,2026-01-01,none,0.7668
U004835,2026-01-01,none,0.9373
U004836,2026-01-01,music,0.4054
U004837,2026-01-01,none,0.6345
U004838,2026-01-01,streaming,0.4504
U004839,2026-01-01,insurance,0.5707
U004840,2026-01-01,streaming,0.6007
U004841,2026-01-01,mobile,0.5128
U004842,2026-01-01,insurance,0.676
U004843,2026-01-01,cloud,0.609
U004844,2026-01-01,none,0.3287
U004845,2026-01-01,cloud,0.5238
U004846,2026-01-01,insurance,0.4844
U004847,2026-01-01,mobile,0.6776
U004848,2026-01-01,insurance,0.6395
U004849,2026-01-01,mobile,0.5522
U004850,2026-01-01,mobile,0.7238
U004851,2026-01-01,gym,0.5244
U004852,2026-01-01,streaming,0.8448
U004853,2026-01-01,music,0.522
U004854,2026-01-01,none,0.6768
U004855,2026-01-01,software,0.523
U004856,2026-01-01,none,0.9478
U004857,2026-01-01,software,0.5001
U004858,2026-01-01,mobile,0.8858
U004859,2026-01-01,gym,0.3493
U004860,2026-01-01,none,0.4466
U004861,2026-01-01,gym,0.5217
U004862,2026-01-01,insurance,0.6783
U004863,2026-01-01,music,0.3262
U004864,2026-01-01,cloud,0.3496
U004865,2026-01-01,streaming,0.6517
U004866,2026-01-01,none,0.969
U004867,2026-01-01,none,0.6142
U004868,2026-01-01,music,0.4324
U004869,2026-01-01,insurance,0.6166
U004870,2026-01-01,music,0.8492
U004871,2026-01-01,cloud,0.4128
U004872,2026-01-01,none,0.6766
U004873,2026-01-01,insurance,0.7936
U004874,2026-01-01,mobile,0.4398
U004875,2026-01-01,streaming,0.745
U004876,2026-01-01,software,0.6206
U004877,2026-01-01,none,0.4123
U004878,2026-01-01,music,0.5649
U004879,2026-01-01,insurance,0.8032
U004880,2026-01-01,none,0.7239
U004881,2026-01-01,none,0.386
U004882,2026-01-01,streaming,0.6302
U004883,2026-01-01,streaming,0.8845
U004884,2026-01-01,software,0.8437
U004885,2026-01-01,cloud,0.4233
U004886,2026-01-01,software,0.3169
U004887,2026-01-01,none,0.5855
U004888,2026-01-01,software,0.4449
U004889,2026-01-01,music,0.502
U004890,2026-01-01,streaming,0.7819
U004891,2026-01-01,none,0.9418
U004892,2026-01-01,streaming,0.4722
U004893,2026-01-01,mobile,0.6225
U004894,2026-01-01,music,0.5383
U004895,2026-01-01,none,0.8892
U004896,2026-01-01,music,0.6385
U004897,2026-01-01,cloud,0.447
U004898,2026-01-01,none,0.7337
U004899,2026-01-01,music,0.5321
U004900,2026-01-01,insurance,0.3878
U004901,2026-01-01,cloud,0.6194
U004902,2026-01-01,insurance,0.6994
U004903,2026-01-01,cloud,0.6651
U004904,2026-01-01,none,0.3802
U004905,2026-01-01,none,0.9121
U004906,2026-01-01,cloud,0.4647
U004907,2026-01-01,none,0.4222
U004908,2026-01-01,cloud,0.5363
U004909,2026-01-01,gym,0.5679
U004910,2026-01-01,music,0.341
U004911,2026-01-01,insurance,0.5387
U004912,2026-01-01,none,0.5467
U004913,2026-01-01,none,0.746
U004914,2026-01-01,gym,0.4424
U004915,2026-01-01,streaming,0.5052
U004916,2026-01-01,none,0.5445
U004917,2026-01-01,cloud,0.6547
U004918,2026-01-01,mobile,0.5601
U004919,2026-01-01,none,0.6945
U004920,2026-01-01,none,0.8858
U004921,2026-01-01,streaming,0.402
U004922,2026-01-01,software,0.7858
U004923,2026-01-01,streaming,0.4703
U004924,2026-01-01,none,0.5234
U004925,2026-01-01,insurance,0.6688
U004926,2026-01-01,mobile,0.6091
U004927,2026-01-01,software,0.3757
U004928,2026-01-01,none,0.9793
U004929,2026-01-01,insurance,0.8542
U004930,2026-01-01,gym,0.6362
U004931,2026-01-01,none,0.7434
U004932,2026-01-01,none,0.8991
U004933,2026-01-01,cloud,0.8421
U004934,2026-01-01,insurance,0.5054
U004935,2026-01-01,insurance,0.4269
U004936,2026-01-01,mobile,0.5402
U004937,2026-01-01,music,0.7591
U004938,2026-01-01,streaming,0.5931
U004939,2026-01-01,mobile,0.3488
U004940,2026-01-01,none,0.9935
U004941,2026-01-01,streaming,0.8382
U004942,2026-01-01,gym,0.6748
U004943,2026-01-01,insurance,0.5209
U004944,2026-01-01,gym,0.5887
U004945,2026-01-01,mobile,0.5465
U004946,2026-01-01,streaming,0.4014
U004947,2026-01-01,none,0.9577
U004948,2026-01-01,gym,0.4965
U004949,2026-01-01,none,0.8916
U004950,2026-01-01,none,0.9975
U004951,2026-01-01,music,0.5931
U004952,2026-01-01,cloud,0.4569
U004953,2026-01-01,insurance,0.3811
U004954,2026-01-01,gym,0.4475
U004955,2026-01-01,mobile,0.3233
U004956,2026-01-01,none,0.3766
U004957,2026-01-01,none,0.9616
U004958,2026-01-01,gym,0.4877
U004959,2026-01-01,none,0.7288
U004960,2026-01-01,insurance,0.3692
U004961,2026-01-01,streaming,0.5693
U004962,2026-01-01,none,0.8347
U004963,2026-01-01,software,0.8327
U004964,2026-01-01,none,0.8213
U004965,2026-01-01,cloud,0.585
U004966,2026-01-01,software,0.7439
U004967,2026-01-01,streaming,0.6671
U004968,2026-01-01,gym,0.5958
U004969,2026-01-01,software,0.6407
U004970,2026-01-01,mobile,0.6128
U004971,2026-01-01,mobile,0.4527
U004972,2026-01-01,none,0.569
U004973,2026-01-01,music,0.5849
U004974,2026-01-01,none,0.9853
U004975,2026-01-01,none,0.8776
U004976,2026-01-01,music,0.6129
U004977,2026-01-01,gym,0.654
U004978,2026-01-01,music,0.3854
U004979,2026-01-01,mobile,0.6616
U004980,2026-01-01,none,0.9528
U004981,2026-01-01,none,0.5117
U004982,2026-01-01,mobile,0.4804
U004983,2026-01-01,cloud,0.5204
U004984,2026-01-01,insurance,0.6036
U004985,2026-01-01,none,0.9849
U004986,2026-01-01,mobile,0.7593
U004987,2026-01-01,music,0.5444
U004988,2026-01-01,software,0.5656
U004989,2026-01-01,none,0.9827
U004990,2026-01-01,none,0.9613
U004991,2026-01-01,none,0.9714
U004992,2026-01-01,software,0.5805
U004993,2026-01-01,streaming,0.3992
U004994,2026-01-01,none,0.9863
U004995,2026-01-01,streaming,0.576
U004996,2026-01-01,software,0.8261
U004997,2026-01-01,none,0.986
U004998,2026-01-01,none,0.9587
U004999,2026-01-01,mobile,0.5394
U005000,2026-01-01,mobile,0.3992
U005001,2026-01-01,insurance,0.716
U005002,2026-01-01,none,0.9395
U005003,2026-01-01,music,0.4057
U005004,2026-01-01,mobile,0.5221
U005005,2026-01-01,cloud,0.5248
U005006,2026-01-01,streaming,0.3742
U005007,2026-01-01,streaming,0.4127
U005008,2026-01-01,insurance,0.432
U005009,2026-01-01,streaming,0.8598
U005010,2026-01-01,none,0.9954
U005011,2026-01-01,none,0.9529
U005012,2026-01-01,none,0.7431
U005013,2026-01-01,none,0.9396
U005014,2026-01-01,insurance,0.6061
U005015,2026-01-01,gym,0.5492
U005016,2026-01-01,streaming,0.3637
U005017,2026-01-01,none,0.9573
U005018,2026-01-01,cloud,0.7877
U005019,2026-01-01,gym,0.6133
U005020,2026-01-01,none,0.3482
U005021,2026-01-01,none,0.9426
U005022,2026-01-01,cloud,0.4348
U005023,2026-01-01,streaming,0.5231
U005024,2026-01-01,gym,0.4669
U005025,2026-01-01,gym,0.3188
U005026,2026-01-01,streaming,0.4319
U005027,2026-01-01,software,0.4919
U005028,2026-01-01,cloud,0.5493
U005029,2026-01-01,gym,0.4406
U005030,2026-01-01,cloud,0.5257
U005031,2026-01-01,none,0.3319
U005032,2026-01-01,none,0.4537
U005033,2026-01-01,gym,0.6449
U005034,2026-01-01,streaming,0.8278
U005035,2026-01-01,insurance,0.4875
U005036,2026-01-01,insurance,0.4589
U005037,2026-01-01,software,0.4993
U005038,2026-01-01,none,0.9586
U005039,2026-01-01,cloud,0.8486
U005040,2026-01-01,mobile,0.7005
U005041,2026-01-01,streaming,0.5268
U005042,2026-01-01,music,0.7076
U005043,2026-01-01,none,0.7891
U005044,2026-01-01,gym,0.8344
U005045,2026-01-01,mobile,0.7091
U005046,2026-01-01,cloud,0.4245
U005047,2026-01-01,none,0.9629
U005048,2026-01-01,mobile,0.5202
U005049,2026-01-01,music,0.8228
U005050,2026-01-01,streaming,0.6201
U005051,2026-01-01,gym,0.5691
U005052,2026-01-01,cloud,0.5807
U005053,2026-01-01,none,0.5677
U005054,2026-01-01,music,0.606
U005055,2026-01-01,cloud,0.8385
U005056,2026-01-01,mobile,0.4224
U005057,2026-01-01,gym,0.3504
U005058,2026-01-01,cloud,0.7917
U005059,2026-01-01,none,0.8329
U005060,2026-01-01,cloud,0.3909
U005061,2026-01-01,none,0.6888
U005062,2026-01-01,none,0.9162
U005063,2026-01-01,mobile,0.7206
U005064,2026-01-01,none,0.9144
U005065,2026-01-01,music,0.4188
U005066,2026-01-01,none,0.8292
U005067,2026-01-01,cloud,0.7011
U005068,2026-01-01,mobile,0.4272
U005069,2026-01-01,none,0.533
U005070,2026-01-01,streaming,0.7587
U005071,2026-01-01,mobile,0.5258
U005072,2026-01-01,none,0.9814
U005073,2026-01-01,streaming,0.8029
U005074,2026-01-01,cloud,0.4915
U005075,2026-01-01,none,0.9447
U005076,2026-01-01,insurance,0.632
U005077,2026-01-01,cloud,0.6266
U005078,2026-01-01,cloud,0.7878
U005079,2026-01-01,gym,0.4653
U005080,2026-01-01,streaming,0.538
U005081,2026-01-01,music,0.5031
U005082,2026-01-01,none,0.4735
U005083,2026-01-01,software,0.8279
U005084,2026-01-01,insurance,0.4517
U005085,2026-01-01,mobile,0.5628
U005086,2026-01-01,software,0.7772
U005087,2026-01-01,software,0.8505
U005088,2026-01-01,streaming,0.4764
U005089,2026-01-01,software,0.4659
U005090,2026-01-01,software,0.6135
U005091,2026-01-01,cloud,0.38
U005092,2026-01-01,cloud,0.5606
U005093,2026-01-01,mobile,0.35
U005094,2026-01-01,insurance,0.4697
U005095,2026-01-01,none,0.7219
U005096,2026-01-01,mobile,0.6138
U005097,2026-01-01,mobile,0.8422
U005098,2026-01-01,cloud,0.5082
U005099,2026-01-01,mobile,0.5086
U005100,2026-01-01,streaming,0.8121
U005101,2026-01-01,none,0.3244
U005102,2026-01-01,mobile,0.7833
U005103,2026-01-01,cloud,0.624
U005104,2026-01-01,insurance,0.6403
U005105,2026-01-01,none,0.52
U005106,2026-01-01,none,0.9319
U005107,2026-01-01,insurance,0.4913
U005108,2026-01-01,cloud,0.6223
U005109,2026-01-01,streaming,0.3651
U005110,2026-01-01,gym,0.412
U005111,2026-01-01,none,0.5875
U005112,2026-01-01,insurance,0.6686
U005113,2026-01-01,streaming,0.468
U005114,2026-01-01,music,0.6081
U005115,2026-01-01,cloud,0.4694
U005116,2026-01-01,mobile,0.4664
U005117,2026-01-01,none,0.9931
U005118,2026-01-01,software,0.7309
U005119,2026-01-01,cloud,0.5015
U005120,2026-01-01,software,0.5455
U005121,2026-01-01,cloud,0.8069
U005122,2026-01-01,cloud,0.8606
U005123,2026-01-01,software,0.3773
U005124,2026-01-01,insurance,0.6967
U005125,2026-01-01,cloud,0.6734
U005126,2026-01-01,mobile,0.776
U005127,2026-01-01,none,0.6897
U005128,2026-01-01,software,0.7103
U005129,2026-01-01,none,0.6429
U005130,2026-01-01,insurance,0.5151
U005131,2026-01-01,mobile,0.607
U005132,2026-01-01,none,0.7078
U005133,2026-01-01,gym,0.8469
U005134,2026-01-01,streaming,0.6133
U005135,2026-01-01,cloud,0.461
U005136,2026-01-01,insurance,0.6858
U005137,2026-01-01,cloud,0.5759
U005138,2026-01-01,none,0.7388
U005139,2026-01-01,insurance,0.7725
U005140,2026-01-01,insurance,0.4278
U005141,2026-01-01,gym,0.6464
U005142,2026-01-01,none,0.95
U005143,2026-01-01,cloud,0.731
U005144,2026-01-01,none,0.9961
U005145,2026-01-01,mobile,0.4477
U005146,2026-01-01,insurance,0.565
U005147,2026-01-01,none,0.6962
U005148,2026-01-01,gym,0.5214
U005149,2026-01-01,none,0.6246
U005150,2026-01-01,insurance,0.6948
U005151,2026-01-01,software,0.4467
U005152,2026-01-01,gym,0.7513
U005153,2026-01-01,insurance,0.7405
U005154,2026-01-01,gym,0.6354
U005155,2026-01-01,insurance,0.5561
U005156,2026-01-01,none,0.8378
U005157,2026-01-01,insurance,0.5207
U005158,2026-01-01,none,0.7361
U005159,2026-01-01,mobile,0.7762
U005160,2026-01-01,software,0.4134
U005161,2026-01-01,none,0.4621
U005162,2026-01-01,mobile,0.766
U005163,2026-01-01,none,0.9788
U005164,2026-01-01,none,0.6394
U005165,2026-01-01,none,0.7264
U005166,2026-01-01,none,0.4375
U005167,2026-01-01,none,0.9844
U005168,2026-01-01,none,0.975
U005169,2026-01-01,insurance,0.5271
U005170,2026-01-01,none,0.4263
U005171,2026-01-01,streaming,0.7884
U005172,2026-01-01,insurance,0.7834
U005173,2026-01-01,none,0.6963
U005174,2026-01-01,none,0.8996
U005175,2026-01-01,none,0.9555
U005176,2026-01-01,none,0.7853
U005177,2026-01-01,insurance,0.6295
U005178,2026-01-01,none,0.4288
U005179,2026-01-01,music,0.5217
U005180,2026-01-01,cloud,0.5703
U005181,2026-01-01,software,0.5923
U005182,2026-01-01,insurance,0.5954
U005183,2026-01-01,insurance,0.3364
U005184,2026-01-01,software,0.8289
U005185,2026-01-01,mobile,0.7963
U005186,2026-01-01,none,0.9596
U005187,2026-01-01,music,0.5017
U005188,2026-01-01,none,0.9998
U005189,2026-01-01,none,0.9677
U005190,2026-01-01,none,0.9814
U005191,2026-01-01,software,0.8368
U005192,2026-01-01,music,0.6036
U005193,2026-01-01,cloud,0.407
U005194,2026-01-01,none,0.995
U005195,2026-01-01,none,0.4453
U005196,2026-01-01,none,0.8769
U005197,2026-01-01,cloud,0.8163
U005198,2026-01-01,music,0.4798
U005199,2026-01-01,mobile,0.7582
U005200,2026-01-01,none,0.9969
U005201,2026-01-01,mobile,0.4694
U005202,2026-01-01,music,0.7769
U005203,2026-01-01,cloud,0.664
U005204,2026-01-01,insurance,0.5778
U005205,2026-01-01,none,0.9943
U005206,2026-01-01,gym,0.7448
U005207,2026-01-01,none,0.9218
U005208,2026-01-01,software,0.3795
U005209,2026-01-01,gym,0.6018
U005210,2026-01-01,none,0.9979
U005211,2026-01-01,gym,0.5749
U005212,2026-01-01,gym,0.8549
U005213,2026-01-01,none,0.4645
U005214,2026-01-01,cloud,0.7213
U005215,2026-01-01,none,0.9841
U005216,2026-01-01,software,0.4797
U005217,2026-01-01,music,0.4213
U005218,2026-01-01,mobile,0.7976
U005219,2026-01-01,none,0.889
U005220,2026-01-01,software,0.8383
U005221,2026-01-01,cloud,0.5369
U005222,2026-01-01,mobile,0.4174
U005223,2026-01-01,streaming,0.7005
U005224,2026-01-01,streaming,0.8695
U005225,2026-01-01,none,0.9777
U005226,2026-01-01,cloud,0.8709
U005227,2026-01-01,mobile,0.6616
U005228,2026-01-01,mobile,0.8306
U005229,2026-01-01,streaming,0.5591
U005230,2026-01-01,software,0.4125
U005231,2026-01-01,none,0.7196
U005232,2026-01-01,none,0.7699
U005233,2026-01-01,none,0.9527
U005234,2026-01-01,none,0.8628
U005235,2026-01-01,software,0.8448
U005236,2026-01-01,mobile,0.736
U005237,2026-01-01,music,0.9042
U005238,2026-01-01,streaming,0.5323
U005239,2026-01-01,cloud,0.7351
U005240,2026-01-01,none,0.6636
U005241,2026-01-01,none,0.9746
U005242,2026-01-01,gym,0.6654
U005243,2026-01-01,streaming,0.5711
U005244,2026-01-01,gym,0.4439
U005245,2026-01-01,insurance,0.752
U005246,2026-01-01,mobile,0.7505
U005247,2026-01-01,music,0.559
U005248,2026-01-01,none,0.7928
U005249,2026-01-01,gym,0.8002
U005250,2026-01-01,mobile,0.4904
U005251,2026-01-01,insurance,0.5049
U005252,2026-01-01,none,0.9713
U005253,2026-01-01,none,0.762
U005254,2026-01-01,software,0.4724
U005255,2026-01-01,none,0.9981
U005256,2026-01-01,music,0.6759
U005257,2026-01-01,streaming,0.4839
U005258,2026-01-01,insurance,0.7317
U005259,2026-01-01,gym,0.6009
U005260,2026-01-01,none,0.8374
U005261,2026-01-01,software,0.5703
U005262,2026-01-01,cloud,0.4696
U005263,2026-01-01,music,0.5142
U005264,2026-01-01,none,0.9687
U005265,2026-01-01,cloud,0.3695
U005266,2026-01-01,music,0.5334
U005267,2026-01-01,insurance,0.5157
U005268,2026-01-01,none,0.7964
U005269,2026-01-01,none,0.3876
U005270,2026-01-01,streaming,0.6653
U005271,2026-01-01,none,0.9651
U005272,2026-01-01,none,0.9839
U005273,2026-01-01,streaming,0.7878
U005274,2026-01-01,none,0.6022
U005275,2026-01-01,mobile,0.8421
U005276,2026-01-01,gym,0.8503
U005277,2026-01-01,cloud,0.8472
U005278,2026-01-01,none,0.9675
U005279,2026-01-01,none,0.7658
U005280,2026-01-01,gym,0.7204
U005281,2026-01-01,cloud,0.4426
U005282,2026-01-01,software,0.5339
U005283,2026-01-01,none,0.4923
U005284,2026-01-01,gym,0.4933
U005285,2026-01-01,mobile,0.6038
U005286,2026-01-01,cloud,0.4723
U005287,2026-01-01,music,0.2682
U005288,2026-01-01,cloud,0.4417
U005289,2026-01-01,software,0.5667
U005290,2026-01-01,gym,0.6782
U005291,2026-01-01,insurance,0.356
U005292,2026-01-01,music,0.5896
U005293,2026-01-01,insurance,0.906
U005294,2026-01-01,none,0.8745
U005295,2026-01-01,software,0.828
U005296,2026-01-01,insurance,0.585
U005297,2026-01-01,mobile,0.853
U005298,2026-01-01,insurance,0.7506
U005299,2026-01-01,mobile,0.6654
U005300,2026-01-01,streaming,0.8215
U005301,2026-01-01,cloud,0.492
U005302,2026-01-01,cloud,0.7485
U005303,2026-01-01,insurance,0.4518
U005304,2026-01-01,streaming,0.6176
U005305,2026-01-01,none,0.8187
U005306,2026-01-01,streaming,0.7498
U005307,2026-01-01,music,0.4239
U005308,2026-01-01,streaming,0.4777
U005309,2026-01-01,cloud,0.7406
U005310,2026-01-01,none,0.9885
U005311,2026-01-01,music,0.5912
U005312,2026-01-01,mobile,0.4508
U005313,2026-01-01,mobile,0.2741
U005314,2026-01-01,gym,0.4368
U005315,2026-01-01,none,0.8688
U005316,2026-01-01,none,0.7546
U005317,2026-01-01,streaming,0.6181
U005318,2026-01-01,mobile,0.4697
U005319,2026-01-01,streaming,0.4761
U005320,2026-01-01,music,0.683
U005321,2026-01-01,none,0.4223
U005322,2026-01-01,insurance,0.4718
U005323,2026-01-01,music,0.4789
U005324,2026-01-01,cloud,0.6043
U005325,2026-01-01,none,0.9546
U005326,2026-01-01,mobile,0.8331
U005327,2026-01-01,music,0.6249
U005328,2026-01-01,gym,0.4953
U005329,2026-01-01,gym,0.6645
U005330,2026-01-01,none,0.9999
U005331,2026-01-01,none,0.9951
U005332,2026-01-01,none,0.2779
U005333,2026-01-01,none,0.8571
U005334,2026-01-01,cloud,0.5641
U005335,2026-01-01,none,0.9801
U005336,2026-01-01,none,0.7517
U005337,2026-01-01,insurance,0.8123
U005338,2026-01-01,streaming,0.7079
U005339,2026-01-01,software,0.5727
U005340,2026-01-01,streaming,0.4363
U005341,2026-01-01,gym,0.4243
U005342,2026-01-01,none,0.989
U005343,2026-01-01,insurance,0.8715
U005344,2026-01-01,streaming,0.3587
U005345,2026-01-01,none,0.9956
U005346,2026-01-01,streaming,0.4176
U005347,2026-01-01,none,0.9712
U005348,2026-01-01,gym,0.8312
U005349,2026-01-01,music,0.6854
U005350,2026-01-01,none,0.9993
U005351,2026-01-01,software,0.5745
U005352,2026-01-01,gym,0.8599
U005353,2026-01-01,mobile,0.9318
U005354,2026-01-01,gym,0.3908
U005355,2026-01-01,software,0.4086
U005356,2026-01-01,streaming,0.4576
U005357,2026-01-01,gym,0.7473
U005358,2026-01-01,streaming,0.7944
U005359,2026-01-01,insurance,0.628
U005360,2026-01-01,insurance,0.5204
U005361,2026-01-01,cloud,0.7606
U005362,2026-01-01,gym,0.3779
U005363,2026-01-01,software,0.477
U005364,2026-01-01,software,0.8455
U005365,2026-01-01,insurance,0.3927
U005366,2026-01-01,cloud,0.4981
U005367,2026-01-01,none,0.9327
U005368,2026-01-01,mobile,0.4118
U005369,2026-01-01,gym,0.8698
U005370,2026-01-01,mobile,0.5855
U005371,2026-01-01,cloud,0.8568
U005372,2026-01-01,software,0.3356
U005373,2026-01-01,cloud,0.5334
U005374,2026-01-01,insurance,0.7837
U005375,2026-01-01,streaming,0.8312
U005376,2026-01-01,mobile,0.3626
U005377,2026-01-01,music,0.4365
U005378,2026-01-01,mobile,0.6538
U005379,2026-01-01,insurance,0.6596
U005380,2026-01-01,cloud,0.6377
U005381,2026-01-01,music,0.7
U005382,2026-01-01,none,0.4547
U005383,2026-01-01,gym,0.4348
U005384,2026-01-01,streaming,0.6359
U005385,2026-01-01,none,0.981
U005386,2026-01-01,software,0.5637
U005387,2026-01-01,music,0.4678
U005388,2026-01-01,mobile,0.6487
U005389,2026-01-01,insurance,0.5583
U005390,2026-01-01,insurance,0.4984
U005391,2026-01-01,mobile,0.8387
U005392,2026-01-01,none,0.8648
U005393,2026-01-01,none,0.9723
U005394,2026-01-01,software,0.4421
U005395,2026-01-01,insurance,0.4277
U005396,2026-01-01,none,0.9537
U005397,2026-01-01,none,0.9965
U005398,2026-01-01,insurance,0.5008
U005399,2026-01-01,streaming,0.5586
U005400,2026-01-01,none,0.8787
U005401,2026-01-01,gym,0.3479
U005402,2026-01-01,gym,0.6838
U005403,2026-01-01,insurance,0.3627
U005404,2026-01-01,mobile,0.7286
U005405,2026-01-01,cloud,0.5475
U005406,2026-01-01,mobile,0.4111
U005407,2026-01-01,software,0.7639
U005408,2026-01-01,mobile,0.7958
U005409,2026-01-01,gym,0.5133
U005410,2026-01-01,insurance,0.8723
U005411,2026-01-01,gym,0.569
U005412,2026-01-01,music,0.8447
U005413,2026-01-01,software,0.6053
U005414,2026-01-01,mobile,0.3742
U005415,2026-01-01,none,0.7818
U005416,2026-01-01,software,0.3659
U005417,2026-01-01,mobile,0.5991
U005418,2026-01-01,music,0.896
U005419,2026-01-01,none,0.9387
U005420,2026-01-01,music,0.586
U005421,2026-01-01,streaming,0.8087
U005422,2026-01-01,cloud,0.6179
U005423,2026-01-01,software,0.6918
U005424,2026-01-01,gym,0.4238
U005425,2026-01-01,software,0.7222
U005426,2026-01-01,none,0.8528
U005427,2026-01-01,insurance,0.8285
U005428,2026-01-01,streaming,0.5317
U005429,2026-01-01,none,0.842
U005430,2026-01-01,insurance,0.6071
U005431,2026-01-01,gym,0.9279
U005432,2026-01-01,gym,0.4336
U005433,2026-01-01,cloud,0.4278
U005434,2026-01-01,none,0.8863
U005435,2026-01-01,streaming,0.8441
U005436,2026-01-01,none,0.6357
U005437,2026-01-01,gym,0.6644
U005438,2026-01-01,streaming,0.5761
U005439,2026-01-01,mobile,0.5667
U005440,2026-01-01,none,0.9554
U005441,2026-01-01,streaming,0.7077
U005442,2026-01-01,none,0.8693
U005443,2026-01-01,cloud,0.521
U005444,2026-01-01,none,0.6799
U005445,2026-01-01,cloud,0.4223
U005446,2026-01-01,insurance,0.452
U005447,2026-01-01,none,0.6001
U005448,2026-01-01,music,0.5807
U005449,2026-01-01,gym,0.5731
U005450,2026-01-01,none,0.7621
U005451,2026-01-01,cloud,0.8331
U005452,2026-01-01,music,0.4673
U005453,2026-01-01,music,0.5297
U005454,2026-01-01,gym,0.8422
U005455,2026-01-01,music,0.8059
U005456,2026-01-01,none,0.9383
U005457,2026-01-01,mobile,0.7525
U005458,2026-01-01,music,0.7263
U005459,2026-01-01,insurance,0.5156
U005460,2026-01-01,streaming,0.5152
U005461,2026-01-01,software,0.454
U005462,2026-01-01,software,0.3228
U005463,2026-01-01,music,0.4323
U005464,2026-01-01,streaming,0.7182
U005465,2026-01-01,none,0.9007
U005466,2026-01-01,gym,0.5701
U005467,2026-01-01,cloud,0.4341
U005468,2026-01-01,software,0.7725
U005469,2026-01-01,gym,0.8678
U005470,2026-01-01,none,0.937
U005471,2026-01-01,none,0.4549
U005472,2026-01-01,software,0.8011
U005473,2026-01-01,gym,0.6346
U005474,2026-01-01,streaming,0.4532
U005475,2026-01-01,software,0.5094
U005476,2026-01-01,insurance,0.731
U005477,2026-01-01,cloud,0.4843
U005478,2026-01-01,gym,0.4833
U005479,2026-01-01,gym,0.6982
U005480,2026-01-01,insurance,0.3211
U005481,2026-01-01,none,0.9808
U005482,2026-01-01,none,0.9927
U005483,2026-01-01,none,0.9101
U005484,2026-01-01,music,0.5736
U005485,2026-01-01,streaming,0.8487
U005486,2026-01-01,streaming,0.474
U005487,2026-01-01,insurance,0.5249
U005488,2026-01-01,insurance,0.6585
U005489,2026-01-01,mobile,0.5115
U005490,2026-01-01,cloud,0.4187
U005491,2026-01-01,music,0.5007
U005492,2026-01-01,software,0.6555
U005493,2026-01-01,gym,0.7701
U005494,2026-01-01,gym,0.5655
U005495,2026-01-01,none,0.86
U005496,2026-01-01,mobile,0.812
U005497,2026-01-01,gym,0.5047
U005498,2026-01-01,none,0.9951
U005499,2026-01-01,mobile,0.3601
U005500,2026-01-01,none,0.9863
U005501,2026-01-01,mobile,0.9168
U005502,2026-01-01,gym,0.5143
U005503,2026-01-01,none,0.4503
U005504,2026-01-01,music,0.4235
U005505,2026-01-01,music,0.3336
U005506,2026-01-01,music,0.7055
U005507,2026-01-01,gym,0.7413
U005508,2026-01-01,gym,0.6191
U005509,2026-01-01,streaming,0.6551
U005510,2026-01-01,none,0.3903
U005511,2026-01-01,gym,0.5694
U005512,2026-01-01,none,0.8654
U005513,2026-01-01,none,0.9825
U005514,2026-01-01,mobile,0.8255
U005515,2026-01-01,software,0.6654
U005516,2026-01-01,streaming,0.4597
U005517,2026-01-01,mobile,0.5671
U005518,2026-01-01,cloud,0.5348
U005519,2026-01-01,cloud,0.5023
U005520,2026-01-01,gym,0.8213
U005521,2026-01-01,software,0.8636
U005522,2026-01-01,software,0.5477
U005523,2026-01-01,none,0.9508
U005524,2026-01-01,none,0.3787
U005525,2026-01-01,gym,0.5159
U005526,2026-01-01,insurance,0.6744
U005527,2026-01-01,none,0.9997
U005528,2026-01-01,mobile,0.6659
U005529,2026-01-01,gym,0.5951
U005530,2026-01-01,insurance,0.563
U005531,2026-01-01,insurance,0.659
U005532,2026-01-01,none,0.764
U005533,2026-01-01,gym,0.6447
U005534,2026-01-01,none,0.5839
U005535,2026-01-01,none,0.6792
U005536,2026-01-01,none,0.9994
U005537,2026-01-01,none,0.9905
U005538,2026-01-01,mobile,0.8709
U005539,2026-01-01,none,0.6533
U005540,2026-01-01,cloud,0.5993
U005541,2026-01-01,none,0.9011
U005542,2026-01-01,none,0.6585
U005543,2026-01-01,streaming,0.4652
U005544,2026-01-01,music,0.4182
U005545,2026-01-01,insurance,0.3769
U005546,2026-01-01,none,0.7971
U005547,2026-01-01,streaming,0.7733
U005548,2026-01-01,mobile,0.5978
U005549,2026-01-01,none,0.8576
U005550,2026-01-01,software,0.511
U005551,2026-01-01,cloud,0.643
U005552,2026-01-01,cloud,0.5522
U005553,2026-01-01,insurance,0.4988
U005554,2026-01-01,none,0.8778
U005555,2026-01-01,none,0.4147
U005556,2026-01-01,gym,0.7574
U005557,2026-01-01,insurance,0.8116
U005558,2026-01-01,streaming,0.48
U005559,2026-01-01,none,0.9431
U005560,2026-01-01,none,0.7832
U005561,2026-01-01,mobile,0.6025
U005562,2026-01-01,music,0.6303
U005563,2026-01-01,none,0.4831
U005564,2026-01-01,insurance,0.5857
U005565,2026-01-01,software,0.5454
U005566,2026-01-01,mobile,0.6909
U005567,2026-01-01,software,0.7752
U005568,2026-01-01,none,0.7854
U005569,2026-01-01,mobile,0.4834
U005570,2026-01-01,music,0.5156
U005571,2026-01-01,cloud,0.4894
U005572,2026-01-01,streaming,0.2945
U005573,2026-01-01,none,0.9469
U005574,2026-01-01,none,0.9423
U005575,2026-01-01,music,0.8227
U005576,2026-01-01,software,0.4707
U005577,2026-01-01,insurance,0.3978
U005578,2026-01-01,gym,0.6689
U005579,2026-01-01,gym,0.5466
U005580,2026-01-01,music,0.5677
U005581,2026-01-01,none,0.9085
U005582,2026-01-01,software,0.6415
U005583,2026-01-01,music,0.5752
U005584,2026-01-01,streaming,0.4584
U005585,2026-01-01,none,0.9884
U005586,2026-01-01,cloud,0.6498
U005587,2026-01-01,none,0.9985
U005588,2026-01-01,streaming,0.4922
U005589,2026-01-01,gym,0.5232
U005590,2026-01-01,mobile,0.7798
U005591,2026-01-01,streaming,0.7841
U005592,2026-01-01,gym,0.3513
U005593,2026-01-01,none,0.9988
U005594,2026-01-01,mobile,0.3459
U005595,2026-01-01,gym,0.5773
U005596,2026-01-01,none,0.9893
U005597,2026-01-01,insurance,0.4976
U005598,2026-01-01,gym,0.4621
U005599,2026-01-01,none,0.8157
U005600,2026-01-01,none,0.9922
U005601,2026-01-01,none,0.9322
U005602,2026-01-01,insurance,0.3665
U005603,2026-01-01,gym,0.7602
U005604,2026-01-01,music,0.7192
U005605,2026-01-01,insurance,0.4937
U005606,2026-01-01,streaming,0.7019
U005607,2026-01-01,gym,0.457
U005608,2026-01-01,music,0.6319
U005609,2026-01-01,none,0.9963
U005610,2026-01-01,none,0.4859
U005611,2026-01-01,gym,0.4831
U005612,2026-01-01,gym,0.3462
U005613,2026-01-01,software,0.7174
U005614,2026-01-01,none,0.5969
U005615,2026-01-01,gym,0.658
U005616,2026-01-01,music,0.5043
U005617,2026-01-01,cloud,0.6168
U005618,2026-01-01,cloud,0.4832
U005619,2026-01-01,cloud,0.5481
U005620,2026-01-01,gym,0.5626
U005621,2026-01-01,none,0.6925
U005622,2026-01-01,mobile,0.6735
U005623,2026-01-01,mobile,0.6199
U005624,2026-01-01,none,0.9989
U005625,2026-01-01,gym,0.542
U005626,2026-01-01,none,0.9588
U005627,2026-01-01,mobile,0.7417
U005628,2026-01-01,none,0.4815
U005629,2026-01-01,cloud,0.586
U005630,2026-01-01,mobile,0.4666
U005631,2026-01-01,streaming,0.7186
U005632,2026-01-01,software,0.6253
U005633,2026-01-01,software,0.4662
U005634,2026-01-01,cloud,0.3726
U005635,2026-01-01,music,0.9291
U005636,2026-01-01,cloud,0.8417
U005637,2026-01-01,none,0.96
U005638,2026-01-01,none,0.8363
U005639,2026-01-01,gym,0.3104
U005640,2026-01-01,none,0.9234
U005641,2026-01-01,insurance,0.5425
U005642,2026-01-01,music,0.8658
U005643,2026-01-01,streaming,0.8603
U005644,2026-01-01,mobile,0.6855
U005645,2026-01-01,cloud,0.5952
U005646,2026-01-01,cloud,0.579
U005647,2026-01-01,mobile,0.4246
U005648,2026-01-01,cloud,0.5074
U005649,2026-01-01,cloud,0.3918
U005650,2026-01-01,music,0.5062
U005651,2026-01-01,insurance,0.6214
U005652,2026-01-01,none,0.534
U005653,2026-01-01,cloud,0.7388
U005654,2026-01-01,none,0.8745
U005655,2026-01-01,music,0.5217
U005656,2026-01-01,music,0.8816
U005657,2026-01-01,music,0.8133
U005658,2026-01-01,none,0.7434
U005659,2026-01-01,music,0.7081
U005660,2026-01-01,none,0.6995
U005661,2026-01-01,streaming,0.8563
U005662,2026-01-01,cloud,0.7087
U005663,2026-01-01,mobile,0.8985
U005664,2026-01-01,cloud,0.6497
U005665,2026-01-01,cloud,0.46
U005666,2026-01-01,none,0.7913
U005667,2026-01-01,insurance,0.4652
U005668,2026-01-01,insurance,0.6302
U005669,2026-01-01,music,0.7015
U005670,2026-01-01,insurance,0.6729
U005671,2026-01-01,cloud,0.457
U005672,2026-01-01,streaming,0.4999
U005673,2026-01-01,none,0.9782
U005674,2026-01-01,software,0.793
U005675,2026-01-01,gym,0.8269
U005676,2026-01-01,music,0.6606
U005677,2026-01-01,streaming,0.2754
U005678,2026-01-01,mobile,0.6951
U005679,2026-01-01,mobile,0.887
U005680,2026-01-01,insurance,0.6576
U005681,2026-01-01,streaming,0.363
U005682,2026-01-01,mobile,0.4639
U005683,2026-01-01,none,0.9784
U005684,2026-01-01,gym,0.7674
U005685,2026-01-01,software,0.5094
U005686,2026-01-01,mobile,0.4008
U005687,2026-01-01,none,0.753
U005688,2026-01-01,mobile,0.7458
U005689,2026-01-01,none,0.9866
U005690,2026-01-01,none,0.8518
U005691,2026-01-01,mobile,0.6236
U005692,2026-01-01,software,0.557
U005693,2026-01-01,software,0.6563
U005694,2026-01-01,streaming,0.8048
U005695,2026-01-01,music,0.6922
U005696,2026-01-01,none,0.7803
U005697,2026-01-01,mobile,0.7675
U005698,2026-01-01,none,0.9538
U005699,2026-01-01,streaming,0.8091
U005700,2026-01-01,software,0.485
U005701,2026-01-01,music,0.6961
U005702,2026-01-01,none,0.631
U005703,2026-01-01,cloud,0.5802
U005704,2026-01-01,music,0.8175
U005705,2026-01-01,streaming,0.4584
U005706,2026-01-01,none,0.6794
U005707,2026-01-01,software,0.6577
U005708,2026-01-01,music,0.6006
U005709,2026-01-01,cloud,0.5323
U005710,2026-01-01,streaming,0.7385
U005711,2026-01-01,software,0.8203
U005712,2026-01-01,insurance,0.4157
U005713,2026-01-01,none,0.7081
U005714,2026-01-01,none,0.7122
U005715,2026-01-01,software,0.49
U005716,2026-01-01,cloud,0.4095
U005717,2026-01-01,music,0.5589
U005718,2026-01-01,cloud,0.4714
U005719,2026-01-01,streaming,0.5645
U005720,2026-01-01,insurance,0.346
U005721,2026-01-01,cloud,0.4131
U005722,2026-01-01,none,0.6885
U005723,2026-01-01,none,0.8098
U005724,2026-01-01,none,0.9344
U005725,2026-01-01,streaming,0.6722
U005726,2026-01-01,none,0.9977
U005727,2026-01-01,insurance,0.7686
U005728,2026-01-01,insurance,0.3312
U005729,2026-01-01,none,0.9839
U005730,2026-01-01,none,0.9645
U005731,2026-01-01,gym,0.4185
U005732,2026-01-01,gym,0.4891
U005733,2026-01-01,cloud,0.8161
U005734,2026-01-01,none,0.6639
U005735,2026-01-01,streaming,0.8593
U005736,2026-01-01,mobile,0.3439
U005737,2026-01-01,none,0.984
U005738,2026-01-01,mobile,0.5069
U005739,2026-01-01,none,0.9577
U005740,2026-01-01,insurance,0.4924
U005741,2026-01-01,insurance,0.3734
U005742,2026-01-01,music,0.5053
U005743,2026-01-01,cloud,0.3728
U005744,2026-01-01,gym,0.7063
U005745,2026-01-01,streaming,0.5475
U005746,2026-01-01,software,0.4534
U005747,2026-01-01,gym,0.7954
U005748,2026-01-01,mobile,0.8057
U005749,2026-01-01,cloud,0.5856
U005750,2026-01-01,none,0.9984
U005751,2026-01-01,gym,0.6241
U005752,2026-01-01,software,0.5104
U005753,2026-01-01,streaming,0.5378
U005754,2026-01-01,software,0.7447
U005755,2026-01-01,mobile,0.7753
U005756,2026-01-01,software,0.4494
U005757,2026-01-01,none,0.7799
U005758,2026-01-01,none,0.9997
U005759,2026-01-01,none,0.997
U005760,2026-01-01,none,0.7551
U005761,2026-01-01,streaming,0.6275
U005762,2026-01-01,cloud,0.4865
U005763,2026-01-01,cloud,0.3592
U005764,2026-01-01,gym,0.4944
U005765,2026-01-01,insurance,0.3488
U005766,2026-01-01,insurance,0.5332
U005767,2026-01-01,gym,0.494
U005768,2026-01-01,software,0.795
U005769,2026-01-01,gym,0.8359
U005770,2026-01-01,streaming,0.4317
U005771,2026-01-01,none,0.9991
U005772,2026-01-01,insurance,0.56
U005773,2026-01-01,music,0.4641
U005774,2026-01-01,software,0.659
U005775,2026-01-01,software,0.5493
U005776,2026-01-01,streaming,0.5398
U005777,2026-01-01,gym,0.6723
U005778,2026-01-01,gym,0.4572
U005779,2026-01-01,gym,0.5987
U005780,2026-01-01,mobile,0.9088
U005781,2026-01-01,none,0.8035
U005782,2026-01-01,none,0.8657
U005783,2026-01-01,cloud,0.451
U005784,2026-01-01,none,0.8613
U005785,2026-01-01,none,0.9892
U005786,2026-01-01,cloud,0.6435
U005787,2026-01-01,gym,0.5149
U005788,2026-01-01,mobile,0.8214
U005789,2026-01-01,streaming,0.6265
U005790,2026-01-01,streaming,0.4086
U005791,2026-01-01,music,0.4169
U005792,2026-01-01,none,0.8782
U005793,2026-01-01,insurance,0.4616
U005794,2026-01-01,none,0.9671
U005795,2026-01-01,streaming,0.8248
U005796,2026-01-01,music,0.6872
U005797,2026-01-01,software,0.2954
U005798,2026-01-01,none,0.7889
U005799,2026-01-01,gym,0.3608
U005800,2026-01-01,insurance,0.599
U005801,2026-01-01,software,0.5881
U005802,2026-01-01,cloud,0.4211
U005803,2026-01-01,none,0.9912
U005804,2026-01-01,mobile,0.8282
U005805,2026-01-01,cloud,0.6788
U005806,2026-01-01,streaming,0.6801
U005807,2026-01-01,insurance,0.4164
U005808,2026-01-01,mobile,0.5557
U005809,2026-01-01,insurance,0.6685
U005810,2026-01-01,mobile,0.857
U005811,2026-01-01,streaming,0.3564
U005812,2026-01-01,insurance,0.6205
U005813,2026-01-01,software,0.6269
U005814,2026-01-01,none,0.7016
U005815,2026-01-01,software,0.6022
U005816,2026-01-01,software,0.6852
U005817,2026-01-01,music,0.6228
U005818,2026-01-01,none,0.9545
U005819,2026-01-01,mobile,0.4628
U005820,2026-01-01,none,0.4486
U005821,2026-01-01,none,0.9116
U005822,2026-01-01,software,0.3882
U005823,2026-01-01,none,0.8784
U005824,2026-01-01,software,0.8581
U005825,2026-01-01,none,0.9913
U005826,2026-01-01,mobile,0.582
U005827,2026-01-01,insurance,0.6744
U005828,2026-01-01,gym,0.8966
U005829,2026-01-01,mobile,0.6322
U005830,2026-01-01,music,0.4491
U005831,2026-01-01,music,0.673
U005832,2026-01-01,none,0.9997
U005833,2026-01-01,insurance,0.8354
U005834,2026-01-01,gym,0.6852
U005835,2026-01-01,none,0.999
U005836,2026-01-01,gym,0.8128
U005837,2026-01-01,none,0.872
U005838,2026-01-01,gym,0.5046
U005839,2026-01-01,cloud,0.7814
U005840,2026-01-01,mobile,0.4434
U005841,2026-01-01,none,0.7701
U005842,2026-01-01,insurance,0.5578
U005843,2026-01-01,gym,0.365
U005844,2026-01-01,streaming,0.5747
U005845,2026-01-01,mobile,0.8263
U005846,2026-01-01,music,0.6788
U005847,2026-01-01,mobile,0.8067
U005848,2026-01-01,streaming,0.6164
U005849,2026-01-01,gym,0.3227
U005850,2026-01-01,none,0.9952
U005851,2026-01-01,mobile,0.4052
U005852,2026-01-01,mobile,0.5688
U005853,2026-01-01,cloud,0.5457
U005854,2026-01-01,none,0.6855
U005855,2026-01-01,cloud,0.5764
U005856,2026-01-01,music,0.7923
U005857,2026-01-01,none,0.6105
U005858,2026-01-01,streaming,0.6446
U005859,2026-01-01,cloud,0.399
U005860,2026-01-01,none,0.6143
U005861,2026-01-01,none,0.782
U005862,2026-01-01,none,0.9024
U005863,2026-01-01,cloud,0.6407
U005864,2026-01-01,none,0.992
U005865,2026-01-01,gym,0.3779
U005866,2026-01-01,none,0.9941
U005867,2026-01-01,insurance,0.7251
U005868,2026-01-01,insurance,0.6627
U005869,2026-01-01,none,0.9901
U005870,2026-01-01,music,0.4933
U005871,2026-01-01,gym,0.5634
U005872,2026-01-01,cloud,0.4725
U005873,2026-01-01,mobile,0.7284
U005874,2026-01-01,cloud,0.3466
U005875,2026-01-01,streaming,0.8392
U005876,2026-01-01,none,0.975
U005877,2026-01-01,insurance,0.7358
U005878,2026-01-01,cloud,0.462
U005879,2026-01-01,software,0.8545
U005880,2026-01-01,insurance,0.726
U005881,2026-01-01,none,0.9633
U005882,2026-01-01,software,0.3129
U005883,2026-01-01,streaming,0.6914
U005884,2026-01-01,cloud,0.3499
U005885,2026-01-01,none,0.9895
U005886,2026-01-01,cloud,0.3608
U005887,2026-01-01,cloud,0.3341
U005888,2026-01-01,gym,0.5387
U005889,2026-01-01,none,0.8246
U005890,2026-01-01,mobile,0.5422
U005891,2026-01-01,software,0.4693
U005892,2026-01-01,software,0.7366
U005893,2026-01-01,none,0.884
U005894,2026-01-01,mobile,0.629
U005895,2026-01-01,music,0.8792
U005896,2026-01-01,gym,0.5359
U005897,2026-01-01,none,0.9482
U005898,2026-01-01,music,0.5432
U005899,2026-01-01,none,0.9952
U005900,2026-01-01,none,0.8881
U005901,2026-01-01,software,0.5666
U005902,2026-01-01,gym,0.6058
U005903,2026-01-01,gym,0.5381
U005904,2026-01-01,insurance,0.6835
U005905,2026-01-01,software,0.5616
U005906,2026-01-01,software,0.507
U005907,2026-01-01,software,0.5711
U005908,2026-01-01,insurance,0.6747
U005909,2026-01-01,none,0.8455
U005910,2026-01-01,software,0.4492
U005911,2026-01-01,cloud,0.6426
U005912,2026-01-01,gym,0.8409
U005913,2026-01-01,software,0.6906
U005914,2026-01-01,streaming,0.4968
U005915,2026-01-01,cloud,0.3727
U005916,2026-01-01,none,0.8059
U005917,2026-01-01,mobile,0.3802
U005918,2026-01-01,software,0.6294
U005919,2026-01-01,music,0.7212
U005920,2026-01-01,mobile,0.7171
U005921,2026-01-01,none,0.601
U005922,2026-01-01,none,0.9669
U005923,2026-01-01,mobile,0.8056
U005924,2026-01-01,mobile,0.5191
U005925,2026-01-01,none,0.9743
U005926,2026-01-01,insurance,0.4794
U005927,2026-01-01,streaming,0.7124
U005928,2026-01-01,none,0.9956
U005929,2026-01-01,gym,0.6235
U005930,2026-01-01,streaming,0.5932
U005931,2026-01-01,none,0.4562
U005932,2026-01-01,cloud,0.9387
U005933,2026-01-01,insurance,0.516
U005934,2026-01-01,music,0.3464
U005935,2026-01-01,mobile,0.3082
U005936,2026-01-01,none,0.4462
U005937,2026-01-01,cloud,0.5778
U005938,2026-01-01,software,0.7604
U005939,2026-01-01,none,0.9001
U005940,2026-01-01,gym,0.6102
U005941,2026-01-01,software,0.7498
U005942,2026-01-01,cloud,0.5425
U005943,2026-01-01,gym,0.391
U005944,2026-01-01,gym,0.6343
U005945,2026-01-01,gym,0.5293
U005946,2026-01-01,gym,0.8059
U005947,2026-01-01,gym,0.4167
U005948,2026-01-01,insurance,0.4162
U005949,2026-01-01,insurance,0.3459
U005950,2026-01-01,gym,0.4881
U005951,2026-01-01,streaming,0.4111
U005952,2026-01-01,none,0.9866
U005953,2026-01-01,streaming,0.5939
U005954,2026-01-01,music,0.7977
U005955,2026-01-01,insurance,0.5425
U005956,2026-01-01,gym,0.4344
U005957,2026-01-01,none,0.4296
U005958,2026-01-01,streaming,0.3622
U005959,2026-01-01,software,0.5069
U005960,2026-01-01,cloud,0.7849
U005961,2026-01-01,software,0.7394
U005962,2026-01-01,streaming,0.6333
U005963,2026-01-01,gym,0.7725
U005964,2026-01-01,gym,0.8162
U005965,2026-01-01,insurance,0.461
U005966,2026-01-01,none,0.7304
U005967,2026-01-01,music,0.3721
U005968,2026-01-01,streaming,0.5817
U005969,2026-01-01,none,0.4923
U005970,2026-01-01,none,0.9997
U005971,2026-01-01,none,0.9959
U005972,2026-01-01,none,0.9917
U005973,2026-01-01,gym,0.4657
U005974,2026-01-01,none,0.9533
U005975,2026-01-01,none,0.83
U005976,2026-01-01,none,0.8049
U005977,2026-01-01,insurance,0.5819
U005978,2026-01-01,none,0.7335
U005979,2026-01-01,gym,0.899
U005980,2026-01-01,none,0.3132
U005981,2026-01-01,none,0.9981
U005982,2026-01-01,mobile,0.3226
U005983,2026-01-01,gym,0.8192
U005984,2026-01-01,software,0.4524
U005985,2026-01-01,mobile,0.568
U005986,2026-01-01,software,0.5603
U005987,2026-01-01,none,0.7031
U005988,2026-01-01,none,0.995
U005989,2026-01-01,none,0.4547
U005990,2026-01-01,insurance,0.8123
U005991,2026-01-01,insurance,0.3755
U005992,2026-01-01,cloud,0.4606
U005993,2026-01-01,none,0.6906
U005994,2026-01-01,streaming,0.7578
U005995,2026-01-01,insurance,0.7485
U005996,2026-01-01,gym,0.6968
U005997,2026-01-01,cloud,0.5445
U005998,2026-01-01,insurance,0.5372
U005999,2026-01-01,streaming,0.765
U006000,2026-01-01,gym,0.3599
U006001,2026-01-01,none,0.9854
U006002,2026-01-01,insurance,0.6579
U006003,2026-01-01,cloud,0.833
U006004,2026-01-01,gym,0.5113
U006005,2026-01-01,music,0.6297
U006006,2026-01-01,streaming,0.4987
U006007,2026-01-01,streaming,0.3521
U006008,2026-01-01,none,0.8055
U006009,2026-01-01,streaming,0.8454
U006010,2026-01-01,gym,0.6196
U006011,2026-01-01,insurance,0.335
U006012,2026-01-01,none,0.8714
U006013,2026-01-01,cloud,0.4524
U006014,2026-01-01,mobile,0.8672
U006015,2026-01-01,streaming,0.8462
U006016,2026-01-01,streaming,0.3505
U006017,2026-01-01,gym,0.8622
U006018,2026-01-01,cloud,0.8322
U006019,2026-01-01,music,0.4293
U006020,2026-01-01,gym,0.6008
U006021,2026-01-01,music,0.4577
U006022,2026-01-01,cloud,0.5875
U006023,2026-01-01,streaming,0.5379
U006024,2026-01-01,none,0.982
U006025,2026-01-01,software,0.3759
U006026,2026-01-01,music,0.379
U006027,2026-01-01,cloud,0.6129
U006028,2026-01-01,music,0.5457
U006029,2026-01-01,streaming,0.7465
U006030,2026-01-01,gym,0.3646
U006031,2026-01-01,cloud,0.6363
U006032,2026-01-01,gym,0.7559
U006033,2026-01-01,none,0.5474
U006034,2026-01-01,insurance,0.7209
U006035,2026-01-01,gym,0.8193
U006036,2026-01-01,music,0.3973
U006037,2026-01-01,software,0.6002
U006038,2026-01-01,streaming,0.7395
U006039,2026-01-01,mobile,0.7662
U006040,2026-01-01,cloud,0.6389
U006041,2026-01-01,none,0.734
U006042,2026-01-01,music,0.6075
U006043,2026-01-01,insurance,0.7198
U006044,2026-01-01,insurance,0.4544
U006045,2026-01-01,streaming,0.5021
U006046,2026-01-01,mobile,0.4696
U006047,2026-01-01,none,0.9744
U006048,2026-01-01,cloud,0.6992
U006049,2026-01-01,gym,0.3518
U006050,2026-01-01,insurance,0.7385
U006051,2026-01-01,none,0.8165
U006052,2026-01-01,gym,0.4964
U006053,2026-01-01,none,0.5388
U006054,2026-01-01,mobile,0.56
U006055,2026-01-01,gym,0.563
U006056,2026-01-01,insurance,0.733
U006057,2026-01-01,streaming,0.9074
U006058,2026-01-01,gym,0.5662
U006059,2026-01-01,insurance,0.6021
U006060,2026-01-01,none,0.542
U006061,2026-01-01,none,0.9936
U006062,2026-01-01,music,0.6921
U006063,2026-01-01,gym,0.8613
U006064,2026-01-01,insurance,0.7019
U006065,2026-01-01,cloud,0.496
U006066,2026-01-01,gym,0.7544
U006067,2026-01-01,mobile,0.4174
U006068,2026-01-01,insurance,0.6689
U006069,2026-01-01,mobile,0.4458
U006070,2026-01-01,none,0.9422
U006071,2026-01-01,none,0.901
U006072,2026-01-01,software,0.4112
U006073,2026-01-01,none,0.898
U006074,2026-01-01,music,0.4356
U006075,2026-01-01,none,0.4038
U006076,2026-01-01,streaming,0.5341
U006077,2026-01-01,software,0.4572
U006078,2026-01-01,none,0.9649
U006079,2026-01-01,software,0.7497
U006080,2026-01-01,none,0.9846
U006081,2026-01-01,mobile,0.4646
U006082,2026-01-01,streaming,0.5477
U006083,2026-01-01,insurance,0.7748
U006084,2026-01-01,insurance,0.8865
U006085,2026-01-01,insurance,0.3954
U006086,2026-01-01,mobile,0.7072
U006087,2026-01-01,music,0.6257
U006088,2026-01-01,gym,0.4654
U006089,2026-01-01,insurance,0.3809
U006090,2026-01-01,none,0.8526
U006091,2026-01-01,software,0.4113
U006092,2026-01-01,cloud,0.5768
U006093,2026-01-01,none,0.9949
U006094,2026-01-01,cloud,0.6511
U006095,2026-01-01,none,0.958
U006096,2026-01-01,software,0.7781
U006097,2026-01-01,none,0.8718
U006098,2026-01-01,cloud,0.5214
U006099,2026-01-01,insurance,0.4709
U006100,2026-01-01,cloud,0.8634
U006101,2026-01-01,none,0.3
U006102,2026-01-01,streaming,0.5036
U006103,2026-01-01,insurance,0.4153
U006104,2026-01-01,music,0.5639
U006105,2026-01-01,none,0.5842
U006106,2026-01-01,none,0.4435
U006107,2026-01-01,gym,0.3803
U006108,2026-01-01,none,0.312
U006109,2026-01-01,gym,0.4152
U006110,2026-01-01,streaming,0.3302
U006111,2026-01-01,none,0.3955
U006112,2026-01-01,cloud,0.7963
U006113,2026-01-01,software,0.4864
U006114,2026-01-01,streaming,0.7303
U006115,2026-01-01,mobile,0.515
U006116,2026-01-01,mobile,0.3365
U006117,2026-01-01,mobile,0.4389
U006118,2026-01-01,gym,0.8593
U006119,2026-01-01,software,0.8225
U006120,2026-01-01,streaming,0.7595
U006121,2026-01-01,streaming,0.6172
U006122,2026-01-01,mobile,0.8592
U006123,2026-01-01,cloud,0.3905
U006124,2026-01-01,none,0.8121
U006125,2026-01-01,streaming,0.446
U006126,2026-01-01,none,0.9794
U006127,2026-01-01,cloud,0.2999
U006128,2026-01-01,none,0.7535
U006129,2026-01-01,none,0.4743
U006130,2026-01-01,cloud,0.6151
U006131,2026-01-01,insurance,0.5441
U006132,2026-01-01,insurance,0.7855
U006133,2026-01-01,none,0.4511
U006134,2026-01-01,none,0.7139
U006135,2026-01-01,software,0.5149
U006136,2026-01-01,none,0.4495
U006137,2026-01-01,cloud,0.3072
U006138,2026-01-01,gym,0.8911
U006139,2026-01-01,insurance,0.8692
U006140,2026-01-01,software,0.6255
U006141,2026-01-01,streaming,0.4483
U006142,2026-01-01,software,0.7999
U006143,2026-01-01,none,0.3073
U006144,2026-01-01,insurance,0.4938
U006145,2026-01-01,insurance,0.6071
U006146,2026-01-01,streaming,0.6161
U006147,2026-01-01,none,0.7903
U006148,2026-01-01,none,0.953
U006149,2026-01-01,software,0.7127
U006150,2026-01-01,gym,0.5631
U006151,2026-01-01,software,0.5834
U006152,2026-01-01,none,0.9803
U006153,2026-01-01,software,0.5281
U006154,2026-01-01,none,0.9982
U006155,2026-01-01,insurance,0.3502
U006156,2026-01-01,insurance,0.5525
U006157,2026-01-01,gym,0.732
U006158,2026-01-01,none,0.9947
U006159,2026-01-01,mobile,0.3964
U006160,2026-01-01,streaming,0.8622
U006161,2026-01-01,software,0.7068
U006162,2026-01-01,software,0.8082
U006163,2026-01-01,streaming,0.4164
U006164,2026-01-01,insurance,0.4978
U006165,2026-01-01,streaming,0.2326
U006166,2026-01-01,gym,0.5989
U006167,2026-01-01,cloud,0.5354
U006168,2026-01-01,gym,0.5279
U006169,2026-01-01,none,0.4313
U006170,2026-01-01,none,0.9359
U006171,2026-01-01,mobile,0.6865
U006172,2026-01-01,insurance,0.3897
U006173,2026-01-01,music,0.4692
U006174,2026-01-01,mobile,0.3428
U006175,2026-01-01,software,0.681
U006176,2026-01-01,mobile,0.7247
U006177,2026-01-01,software,0.5285
U006178,2026-01-01,mobile,0.6605
U006179,2026-01-01,music,0.3871
U006180,2026-01-01,music,0.7641
U006181,2026-01-01,cloud,0.7084
U006182,2026-01-01,none,0.6381
U006183,2026-01-01,none,0.9967
U006184,2026-01-01,cloud,0.4147
U006185,2026-01-01,none,0.9996
U006186,2026-01-01,mobile,0.7341
U006187,2026-01-01,cloud,0.5243
U006188,2026-01-01,none,0.9977
U006189,2026-01-01,none,0.7075
U006190,2026-01-01,music,0.8787
U006191,2026-01-01,mobile,0.5209
U006192,2026-01-01,streaming,0.5144
U006193,2026-01-01,mobile,0.3496
U006194,2026-01-01,gym,0.4548
U006195,2026-01-01,music,0.6502
U006196,2026-01-01,none,0.309
U006197,2026-01-01,music,0.559
U006198,2026-01-01,none,0.9185
U006199,2026-01-01,streaming,0.8914
U006200,2026-01-01,music,0.7794
U006201,2026-01-01,cloud,0.7921
U006202,2026-01-01,cloud,0.8371
U006203,2026-01-01,streaming,0.5633
U006204,2026-01-01,none,0.9674
U006205,2026-01-01,mobile,0.5534
U006206,2026-01-01,gym,0.3829
U006207,2026-01-01,software,0.4189
U006208,2026-01-01,insurance,0.6955
U006209,2026-01-01,cloud,0.338
U006210,2026-01-01,mobile,0.4502
U006211,2026-01-01,streaming,0.6115
U006212,2026-01-01,music,0.7181
U006213,2026-01-01,gym,0.4212
U006214,2026-01-01,none,0.9975
U006215,2026-01-01,software,0.4001
U006216,2026-01-01,software,0.5685
U006217,2026-01-01,mobile,0.6599
U006218,2026-01-01,insurance,0.7158
U006219,2026-01-01,none,0.5153
U006220,2026-01-01,music,0.7939
U006221,2026-01-01,music,0.7163
U006222,2026-01-01,mobile,0.4502
U006223,2026-01-01,cloud,0.8186
U006224,2026-01-01,none,0.9963
U006225,2026-01-01,cloud,0.6567
U006226,2026-01-01,streaming,0.8344
U006227,2026-01-01,software,0.3832
U006228,2026-01-01,insurance,0.757
U006229,2026-01-01,gym,0.4503
U006230,2026-01-01,insurance,0.3809
U006231,2026-01-01,insurance,0.5672
U006232,2026-01-01,software,0.7094
U006233,2026-01-01,cloud,0.5497
U006234,2026-01-01,insurance,0.5118
U006235,2026-01-01,none,0.5278
U006236,2026-01-01,none,0.9426
U006237,2026-01-01,none,0.5456
U006238,2026-01-01,insurance,0.4907
U006239,2026-01-01,streaming,0.5299
U006240,2026-01-01,software,0.4728
U006241,2026-01-01,software,0.9279
U006242,2026-01-01,none,0.9662
U006243,2026-01-01,gym,0.4333
U006244,2026-01-01,none,0.8543
U006245,2026-01-01,music,0.4481
U006246,2026-01-01,none,0.8718
U006247,2026-01-01,gym,0.2628
U006248,2026-01-01,gym,0.577
U006249,2026-01-01,software,0.7054
U006250,2026-01-01,cloud,0.6975
U006251,2026-01-01,insurance,0.6854
U006252,2026-01-01,streaming,0.4436
U006253,2026-01-01,streaming,0.7801
U006254,2026-01-01,mobile,0.3221
U006255,2026-01-01,none,0.871
U006256,2026-01-01,none,0.5773
U006257,2026-01-01,music,0.675
U006258,2026-01-01,none,0.7486
U006259,2026-01-01,streaming,0.4942
U006260,2026-01-01,none,0.8496
U006261,2026-01-01,streaming,0.507
U006262,2026-01-01,cloud,0.7134
U006263,2026-01-01,software,0.7192
U006264,2026-01-01,software,0.6587
U006265,2026-01-01,streaming,0.5252
U006266,2026-01-01,gym,0.8209
U006267,2026-01-01,streaming,0.6103
U006268,2026-01-01,none,0.6578
U006269,2026-01-01,gym,0.4943
U006270,2026-01-01,cloud,0.5657
U006271,2026-01-01,music,0.9116
U006272,2026-01-01,music,0.2921
U006273,2026-01-01,insurance,0.53
U006274,2026-01-01,mobile,0.6463
U006275,2026-01-01,gym,0.5928
U006276,2026-01-01,none,0.7877
U006277,2026-01-01,streaming,0.3536
U006278,2026-01-01,insurance,0.8236
U006279,2026-01-01,none,0.5496
U006280,2026-01-01,none,0.9168
U006281,2026-01-01,streaming,0.901
U006282,2026-01-01,gym,0.5183
U006283,2026-01-01,music,0.518
U006284,2026-01-01,none,0.9802
U006285,2026-01-01,music,0.6191
U006286,2026-01-01,none,0.9058
U006287,2026-01-01,none,0.9911
U006288,2026-01-01,cloud,0.5628
U006289,2026-01-01,mobile,0.7798
U006290,2026-01-01,music,0.636
U006291,2026-01-01,mobile,0.759
U006292,2026-01-01,gym,0.4397
U006293,2026-01-01,streaming,0.7328
U006294,2026-01-01,none,0.4354
U006295,2026-01-01,cloud,0.2793
U006296,2026-01-01,streaming,0.7459
U006297,2026-01-01,music,0.3749
U006298,2026-01-01,mobile,0.5517
U006299,2026-01-01,none,0.8091
U006300,2026-01-01,mobile,0.6596
U006301,2026-01-01,streaming,0.7687
U006302,2026-01-01,none,0.3797
U006303,2026-01-01,none,0.6157
U006304,2026-01-01,software,0.5735
U006305,2026-01-01,none,0.4493
U006306,2026-01-01,gym,0.707
U006307,2026-01-01,mobile,0.736
U006308,2026-01-01,insurance,0.844
U006309,2026-01-01,mobile,0.4217
U006310,2026-01-01,insurance,0.7703
U006311,2026-01-01,music,0.5333
U006312,2026-01-01,mobile,0.478
U006313,2026-01-01,cloud,0.7573
U006314,2026-01-01,mobile,0.4964
U006315,2026-01-01,streaming,0.4315
U006316,2026-01-01,none,0.926
U006317,2026-01-01,none,0.9752
U006318,2026-01-01,none,0.9564
U006319,2026-01-01,music,0.7541
U006320,2026-01-01,music,0.8111
U006321,2026-01-01,cloud,0.4564
U006322,2026-01-01,cloud,0.7085
U006323,2026-01-01,music,0.3836
U006324,2026-01-01,music,0.4676
U006325,2026-01-01,mobile,0.3998
U006326,2026-01-01,software,0.796
U006327,2026-01-01,gym,0.6445
U006328,2026-01-01,music,0.4866
U006329,2026-01-01,gym,0.7106
U006330,2026-01-01,streaming,0.6013
U006331,2026-01-01,none,0.977
U006332,2026-01-01,mobile,0.8148
U006333,2026-01-01,mobile,0.5845
U006334,2026-01-01,cloud,0.7563
U006335,2026-01-01,none,0.8568
U006336,2026-01-01,music,0.4959
U006337,2026-01-01,mobile,0.5288
U006338,2026-01-01,insurance,0.4551
U006339,2026-01-01,none,0.5772
U006340,2026-01-01,mobile,0.4537
U006341,2026-01-01,streaming,0.4906
U006342,2026-01-01,none,0.9448
U006343,2026-01-01,insurance,0.3796
U006344,2026-01-01,mobile,0.5237
U006345,2026-01-01,streaming,0.859
U006346,2026-01-01,insurance,0.3972
U006347,2026-01-01,none,0.9683
U006348,2026-01-01,cloud,0.4559
U006349,2026-01-01,gym,0.5366
U006350,2026-01-01,streaming,0.3987
U006351,2026-01-01,gym,0.6567
U006352,2026-01-01,none,0.9595
U006353,2026-01-01,music,0.6128
U006354,2026-01-01,none,0.6727
U006355,2026-01-01,gym,0.6637
U006356,2026-01-01,none,0.8204
U006357,2026-01-01,none,0.553
U006358,2026-01-01,insurance,0.4816
U006359,2026-01-01,insurance,0.4811
U006360,2026-01-01,streaming,0.6753
U006361,2026-01-01,mobile,0.7524
U006362,2026-01-01,mobile,0.5827
U006363,2026-01-01,music,0.4335
U006364,2026-01-01,software,0.6915
U006365,2026-01-01,none,0.9208
U006366,2026-01-01,gym,0.5565
U006367,2026-01-01,none,0.3341
U006368,2026-01-01,streaming,0.5064
U006369,2026-01-01,gym,0.5021
U006370,2026-01-01,software,0.4732
U006371,2026-01-01,none,0.6696
U006372,2026-01-01,insurance,0.6281
U006373,2026-01-01,mobile,0.5727
U006374,2026-01-01,gym,0.505
U006375,2026-01-01,mobile,0.7829
U006376,2026-01-01,none,0.8202
U006377,2026-01-01,cloud,0.5903
U006378,2026-01-01,none,0.5967
U006379,2026-01-01,cloud,0.6937
U006380,2026-01-01,software,0.665
U006381,2026-01-01,mobile,0.889
U006382,2026-01-01,software,0.7542
U006383,2026-01-01,none,0.7392
U006384,2026-01-01,software,0.459
U006385,2026-01-01,gym,0.4584
U006386,2026-01-01,gym,0.7023
U006387,2026-01-01,mobile,0.3998
U006388,2026-01-01,music,0.6771
U006389,2026-01-01,gym,0.65
U006390,2026-01-01,mobile,0.4867
U006391,2026-01-01,none,0.86
U006392,2026-01-01,none,0.9375
U006393,2026-01-01,none,0.7444
U006394,2026-01-01,music,0.4256
U006395,2026-01-01,streaming,0.7927
U006396,2026-01-01,mobile,0.6134
U006397,2026-01-01,software,0.6638
U006398,2026-01-01,music,0.7137
U006399,2026-01-01,gym,0.8277
U006400,2026-01-01,none,0.5742
U006401,2026-01-01,mobile,0.4516
U006402,2026-01-01,none,0.9833
U006403,2026-01-01,music,0.4913
U006404,2026-01-01,software,0.4859
U006405,2026-01-01,gym,0.7601
U006406,2026-01-01,none,0.9454
U006407,2026-01-01,cloud,0.547
U006408,2026-01-01,cloud,0.5414
U006409,2026-01-01,insurance,0.3155
U006410,2026-01-01,streaming,0.7424
U006411,2026-01-01,none,0.8828
U006412,2026-01-01,gym,0.6743
U006413,2026-01-01,gym,0.809
U006414,2026-01-01,mobile,0.6108
U006415,2026-01-01,insurance,0.6006
U006416,2026-01-01,software,0.5759
U006417,2026-01-01,cloud,0.8585
U006418,2026-01-01,none,0.9971
U006419,2026-01-01,none,0.9517
U006420,2026-01-01,cloud,0.4089
U006421,2026-01-01,gym,0.6229
U006422,2026-01-01,none,0.7254
U006423,2026-01-01,streaming,0.5117
U006424,2026-01-01,gym,0.57
U006425,2026-01-01,gym,0.3399
U006426,2026-01-01,music,0.5476
U006427,2026-01-01,software,0.7884
U006428,2026-01-01,insurance,0.4742
U006429,2026-01-01,mobile,0.527
U006430,2026-01-01,none,0.5523
U006431,2026-01-01,cloud,0.8353
U006432,2026-01-01,software,0.4955
U006433,2026-01-01,mobile,0.8542
U006434,2026-01-01,mobile,0.5943
U006435,2026-01-01,none,0.5709
U006436,2026-01-01,none,0.6399
U006437,2026-01-01,streaming,0.3879
U006438,2026-01-01,none,0.7557
U006439,2026-01-01,none,0.9977
U006440,2026-01-01,none,0.5349
U006441,2026-01-01,software,0.4159
U006442,2026-01-01,none,0.9559
U006443,2026-01-01,mobile,0.5951
U006444,2026-01-01,cloud,0.8478
U006445,2026-01-01,software,0.4513
U006446,2026-01-01,music,0.6202
U006447,2026-01-01,none,0.9527
U006448,2026-01-01,none,0.4218
U006449,2026-01-01,mobile,0.5288
U006450,2026-01-01,software,0.4538
U006451,2026-01-01,gym,0.7302
U006452,2026-01-01,music,0.5279
U006453,2026-01-01,mobile,0.6528
U006454,2026-01-01,streaming,0.5562
U006455,2026-01-01,none,0.9967
U006456,2026-01-01,insurance,0.6004
U006457,2026-01-01,software,0.5186
U006458,2026-01-01,insurance,0.5165
U006459,2026-01-01,streaming,0.7513
U006460,2026-01-01,mobile,0.7226
U006461,2026-01-01,streaming,0.7285
U006462,2026-01-01,mobile,0.7924
U006463,2026-01-01,streaming,0.5365
U006464,2026-01-01,software,0.4759
U006465,2026-01-01,music,0.8198
U006466,2026-01-01,insurance,0.6508
U006467,2026-01-01,insurance,0.3338
U006468,2026-01-01,none,0.8986
U006469,2026-01-01,gym,0.5517
U006470,2026-01-01,none,0.9542
U006471,2026-01-01,cloud,0.5417
U006472,2026-01-01,mobile,0.4099
U006473,2026-01-01,streaming,0.3723
U006474,2026-01-01,none,0.443
U006475,2026-01-01,none,0.6498
U006476,2026-01-01,none,0.9866
U006477,2026-01-01,music,0.4919
U006478,2026-01-01,cloud,0.4155
U006479,2026-01-01,none,0.574
U006480,2026-01-01,mobile,0.6612
U006481,2026-01-01,streaming,0.4954
U006482,2026-01-01,none,0.7991
U006483,2026-01-01,insurance,0.515
U006484,2026-01-01,none,0.5117
U006485,2026-01-01,none,0.821
U006486,2026-01-01,none,0.6762
U006487,2026-01-01,none,0.3388
U006488,2026-01-01,mobile,0.6691
U006489,2026-01-01,gym,0.4647
U006490,2026-01-01,none,0.9759
U006491,2026-01-01,none,0.9834
U006492,2026-01-01,music,0.4821
U006493,2026-01-01,none,0.9952
U006494,2026-01-01,music,0.6213
U006495,2026-01-01,music,0.5245
U006496,2026-01-01,mobile,0.5016
U006497,2026-01-01,mobile,0.6228
U006498,2026-01-01,cloud,0.5311
U006499,2026-01-01,streaming,0.3411
U006500,2026-01-01,gym,0.3541
U006501,2026-01-01,none,0.2953
U006502,2026-01-01,music,0.6452
U006503,2026-01-01,none,0.9737
U006504,2026-01-01,streaming,0.4662
U006505,2026-01-01,none,0.9995
U006506,2026-01-01,none,0.8054
U006507,2026-01-01,software,0.4498
U006508,2026-01-01,software,0.6174
U006509,2026-01-01,gym,0.5997
U006510,2026-01-01,none,0.9615
U006511,2026-01-01,streaming,0.8167
U006512,2026-01-01,insurance,0.3337
U006513,2026-01-01,cloud,0.7913
U006514,2026-01-01,none,0.5318
U006515,2026-01-01,none,0.9966
U006516,2026-01-01,software,0.6281
U006517,2026-01-01,streaming,0.5275
U006518,2026-01-01,cloud,0.8127
U006519,2026-01-01,cloud,0.4206
U006520,2026-01-01,insurance,0.3647
U006521,2026-01-01,streaming,0.776
U006522,2026-01-01,none,0.7502
U006523,2026-01-01,mobile,0.3896
U006524,2026-01-01,none,0.6924
U006525,2026-01-01,music,0.44
U006526,2026-01-01,insurance,0.4614
U006527,2026-01-01,insurance,0.6565
U006528,2026-01-01,none,0.8633
U006529,2026-01-01,software,0.5415
U006530,2026-01-01,none,0.3642
U006531,2026-01-01,mobile,0.6503
U006532,2026-01-01,streaming,0.6824
U006533,2026-01-01,mobile,0.5473
U006534,2026-01-01,none,0.4708
U006535,2026-01-01,mobile,0.8953
U006536,2026-01-01,none,0.6326
U006537,2026-01-01,software,0.7878
U006538,2026-01-01,none,0.9187
U006539,2026-01-01,music,0.3916
U006540,2026-01-01,none,0.9959
U006541,2026-01-01,insurance,0.6484
U006542,2026-01-01,streaming,0.7889
U006543,2026-01-01,gym,0.4531
U006544,2026-01-01,none,0.3888
U006545,2026-01-01,insurance,0.6607
U006546,2026-01-01,gym,0.7794
U006547,2026-01-01,streaming,0.6087
U006548,2026-01-01,none,0.8657
U006549,2026-01-01,none,0.7271
U006550,2026-01-01,cloud,0.7814
U006551,2026-01-01,mobile,0.547
U006552,2026-01-01,music,0.7811
U006553,2026-01-01,none,0.5363
U006554,2026-01-01,streaming,0.7849
U006555,2026-01-01,cloud,0.4829
U006556,2026-01-01,software,0.6187
U006557,2026-01-01,gym,0.7297
U006558,2026-01-01,none,0.9766
U006559,2026-01-01,software,0.8587
U006560,2026-01-01,music,0.6558
U006561,2026-01-01,insurance,0.6316
U006562,2026-01-01,music,0.6176
U006563,2026-01-01,software,0.5324
U006564,2026-01-01,gym,0.4312
U006565,2026-01-01,cloud,0.8718
U006566,2026-01-01,gym,0.8257
U006567,2026-01-01,insurance,0.4272
U006568,2026-01-01,music,0.8474
U006569,2026-01-01,cloud,0.8098
U006570,2026-01-01,software,0.8161
U006571,2026-01-01,none,0.4551
U006572,2026-01-01,mobile,0.8607
U006573,2026-01-01,none,0.5583
U006574,2026-01-01,software,0.9004
U006575,2026-01-01,none,0.7423
U006576,2026-01-01,none,0.6817
U006577,2026-01-01,streaming,0.5239
U006578,2026-01-01,gym,0.6846
U006579,2026-01-01,none,0.9431
U006580,2026-01-01,software,0.3797
U006581,2026-01-01,gym,0.513
U006582,2026-01-01,streaming,0.4587
U006583,2026-01-01,streaming,0.8553
U006584,2026-01-01,mobile,0.7124
U006585,2026-01-01,insurance,0.6862
U006586,2026-01-01,cloud,0.5103
U006587,2026-01-01,mobile,0.3545
U006588,2026-01-01,insurance,0.5577
U006589,2026-01-01,cloud,0.6552
U006590,2026-01-01,none,0.6047
U006591,2026-01-01,streaming,0.5377
U006592,2026-01-01,mobile,0.5638
U006593,2026-01-01,none,0.5991
U006594,2026-01-01,none,0.9908
U006595,2026-01-01,software,0.4475
U006596,2026-01-01,gym,0.8625
U006597,2026-01-01,gym,0.4578
U006598,2026-01-01,software,0.3504
U006599,2026-01-01,none,0.9987
U006600,2026-01-01,software,0.574
U006601,2026-01-01,streaming,0.6751
U006602,2026-01-01,software,0.3403
U006603,2026-01-01,none,0.9742
U006604,2026-01-01,cloud,0.4494
U006605,2026-01-01,cloud,0.402
U006606,2026-01-01,music,0.4571
U006607,2026-01-01,music,0.8814
U006608,2026-01-01,streaming,0.4252
U006609,2026-01-01,insurance,0.4693
U006610,2026-01-01,streaming,0.7651
U006611,2026-01-01,software,0.6359
U006612,2026-01-01,mobile,0.5101
U006613,2026-01-01,music,0.8419
U006614,2026-01-01,none,0.6275
U006615,2026-01-01,music,0.6293
U006616,2026-01-01,gym,0.3713
U006617,2026-01-01,streaming,0.6364
U006618,2026-01-01,gym,0.7025
U006619,2026-01-01,gym,0.6251
U006620,2026-01-01,gym,0.6258
U006621,2026-01-01,streaming,0.6267
U006622,2026-01-01,cloud,0.5439
U006623,2026-01-01,cloud,0.5844
U006624,2026-01-01,none,0.9093
U006625,2026-01-01,streaming,0.6748
U006626,2026-01-01,mobile,0.5051
U006627,2026-01-01,cloud,0.4906
U006628,2026-01-01,insurance,0.3806
U006629,2026-01-01,software,0.8116
U006630,2026-01-01,gym,0.6867
U006631,2026-01-01,cloud,0.588
U006632,2026-01-01,streaming,0.5523
U006633,2026-01-01,mobile,0.7665
U006634,2026-01-01,gym,0.5932
U006635,2026-01-01,gym,0.6725
U006636,2026-01-01,music,0.4548
U006637,2026-01-01,gym,0.5441
U006638,2026-01-01,mobile,0.5173
U006639,2026-01-01,none,0.5664
U006640,2026-01-01,insurance,0.7037
U006641,2026-01-01,streaming,0.9269
U006642,2026-01-01,music,0.7765
U006643,2026-01-01,none,0.7151
U006644,2026-01-01,gym,0.4939
U006645,2026-01-01,software,0.6228
U006646,2026-01-01,none,0.7411
U006647,2026-01-01,mobile,0.3391
U006648,2026-01-01,none,0.9385
U006649,2026-01-01,mobile,0.5232
U006650,2026-01-01,streaming,0.7297
U006651,2026-01-01,software,0.3804
U006652,2026-01-01,software,0.5895
U006653,2026-01-01,mobile,0.4654
U006654,2026-01-01,mobile,0.6507
U006655,2026-01-01,streaming,0.5059
U006656,2026-01-01,none,0.9296
U006657,2026-01-01,none,0.9995
U006658,2026-01-01,gym,0.4616
U006659,2026-01-01,music,0.6814
U006660,2026-01-01,software,0.4987
U006661,2026-01-01,music,0.5272
U006662,2026-01-01,none,0.6523
U006663,2026-01-01,insurance,0.8072
U006664,2026-01-01,gym,0.5288
U006665,2026-01-01,gym,0.4291
U006666,2026-01-01,none,0.9048
U006667,2026-01-01,none,0.6461
U006668,2026-01-01,mobile,0.3051
U006669,2026-01-01,gym,0.4644
U006670,2026-01-01,gym,0.4447
U006671,2026-01-01,none,0.9232
U006672,2026-01-01,none,0.7442
U006673,2026-01-01,insurance,0.4675
U006674,2026-01-01,insurance,0.7458
U006675,2026-01-01,cloud,0.4499
U006676,2026-01-01,software,0.7128
U006677,2026-01-01,mobile,0.5025
U006678,2026-01-01,cloud,0.479
U006679,2026-01-01,gym,0.5245
U006680,2026-01-01,gym,0.4532
U006681,2026-01-01,none,0.992
U006682,2026-01-01,none,0.956
U006683,2026-01-01,gym,0.6594
U006684,2026-01-01,gym,0.5864
U006685,2026-01-01,none,0.906
U006686,2026-01-01,none,0.4864
U006687,2026-01-01,gym,0.5324
U006688,2026-01-01,software,0.2897
U006689,2026-01-01,cloud,0.4361
U006690,2026-01-01,insurance,0.7169
U006691,2026-01-01,mobile,0.5857
U006692,2026-01-01,music,0.9066
U006693,2026-01-01,cloud,0.4938
U006694,2026-01-01,insurance,0.8284
U006695,2026-01-01,cloud,0.7501
U006696,2026-01-01,streaming,0.3857
U006697,2026-01-01,software,0.3776
U006698,2026-01-01,none,0.455
U006699,2026-01-01,none,0.886
U006700,2026-01-01,none,0.4953
U006701,2026-01-01,streaming,0.8652
U006702,2026-01-01,none,0.8772
U006703,2026-01-01,insurance,0.8053
U006704,2026-01-01,gym,0.5511
U006705,2026-01-01,music,0.9083
U006706,2026-01-01,music,0.4369
U006707,2026-01-01,cloud,0.3793
U006708,2026-01-01,cloud,0.8419
U006709,2026-01-01,software,0.4803
U006710,2026-01-01,music,0.4928
U006711,2026-01-01,software,0.4083
U006712,2026-01-01,insurance,0.6536
U006713,2026-01-01,gym,0.465
U006714,2026-01-01,mobile,0.2829
U006715,2026-01-01,cloud,0.5318
U006716,2026-01-01,software,0.668
U006717,2026-01-01,insurance,0.4548
U006718,2026-01-01,software,0.7461
U006719,2026-01-01,none,0.9004
U006720,2026-01-01,streaming,0.698
U006721,2026-01-01,none,0.2483
U006722,2026-01-01,streaming,0.7584
U006723,2026-01-01,none,0.3969
U006724,2026-01-01,music,0.7221
U006725,2026-01-01,streaming,0.451
U006726,2026-01-01,gym,0.5565
U006727,2026-01-01,none,0.4511
U006728,2026-01-01,none,0.8501
U006729,2026-01-01,mobile,0.7251
U006730,2026-01-01,music,0.5572
U006731,2026-01-01,cloud,0.7963
U006732,2026-01-01,cloud,0.8135
U006733,2026-01-01,none,0.8449
U006734,2026-01-01,streaming,0.4905
U006735,2026-01-01,none,0.9998
U006736,2026-01-01,gym,0.63
U006737,2026-01-01,streaming,0.6946
U006738,2026-01-01,cloud,0.5423
U006739,2026-01-01,software,0.6854
U006740,2026-01-01,gym,0.8519
U006741,2026-01-01,insurance,0.5805
U006742,2026-01-01,mobile,0.3625
U006743,2026-01-01,streaming,0.4251
U006744,2026-01-01,gym,0.4551
U006745,2026-01-01,gym,0.6478
U006746,2026-01-01,none,0.8929
U006747,2026-01-01,gym,0.3585
U006748,2026-01-01,none,0.5227
U006749,2026-01-01,insurance,0.844
U006750,2026-01-01,streaming,0.281
U006751,2026-01-01,gym,0.4381
U006752,2026-01-01,cloud,0.747
U006753,2026-01-01,insurance,0.8947
U006754,2026-01-01,cloud,0.4319
U006755,2026-01-01,none,0.7101
U006756,2026-01-01,gym,0.82
U006757,2026-01-01,none,0.8444
U006758,2026-01-01,none,0.6524
U006759,2026-01-01,gym,0.6807
U006760,2026-01-01,cloud,0.7879
U006761,2026-01-01,music,0.6394
U006762,2026-01-01,gym,0.395
U006763,2026-01-01,music,0.7218
U006764,2026-01-01,streaming,0.2601
U006765,2026-01-01,software,0.4412
U006766,2026-01-01,cloud,0.4628
U006767,2026-01-01,gym,0.3689
U006768,2026-01-01,cloud,0.3878
U006769,2026-01-01,none,0.8866
U006770,2026-01-01,cloud,0.4371
U006771,2026-01-01,streaming,0.7108
U006772,2026-01-01,streaming,0.2995
U006773,2026-01-01,insurance,0.6749
U006774,2026-01-01,insurance,0.8922
U006775,2026-01-01,none,0.8448
U006776,2026-01-01,cloud,0.4055
U006777,2026-01-01,cloud,0.627
U006778,2026-01-01,software,0.5735
U006779,2026-01-01,music,0.5996
U006780,2026-01-01,none,0.9969
U006781,2026-01-01,none,0.5395
U006782,2026-01-01,streaming,0.519
U006783,2026-01-01,insurance,0.6627
U006784,2026-01-01,software,0.8664
U006785,2026-01-01,music,0.7819
U006786,2026-01-01,mobile,0.6788
U006787,2026-01-01,software,0.371
U006788,2026-01-01,none,0.4869
U006789,2026-01-01,software,0.4422
U006790,2026-01-01,cloud,0.5408
U006791,2026-01-01,gym,0.3656
U006792,2026-01-01,none,0.7561
U006793,2026-01-01,none,0.8857
U006794,2026-01-01,mobile,0.5181
U006795,2026-01-01,none,0.9879
U006796,2026-01-01,none,0.8544
U006797,2026-01-01,streaming,0.8588
U006798,2026-01-01,none,0.7101
U006799,2026-01-01,insurance,0.689
U006800,2026-01-01,none,0.7788
U006801,2026-01-01,insurance,0.5857
U006802,2026-01-01,none,0.9948
U006803,2026-01-01,software,0.4733
U006804,2026-01-01,streaming,0.4465
U006805,2026-01-01,gym,0.501
U006806,2026-01-01,streaming,0.3574
U006807,2026-01-01,cloud,0.8637
U006808,2026-01-01,software,0.6415
U006809,2026-01-01,none,0.8565
U006810,2026-01-01,mobile,0.8488
U006811,2026-01-01,music,0.5656
U006812,2026-01-01,software,0.7811
U006813,2026-01-01,gym,0.3551
U006814,2026-01-01,none,0.99
U006815,2026-01-01,insurance,0.8708
U006816,2026-01-01,none,0.8618
U006817,2026-01-01,software,0.4873
U006818,2026-01-01,streaming,0.6222
U006819,2026-01-01,none,0.9658
U006820,2026-01-01,software,0.6653
U006821,2026-01-01,cloud,0.6223
U006822,2026-01-01,streaming,0.4926
U006823,2026-01-01,none,0.8772
U006824,2026-01-01,insurance,0.5911
U006825,2026-01-01,cloud,0.8378
U006826,2026-01-01,streaming,0.6904
U006827,2026-01-01,streaming,0.8822
U006828,2026-01-01,insurance,0.6146
U006829,2026-01-01,none,0.4787
U006830,2026-01-01,software,0.6378
U006831,2026-01-01,cloud,0.558
U006832,2026-01-01,music,0.523
U006833,2026-01-01,gym,0.4098
U006834,2026-01-01,none,0.9906
U006835,2026-01-01,streaming,0.6201
U006836,2026-01-01,cloud,0.7226
U006837,2026-01-01,insurance,0.515
U006838,2026-01-01,streaming,0.6988
U006839,2026-01-01,none,0.7718
U006840,2026-01-01,mobile,0.5291
U006841,2026-01-01,insurance,0.5014
U006842,2026-01-01,insurance,0.332
U006843,2026-01-01,gym,0.465
U006844,2026-01-01,insurance,0.6823
U006845,2026-01-01,streaming,0.5247
U006846,2026-01-01,software,0.8571
U006847,2026-01-01,cloud,0.452
U006848,2026-01-01,none,0.7478
U006849,2026-01-01,software,0.6078
U006850,2026-01-01,mobile,0.431
U006851,2026-01-01,software,0.3389
U006852,2026-01-01,none,0.9419
U006853,2026-01-01,software,0.4447
U006854,2026-01-01,insurance,0.7775
U006855,2026-01-01,music,0.4182
U006856,2026-01-01,none,0.9723
U006857,2026-01-01,mobile,0.4589
U006858,2026-01-01,mobile,0.5709
U006859,2026-01-01,none,0.4666
U006860,2026-01-01,cloud,0.3441
U006861,2026-01-01,streaming,0.5053
U006862,2026-01-01,insurance,0.521
U006863,2026-01-01,none,0.6678
U006864,2026-01-01,cloud,0.4009
U006865,2026-01-01,streaming,0.4454
U006866,2026-01-01,software,0.542
U006867,2026-01-01,gym,0.6887
U006868,2026-01-01,gym,0.717
U006869,2026-01-01,none,0.7854
U006870,2026-01-01,cloud,0.4533
U006871,2026-01-01,streaming,0.5947
U006872,2026-01-01,none,0.6495
U006873,2026-01-01,mobile,0.6799
U006874,2026-01-01,software,0.5485
U006875,2026-01-01,none,0.9985
U006876,2026-01-01,none,0.9953
U006877,2026-01-01,software,0.7224
U006878,2026-01-01,none,0.7294
U006879,2026-01-01,software,0.5081
U006880,2026-01-01,none,0.958
U006881,2026-01-01,gym,0.5016
U006882,2026-01-01,gym,0.714
U006883,2026-01-01,streaming,0.4822
U006884,2026-01-01,gym,0.648
U006885,2026-01-01,music,0.6713
U006886,2026-01-01,software,0.8042
U006887,2026-01-01,cloud,0.4154
U006888,2026-01-01,mobile,0.8325
U006889,2026-01-01,none,0.5327
U006890,2026-01-01,mobile,0.7966
U006891,2026-01-01,streaming,0.3866
U006892,2026-01-01,mobile,0.6259
U006893,2026-01-01,none,0.9863
U006894,2026-01-01,gym,0.5463
U006895,2026-01-01,music,0.5201
U006896,2026-01-01,gym,0.7769
U006897,2026-01-01,streaming,0.8992
U006898,2026-01-01,cloud,0.4057
U006899,2026-01-01,insurance,0.7018
U006900,2026-01-01,insurance,0.8706
U006901,2026-01-01,insurance,0.4076
U006902,2026-01-01,cloud,0.8641
U006903,2026-01-01,none,0.7947
U006904,2026-01-01,streaming,0.5675
U006905,2026-01-01,software,0.4343
U006906,2026-01-01,gym,0.8859
U006907,2026-01-01,mobile,0.6154
U006908,2026-01-01,streaming,0.5372
U006909,2026-01-01,music,0.5413
U006910,2026-01-01,streaming,0.5043
U006911,2026-01-01,streaming,0.5309
U006912,2026-01-01,cloud,0.5216
U006913,2026-01-01,streaming,0.6426
U006914,2026-01-01,insurance,0.808
U006915,2026-01-01,gym,0.4152
U006916,2026-01-01,cloud,0.5575
U006917,2026-01-01,none,0.9986
U006918,2026-01-01,insurance,0.4424
U006919,2026-01-01,mobile,0.439
U006920,2026-01-01,mobile,0.7329
U006921,2026-01-01,music,0.5658
U006922,2026-01-01,streaming,0.5637
U006923,2026-01-01,mobile,0.7978
U006924,2026-01-01,mobile,0.4538
U006925,2026-01-01,mobile,0.6243
U006926,2026-01-01,insurance,0.8411
U006927,2026-01-01,gym,0.3784
U006928,2026-01-01,insurance,0.6362
U006929,2026-01-01,streaming,0.7152
U006930,2026-01-01,none,0.9066
U006931,2026-01-01,software,0.8338
U006932,2026-01-01,none,0.6365
U006933,2026-01-01,gym,0.7979
U006934,2026-01-01,none,0.8537
U006935,2026-01-01,none,0.994
U006936,2026-01-01,music,0.831
U006937,2026-01-01,gym,0.6352
U006938,2026-01-01,none,0.9911
U006939,2026-01-01,streaming,0.8765
U006940,2026-01-01,none,0.9154
U006941,2026-01-01,gym,0.7604
U006942,2026-01-01,cloud,0.471
U006943,2026-01-01,music,0.529
U006944,2026-01-01,mobile,0.5269
U006945,2026-01-01,cloud,0.5721
U006946,2026-01-01,gym,0.4336
U006947,2026-01-01,software,0.5762
U006948,2026-01-01,music,0.3957
U006949,2026-01-01,none,0.5269
U006950,2026-01-01,mobile,0.5543
U006951,2026-01-01,software,0.5052
U006952,2026-01-01,none,0.6206
U006953,2026-01-01,gym,0.3347
U006954,2026-01-01,cloud,0.6009
U006955,2026-01-01,insurance,0.5408
U006956,2026-01-01,none,0.7509
U006957,2026-01-01,software,0.5162
U006958,2026-01-01,streaming,0.2411
U006959,2026-01-01,cloud,0.8872
U006960,2026-01-01,none,0.9937
U006961,2026-01-01,streaming,0.5605
U006962,2026-01-01,none,0.6299
U006963,2026-01-01,insurance,0.4235
U006964,2026-01-01,gym,0.3403
U006965,2026-01-01,software,0.4829
U006966,2026-01-01,none,0.9948
U006967,2026-01-01,none,0.634
U006968,2026-01-01,none,0.9338
U006969,2026-01-01,none,0.9113
U006970,2026-01-01,none,0.9743
U006971,2026-01-01,gym,0.4739
U006972,2026-01-01,music,0.5723
U006973,2026-01-01,music,0.4505
U006974,2026-01-01,gym,0.7564
U006975,2026-01-01,cloud,0.5648
U006976,2026-01-01,none,0.9101
U006977,2026-01-01,mobile,0.6763
U006978,2026-01-01,software,0.4127
U006979,2026-01-01,insurance,0.619
U006980,2026-01-01,none,0.3797
U006981,2026-01-01,insurance,0.5499
U006982,2026-01-01,none,0.9658
U006983,2026-01-01,streaming,0.8667
U006984,2026-01-01,insurance,0.8965
U006985,2026-01-01,streaming,0.4062
U006986,2026-01-01,none,0.921
U006987,2026-01-01,gym,0.6549
U006988,2026-01-01,none,0.8306
U006989,2026-01-01,none,0.5826
U006990,2026-01-01,mobile,0.7116
U006991,2026-01-01,insurance,0.6345
U006992,2026-01-01,none,0.8491
U006993,2026-01-01,gym,0.5679
U006994,2026-01-01,software,0.5657
U006995,2026-01-01,music,0.7802
U006996,2026-01-01,insurance,0.6286
U006997,2026-01-01,music,0.3948
U006998,2026-01-01,insurance,0.5883
U006999,2026-01-01,gym,0.8017
U007000,2026-01-01,mobile,0.276
U007001,2026-01-01,mobile,0.8439
U007002,2026-01-01,insurance,0.4674
U007003,2026-01-01,none,0.8157
U007004,2026-01-01,music,0.7832
U007005,2026-01-01,software,0.7857
U007006,2026-01-01,software,0.5916
U007007,2026-01-01,music,0.5031
U007008,2026-01-01,none,0.9847
U007009,2026-01-01,none,0.381
U007010,2026-01-01,insurance,0.4404
U007011,2026-01-01,software,0.4854
U007012,2026-01-01,software,0.6075
U007013,2026-01-01,mobile,0.5451
U007014,2026-01-01,none,0.4467
U007015,2026-01-01,insurance,0.4835
U007016,2026-01-01,gym,0.7487
U007017,2026-01-01,software,0.5466
U007018,2026-01-01,none,0.926
U007019,2026-01-01,insurance,0.4902
U007020,2026-01-01,cloud,0.802
U007021,2026-01-01,none,0.9263
U007022,2026-01-01,mobile,0.5638
U007023,2026-01-01,none,0.9512
U007024,2026-01-01,insurance,0.5345
U007025,2026-01-01,insurance,0.8618
U007026,2026-01-01,none,0.556
U007027,2026-01-01,none,0.9877
U007028,2026-01-01,streaming,0.744
U007029,2026-01-01,none,0.4424
U007030,2026-01-01,software,0.4444
U007031,2026-01-01,software,0.6142
U007032,2026-01-01,none,0.9155
U007033,2026-01-01,insurance,0.8364
U007034,2026-01-01,streaming,0.5179
U007035,2026-01-01,cloud,0.8912
U007036,2026-01-01,mobile,0.4043
U007037,2026-01-01,cloud,0.514
U007038,2026-01-01,streaming,0.6748
U007039,2026-01-01,streaming,0.7664
U007040,2026-01-01,streaming,0.7047
U007041,2026-01-01,software,0.337
U007042,2026-01-01,software,0.8402
U007043,2026-01-01,streaming,0.6899
U007044,2026-01-01,gym,0.436
U007045,2026-01-01,none,0.5739
U007046,2026-01-01,none,0.8834
U007047,2026-01-01,mobile,0.5925
U007048,2026-01-01,software,0.786
U007049,2026-01-01,mobile,0.9084
U007050,2026-01-01,insurance,0.7896
U007051,2026-01-01,music,0.8733
U007052,2026-01-01,insurance,0.3245
U007053,2026-01-01,none,0.9939
U007054,2026-01-01,streaming,0.5185
U007055,2026-01-01,insurance,0.866
U007056,2026-01-01,insurance,0.4247
U007057,2026-01-01,gym,0.4987
U007058,2026-01-01,mobile,0.4792
U007059,2026-01-01,none,0.8197
U007060,2026-01-01,cloud,0.5589
U007061,2026-01-01,insurance,0.4656
U007062,2026-01-01,insurance,0.4435
U007063,2026-01-01,mobile,0.5882
U007064,2026-01-01,gym,0.4563
U007065,2026-01-01,none,0.9901
U007066,2026-01-01,none,0.9012
U007067,2026-01-01,mobile,0.8601
U007068,2026-01-01,gym,0.7206
U007069,2026-01-01,software,0.4003
U007070,2026-01-01,gym,0.5058
U007071,2026-01-01,cloud,0.4743
U007072,2026-01-01,mobile,0.5217
U007073,2026-01-01,insurance,0.8699
U007074,2026-01-01,none,0.9905
U007075,2026-01-01,gym,0.5494
U007076,2026-01-01,software,0.748
U007077,2026-01-01,software,0.5557
U007078,2026-01-01,software,0.5462
U007079,2026-01-01,none,0.895
U007080,2026-01-01,mobile,0.6796
U007081,2026-01-01,none,0.7615
U007082,2026-01-01,cloud,0.6372
U007083,2026-01-01,streaming,0.7981
U007084,2026-01-01,streaming,0.8771
U007085,2026-01-01,none,0.3435
U007086,2026-01-01,cloud,0.6242
U007087,2026-01-01,software,0.7633
U007088,2026-01-01,cloud,0.8171
U007089,2026-01-01,none,0.7381
U007090,2026-01-01,gym,0.5348
U007091,2026-01-01,streaming,0.4095
U007092,2026-01-01,none,0.8759
U007093,2026-01-01,gym,0.7946
U007094,2026-01-01,mobile,0.5692
U007095,2026-01-01,none,0.8799
U007096,2026-01-01,gym,0.684
U007097,2026-01-01,streaming,0.5388
U007098,2026-01-01,streaming,0.6856
U007099,2026-01-01,software,0.8008
U007100,2026-01-01,gym,0.3894
U007101,2026-01-01,software,0.6669
U007102,2026-01-01,insurance,0.7909
U007103,2026-01-01,none,0.9234
U007104,2026-01-01,software,0.3513
U007105,2026-01-01,insurance,0.6798
U007106,2026-01-01,streaming,0.6044
U007107,2026-01-01,cloud,0.475
U007108,2026-01-01,none,0.6057
U007109,2026-01-01,music,0.7164
U007110,2026-01-01,streaming,0.5273
U007111,2026-01-01,software,0.6312
U007112,2026-01-01,gym,0.4885
U007113,2026-01-01,software,0.5531
U007114,2026-01-01,gym,0.5524
U007115,2026-01-01,none,0.9566
U007116,2026-01-01,none,0.8945
U007117,2026-01-01,software,0.5695
U007118,2026-01-01,insurance,0.3318
U007119,2026-01-01,none,0.4029
U007120,2026-01-01,software,0.5154
U007121,2026-01-01,none,0.3313
U007122,2026-01-01,mobile,0.5995
U007123,2026-01-01,insurance,0.3858
U007124,2026-01-01,cloud,0.6329
U007125,2026-01-01,streaming,0.3652
U007126,2026-01-01,gym,0.4393
U007127,2026-01-01,none,0.9758
U007128,2026-01-01,streaming,0.4183
U007129,2026-01-01,software,0.5427
U007130,2026-01-01,insurance,0.3411
U007131,2026-01-01,mobile,0.8905
U007132,2026-01-01,gym,0.6624
U007133,2026-01-01,software,0.5282
U007134,2026-01-01,cloud,0.5096
U007135,2026-01-01,gym,0.4733
U007136,2026-01-01,none,0.6799
U007137,2026-01-01,none,0.5654
U007138,2026-01-01,streaming,0.7132
U007139,2026-01-01,mobile,0.4503
U007140,2026-01-01,mobile,0.8892
U007141,2026-01-01,none,0.7852
U007142,2026-01-01,none,0.6643
U007143,2026-01-01,none,0.583
U007144,2026-01-01,software,0.7636
U007145,2026-01-01,streaming,0.8259
U007146,2026-01-01,music,0.4725
U007147,2026-01-01,streaming,0.4165
U007148,2026-01-01,none,0.9464
U007149,2026-01-01,gym,0.6916
U007150,2026-01-01,software,0.6433
U007151,2026-01-01,cloud,0.5484
U007152,2026-01-01,software,0.8008
U007153,2026-01-01,gym,0.4972
U007154,2026-01-01,none,0.7675
U007155,2026-01-01,none,0.7004
U007156,2026-01-01,insurance,0.3835
U007157,2026-01-01,mobile,0.4479
U007158,2026-01-01,software,0.5992
U007159,2026-01-01,cloud,0.322
U007160,2026-01-01,mobile,0.5461
U007161,2026-01-01,streaming,0.4822
U007162,2026-01-01,none,0.9007
U007163,2026-01-01,none,0.3844
U007164,2026-01-01,none,0.9935
U007165,2026-01-01,streaming,0.9011
U007166,2026-01-01,insurance,0.5304
U007167,2026-01-01,cloud,0.4612
U007168,2026-01-01,cloud,0.4946
U007169,2026-01-01,cloud,0.7711
U007170,2026-01-01,software,0.508
U007171,2026-01-01,mobile,0.7498
U007172,2026-01-01,none,0.8852
U007173,2026-01-01,cloud,0.5535
U007174,2026-01-01,software,0.7223
U007175,2026-01-01,software,0.4995
U007176,2026-01-01,none,0.4026
U007177,2026-01-01,gym,0.4658
U007178,2026-01-01,streaming,0.3878
U007179,2026-01-01,mobile,0.7927
U007180,2026-01-01,gym,0.6388
U007181,2026-01-01,none,0.824
U007182,2026-01-01,music,0.2793
U007183,2026-01-01,gym,0.4562
U007184,2026-01-01,none,0.4974
U007185,2026-01-01,insurance,0.4609
U007186,2026-01-01,streaming,0.9323
U007187,2026-01-01,music,0.5997
U007188,2026-01-01,software,0.8958
U007189,2026-01-01,cloud,0.7419
U007190,2026-01-01,music,0.5748
U007191,2026-01-01,cloud,0.3381
U007192,2026-01-01,cloud,0.8872
U007193,2026-01-01,software,0.76
U007194,2026-01-01,insurance,0.7303
U007195,2026-01-01,mobile,0.3904
U007196,2026-01-01,insurance,0.6159
U007197,2026-01-01,insurance,0.4347
U007198,2026-01-01,insurance,0.6158
U007199,2026-01-01,music,0.3493
U007200,2026-01-01,mobile,0.5708
U007201,2026-01-01,none,0.8092
U007202,2026-01-01,software,0.3648
U007203,2026-01-01,none,0.9485
U007204,2026-01-01,cloud,0.4967
U007205,2026-01-01,music,0.9001
U007206,2026-01-01,none,0.8725
U007207,2026-01-01,insurance,0.8904
U007208,2026-01-01,music,0.5245
U007209,2026-01-01,none,0.4791
U007210,2026-01-01,streaming,0.734
U007211,2026-01-01,mobile,0.6112
U007212,2026-01-01,gym,0.3963
U007213,2026-01-01,software,0.4763
U007214,2026-01-01,streaming,0.7944
U007215,2026-01-01,music,0.7294
U007216,2026-01-01,cloud,0.8831
U007217,2026-01-01,mobile,0.7935
U007218,2026-01-01,none,0.9122
U007219,2026-01-01,music,0.5356
U007220,2026-01-01,software,0.8498
U007221,2026-01-01,gym,0.8716
U007222,2026-01-01,none,0.9692
U007223,2026-01-01,streaming,0.665
U007224,2026-01-01,streaming,0.3455
U007225,2026-01-01,mobile,0.6465
U007226,2026-01-01,none,0.9877
U007227,2026-01-01,none,0.5848
U007228,2026-01-01,gym,0.785
U007229,2026-01-01,software,0.5985
U007230,2026-01-01,none,0.4417
U007231,2026-01-01,music,0.4377
U007232,2026-01-01,software,0.3837
U007233,2026-01-01,none,0.996
U007234,2026-01-01,none,0.583
U007235,2026-01-01,gym,0.7915
U007236,2026-01-01,cloud,0.5126
U007237,2026-01-01,none,0.4426
U007238,2026-01-01,music,0.8249
U007239,2026-01-01,software,0.8784
U007240,2026-01-01,insurance,0.7162
U007241,2026-01-01,insurance,0.4918
U007242,2026-01-01,cloud,0.6629
U007243,2026-01-01,streaming,0.4472
U007244,2026-01-01,none,0.9936
U007245,2026-01-01,none,0.9952
U007246,2026-01-01,insurance,0.6291
U007247,2026-01-01,music,0.8348
U007248,2026-01-01,music,0.9175
U007249,2026-01-01,software,0.3951
U007250,2026-01-01,none,0.9666
U007251,2026-01-01,software,0.5303
U007252,2026-01-01,software,0.4967
U007253,2026-01-01,cloud,0.5111
U007254,2026-01-01,none,0.9132
U007255,2026-01-01,gym,0.5153
U007256,2026-01-01,none,0.9802
U007257,2026-01-01,none,0.9384
U007258,2026-01-01,gym,0.6078
U007259,2026-01-01,streaming,0.5706
U007260,2026-01-01,none,0.8055
U007261,2026-01-01,none,0.9946
U007262,2026-01-01,mobile,0.3986
U007263,2026-01-01,music,0.6725
U007264,2026-01-01,mobile,0.5325
U007265,2026-01-01,insurance,0.7407
U007266,2026-01-01,music,0.6459
U007267,2026-01-01,mobile,0.4247
U007268,2026-01-01,insurance,0.7552
U007269,2026-01-01,insurance,0.5007
U007270,2026-01-01,mobile,0.6234
U007271,2026-01-01,none,0.9146
U007272,2026-01-01,gym,0.6389
U007273,2026-01-01,none,0.8584
U007274,2026-01-01,none,0.7637
U007275,2026-01-01,none,0.9957
U007276,2026-01-01,none,0.6467
U007277,2026-01-01,cloud,0.3244
U007278,2026-01-01,mobile,0.7987
U007279,2026-01-01,mobile,0.5412
U007280,2026-01-01,mobile,0.7108
U007281,2026-01-01,mobile,0.6512
U007282,2026-01-01,streaming,0.2714
U007283,2026-01-01,music,0.7618
U007284,2026-01-01,music,0.7544
U007285,2026-01-01,cloud,0.5605
U007286,2026-01-01,streaming,0.4348
U007287,2026-01-01,cloud,0.425
U007288,2026-01-01,gym,0.5274
U007289,2026-01-01,none,0.8321
U007290,2026-01-01,none,0.3996
U007291,2026-01-01,mobile,0.8514
U007292,2026-01-01,none,0.4548
U007293,2026-01-01,insurance,0.6561
U007294,2026-01-01,music,0.7936
U007295,2026-01-01,gym,0.8259
U007296,2026-01-01,cloud,0.5479
U007297,2026-01-01,none,0.9138
U007298,2026-01-01,gym,0.6808
U007299,2026-01-01,none,0.7307
U007300,2026-01-01,cloud,0.824
U007301,2026-01-01,none,0.9689
U007302,2026-01-01,gym,0.4493
U007303,2026-01-01,none,0.7135
U007304,2026-01-01,streaming,0.5983
U007305,2026-01-01,insurance,0.8441
U007306,2026-01-01,none,0.9933
U007307,2026-01-01,gym,0.6297
U007308,2026-01-01,software,0.3036
U007309,2026-01-01,gym,0.3846
U007310,2026-01-01,streaming,0.4592
U007311,2026-01-01,insurance,0.4065
U007312,2026-01-01,software,0.6711
U007313,2026-01-01,none,0.669
U007314,2026-01-01,insurance,0.8278
U007315,2026-01-01,none,0.9609
U007316,2026-01-01,music,0.8013
U007317,2026-01-01,gym,0.5353
U007318,2026-01-01,software,0.3593
U007319,2026-01-01,none,0.9769
U007320,2026-01-01,insurance,0.6394
U007321,2026-01-01,none,0.8021
U007322,2026-01-01,none,0.9733
U007323,2026-01-01,streaming,0.4174
U007324,2026-01-01,none,0.9493
U007325,2026-01-01,cloud,0.7766
U007326,2026-01-01,streaming,0.2864
U007327,2026-01-01,cloud,0.8155
U007328,2026-01-01,gym,0.473
U007329,2026-01-01,music,0.5263
U007330,2026-01-01,none,0.4604
U007331,2026-01-01,gym,0.5286
U007332,2026-01-01,gym,0.4182
U007333,2026-01-01,none,0.9328
U007334,2026-01-01,none,0.3961
U007335,2026-01-01,music,0.6311
U007336,2026-01-01,insurance,0.5747
U007337,2026-01-01,streaming,0.5989
U007338,2026-01-01,mobile,0.4301
U007339,2026-01-01,insurance,0.637
U007340,2026-01-01,music,0.4151
U007341,2026-01-01,mobile,0.5794
U007342,2026-01-01,streaming,0.5929
U007343,2026-01-01,mobile,0.8124
U007344,2026-01-01,streaming,0.621
U007345,2026-01-01,none,0.9754
U007346,2026-01-01,insurance,0.8398
U007347,2026-01-01,streaming,0.427
U007348,2026-01-01,streaming,0.7843
U007349,2026-01-01,none,0.8603
U007350,2026-01-01,none,0.911
U007351,2026-01-01,insurance,0.8387
U007352,2026-01-01,none,0.9023
U007353,2026-01-01,mobile,0.3521
U007354,2026-01-01,none,0.8897
U007355,2026-01-01,gym,0.7745
U007356,2026-01-01,software,0.6059
U007357,2026-01-01,music,0.4842
U007358,2026-01-01,insurance,0.3175
U007359,2026-01-01,gym,0.7051
U007360,2026-01-01,music,0.8069
U007361,2026-01-01,none,0.9807
U007362,2026-01-01,streaming,0.9018
U007363,2026-01-01,software,0.5177
U007364,2026-01-01,insurance,0.3383
U007365,2026-01-01,cloud,0.6043
U007366,2026-01-01,mobile,0.3495
U007367,2026-01-01,none,0.6341
U007368,2026-01-01,none,0.6161
U007369,2026-01-01,none,0.2824
U007370,2026-01-01,none,0.4521
U007371,2026-01-01,none,0.9579
U007372,2026-01-01,music,0.8014
U007373,2026-01-01,cloud,0.3869
U007374,2026-01-01,insurance,0.6877
U007375,2026-01-01,gym,0.7357
U007376,2026-01-01,insurance,0.6348
U007377,2026-01-01,software,0.5748
U007378,2026-01-01,none,0.9792
U007379,2026-01-01,software,0.9032
U007380,2026-01-01,none,0.5965
U007381,2026-01-01,mobile,0.54
U007382,2026-01-01,music,0.4226
U007383,2026-01-01,insurance,0.6301
U007384,2026-01-01,cloud,0.7563
U007385,2026-01-01,none,0.6336
U007386,2026-01-01,none,0.9909
U007387,2026-01-01,mobile,0.4136
U007388,2026-01-01,insurance,0.4572
U007389,2026-01-01,cloud,0.8364
U007390,2026-01-01,cloud,0.389
U007391,2026-01-01,gym,0.5639
U007392,2026-01-01,none,0.9963
U007393,2026-01-01,insurance,0.3404
U007394,2026-01-01,cloud,0.4955
U007395,2026-01-01,gym,0.3102
U007396,2026-01-01,gym,0.4841
U007397,2026-01-01,none,0.6372
U007398,2026-01-01,music,0.2149
U007399,2026-01-01,cloud,0.4388
U007400,2026-01-01,none,0.9602
U007401,2026-01-01,gym,0.3457
U007402,2026-01-01,none,0.9767
U007403,2026-01-01,mobile,0.6728
U007404,2026-01-01,music,0.5211
U007405,2026-01-01,software,0.6416
U007406,2026-01-01,none,0.9982
U007407,2026-01-01,insurance,0.6643
U007408,2026-01-01,streaming,0.6919
U007409,2026-01-01,cloud,0.3739
U007410,2026-01-01,none,0.7121
U007411,2026-01-01,streaming,0.5012
U007412,2026-01-01,none,0.9025
U007413,2026-01-01,mobile,0.7058
U007414,2026-01-01,software,0.65
U007415,2026-01-01,insurance,0.6497
U007416,2026-01-01,mobile,0.5032
U007417,2026-01-01,none,0.8684
U007418,2026-01-01,streaming,0.8592
U007419,2026-01-01,none,0.7544
U007420,2026-01-01,none,0.8047
U007421,2026-01-01,mobile,0.3327
U007422,2026-01-01,insurance,0.7819
U007423,2026-01-01,software,0.311
U007424,2026-01-01,gym,0.8806
U007425,2026-01-01,mobile,0.5318
U007426,2026-01-01,mobile,0.7692
U007427,2026-01-01,music,0.6291
U007428,2026-01-01,none,0.4597
U007429,2026-01-01,none,0.9985
U007430,2026-01-01,insurance,0.6456
U007431,2026-01-01,insurance,0.7029
U007432,2026-01-01,mobile,0.4889
U007433,2026-01-01,none,0.9736
U007434,2026-01-01,software,0.3514
U007435,2026-01-01,none,0.8601
U007436,2026-01-01,cloud,0.4859
U007437,2026-01-01,software,0.5171
U007438,2026-01-01,music,0.8729
U007439,2026-01-01,insurance,0.6335
U007440,2026-01-01,mobile,0.3495
U007441,2026-01-01,insurance,0.795
U007442,2026-01-01,software,0.5286
U007443,2026-01-01,streaming,0.7071
U007444,2026-01-01,software,0.4563
U007445,2026-01-01,insurance,0.6999
U007446,2026-01-01,cloud,0.6437
U007447,2026-01-01,none,0.8671
U007448,2026-01-01,none,0.9473
U007449,2026-01-01,insurance,0.3032
U007450,2026-01-01,none,0.7645
U007451,2026-01-01,insurance,0.3806
U007452,2026-01-01,none,0.9992
U007453,2026-01-01,none,0.8274
U007454,2026-01-01,none,0.9128
U007455,2026-01-01,none,0.7172
U007456,2026-01-01,software,0.4142
U007457,2026-01-01,insurance,0.5429
U007458,2026-01-01,music,0.5283
U007459,2026-01-01,mobile,0.5233
U007460,2026-01-01,insurance,0.3904
U007461,2026-01-01,cloud,0.6214
U007462,2026-01-01,streaming,0.7428
U007463,2026-01-01,insurance,0.6452
U007464,2026-01-01,software,0.5756
U007465,2026-01-01,none,0.628
U007466,2026-01-01,none,0.442
U007467,2026-01-01,streaming,0.7853
U007468,2026-01-01,insurance,0.4636
U007469,2026-01-01,software,0.7925
U007470,2026-01-01,music,0.4846
U007471,2026-01-01,music,0.6887
U007472,2026-01-01,streaming,0.7424
U007473,2026-01-01,none,0.9799
U007474,2026-01-01,none,0.7206
U007475,2026-01-01,streaming,0.8387
U007476,2026-01-01,gym,0.8479
U007477,2026-01-01,none,0.5229
U007478,2026-01-01,gym,0.5146
U007479,2026-01-01,cloud,0.5839
U007480,2026-01-01,software,0.4251
U007481,2026-01-01,mobile,0.8163
U007482,2026-01-01,streaming,0.822
U007483,2026-01-01,none,0.8421
U007484,2026-01-01,insurance,0.6993
U007485,2026-01-01,music,0.4401
U007486,2026-01-01,software,0.7117
U007487,2026-01-01,software,0.66
U007488,2026-01-01,none,0.9029
U007489,2026-01-01,none,0.4554
U007490,2026-01-01,streaming,0.6258
U007491,2026-01-01,insurance,0.5893
U007492,2026-01-01,gym,0.3685
U007493,2026-01-01,none,0.7417
U007494,2026-01-01,insurance,0.5027
U007495,2026-01-01,none,0.2454
U007496,2026-01-01,mobile,0.5629
U007497,2026-01-01,software,0.3852
U007498,2026-01-01,none,0.9979
U007499,2026-01-01,gym,0.6901
U007500,2026-01-01,none,0.985
U007501,2026-01-01,mobile,0.4013
U007502,2026-01-01,none,0.8402
U007503,2026-01-01,insurance,0.8472
U007504,2026-01-01,none,0.99
U007505,2026-01-01,mobile,0.3996
U007506,2026-01-01,insurance,0.6218
U007507,2026-01-01,music,0.7018
U007508,2026-01-01,none,1.0
U007509,2026-01-01,gym,0.683
U007510,2026-01-01,streaming,0.5749
U007511,2026-01-01,none,0.8196
U007512,2026-01-01,music,0.4691
U007513,2026-01-01,insurance,0.508
U007514,2026-01-01,insurance,0.4118
U007515,2026-01-01,none,0.8094
U007516,2026-01-01,software,0.3855
U007517,2026-01-01,streaming,0.3716
U007518,2026-01-01,cloud,0.3497
U007519,2026-01-01,none,0.8556
U007520,2026-01-01,streaming,0.5719
U007521,2026-01-01,cloud,0.6291
U007522,2026-01-01,cloud,0.4416
U007523,2026-01-01,insurance,0.5335
U007524,2026-01-01,cloud,0.3961
U007525,2026-01-01,cloud,0.4765
U007526,2026-01-01,mobile,0.3694
U007527,2026-01-01,music,0.9022
U007528,2026-01-01,cloud,0.5349
U007529,2026-01-01,none,0.8269
U007530,2026-01-01,software,0.4728
U007531,2026-01-01,insurance,0.6011
U007532,2026-01-01,mobile,0.5264
U007533,2026-01-01,insurance,0.6307
U007534,2026-01-01,none,0.7731
U007535,2026-01-01,none,0.9995
U007536,2026-01-01,music,0.5221
U007537,2026-01-01,cloud,0.5545
U007538,2026-01-01,cloud,0.4494
U007539,2026-01-01,cloud,0.4689
U007540,2026-01-01,software,0.6253
U007541,2026-01-01,gym,0.3089
U007542,2026-01-01,none,0.8484
U007543,2026-01-01,cloud,0.4664
U007544,2026-01-01,music,0.7072
U007545,2026-01-01,insurance,0.5031
U007546,2026-01-01,none,0.4203
U007547,2026-01-01,none,0.3177
U007548,2026-01-01,streaming,0.7447
U007549,2026-01-01,none,0.6366
U007550,2026-01-01,cloud,0.4149
U007551,2026-01-01,music,0.4887
U007552,2026-01-01,music,0.4803
U007553,2026-01-01,software,0.4677
U007554,2026-01-01,cloud,0.5992
U007555,2026-01-01,mobile,0.7202
U007556,2026-01-01,none,0.9828
U007557,2026-01-01,none,0.8581
U007558,2026-01-01,insurance,0.3635
U007559,2026-01-01,cloud,0.6959
U007560,2026-01-01,streaming,0.4755
U007561,2026-01-01,music,0.5656
U007562,2026-01-01,streaming,0.6323
U007563,2026-01-01,cloud,0.4928
U007564,2026-01-01,none,0.9981
U007565,2026-01-01,none,0.976
U007566,2026-01-01,gym,0.3493
U007567,2026-01-01,cloud,0.7327
U007568,2026-01-01,software,0.4553
U007569,2026-01-01,gym,0.5561
U007570,2026-01-01,software,0.6333
U007571,2026-01-01,music,0.5525
U007572,2026-01-01,gym,0.4094
U007573,2026-01-01,streaming,0.3131
U007574,2026-01-01,streaming,0.8407
U007575,2026-01-01,software,0.7508
U007576,2026-01-01,streaming,0.4253
U007577,2026-01-01,software,0.8786
U007578,2026-01-01,none,0.9712
U007579,2026-01-01,software,0.5764
U007580,2026-01-01,mobile,0.8478
U007581,2026-01-01,none,0.9979
U007582,2026-01-01,software,0.4687
U007583,2026-01-01,gym,0.3878
U007584,2026-01-01,streaming,0.3546
U007585,2026-01-01,none,0.7834
U007586,2026-01-01,music,0.7164
U007587,2026-01-01,insurance,0.6586
U007588,2026-01-01,none,0.9629
U007589,2026-01-01,insurance,0.6884
U007590,2026-01-01,music,0.5181
U007591,2026-01-01,gym,0.5509
U007592,2026-01-01,none,0.9053
U007593,2026-01-01,none,0.8834
U007594,2026-01-01,cloud,0.5268
U007595,2026-01-01,gym,0.5742
U007596,2026-01-01,none,0.9789
U007597,2026-01-01,none,0.3143
U007598,2026-01-01,gym,0.4739
U007599,2026-01-01,software,0.4161
U007600,2026-01-01,mobile,0.4594
U007601,2026-01-01,gym,0.6293
U007602,2026-01-01,none,0.8511
U007603,2026-01-01,gym,0.6139
U007604,2026-01-01,gym,0.5424
U007605,2026-01-01,none,0.6432
U007606,2026-01-01,software,0.5501
U007607,2026-01-01,streaming,0.8127
U007608,2026-01-01,cloud,0.4089
U007609,2026-01-01,software,0.6377
U007610,2026-01-01,none,0.8971
U007611,2026-01-01,music,0.8334
U007612,2026-01-01,cloud,0.7555
U007613,2026-01-01,gym,0.6667
U007614,2026-01-01,cloud,0.6918
U007615,2026-01-01,software,0.5439
U007616,2026-01-01,streaming,0.798
U007617,2026-01-01,none,0.9745
U007618,2026-01-01,streaming,0.5878
U007619,2026-01-01,cloud,0.5447
U007620,2026-01-01,insurance,0.5073
U007621,2026-01-01,cloud,0.751
U007622,2026-01-01,software,0.6185
U007623,2026-01-01,streaming,0.6277
U007624,2026-01-01,gym,0.8777
U007625,2026-01-01,cloud,0.8641
U007626,2026-01-01,mobile,0.5544
U007627,2026-01-01,none,0.9921
U007628,2026-01-01,insurance,0.819
U007629,2026-01-01,music,0.6777
U007630,2026-01-01,cloud,0.3259
U007631,2026-01-01,none,0.6511
U007632,2026-01-01,software,0.472
U007633,2026-01-01,mobile,0.6999
U007634,2026-01-01,music,0.4268
U007635,2026-01-01,none,0.9951
U007636,2026-01-01,none,0.4791
U007637,2026-01-01,gym,0.5125
U007638,2026-01-01,none,0.4413
U007639,2026-01-01,gym,0.4303
U007640,2026-01-01,none,0.982
U007641,2026-01-01,software,0.2825
U007642,2026-01-01,none,0.995
U007643,2026-01-01,streaming,0.7173
U007644,2026-01-01,none,0.876
U007645,2026-01-01,none,0.9403
U007646,2026-01-01,gym,0.7065
U007647,2026-01-01,software,0.4497
U007648,2026-01-01,gym,0.7952
U007649,2026-01-01,software,0.5654
U007650,2026-01-01,none,0.4212
U007651,2026-01-01,music,0.7162
U007652,2026-01-01,gym,0.5793
U007653,2026-01-01,cloud,0.3855
U007654,2026-01-01,insurance,0.6364
U007655,2026-01-01,none,0.4315
U007656,2026-01-01,gym,0.5096
U007657,2026-01-01,none,0.8511
U007658,2026-01-01,none,0.9795
U007659,2026-01-01,gym,0.6646
U007660,2026-01-01,insurance,0.4844
U007661,2026-01-01,none,0.9776
U007662,2026-01-01,gym,0.6369
U007663,2026-01-01,music,0.5216
U007664,2026-01-01,mobile,0.4586
U007665,2026-01-01,streaming,0.54
U007666,2026-01-01,music,0.7979
U007667,2026-01-01,cloud,0.7561
U007668,2026-01-01,none,0.984
U007669,2026-01-01,mobile,0.7546
U007670,2026-01-01,cloud,0.6289
U007671,2026-01-01,none,0.9693
U007672,2026-01-01,none,0.5815
U007673,2026-01-01,mobile,0.8821
U007674,2026-01-01,none,0.9969
U007675,2026-01-01,streaming,0.4107
U007676,2026-01-01,insurance,0.4546
U007677,2026-01-01,cloud,0.6291
U007678,2026-01-01,software,0.3457
U007679,2026-01-01,streaming,0.6116
U007680,2026-01-01,mobile,0.4842
U007681,2026-01-01,none,0.8183
U007682,2026-01-01,mobile,0.5797
U007683,2026-01-01,streaming,0.349
U007684,2026-01-01,gym,0.5417
U007685,2026-01-01,none,0.5346
U007686,2026-01-01,none,0.9969
U007687,2026-01-01,streaming,0.3476
U007688,2026-01-01,cloud,0.4277
U007689,2026-01-01,none,0.8964
U007690,2026-01-01,streaming,0.7768
U007691,2026-01-01,none,0.994
U007692,2026-01-01,gym,0.7667
U007693,2026-01-01,software,0.4697
U007694,2026-01-01,software,0.6898
U007695,2026-01-01,cloud,0.5556
U007696,2026-01-01,insurance,0.505
U007697,2026-01-01,gym,0.8024
U007698,2026-01-01,mobile,0.6712
U007699,2026-01-01,software,0.4061
U007700,2026-01-01,none,0.8342
U007701,2026-01-01,cloud,0.8493
U007702,2026-01-01,mobile,0.4555
U007703,2026-01-01,software,0.8542
U007704,2026-01-01,cloud,0.8108
U007705,2026-01-01,none,0.9945
U007706,2026-01-01,none,0.5222
U007707,2026-01-01,music,0.3118
U007708,2026-01-01,none,0.9565
U007709,2026-01-01,music,0.7365
U007710,2026-01-01,none,0.7383
U007711,2026-01-01,streaming,0.4758
U007712,2026-01-01,cloud,0.2927
U007713,2026-01-01,streaming,0.9072
U007714,2026-01-01,music,0.6807
U007715,2026-01-01,software,0.4718
U007716,2026-01-01,software,0.83
U007717,2026-01-01,none,0.5261
U007718,2026-01-01,none,0.7342
U007719,2026-01-01,gym,0.5138
U007720,2026-01-01,music,0.8254
U007721,2026-01-01,insurance,0.7643
U007722,2026-01-01,none,0.5413
U007723,2026-01-01,insurance,0.717
U007724,2026-01-01,gym,0.6071
U007725,2026-01-01,mobile,0.329
U007726,2026-01-01,none,0.6264
U007727,2026-01-01,insurance,0.6365
U007728,2026-01-01,none,0.9961
U007729,2026-01-01,gym,0.6323
U007730,2026-01-01,software,0.7149
U007731,2026-01-01,streaming,0.4938
U007732,2026-01-01,music,0.6498
U007733,2026-01-01,music,0.2352
U007734,2026-01-01,streaming,0.4722
U007735,2026-01-01,cloud,0.479
U007736,2026-01-01,streaming,0.3926
U007737,2026-01-01,software,0.4686
U007738,2026-01-01,cloud,0.9104
U007739,2026-01-01,streaming,0.5073
U007740,2026-01-01,software,0.4256
U007741,2026-01-01,gym,0.4187
U007742,2026-01-01,gym,0.8514
U007743,2026-01-01,software,0.4374
U007744,2026-01-01,none,0.3194
U007745,2026-01-01,gym,0.4344
U007746,2026-01-01,insurance,0.6254
U007747,2026-01-01,mobile,0.5192
U007748,2026-01-01,music,0.4033
U007749,2026-01-01,insurance,0.6611
U007750,2026-01-01,software,0.5224
U007751,2026-01-01,mobile,0.3354
U007752,2026-01-01,none,0.4576
U007753,2026-01-01,streaming,0.5168
U007754,2026-01-01,mobile,0.61
U007755,2026-01-01,cloud,0.6605
U007756,2026-01-01,mobile,0.6691
U007757,2026-01-01,cloud,0.5311
U007758,2026-01-01,none,0.2901
U007759,2026-01-01,none,0.9593
U007760,2026-01-01,none,0.9656
U007761,2026-01-01,cloud,0.5454
U007762,2026-01-01,none,0.9898
U007763,2026-01-01,insurance,0.7567
U007764,2026-01-01,cloud,0.5193
U007765,2026-01-01,cloud,0.5905
U007766,2026-01-01,cloud,0.6644
U007767,2026-01-01,gym,0.5847
U007768,2026-01-01,music,0.3484
U007769,2026-01-01,none,0.6634
U007770,2026-01-01,insurance,0.3342
U007771,2026-01-01,software,0.5682
U007772,2026-01-01,none,0.969
U007773,2026-01-01,none,0.987
U007774,2026-01-01,none,0.8401
U007775,2026-01-01,software,0.5149
U007776,2026-01-01,software,0.3181
U007777,2026-01-01,none,0.6502
U007778,2026-01-01,mobile,0.4672
U007779,2026-01-01,cloud,0.3206
U007780,2026-01-01,cloud,0.3234
U007781,2026-01-01,software,0.6969
U007782,2026-01-01,mobile,0.4182
U007783,2026-01-01,software,0.4901
U007784,2026-01-01,streaming,0.3928
U007785,2026-01-01,streaming,0.3474
U007786,2026-01-01,none,0.9828
U007787,2026-01-01,mobile,0.3924
U007788,2026-01-01,music,0.4749
U007789,2026-01-01,insurance,0.3933
U007790,2026-01-01,music,0.5273
U007791,2026-01-01,cloud,0.4486
U007792,2026-01-01,none,0.9982
U007793,2026-01-01,software,0.7081
U007794,2026-01-01,insurance,0.3908
U007795,2026-01-01,gym,0.5594
U007796,2026-01-01,mobile,0.6974
U007797,2026-01-01,software,0.5336
U007798,2026-01-01,none,0.8988
U007799,2026-01-01,cloud,0.6829
U007800,2026-01-01,none,0.8681
U007801,2026-01-01,software,0.3473
U007802,2026-01-01,insurance,0.7292
U007803,2026-01-01,none,0.9198
U007804,2026-01-01,mobile,0.7644
U007805,2026-01-01,music,0.6168
U007806,2026-01-01,streaming,0.6616
U007807,2026-01-01,none,0.999
U007808,2026-01-01,music,0.4779
U007809,2026-01-01,mobile,0.8565
U007810,2026-01-01,software,0.6667
U007811,2026-01-01,music,0.822
U007812,2026-01-01,insurance,0.5318
U007813,2026-01-01,mobile,0.4689
U007814,2026-01-01,mobile,0.3795
U007815,2026-01-01,mobile,0.6609
U007816,2026-01-01,none,0.5968
U007817,2026-01-01,none,0.4477
U007818,2026-01-01,insurance,0.5209
U007819,2026-01-01,gym,0.5958
U007820,2026-01-01,streaming,0.4493
U007821,2026-01-01,music,0.5423
U007822,2026-01-01,gym,0.5758
U007823,2026-01-01,mobile,0.9031
U007824,2026-01-01,streaming,0.6272
U007825,2026-01-01,none,0.4389
U007826,2026-01-01,gym,0.5157
U007827,2026-01-01,none,0.9325
U007828,2026-01-01,insurance,0.5713
U007829,2026-01-01,insurance,0.4123
U007830,2026-01-01,software,0.479
U007831,2026-01-01,software,0.5414
U007832,2026-01-01,cloud,0.4274
U007833,2026-01-01,none,0.504
U007834,2026-01-01,software,0.7515
U007835,2026-01-01,insurance,0.7349
U007836,2026-01-01,insurance,0.7063
U007837,2026-01-01,none,0.9293
U007838,2026-01-01,cloud,0.5612
U007839,2026-01-01,none,0.9886
U007840,2026-01-01,cloud,0.4656
U007841,2026-01-01,software,0.2932
U007842,2026-01-01,music,0.4024
U007843,2026-01-01,software,0.3431
U007844,2026-01-01,mobile,0.5239
U007845,2026-01-01,none,0.9343
U007846,2026-01-01,music,0.6252
U007847,2026-01-01,none,0.7806
U007848,2026-01-01,mobile,0.671
U007849,2026-01-01,mobile,0.4934
U007850,2026-01-01,none,0.9464
U007851,2026-01-01,insurance,0.5135
U007852,2026-01-01,streaming,0.3597
U007853,2026-01-01,none,0.8111
U007854,2026-01-01,none,0.7052
U007855,2026-01-01,insurance,0.7775
U007856,2026-01-01,software,0.8596
U007857,2026-01-01,none,0.9945
U007858,2026-01-01,none,0.8563
U007859,2026-01-01,music,0.6348
U007860,2026-01-01,cloud,0.6683
U007861,2026-01-01,cloud,0.6337
U007862,2026-01-01,mobile,0.81
U007863,2026-01-01,cloud,0.5547
U007864,2026-01-01,software,0.8532
U007865,2026-01-01,none,0.2301
U007866,2026-01-01,none,0.9861
U007867,2026-01-01,insurance,0.3155
U007868,2026-01-01,software,0.6137
U007869,2026-01-01,none,0.6156
U007870,2026-01-01,none,0.5439
U007871,2026-01-01,none,0.6704
U007872,2026-01-01,insurance,0.4962
U007873,2026-01-01,none,0.6549
U007874,2026-01-01,insurance,0.7718
U007875,2026-01-01,gym,0.5337
U007876,2026-01-01,music,0.8093
U007877,2026-01-01,insurance,0.9087
U007878,2026-01-01,none,0.9842
U007879,2026-01-01,gym,0.7432
U007880,2026-01-01,cloud,0.5977
U007881,2026-01-01,cloud,0.5938
U007882,2026-01-01,streaming,0.8732
U007883,2026-01-01,music,0.7094
U007884,2026-01-01,software,0.511
U007885,2026-01-01,cloud,0.4415
U007886,2026-01-01,software,0.2517
U007887,2026-01-01,gym,0.3855
U007888,2026-01-01,software,0.5972
U007889,2026-01-01,music,0.3743
U007890,2026-01-01,none,0.6143
U007891,2026-01-01,streaming,0.3403
U007892,2026-01-01,mobile,0.7748
U007893,2026-01-01,none,0.6153
U007894,2026-01-01,software,0.5239
U007895,2026-01-01,mobile,0.8083
U007896,2026-01-01,none,0.974
U007897,2026-01-01,gym,0.8069
U007898,2026-01-01,none,0.9094
U007899,2026-01-01,insurance,0.6096
U007900,2026-01-01,gym,0.4603
U007901,2026-01-01,mobile,0.869
U007902,2026-01-01,streaming,0.3698
U007903,2026-01-01,cloud,0.5564
U007904,2026-01-01,mobile,0.4215
U007905,2026-01-01,software,0.4845
U007906,2026-01-01,streaming,0.4232
U007907,2026-01-01,music,0.3502
U007908,2026-01-01,insurance,0.3122
U007909,2026-01-01,music,0.5156
U007910,2026-01-01,software,0.3442
U007911,2026-01-01,software,0.6333
U007912,2026-01-01,none,0.9684
U007913,2026-01-01,none,0.8963
U007914,2026-01-01,streaming,0.4406
U007915,2026-01-01,mobile,0.5311
U007916,2026-01-01,insurance,0.5612
U007917,2026-01-01,streaming,0.2859
U007918,2026-01-01,none,0.6572
U007919,2026-01-01,none,0.2112
U007920,2026-01-01,mobile,0.3269
U007921,2026-01-01,none,0.8998
U007922,2026-01-01,software,0.859
U007923,2026-01-01,cloud,0.6591
U007924,2026-01-01,streaming,0.3409
U007925,2026-01-01,none,0.9821
U007926,2026-01-01,none,0.9991
U007927,2026-01-01,insurance,0.7854
U007928,2026-01-01,streaming,0.5061
U007929,2026-01-01,streaming,0.9257
U007930,2026-01-01,cloud,0.3263
U007931,2026-01-01,none,0.4779
U007932,2026-01-01,mobile,0.6305
U007933,2026-01-01,software,0.4316
U007934,2026-01-01,insurance,0.5795
U007935,2026-01-01,software,0.6326
U007936,2026-01-01,insurance,0.5729
U007937,2026-01-01,none,0.3753
U007938,2026-01-01,music,0.4433
U007939,2026-01-01,streaming,0.4974
U007940,2026-01-01,none,0.5585
U007941,2026-01-01,mobile,0.4664
U007942,2026-01-01,none,0.5368
U007943,2026-01-01,none,0.9797
U007944,2026-01-01,cloud,0.6032
U007945,2026-01-01,cloud,0.5773
U007946,2026-01-01,software,0.4815
U007947,2026-01-01,software,0.6653
U007948,2026-01-01,cloud,0.489
U007949,2026-01-01,none,0.8633
U007950,2026-01-01,gym,0.4264
U007951,2026-01-01,none,0.9826
U007952,2026-01-01,streaming,0.5252
U007953,2026-01-01,software,0.7433
U007954,2026-01-01,mobile,0.5571
U007955,2026-01-01,none,0.9522
U007956,2026-01-01,none,0.9541
U007957,2026-01-01,none,0.3535
U007958,2026-01-01,cloud,0.5077
U007959,2026-01-01,insurance,0.4401
U007960,2026-01-01,mobile,0.5801
U007961,2026-01-01,insurance,0.7244
U007962,2026-01-01,gym,0.5255
U007963,2026-01-01,none,0.5748
U007964,2026-01-01,insurance,0.7258
U007965,2026-01-01,mobile,0.4933
U007966,2026-01-01,none,0.3852
U007967,2026-01-01,streaming,0.6896
U007968,2026-01-01,music,0.5431
U007969,2026-01-01,none,0.8365
U007970,2026-01-01,music,0.5011
U007971,2026-01-01,music,0.4248
U007972,2026-01-01,music,0.5068
U007973,2026-01-01,none,0.9903
U007974,2026-01-01,none,0.9992
U007975,2026-01-01,software,0.793
U007976,2026-01-01,cloud,0.5149
U007977,2026-01-01,none,0.8783
U007978,2026-01-01,none,0.3931
U007979,2026-01-01,mobile,0.4985
U007980,2026-01-01,mobile,0.5054
U007981,2026-01-01,insurance,0.6935
U007982,2026-01-01,streaming,0.6557
U007983,2026-01-01,software,0.5099
U007984,2026-01-01,none,0.9524
U007985,2026-01-01,insurance,0.4152
U007986,2026-01-01,music,0.7601
U007987,2026-01-01,music,0.8616
U007988,2026-01-01,cloud,0.6445
U007989,2026-01-01,none,0.768
U007990,2026-01-01,gym,0.3729
U007991,2026-01-01,gym,0.5107
U007992,2026-01-01,mobile,0.4457
U007993,2026-01-01,none,0.682
U007994,2026-01-01,software,0.509
U007995,2026-01-01,insurance,0.4069
U007996,2026-01-01,none,0.998
U007997,2026-01-01,none,0.9876
U007998,2026-01-01,none,0.9971
U007999,2026-01-01,gym,0.4098
U008000,2026-01-01,streaming,0.4639
U008001,2026-01-01,software,0.652
U008002,2026-01-01,mobile,0.5603
U008003,2026-01-01,none,0.8909
U008004,2026-01-01,none,0.9957
U008005,2026-01-01,none,0.5539
U008006,2026-01-01,none,0.876
U008007,2026-01-01,cloud,0.7654
U008008,2026-01-01,software,0.8326
U008009,2026-01-01,streaming,0.3744
U008010,2026-01-01,none,0.894
U008011,2026-01-01,insurance,0.7601
U008012,2026-01-01,mobile,0.4505
U008013,2026-01-01,cloud,0.6447
U008014,2026-01-01,none,0.9838
U008015,2026-01-01,streaming,0.556
U008016,2026-01-01,software,0.2706
U008017,2026-01-01,insurance,0.5641
U008018,2026-01-01,music,0.4593
U008019,2026-01-01,none,0.955
U008020,2026-01-01,cloud,0.3502
U008021,2026-01-01,none,0.9677
U008022,2026-01-01,none,0.9535
U008023,2026-01-01,streaming,0.6054
U008024,2026-01-01,music,0.3907
U008025,2026-01-01,gym,0.8593
U008026,2026-01-01,software,0.7589
U008027,2026-01-01,streaming,0.7615
U008028,2026-01-01,music,0.5365
U008029,2026-01-01,gym,0.6676
U008030,2026-01-01,gym,0.8808
U008031,2026-01-01,streaming,0.7288
U008032,2026-01-01,insurance,0.3837
U008033,2026-01-01,cloud,0.5895
U008034,2026-01-01,music,0.3756
U008035,2026-01-01,none,0.858
U008036,2026-01-01,music,0.7765
U008037,2026-01-01,cloud,0.5545
U008038,2026-01-01,none,0.6578
U008039,2026-01-01,mobile,0.6299
U008040,2026-01-01,insurance,0.8172
U008041,2026-01-01,music,0.47
U008042,2026-01-01,streaming,0.5314
U008043,2026-01-01,software,0.5972
U008044,2026-01-01,software,0.5385
U008045,2026-01-01,software,0.3948
U008046,2026-01-01,gym,0.4045
U008047,2026-01-01,gym,0.4581
U008048,2026-01-01,software,0.7579
U008049,2026-01-01,insurance,0.6243
U008050,2026-01-01,none,0.7784
U008051,2026-01-01,music,0.5431
U008052,2026-01-01,software,0.6472
U008053,2026-01-01,software,0.6235
U008054,2026-01-01,music,0.6864
U008055,2026-01-01,mobile,0.8793
U008056,2026-01-01,none,0.9669
U008057,2026-01-01,mobile,0.5721
U008058,2026-01-01,insurance,0.6212
U008059,2026-01-01,software,0.6093
U008060,2026-01-01,none,0.9224
U008061,2026-01-01,insurance,0.5994
U008062,2026-01-01,software,0.4735
U008063,2026-01-01,software,0.4512
U008064,2026-01-01,none,0.3554
U008065,2026-01-01,streaming,0.4213
U008066,2026-01-01,gym,0.3501
U008067,2026-01-01,none,0.5246
U008068,2026-01-01,cloud,0.8014
U008069,2026-01-01,none,0.7917
U008070,2026-01-01,software,0.8404
U008071,2026-01-01,music,0.4484
U008072,2026-01-01,none,0.5918
U008073,2026-01-01,cloud,0.8232
U008074,2026-01-01,none,0.7468
U008075,2026-01-01,cloud,0.6008
U008076,2026-01-01,none,0.9967
U008077,2026-01-01,none,0.6406
U008078,2026-01-01,insurance,0.6414
U008079,2026-01-01,none,0.995
U008080,2026-01-01,insurance,0.532
U008081,2026-01-01,cloud,0.8304
U008082,2026-01-01,software,0.6641
U008083,2026-01-01,music,0.6417
U008084,2026-01-01,gym,0.7362
U008085,2026-01-01,mobile,0.3125
U008086,2026-01-01,music,0.7617
U008087,2026-01-01,gym,0.4318
U008088,2026-01-01,none,0.865
U008089,2026-01-01,mobile,0.7011
U008090,2026-01-01,mobile,0.6208
U008091,2026-01-01,none,0.7395
U008092,2026-01-01,none,0.9987
U008093,2026-01-01,gym,0.4492
U008094,2026-01-01,none,0.2126
U008095,2026-01-01,mobile,0.8303
U008096,2026-01-01,software,0.5623
U008097,2026-01-01,none,0.8365
U008098,2026-01-01,none,0.9559
U008099,2026-01-01,gym,0.8299
U008100,2026-01-01,none,0.9994
U008101,2026-01-01,software,0.7082
U008102,2026-01-01,insurance,0.7007
U008103,2026-01-01,software,0.5215
U008104,2026-01-01,streaming,0.627
U008105,2026-01-01,none,0.6037
U008106,2026-01-01,gym,0.7789
U008107,2026-01-01,software,0.4445
U008108,2026-01-01,none,0.9793
U008109,2026-01-01,mobile,0.7152
U008110,2026-01-01,insurance,0.8429
U008111,2026-01-01,gym,0.4623
U008112,2026-01-01,gym,0.6945
U008113,2026-01-01,music,0.6426
U008114,2026-01-01,mobile,0.5565
U008115,2026-01-01,cloud,0.8545
U008116,2026-01-01,mobile,0.5876
U008117,2026-01-01,insurance,0.6729
U008118,2026-01-01,music,0.3701
U008119,2026-01-01,streaming,0.5692
U008120,2026-01-01,music,0.4283
U008121,2026-01-01,gym,0.4879
U008122,2026-01-01,none,0.9398
U008123,2026-01-01,cloud,0.7132
U008124,2026-01-01,music,0.723
U008125,2026-01-01,none,0.9733
U008126,2026-01-01,cloud,0.4805
U008127,2026-01-01,software,0.4466
U008128,2026-01-01,insurance,0.616
U008129,2026-01-01,none,0.3513
U008130,2026-01-01,insurance,0.825
U008131,2026-01-01,software,0.6068
U008132,2026-01-01,insurance,0.8409
U008133,2026-01-01,software,0.3055
U008134,2026-01-01,none,0.8845
U008135,2026-01-01,insurance,0.4814
U008136,2026-01-01,none,0.9906
U008137,2026-01-01,mobile,0.4328
U008138,2026-01-01,cloud,0.5626
U008139,2026-01-01,streaming,0.4685
U008140,2026-01-01,mobile,0.6779
U008141,2026-01-01,mobile,0.6093
U008142,2026-01-01,insurance,0.7712
U008143,2026-01-01,none,0.8146
U008144,2026-01-01,streaming,0.829
U008145,2026-01-01,streaming,0.3448
U008146,2026-01-01,music,0.6932
U008147,2026-01-01,mobile,0.4188
U008148,2026-01-01,none,0.6555
U008149,2026-01-01,cloud,0.558
U008150,2026-01-01,none,0.9957
U008151,2026-01-01,insurance,0.7778
U008152,2026-01-01,streaming,0.5895
U008153,2026-01-01,none,0.6609
U008154,2026-01-01,music,0.4304
U008155,2026-01-01,none,0.9322
U008156,2026-01-01,music,0.611
U008157,2026-01-01,insurance,0.59
U008158,2026-01-01,software,0.5233
U008159,2026-01-01,none,0.9985
U008160,2026-01-01,none,0.3517
U008161,2026-01-01,none,0.9643
U008162,2026-01-01,none,0.53
U008163,2026-01-01,software,0.8344
U008164,2026-01-01,gym,0.4915
U008165,2026-01-01,none,0.8771
U008166,2026-01-01,cloud,0.5141
U008167,2026-01-01,none,0.643
U008168,2026-01-01,none,0.7926
U008169,2026-01-01,none,0.9721
U008170,2026-01-01,none,0.9997
U008171,2026-01-01,music,0.4638
U008172,2026-01-01,gym,0.3937
U008173,2026-01-01,gym,0.6762
U008174,2026-01-01,insurance,0.4386
U008175,2026-01-01,software,0.8925
U008176,2026-01-01,music,0.5367
U008177,2026-01-01,none,0.9653
U008178,2026-01-01,none,0.5425
U008179,2026-01-01,software,0.627
U008180,2026-01-01,insurance,0.4566
U008181,2026-01-01,insurance,0.402
U008182,2026-01-01,music,0.7024
U008183,2026-01-01,streaming,0.3672
U008184,2026-01-01,music,0.3716
U008185,2026-01-01,cloud,0.6699
U008186,2026-01-01,insurance,0.4248
U008187,2026-01-01,gym,0.852
U008188,2026-01-01,streaming,0.6731
U008189,2026-01-01,gym,0.822
U008190,2026-01-01,cloud,0.6527
U008191,2026-01-01,gym,0.5383
U008192,2026-01-01,insurance,0.6791
U008193,2026-01-01,insurance,0.4777
U008194,2026-01-01,music,0.4938
U008195,2026-01-01,music,0.7049
U008196,2026-01-01,streaming,0.5965
U008197,2026-01-01,none,0.956
U008198,2026-01-01,gym,0.6804
U008199,2026-01-01,insurance,0.4715
U008200,2026-01-01,cloud,0.9047
U008201,2026-01-01,mobile,0.722
U008202,2026-01-01,software,0.6546
U008203,2026-01-01,insurance,0.38
U008204,2026-01-01,music,0.5055
U008205,2026-01-01,insurance,0.5595
U008206,2026-01-01,music,0.7118
U008207,2026-01-01,mobile,0.5903
U008208,2026-01-01,none,0.9943
U008209,2026-01-01,insurance,0.8904
U008210,2026-01-01,software,0.5306
U008211,2026-01-01,gym,0.6796
U008212,2026-01-01,mobile,0.8177
U008213,2026-01-01,music,0.4518
U008214,2026-01-01,music,0.5538
U008215,2026-01-01,cloud,0.3981
U008216,2026-01-01,music,0.3547
U008217,2026-01-01,gym,0.537
U008218,2026-01-01,gym,0.7565
U008219,2026-01-01,software,0.4135
U008220,2026-01-01,cloud,0.8503
U008221,2026-01-01,insurance,0.4018
U008222,2026-01-01,none,0.846
U008223,2026-01-01,gym,0.477
U008224,2026-01-01,insurance,0.7174
U008225,2026-01-01,none,0.9798
U008226,2026-01-01,insurance,0.5625
U008227,2026-01-01,none,0.5534
U008228,2026-01-01,software,0.3386
U008229,2026-01-01,music,0.8654
U008230,2026-01-01,music,0.6509
U008231,2026-01-01,cloud,0.6897
U008232,2026-01-01,gym,0.5523
U008233,2026-01-01,none,0.7921
U008234,2026-01-01,cloud,0.4622
U008235,2026-01-01,insurance,0.4255
U008236,2026-01-01,streaming,0.4397
U008237,2026-01-01,gym,0.6584
U008238,2026-01-01,streaming,0.4888
U008239,2026-01-01,mobile,0.4965
U008240,2026-01-01,gym,0.5872
U008241,2026-01-01,software,0.6059
U008242,2026-01-01,insurance,0.4555
U008243,2026-01-01,music,0.5645
U008244,2026-01-01,insurance,0.5354
U008245,2026-01-01,music,0.8505
U008246,2026-01-01,streaming,0.9331
U008247,2026-01-01,software,0.864
U008248,2026-01-01,none,0.7221
U008249,2026-01-01,gym,0.6602
U008250,2026-01-01,streaming,0.5089
U008251,2026-01-01,mobile,0.699
U008252,2026-01-01,gym,0.8048
U008253,2026-01-01,cloud,0.7093
U008254,2026-01-01,gym,0.5993
U008255,2026-01-01,gym,0.3259
U008256,2026-01-01,insurance,0.8241
U008257,2026-01-01,mobile,0.7514
U008258,2026-01-01,cloud,0.5797
U008259,2026-01-01,none,0.9902
U008260,2026-01-01,software,0.7004
U008261,2026-01-01,cloud,0.6279
U008262,2026-01-01,insurance,0.4732
U008263,2026-01-01,mobile,0.3849
U008264,2026-01-01,none,0.9689
U008265,2026-01-01,music,0.3824
U008266,2026-01-01,none,0.6342
U008267,2026-01-01,insurance,0.3866
U008268,2026-01-01,cloud,0.66
U008269,2026-01-01,none,0.9875
U008270,2026-01-01,cloud,0.4396
U008271,2026-01-01,mobile,0.5324
U008272,2026-01-01,insurance,0.5367
U008273,2026-01-01,insurance,0.6231
U008274,2026-01-01,mobile,0.8842
U008275,2026-01-01,none,0.3581
U008276,2026-01-01,streaming,0.5324
U008277,2026-01-01,insurance,0.3628
U008278,2026-01-01,insurance,0.9086
U008279,2026-01-01,cloud,0.5709
U008280,2026-01-01,gym,0.8736
U008281,2026-01-01,mobile,0.5614
U008282,2026-01-01,streaming,0.6695
U008283,2026-01-01,streaming,0.5399
U008284,2026-01-01,none,0.9119
U008285,2026-01-01,streaming,0.8645
U008286,2026-01-01,cloud,0.5399
U008287,2026-01-01,insurance,0.3748
U008288,2026-01-01,software,0.331
U008289,2026-01-01,insurance,0.5061
U008290,2026-01-01,gym,0.6112
U008291,2026-01-01,music,0.5516
U008292,2026-01-01,gym,0.4393
U008293,2026-01-01,insurance,0.4961
U008294,2026-01-01,none,0.708
U008295,2026-01-01,music,0.7819
U008296,2026-01-01,none,0.8711
U008297,2026-01-01,none,0.8477
U008298,2026-01-01,gym,0.7534
U008299,2026-01-01,software,0.4147
U008300,2026-01-01,cloud,0.4924
U008301,2026-01-01,mobile,0.4022
U008302,2026-01-01,gym,0.6181
U008303,2026-01-01,streaming,0.6618
U008304,2026-01-01,insurance,0.5256
U008305,2026-01-01,insurance,0.4596
U008306,2026-01-01,streaming,0.562
U008307,2026-01-01,music,0.6694
U008308,2026-01-01,none,0.8709
U008309,2026-01-01,music,0.4955
U008310,2026-01-01,none,0.9227
U008311,2026-01-01,none,0.9373
U008312,2026-01-01,gym,0.4274
U008313,2026-01-01,software,0.749
U008314,2026-01-01,insurance,0.4513
U008315,2026-01-01,none,0.5018
U008316,2026-01-01,mobile,0.7317
U008317,2026-01-01,music,0.7287
U008318,2026-01-01,none,0.4903
U008319,2026-01-01,software,0.4487
U008320,2026-01-01,none,0.9598
U008321,2026-01-01,cloud,0.5963
U008322,2026-01-01,cloud,0.3489
U008323,2026-01-01,streaming,0.7744
U008324,2026-01-01,none,0.6293
U008325,2026-01-01,none,0.5291
U008326,2026-01-01,mobile,0.8963
U008327,2026-01-01,none,0.999
U008328,2026-01-01,none,0.6964
U008329,2026-01-01,insurance,0.5453
U008330,2026-01-01,software,0.3408
U008331,2026-01-01,music,0.4408
U008332,2026-01-01,streaming,0.6016
U008333,2026-01-01,software,0.4609
U008334,2026-01-01,gym,0.3913
U008335,2026-01-01,software,0.5716
U008336,2026-01-01,insurance,0.6709
U008337,2026-01-01,insurance,0.4904
U008338,2026-01-01,insurance,0.4723
U008339,2026-01-01,none,0.4879
U008340,2026-01-01,none,0.8568
U008341,2026-01-01,insurance,0.4015
U008342,2026-01-01,software,0.4433
U008343,2026-01-01,software,0.859
U008344,2026-01-01,streaming,0.4534
U008345,2026-01-01,cloud,0.5213
U008346,2026-01-01,software,0.8674
U008347,2026-01-01,insurance,0.8798
U008348,2026-01-01,gym,0.722
U008349,2026-01-01,insurance,0.8244
U008350,2026-01-01,mobile,0.7322
U008351,2026-01-01,streaming,0.2994
U008352,2026-01-01,mobile,0.3525
U008353,2026-01-01,none,0.9918
U008354,2026-01-01,gym,0.6438
U008355,2026-01-01,cloud,0.5259
U008356,2026-01-01,cloud,0.5075
U008357,2026-01-01,cloud,0.2783
U008358,2026-01-01,music,0.4623
U008359,2026-01-01,mobile,0.6697
U008360,2026-01-01,none,0.7412
U008361,2026-01-01,none,0.6011
U008362,2026-01-01,music,0.4241
U008363,2026-01-01,cloud,0.754
U008364,2026-01-01,none,0.9271
U008365,2026-01-01,mobile,0.4222
U008366,2026-01-01,none,0.8324
U008367,2026-01-01,cloud,0.3829
U008368,2026-01-01,none,0.8919
U008369,2026-01-01,insurance,0.6839
U008370,2026-01-01,none,0.9237
U008371,2026-01-01,mobile,0.5522
U008372,2026-01-01,gym,0.5237
U008373,2026-01-01,none,0.9975
U008374,2026-01-01,streaming,0.8187
U008375,2026-01-01,none,0.9984
U008376,2026-01-01,cloud,0.8706
U008377,2026-01-01,none,0.9656
U008378,2026-01-01,music,0.5819
U008379,2026-01-01,cloud,0.8303
U008380,2026-01-01,insurance,0.4112
U008381,2026-01-01,none,0.9496
U008382,2026-01-01,music,0.3861
U008383,2026-01-01,insurance,0.6722
U008384,2026-01-01,none,0.9932
U008385,2026-01-01,software,0.7564
U008386,2026-01-01,gym,0.6166
U008387,2026-01-01,none,0.298
U008388,2026-01-01,music,0.5198
U008389,2026-01-01,software,0.6864
U008390,2026-01-01,mobile,0.51
U008391,2026-01-01,none,0.9939
U008392,2026-01-01,streaming,0.642
U008393,2026-01-01,gym,0.5292
U008394,2026-01-01,insurance,0.5906
U008395,2026-01-01,music,0.7771
U008396,2026-01-01,mobile,0.7148
U008397,2026-01-01,mobile,0.4936
U008398,2026-01-01,insurance,0.8241
U008399,2026-01-01,streaming,0.3674
U008400,2026-01-01,mobile,0.7136
U008401,2026-01-01,none,0.7107
U008402,2026-01-01,none,0.763
U008403,2026-01-01,streaming,0.6236
U008404,2026-01-01,gym,0.5734
U008405,2026-01-01,none,0.9808
U008406,2026-01-01,music,0.3475
U008407,2026-01-01,music,0.7222
U008408,2026-01-01,gym,0.4943
U008409,2026-01-01,gym,0.7669
U008410,2026-01-01,insurance,0.472
U008411,2026-01-01,music,0.8724
U008412,2026-01-01,gym,0.4712
U008413,2026-01-01,cloud,0.601
U008414,2026-01-01,music,0.6149
U008415,2026-01-01,none,0.8907
U008416,2026-01-01,insurance,0.5287
U008417,2026-01-01,insurance,0.8299
U008418,2026-01-01,cloud,0.4189
U008419,2026-01-01,insurance,0.6721
U008420,2026-01-01,software,0.3788
U008421,2026-01-01,mobile,0.4483
U008422,2026-01-01,streaming,0.7398
U008423,2026-01-01,mobile,0.4721
U008424,2026-01-01,insurance,0.4554
U008425,2026-01-01,insurance,0.5875
U008426,2026-01-01,none,0.9843
U008427,2026-01-01,streaming,0.8354
U008428,2026-01-01,music,0.4729
U008429,2026-01-01,gym,0.8519
U008430,2026-01-01,none,0.9927
U008431,2026-01-01,mobile,0.6952
U008432,2026-01-01,music,0.5753
U008433,2026-01-01,mobile,0.5644
U008434,2026-01-01,gym,0.792
U008435,2026-01-01,cloud,0.5753
U008436,2026-01-01,software,0.5142
U008437,2026-01-01,none,0.8553
U008438,2026-01-01,gym,0.7745
U008439,2026-01-01,insurance,0.7892
U008440,2026-01-01,software,0.5443
U008441,2026-01-01,none,0.9955
U008442,2026-01-01,gym,0.6229
U008443,2026-01-01,software,0.5097
U008444,2026-01-01,streaming,0.4235
U008445,2026-01-01,streaming,0.8798
U008446,2026-01-01,none,0.7792
U008447,2026-01-01,software,0.4907
U008448,2026-01-01,music,0.8682
U008449,2026-01-01,streaming,0.7752
U008450,2026-01-01,mobile,0.6499
U008451,2026-01-01,mobile,0.5167
U008452,2026-01-01,none,0.8738
U008453,2026-01-01,music,0.5101
U008454,2026-01-01,software,0.4509
U008455,2026-01-01,insurance,0.7269
U008456,2026-01-01,none,0.9449
U008457,2026-01-01,insurance,0.4192
U008458,2026-01-01,none,0.9972
U008459,2026-01-01,software,0.5347
U008460,2026-01-01,none,0.6265
U008461,2026-01-01,software,0.4843
U008462,2026-01-01,software,0.6098
U008463,2026-01-01,cloud,0.3461
U008464,2026-01-01,streaming,0.3975
U008465,2026-01-01,gym,0.8074
U008466,2026-01-01,insurance,0.4929
U008467,2026-01-01,cloud,0.6691
U008468,2026-01-01,mobile,0.8196
U008469,2026-01-01,none,0.8683
U008470,2026-01-01,software,0.7972
U008471,2026-01-01,software,0.608
U008472,2026-01-01,software,0.4339
U008473,2026-01-01,gym,0.4286
U008474,2026-01-01,mobile,0.4785
U008475,2026-01-01,gym,0.5932
U008476,2026-01-01,mobile,0.6438
U008477,2026-01-01,music,0.7292
U008478,2026-01-01,gym,0.6741
U008479,2026-01-01,none,0.5368
U008480,2026-01-01,streaming,0.696
U008481,2026-01-01,insurance,0.4292
U008482,2026-01-01,none,0.8496
U008483,2026-01-01,software,0.676
U008484,2026-01-01,music,0.5558
U008485,2026-01-01,software,0.464
U008486,2026-01-01,software,0.8855
U008487,2026-01-01,mobile,0.5541
U008488,2026-01-01,streaming,0.8082
U008489,2026-01-01,none,0.8897
U008490,2026-01-01,gym,0.8353
U008491,2026-01-01,none,0.8308
U008492,2026-01-01,music,0.5372
U008493,2026-01-01,gym,0.6417
U008494,2026-01-01,none,0.8683
U008495,2026-01-01,music,0.4995
U008496,2026-01-01,mobile,0.5224
U008497,2026-01-01,none,0.9871
U008498,2026-01-01,streaming,0.5269
U008499,2026-01-01,software,0.7367
U008500,2026-01-01,insurance,0.5992
U008501,2026-01-01,none,0.7299
U008502,2026-01-01,none,0.3677
U008503,2026-01-01,none,0.8342
U008504,2026-01-01,none,0.7957
U008505,2026-01-01,insurance,0.727
U008506,2026-01-01,streaming,0.5856
U008507,2026-01-01,software,0.878
U008508,2026-01-01,none,0.9959
U008509,2026-01-01,none,0.999
U008510,2026-01-01,software,0.3611
U008511,2026-01-01,gym,0.8102
U008512,2026-01-01,gym,0.493
U008513,2026-01-01,cloud,0.5173
U008514,2026-01-01,none,0.986
U008515,2026-01-01,software,0.4556
U008516,2026-01-01,software,0.503
U008517,2026-01-01,cloud,0.7728
U008518,2026-01-01,gym,0.4499
U008519,2026-01-01,none,0.9508
U008520,2026-01-01,software,0.8525
U008521,2026-01-01,streaming,0.2548
U008522,2026-01-01,none,0.9744
U008523,2026-01-01,none,0.8753
U008524,2026-01-01,cloud,0.8274
U008525,2026-01-01,none,0.4592
U008526,2026-01-01,none,0.9265
U008527,2026-01-01,none,0.9624
U008528,2026-01-01,none,0.993
U008529,2026-01-01,gym,0.4511
U008530,2026-01-01,none,0.9651
U008531,2026-01-01,cloud,0.7541
U008532,2026-01-01,insurance,0.4579
U008533,2026-01-01,software,0.834
U008534,2026-01-01,software,0.7898
U008535,2026-01-01,none,0.9551
U008536,2026-01-01,insurance,0.4867
U008537,2026-01-01,music,0.5475
U008538,2026-01-01,none,0.7132
U008539,2026-01-01,none,0.7859
U008540,2026-01-01,gym,0.712
U008541,2026-01-01,streaming,0.577
U008542,2026-01-01,software,0.5391
U008543,2026-01-01,none,0.9716
U008544,2026-01-01,mobile,0.6639
U008545,2026-01-01,cloud,0.7607
U008546,2026-01-01,none,0.9047
U008547,2026-01-01,gym,0.3447
U008548,2026-01-01,music,0.42
U008549,2026-01-01,music,0.4782
U008550,2026-01-01,streaming,0.3126
U008551,2026-01-01,insurance,0.5441
U008552,2026-01-01,none,0.962
U008553,2026-01-01,software,0.8249
U008554,2026-01-01,none,0.7605
U008555,2026-01-01,gym,0.5362
U008556,2026-01-01,insurance,0.7254
U008557,2026-01-01,software,0.3136
U008558,2026-01-01,none,0.4528
U008559,2026-01-01,cloud,0.5473
U008560,2026-01-01,music,0.5578
U008561,2026-01-01,cloud,0.9021
U008562,2026-01-01,insurance,0.6608
U008563,2026-01-01,none,0.9941
U008564,2026-01-01,mobile,0.4985
U008565,2026-01-01,cloud,0.4747
U008566,2026-01-01,none,0.7913
U008567,2026-01-01,insurance,0.4699
U008568,2026-01-01,none,0.9726
U008569,2026-01-01,none,0.988
U008570,2026-01-01,cloud,0.4884
U008571,2026-01-01,streaming,0.6357
U008572,2026-01-01,none,0.9591
U008573,2026-01-01,none,0.9941
U008574,2026-01-01,none,0.9432
U008575,2026-01-01,mobile,0.3242
U008576,2026-01-01,music,0.4469
U008577,2026-01-01,mobile,0.5179
U008578,2026-01-01,cloud,0.5121
U008579,2026-01-01,cloud,0.8411
U008580,2026-01-01,none,0.6259
U008581,2026-01-01,software,0.5431
U008582,2026-01-01,none,0.7707
U008583,2026-01-01,software,0.7237
U008584,2026-01-01,none,0.9622
U008585,2026-01-01,software,0.5104
U008586,2026-01-01,software,0.3829
U008587,2026-01-01,streaming,0.8946
U008588,2026-01-01,music,0.5262
U008589,2026-01-01,none,0.5088
U008590,2026-01-01,mobile,0.5719
U008591,2026-01-01,none,0.9979
U008592,2026-01-01,cloud,0.5261
U008593,2026-01-01,software,0.4381
U008594,2026-01-01,insurance,0.7427
U008595,2026-01-01,music,0.4769
U008596,2026-01-01,cloud,0.5414
U008597,2026-01-01,gym,0.4513
U008598,2026-01-01,none,0.496
U008599,2026-01-01,music,0.7016
U008600,2026-01-01,cloud,0.6013
U008601,2026-01-01,streaming,0.4897
U008602,2026-01-01,software,0.6989
U008603,2026-01-01,insurance,0.5231
U008604,2026-01-01,gym,0.3762
U008605,2026-01-01,none,0.9955
U008606,2026-01-01,gym,0.4448
U008607,2026-01-01,mobile,0.582
U008608,2026-01-01,none,0.3349
U008609,2026-01-01,none,0.9946
U008610,2026-01-01,cloud,0.6752
U008611,2026-01-01,cloud,0.3615
U008612,2026-01-01,streaming,0.4153
U008613,2026-01-01,music,0.2785
U008614,2026-01-01,none,0.9613
U008615,2026-01-01,none,0.6398
U008616,2026-01-01,none,0.9821
U008617,2026-01-01,none,0.9239
U008618,2026-01-01,mobile,0.5786
U008619,2026-01-01,gym,0.744
U008620,2026-01-01,music,0.6489
U008621,2026-01-01,cloud,0.8261
U008622,2026-01-01,streaming,0.714
U008623,2026-01-01,music,0.4587
U008624,2026-01-01,insurance,0.4388
U008625,2026-01-01,streaming,0.8568
U008626,2026-01-01,mobile,0.6269
U008627,2026-01-01,none,0.7077
U008628,2026-01-01,mobile,0.3379
U008629,2026-01-01,insurance,0.3971
U008630,2026-01-01,none,0.4159
U008631,2026-01-01,cloud,0.8515
U008632,2026-01-01,mobile,0.8994
U008633,2026-01-01,gym,0.628
U008634,2026-01-01,insurance,0.4474
U008635,2026-01-01,mobile,0.6548
U008636,2026-01-01,none,0.9377
U008637,2026-01-01,gym,0.4886
U008638,2026-01-01,streaming,0.6259
U008639,2026-01-01,mobile,0.4572
U008640,2026-01-01,none,0.9468
U008641,2026-01-01,none,0.4886
U008642,2026-01-01,cloud,0.4346
U008643,2026-01-01,gym,0.4065
U008644,2026-01-01,none,0.9599
U008645,2026-01-01,none,0.9983
U008646,2026-01-01,mobile,0.8025
U008647,2026-01-01,gym,0.512
U008648,2026-01-01,software,0.26
U008649,2026-01-01,streaming,0.84
U008650,2026-01-01,cloud,0.8847
U008651,2026-01-01,none,0.648
U008652,2026-01-01,mobile,0.4075
U008653,2026-01-01,none,0.5077
U008654,2026-01-01,gym,0.7607
U008655,2026-01-01,gym,0.7878
U008656,2026-01-01,software,0.4204
U008657,2026-01-01,insurance,0.405
U008658,2026-01-01,none,0.8061
U008659,2026-01-01,music,0.5382
U008660,2026-01-01,software,0.382
U008661,2026-01-01,software,0.3959
U008662,2026-01-01,software,0.5865
U008663,2026-01-01,none,0.4432
U008664,2026-01-01,music,0.8899
U008665,2026-01-01,none,0.4287
U008666,2026-01-01,streaming,0.7516
U008667,2026-01-01,cloud,0.6044
U008668,2026-01-01,gym,0.372
U008669,2026-01-01,mobile,0.4738
U008670,2026-01-01,none,0.8407
U008671,2026-01-01,none,0.7709
U008672,2026-01-01,cloud,0.4683
U008673,2026-01-01,none,0.9242
U008674,2026-01-01,none,0.6941
U008675,2026-01-01,gym,0.4231
U008676,2026-01-01,none,0.9616
U008677,2026-01-01,gym,0.6557
U008678,2026-01-01,none,0.9898
U008679,2026-01-01,none,0.7339
U008680,2026-01-01,none,0.7061
U008681,2026-01-01,none,0.999
U008682,2026-01-01,insurance,0.3311
U008683,2026-01-01,none,0.9556
U008684,2026-01-01,insurance,0.8799
U008685,2026-01-01,music,0.4852
U008686,2026-01-01,cloud,0.4977
U008687,2026-01-01,streaming,0.6928
U008688,2026-01-01,none,0.9682
U008689,2026-01-01,software,0.8469
U008690,2026-01-01,software,0.3376
U008691,2026-01-01,insurance,0.5655
U008692,2026-01-01,software,0.8436
U008693,2026-01-01,music,0.7024
U008694,2026-01-01,insurance,0.4761
U008695,2026-01-01,music,0.7911
U008696,2026-01-01,none,0.9669
U008697,2026-01-01,software,0.6485
U008698,2026-01-01,none,0.982
U008699,2026-01-01,streaming,0.78
U008700,2026-01-01,insurance,0.3671
U008701,2026-01-01,streaming,0.5549
U008702,2026-01-01,cloud,0.7303
U008703,2026-01-01,streaming,0.7294
U008704,2026-01-01,music,0.4383
U008705,2026-01-01,mobile,0.3695
U008706,2026-01-01,mobile,0.6602
U008707,2026-01-01,streaming,0.6187
U008708,2026-01-01,music,0.4218
U008709,2026-01-01,none,0.8855
U008710,2026-01-01,none,0.5164
U008711,2026-01-01,insurance,0.4152
U008712,2026-01-01,insurance,0.3292
U008713,2026-01-01,music,0.5381
U008714,2026-01-01,cloud,0.5124
U008715,2026-01-01,streaming,0.5249
U008716,2026-01-01,gym,0.5126
U008717,2026-01-01,cloud,0.5033
U008718,2026-01-01,cloud,0.6297
U008719,2026-01-01,cloud,0.4237
U008720,2026-01-01,none,0.9388
U008721,2026-01-01,music,0.5789
U008722,2026-01-01,streaming,0.6202
U008723,2026-01-01,none,0.4063
U008724,2026-01-01,cloud,0.6599
U008725,2026-01-01,streaming,0.5545
U008726,2026-01-01,streaming,0.74
U008727,2026-01-01,software,0.5944
U008728,2026-01-01,none,0.9857
U008729,2026-01-01,software,0.3892
U008730,2026-01-01,none,0.9132
U008731,2026-01-01,none,0.6583
U008732,2026-01-01,streaming,0.5969
U008733,2026-01-01,music,0.4735
U008734,2026-01-01,insurance,0.4216
U008735,2026-01-01,none,0.8392
U008736,2026-01-01,software,0.3874
U008737,2026-01-01,cloud,0.6726
U008738,2026-01-01,gym,0.7079
U008739,2026-01-01,mobile,0.8896
U008740,2026-01-01,none,0.9321
U008741,2026-01-01,gym,0.5698
U008742,2026-01-01,insurance,0.4933
U008743,2026-01-01,gym,0.7965
U008744,2026-01-01,cloud,0.5036
U008745,2026-01-01,insurance,0.5288
U008746,2026-01-01,music,0.5696
U008747,2026-01-01,music,0.6246
U008748,2026-01-01,none,0.5753
U008749,2026-01-01,insurance,0.5575
U008750,2026-01-01,insurance,0.5108
U008751,2026-01-01,mobile,0.8385
U008752,2026-01-01,streaming,0.3348
U008753,2026-01-01,none,0.9927
U008754,2026-01-01,streaming,0.9094
U008755,2026-01-01,music,0.5088
U008756,2026-01-01,insurance,0.4333
U008757,2026-01-01,mobile,0.87
U008758,2026-01-01,none,0.434
U008759,2026-01-01,software,0.4945
U008760,2026-01-01,gym,0.7957
U008761,2026-01-01,none,0.6027
U008762,2026-01-01,gym,0.8037
U008763,2026-01-01,gym,0.6014
U008764,2026-01-01,streaming,0.3249
U008765,2026-01-01,software,0.8188
U008766,2026-01-01,streaming,0.7591
U008767,2026-01-01,mobile,0.3519
U008768,2026-01-01,none,0.4388
U008769,2026-01-01,none,0.9994
U008770,2026-01-01,streaming,0.8931
U008771,2026-01-01,music,0.3881
U008772,2026-01-01,cloud,0.3564
U008773,2026-01-01,none,0.9205
U008774,2026-01-01,none,0.9859
U008775,2026-01-01,mobile,0.6722
U008776,2026-01-01,software,0.5586
U008777,2026-01-01,cloud,0.8598
U008778,2026-01-01,none,0.8301
U008779,2026-01-01,cloud,0.6408
U008780,2026-01-01,music,0.4545
U008781,2026-01-01,none,0.9954
U008782,2026-01-01,streaming,0.601
U008783,2026-01-01,none,0.9613
U008784,2026-01-01,mobile,0.5094
U008785,2026-01-01,none,0.7188
U008786,2026-01-01,mobile,0.6033
U008787,2026-01-01,none,0.6533
U008788,2026-01-01,insurance,0.6349
U008789,2026-01-01,software,0.6583
U008790,2026-01-01,software,0.3453
U008791,2026-01-01,cloud,0.6267
U008792,2026-01-01,none,0.9975
U008793,2026-01-01,none,0.39
U008794,2026-01-01,insurance,0.7128
U008795,2026-01-01,mobile,0.8218
U008796,2026-01-01,none,0.5703
U008797,2026-01-01,software,0.5602
U008798,2026-01-01,streaming,0.6002
U008799,2026-01-01,none,0.6733
U008800,2026-01-01,insurance,0.6803
U008801,2026-01-01,none,0.6639
U008802,2026-01-01,none,0.9527
U008803,2026-01-01,mobile,0.6229
U008804,2026-01-01,insurance,0.6767
U008805,2026-01-01,none,0.9658
U008806,2026-01-01,none,0.9926
U008807,2026-01-01,gym,0.5473
U008808,2026-01-01,none,0.6695
U008809,2026-01-01,none,0.7515
U008810,2026-01-01,none,0.8514
U008811,2026-01-01,gym,0.4875
U008812,2026-01-01,insurance,0.862
U008813,2026-01-01,streaming,0.8703
U008814,2026-01-01,none,0.9838
U008815,2026-01-01,none,0.9987
U008816,2026-01-01,gym,0.4981
U008817,2026-01-01,gym,0.3624
U008818,2026-01-01,gym,0.6194
U008819,2026-01-01,streaming,0.8227
U008820,2026-01-01,gym,0.5795
U008821,2026-01-01,cloud,0.4827
U008822,2026-01-01,none,0.6523
U008823,2026-01-01,insurance,0.3974
U008824,2026-01-01,streaming,0.6148
U008825,2026-01-01,streaming,0.5551
U008826,2026-01-01,mobile,0.565
U008827,2026-01-01,cloud,0.3863
U008828,2026-01-01,insurance,0.7395
U008829,2026-01-01,mobile,0.642
U008830,2026-01-01,none,0.8606
U008831,2026-01-01,software,0.3747
U008832,2026-01-01,software,0.4555
U008833,2026-01-01,streaming,0.5123
U008834,2026-01-01,software,0.8622
U008835,2026-01-01,mobile,0.813
U008836,2026-01-01,insurance,0.5699
U008837,2026-01-01,streaming,0.8839
U008838,2026-01-01,software,0.5079
U008839,2026-01-01,none,0.7879
U008840,2026-01-01,insurance,0.4001
U008841,2026-01-01,streaming,0.3807
U008842,2026-01-01,none,0.622
U008843,2026-01-01,insurance,0.8705
U008844,2026-01-01,cloud,0.7366
U008845,2026-01-01,gym,0.7484
U008846,2026-01-01,software,0.623
U008847,2026-01-01,gym,0.5756
U008848,2026-01-01,streaming,0.5909
U008849,2026-01-01,software,0.4553
U008850,2026-01-01,gym,0.6007
U008851,2026-01-01,cloud,0.4958
U008852,2026-01-01,insurance,0.7737
U008853,2026-01-01,streaming,0.7099
U008854,2026-01-01,insurance,0.3557
U008855,2026-01-01,none,0.9954
U008856,2026-01-01,streaming,0.4493
U008857,2026-01-01,none,0.4984
U008858,2026-01-01,music,0.6165
U008859,2026-01-01,gym,0.5162
U008860,2026-01-01,insurance,0.4054
U008861,2026-01-01,music,0.5348
U008862,2026-01-01,software,0.5032
U008863,2026-01-01,streaming,0.4217
U008864,2026-01-01,software,0.7493
U008865,2026-01-01,none,0.8247
U008866,2026-01-01,software,0.6529
U008867,2026-01-01,mobile,0.548
U008868,2026-01-01,insurance,0.637
U008869,2026-01-01,none,0.9747
U008870,2026-01-01,none,0.5338
U008871,2026-01-01,mobile,0.3991
U008872,2026-01-01,none,0.993
U008873,2026-01-01,software,0.5536
U008874,2026-01-01,none,0.983
U008875,2026-01-01,none,0.5256
U008876,2026-01-01,cloud,0.427
U008877,2026-01-01,none,0.6526
U008878,2026-01-01,insurance,0.4452
U008879,2026-01-01,cloud,0.819
U008880,2026-01-01,software,0.6298
U008881,2026-01-01,gym,0.5949
U008882,2026-01-01,gym,0.4785
U008883,2026-01-01,gym,0.789
U008884,2026-01-01,cloud,0.4131
U008885,2026-01-01,insurance,0.7074
U008886,2026-01-01,none,0.5115
U008887,2026-01-01,gym,0.8301
U008888,2026-01-01,none,0.9945
U008889,2026-01-01,mobile,0.5874
U008890,2026-01-01,cloud,0.7238
U008891,2026-01-01,none,0.9832
U008892,2026-01-01,software,0.5647
U008893,2026-01-01,none,0.969
U008894,2026-01-01,gym,0.4724
U008895,2026-01-01,none,0.5983
U008896,2026-01-01,none,0.9684
U008897,2026-01-01,gym,0.843
U008898,2026-01-01,mobile,0.4897
U008899,2026-01-01,gym,0.4478
U008900,2026-01-01,streaming,0.6533
U008901,2026-01-01,mobile,0.4711
U008902,2026-01-01,music,0.3208
U008903,2026-01-01,none,0.6562
U008904,2026-01-01,none,0.9933
U008905,2026-01-01,mobile,0.7722
U008906,2026-01-01,mobile,0.3831
U008907,2026-01-01,insurance,0.312
U008908,2026-01-01,none,0.957
U008909,2026-01-01,music,0.6193
U008910,2026-01-01,none,0.2964
U008911,2026-01-01,gym,0.5924
U008912,2026-01-01,software,0.7501
U008913,2026-01-01,gym,0.5569
U008914,2026-01-01,insurance,0.8079
U008915,2026-01-01,cloud,0.5439
U008916,2026-01-01,none,0.8493
U008917,2026-01-01,none,0.6757
U008918,2026-01-01,software,0.3028
U008919,2026-01-01,gym,0.9253
U008920,2026-01-01,none,0.9933
U008921,2026-01-01,cloud,0.8564
U008922,2026-01-01,streaming,0.9246
U008923,2026-01-01,cloud,0.6837
U008924,2026-01-01,gym,0.588
U008925,2026-01-01,none,0.9794
U008926,2026-01-01,streaming,0.7482
U008927,2026-01-01,gym,0.4165
U008928,2026-01-01,software,0.5125
U008929,2026-01-01,gym,0.6945
U008930,2026-01-01,software,0.4845
U008931,2026-01-01,mobile,0.5289
U008932,2026-01-01,cloud,0.4561
U008933,2026-01-01,gym,0.8328
U008934,2026-01-01,none,0.9175
U008935,2026-01-01,music,0.4638
U008936,2026-01-01,cloud,0.5378
U008937,2026-01-01,gym,0.8696
U008938,2026-01-01,none,0.6366
U008939,2026-01-01,cloud,0.3494
U008940,2026-01-01,insurance,0.5919
U008941,2026-01-01,mobile,0.7227
U008942,2026-01-01,cloud,0.3309
U008943,2026-01-01,software,0.5157
U008944,2026-01-01,gym,0.4572
U008945,2026-01-01,software,0.3651
U008946,2026-01-01,streaming,0.8107
U008947,2026-01-01,streaming,0.451
U008948,2026-01-01,mobile,0.8352
U008949,2026-01-01,none,0.9525
U008950,2026-01-01,streaming,0.8511
U008951,2026-01-01,software,0.432
U008952,2026-01-01,streaming,0.5054
U008953,2026-01-01,mobile,0.6273
U008954,2026-01-01,streaming,0.7526
U008955,2026-01-01,streaming,0.3995
U008956,2026-01-01,gym,0.4305
U008957,2026-01-01,streaming,0.3511
U008958,2026-01-01,insurance,0.4723
U008959,2026-01-01,none,0.9438
U008960,2026-01-01,insurance,0.6777
U008961,2026-01-01,music,0.7613
U008962,2026-01-01,software,0.4515
U008963,2026-01-01,mobile,0.8959
U008964,2026-01-01,mobile,0.8326
U008965,2026-01-01,software,0.71
U008966,2026-01-01,cloud,0.3511
U008967,2026-01-01,gym,0.7728
U008968,2026-01-01,none,0.7392
U008969,2026-01-01,streaming,0.7168
U008970,2026-01-01,insurance,0.4741
U008971,2026-01-01,cloud,0.6792
U008972,2026-01-01,gym,0.7525
U008973,2026-01-01,cloud,0.6428
U008974,2026-01-01,music,0.7281
U008975,2026-01-01,none,0.9374
U008976,2026-01-01,music,0.819
U008977,2026-01-01,music,0.8706
U008978,2026-01-01,streaming,0.7462
U008979,2026-01-01,gym,0.9003
U008980,2026-01-01,none,0.5309
U008981,2026-01-01,none,0.9833
U008982,2026-01-01,music,0.6453
U008983,2026-01-01,none,0.7427
U008984,2026-01-01,mobile,0.4147
U008985,2026-01-01,music,0.5708
U008986,2026-01-01,music,0.555
U008987,2026-01-01,cloud,0.6078
U008988,2026-01-01,cloud,0.4713
U008989,2026-01-01,streaming,0.4617
U008990,2026-01-01,software,0.4173
U008991,2026-01-01,insurance,0.8512
U008992,2026-01-01,streaming,0.8987
U008993,2026-01-01,streaming,0.5671
U008994,2026-01-01,cloud,0.5078
U008995,2026-01-01,cloud,0.8687
U008996,2026-01-01,mobile,0.7123
U008997,2026-01-01,streaming,0.4902
U008998,2026-01-01,cloud,0.5028
U008999,2026-01-01,mobile,0.3713
U009000,2026-01-01,mobile,0.536
U009001,2026-01-01,software,0.8121
U009002,2026-01-01,mobile,0.6509
U009003,2026-01-01,cloud,0.7637
U009004,2026-01-01,software,0.7542
U009005,2026-01-01,none,0.5775
U009006,2026-01-01,cloud,0.6787
U009007,2026-01-01,software,0.7032
U009008,2026-01-01,streaming,0.8511
U009009,2026-01-01,insurance,0.6764
U009010,2026-01-01,cloud,0.5516
U009011,2026-01-01,software,0.6556
U009012,2026-01-01,none,0.9821
U009013,2026-01-01,insurance,0.5412
U009014,2026-01-01,music,0.506
U009015,2026-01-01,music,0.499
U009016,2026-01-01,gym,0.72
U009017,2026-01-01,streaming,0.6816
U009018,2026-01-01,streaming,0.5168
U009019,2026-01-01,software,0.5178
U009020,2026-01-01,mobile,0.3444
U009021,2026-01-01,software,0.7159
U009022,2026-01-01,cloud,0.5905
U009023,2026-01-01,none,0.7864
U009024,2026-01-01,mobile,0.4977
U009025,2026-01-01,gym,0.5999
U009026,2026-01-01,music,0.4051
U009027,2026-01-01,gym,0.5618
U009028,2026-01-01,software,0.6247
U009029,2026-01-01,none,0.9722
U009030,2026-01-01,mobile,0.3527
U009031,2026-01-01,mobile,0.4644
U009032,2026-01-01,none,0.5577
U009033,2026-01-01,streaming,0.3479
U009034,2026-01-01,streaming,0.6524
U009035,2026-01-01,mobile,0.5046
U009036,2026-01-01,gym,0.7266
U009037,2026-01-01,none,0.9324
U009038,2026-01-01,none,0.9655
U009039,2026-01-01,streaming,0.4471
U009040,2026-01-01,none,0.9618
U009041,2026-01-01,software,0.6782
U009042,2026-01-01,mobile,0.6453
U009043,2026-01-01,none,0.5962
U009044,2026-01-01,insurance,0.8109
U009045,2026-01-01,cloud,0.8166
U009046,2026-01-01,insurance,0.7922
U009047,2026-01-01,streaming,0.6384
U009048,2026-01-01,cloud,0.6204
U009049,2026-01-01,mobile,0.8024
U009050,2026-01-01,software,0.5627
U009051,2026-01-01,software,0.8169
U009052,2026-01-01,streaming,0.8455
U009053,2026-01-01,none,0.8087
U009054,2026-01-01,none,0.9654
U009055,2026-01-01,software,0.4356
U009056,2026-01-01,insurance,0.5943
U009057,2026-01-01,none,0.8475
U009058,2026-01-01,cloud,0.8627
U009059,2026-01-01,streaming,0.5804
U009060,2026-01-01,music,0.5003
U009061,2026-01-01,none,0.6197
U009062,2026-01-01,gym,0.6377
U009063,2026-01-01,none,0.4892
U009064,2026-01-01,streaming,0.5262
U009065,2026-01-01,none,0.3321
U009066,2026-01-01,software,0.4005
U009067,2026-01-01,music,0.8116
U009068,2026-01-01,streaming,0.7916
U009069,2026-01-01,cloud,0.7878
U009070,2026-01-01,mobile,0.7701
U009071,2026-01-01,mobile,0.3347
U009072,2026-01-01,none,0.5926
U009073,2026-01-01,none,0.896
U009074,2026-01-01,cloud,0.7656
U009075,2026-01-01,mobile,0.7017
U009076,2026-01-01,gym,0.5025
U009077,2026-01-01,none,0.5268
U009078,2026-01-01,insurance,0.3167
U009079,2026-01-01,software,0.8611
U009080,2026-01-01,none,0.7088
U009081,2026-01-01,insurance,0.3865
U009082,2026-01-01,none,0.9986
U009083,2026-01-01,mobile,0.4776
U009084,2026-01-01,streaming,0.4439
U009085,2026-01-01,none,0.9995
U009086,2026-01-01,none,0.9907
U009087,2026-01-01,cloud,0.7628
U009088,2026-01-01,software,0.4835
U009089,2026-01-01,insurance,0.6598
U009090,2026-01-01,gym,0.5202
U009091,2026-01-01,gym,0.4427
U009092,2026-01-01,insurance,0.5767
U009093,2026-01-01,gym,0.7806
U009094,2026-01-01,mobile,0.6984
U009095,2026-01-01,none,0.8485
U009096,2026-01-01,software,0.8255
U009097,2026-01-01,software,0.4926
U009098,2026-01-01,software,0.6864
U009099,2026-01-01,mobile,0.564
U009100,2026-01-01,music,0.2689
U009101,2026-01-01,streaming,0.407
U009102,2026-01-01,none,0.6282
U009103,2026-01-01,mobile,0.8138
U009104,2026-01-01,software,0.4509
U009105,2026-01-01,none,0.444
U009106,2026-01-01,insurance,0.7187
U009107,2026-01-01,music,0.5353
U009108,2026-01-01,none,0.9604
U009109,2026-01-01,mobile,0.9133
U009110,2026-01-01,none,0.6803
U009111,2026-01-01,none,0.7651
U009112,2026-01-01,music,0.4551
U009113,2026-01-01,none,0.4077
U009114,2026-01-01,gym,0.6033
U009115,2026-01-01,none,0.9981
U009116,2026-01-01,none,0.7264
U009117,2026-01-01,music,0.6772
U009118,2026-01-01,gym,0.4677
U009119,2026-01-01,music,0.7084
U009120,2026-01-01,music,0.5068
U009121,2026-01-01,music,0.4247
U009122,2026-01-01,none,0.9565
U009123,2026-01-01,gym,0.5993
U009124,2026-01-01,gym,0.5657
U009125,2026-01-01,music,0.5923
U009126,2026-01-01,none,0.9726
U009127,2026-01-01,none,0.2794
U009128,2026-01-01,none,0.9793
U009129,2026-01-01,none,0.7818
U009130,2026-01-01,insurance,0.6619
U009131,2026-01-01,none,0.4454
U009132,2026-01-01,insurance,0.8223
U009133,2026-01-01,none,0.28
U009134,2026-01-01,streaming,0.883
U009135,2026-01-01,music,0.397
U009136,2026-01-01,music,0.7597
U009137,2026-01-01,insurance,0.5227
U009138,2026-01-01,music,0.49
U009139,2026-01-01,none,0.9181
U009140,2026-01-01,insurance,0.4532
U009141,2026-01-01,mobile,0.6012
U009142,2026-01-01,none,0.8631
U009143,2026-01-01,gym,0.4954
U009144,2026-01-01,none,0.9998
U009145,2026-01-01,none,0.3063
U009146,2026-01-01,none,0.9139
U009147,2026-01-01,none,0.9994
U009148,2026-01-01,music,0.4829
U009149,2026-01-01,mobile,0.7776
U009150,2026-01-01,gym,0.6239
U009151,2026-01-01,none,0.8422
U009152,2026-01-01,software,0.5146
U009153,2026-01-01,none,0.9781
U009154,2026-01-01,cloud,0.5518
U009155,2026-01-01,mobile,0.4069
U009156,2026-01-01,cloud,0.4822
U009157,2026-01-01,music,0.4906
U009158,2026-01-01,cloud,0.6477
U009159,2026-01-01,none,0.998
U009160,2026-01-01,gym,0.7723
U009161,2026-01-01,insurance,0.3731
U009162,2026-01-01,none,0.6181
U009163,2026-01-01,software,0.8514
U009164,2026-01-01,none,0.5885
U009165,2026-01-01,gym,0.5905
U009166,2026-01-01,none,0.9126
U009167,2026-01-01,insurance,0.4479
U009168,2026-01-01,software,0.7054
U009169,2026-01-01,music,0.5773
U009170,2026-01-01,none,0.8762
U009171,2026-01-01,streaming,0.6757
U009172,2026-01-01,none,0.6864
U009173,2026-01-01,none,0.3826
U009174,2026-01-01,streaming,0.574
U009175,2026-01-01,gym,0.6668
U009176,2026-01-01,none,0.4077
U009177,2026-01-01,cloud,0.4275
U009178,2026-01-01,streaming,0.6109
U009179,2026-01-01,software,0.6617
U009180,2026-01-01,streaming,0.4213
U009181,2026-01-01,cloud,0.6441
U009182,2026-01-01,streaming,0.4973
U009183,2026-01-01,software,0.384
U009184,2026-01-01,none,0.9908
U009185,2026-01-01,music,0.7349
U009186,2026-01-01,mobile,0.4969
U009187,2026-01-01,none,0.9089
U009188,2026-01-01,music,0.4864
U009189,2026-01-01,mobile,0.7581
U009190,2026-01-01,none,0.587
U009191,2026-01-01,gym,0.6392
U009192,2026-01-01,insurance,0.5797
U009193,2026-01-01,software,0.501
U009194,2026-01-01,software,0.3672
U009195,2026-01-01,software,0.6084
U009196,2026-01-01,gym,0.6858
U009197,2026-01-01,mobile,0.8183
U009198,2026-01-01,streaming,0.491
U009199,2026-01-01,mobile,0.5743
U009200,2026-01-01,insurance,0.4293
U009201,2026-01-01,gym,0.2897
U009202,2026-01-01,streaming,0.7827
U009203,2026-01-01,streaming,0.6014
U009204,2026-01-01,none,0.7258
U009205,2026-01-01,insurance,0.488
U009206,2026-01-01,gym,0.5058
U009207,2026-01-01,none,0.9331
U009208,2026-01-01,gym,0.6688
U009209,2026-01-01,gym,0.5413
U009210,2026-01-01,mobile,0.6897
U009211,2026-01-01,cloud,0.8835
U009212,2026-01-01,music,0.5456
U009213,2026-01-01,insurance,0.6992
U009214,2026-01-01,gym,0.4215
U009215,2026-01-01,music,0.5997
U009216,2026-01-01,music,0.3661
U009217,2026-01-01,music,0.3564
U009218,2026-01-01,none,0.584
U009219,2026-01-01,insurance,0.5663
U009220,2026-01-01,gym,0.6187
U009221,2026-01-01,none,0.427
U009222,2026-01-01,cloud,0.6823
U009223,2026-01-01,none,0.9995
U009224,2026-01-01,streaming,0.4386
U009225,2026-01-01,software,0.8743
U009226,2026-01-01,insurance,0.7679
U009227,2026-01-01,insurance,0.5103
U009228,2026-01-01,music,0.4777
U009229,2026-01-01,cloud,0.4888
U009230,2026-01-01,none,0.8803
U009231,2026-01-01,none,0.903
U009232,2026-01-01,none,0.9638
U009233,2026-01-01,mobile,0.3469
U009234,2026-01-01,none,0.7273
U009235,2026-01-01,music,0.9054
U009236,2026-01-01,gym,0.4555
U009237,2026-01-01,music,0.8502
U009238,2026-01-01,software,0.4243
U009239,2026-01-01,cloud,0.4812
U009240,2026-01-01,music,0.4385
U009241,2026-01-01,mobile,0.4133
U009242,2026-01-01,none,0.9958
U009243,2026-01-01,insurance,0.8726
U009244,2026-01-01,software,0.46
U009245,2026-01-01,none,0.9924
U009246,2026-01-01,software,0.3238
U009247,2026-01-01,cloud,0.596
U009248,2026-01-01,streaming,0.455
U009249,2026-01-01,streaming,0.7315
U009250,2026-01-01,cloud,0.668
U009251,2026-01-01,none,0.9827
U009252,2026-01-01,gym,0.6702
U009253,2026-01-01,gym,0.5856
U009254,2026-01-01,streaming,0.8558
U009255,2026-01-01,none,0.3675
U009256,2026-01-01,insurance,0.7277
U009257,2026-01-01,cloud,0.5232
U009258,2026-01-01,none,0.4337
U009259,2026-01-01,gym,0.5604
U009260,2026-01-01,gym,0.4141
U009261,2026-01-01,streaming,0.4475
U009262,2026-01-01,software,0.4598
U009263,2026-01-01,none,0.2919
U009264,2026-01-01,none,0.4404
U009265,2026-01-01,software,0.6625
U009266,2026-01-01,gym,0.4791
U009267,2026-01-01,cloud,0.5723
U009268,2026-01-01,none,0.8475
U009269,2026-01-01,none,0.5397
U009270,2026-01-01,gym,0.5852
U009271,2026-01-01,cloud,0.5679
U009272,2026-01-01,none,0.44
U009273,2026-01-01,streaming,0.4988
U009274,2026-01-01,gym,0.451
U009275,2026-01-01,none,0.9674
U009276,2026-01-01,streaming,0.6785
U009277,2026-01-01,software,0.6177
U009278,2026-01-01,none,0.5036
U009279,2026-01-01,mobile,0.5235
U009280,2026-01-01,insurance,0.7296
U009281,2026-01-01,mobile,0.6269
U009282,2026-01-01,streaming,0.4897
U009283,2026-01-01,none,0.8981
U009284,2026-01-01,software,0.5704
U009285,2026-01-01,streaming,0.65
U009286,2026-01-01,mobile,0.8005
U009287,2026-01-01,none,0.9993
U009288,2026-01-01,none,0.9539
U009289,2026-01-01,mobile,0.6533
U009290,2026-01-01,streaming,0.4895
U009291,2026-01-01,none,0.6549
U009292,2026-01-01,cloud,0.8135
U009293,2026-01-01,insurance,0.5275
U009294,2026-01-01,gym,0.5267
U009295,2026-01-01,music,0.5417
U009296,2026-01-01,insurance,0.4226
U009297,2026-01-01,insurance,0.67
U009298,2026-01-01,insurance,0.8264
U009299,2026-01-01,music,0.4351
U009300,2026-01-01,none,0.4503
U009301,2026-01-01,music,0.7408
U009302,2026-01-01,none,0.91
U009303,2026-01-01,streaming,0.8876
U009304,2026-01-01,none,0.9923
U009305,2026-01-01,streaming,0.7119
U009306,2026-01-01,mobile,0.4856
U009307,2026-01-01,software,0.4881
U009308,2026-01-01,insurance,0.6522
U009309,2026-01-01,gym,0.5445
U009310,2026-01-01,insurance,0.5847
U009311,2026-01-01,software,0.4636
U009312,2026-01-01,streaming,0.549
U009313,2026-01-01,none,0.9752
U009314,2026-01-01,software,0.4538
U009315,2026-01-01,none,0.6538
U009316,2026-01-01,none,0.7319
U009317,2026-01-01,none,0.9942
U009318,2026-01-01,mobile,0.7533
U009319,2026-01-01,insurance,0.4839
U009320,2026-01-01,insurance,0.4235
U009321,2026-01-01,music,0.3926
U009322,2026-01-01,software,0.7984
U009323,2026-01-01,none,0.9976
U009324,2026-01-01,none,0.9579
U009325,2026-01-01,none,0.8448
U009326,2026-01-01,music,0.6473
U009327,2026-01-01,music,0.6275
U009328,2026-01-01,music,0.8515
U009329,2026-01-01,software,0.8735
U009330,2026-01-01,streaming,0.825
U009331,2026-01-01,cloud,0.2444
U009332,2026-01-01,cloud,0.823
U009333,2026-01-01,none,0.9204
U009334,2026-01-01,mobile,0.2773
U009335,2026-01-01,music,0.7286
U009336,2026-01-01,none,0.6161
U009337,2026-01-01,insurance,0.5868
U009338,2026-01-01,gym,0.8566
U009339,2026-01-01,gym,0.3641
U009340,2026-01-01,insurance,0.8121
U009341,2026-01-01,cloud,0.4683
U009342,2026-01-01,none,0.9969
U009343,2026-01-01,none,0.7893
U009344,2026-01-01,software,0.3737
U009345,2026-01-01,streaming,0.6039
U009346,2026-01-01,none,0.9914
U009347,2026-01-01,software,0.4114
U009348,2026-01-01,none,0.967
U009349,2026-01-01,gym,0.5004
U009350,2026-01-01,streaming,0.8175
U009351,2026-01-01,insurance,0.4809
U009352,2026-01-01,none,0.9993
U009353,2026-01-01,software,0.6042
U009354,2026-01-01,software,0.6161
U009355,2026-01-01,mobile,0.4569
U009356,2026-01-01,software,0.6006
U009357,2026-01-01,insurance,0.6843
U009358,2026-01-01,streaming,0.4933
U009359,2026-01-01,none,0.9812
U009360,2026-01-01,insurance,0.3271
U009361,2026-01-01,none,0.9982
U009362,2026-01-01,cloud,0.6021
U009363,2026-01-01,gym,0.4786
U009364,2026-01-01,mobile,0.4695
U009365,2026-01-01,none,0.9998
U009366,2026-01-01,insurance,0.7633
U009367,2026-01-01,insurance,0.6228
U009368,2026-01-01,none,0.5229
U009369,2026-01-01,gym,0.5028
U009370,2026-01-01,streaming,0.6301
U009371,2026-01-01,gym,0.4926
U009372,2026-01-01,gym,0.4962
U009373,2026-01-01,streaming,0.5546
U009374,2026-01-01,none,0.9179
U009375,2026-01-01,none,0.8906
U009376,2026-01-01,none,0.9795
U009377,2026-01-01,music,0.6123
U009378,2026-01-01,none,0.9421
U009379,2026-01-01,mobile,0.4316
U009380,2026-01-01,music,0.5034
U009381,2026-01-01,insurance,0.4723
U009382,2026-01-01,gym,0.4779
U009383,2026-01-01,gym,0.5591
U009384,2026-01-01,software,0.5624
U009385,2026-01-01,none,0.8567
U009386,2026-01-01,none,0.3183
U009387,2026-01-01,music,0.6212
U009388,2026-01-01,cloud,0.5899
U009389,2026-01-01,streaming,0.8873
U009390,2026-01-01,none,0.4236
U009391,2026-01-01,music,0.6982
U009392,2026-01-01,none,0.5549
U009393,2026-01-01,gym,0.3374
U009394,2026-01-01,streaming,0.5382
U009395,2026-01-01,none,0.5009
U009396,2026-01-01,mobile,0.5358
U009397,2026-01-01,mobile,0.691
U009398,2026-01-01,none,0.673
U009399,2026-01-01,none,0.4731
U009400,2026-01-01,none,0.9649
U009401,2026-01-01,none,0.9893
U009402,2026-01-01,gym,0.5871
U009403,2026-01-01,streaming,0.5553
U009404,2026-01-01,music,0.455
U009405,2026-01-01,gym,0.4105
U009406,2026-01-01,cloud,0.4178
U009407,2026-01-01,gym,0.3588
U009408,2026-01-01,software,0.6509
U009409,2026-01-01,insurance,0.6353
U009410,2026-01-01,insurance,0.3357
U009411,2026-01-01,none,0.9636
U009412,2026-01-01,none,0.5709
U009413,2026-01-01,cloud,0.5177
U009414,2026-01-01,gym,0.6235
U009415,2026-01-01,music,0.5563
U009416,2026-01-01,music,0.3956
U009417,2026-01-01,insurance,0.3848
U009418,2026-01-01,streaming,0.8785
U009419,2026-01-01,none,0.577
U009420,2026-01-01,music,0.3351
U009421,2026-01-01,gym,0.5918
U009422,2026-01-01,music,0.4554
U009423,2026-01-01,mobile,0.8265
U009424,2026-01-01,cloud,0.4947
U009425,2026-01-01,cloud,0.7931
U009426,2026-01-01,none,0.3975
U009427,2026-01-01,none,0.5244
U009428,2026-01-01,none,0.9995
U009429,2026-01-01,insurance,0.8229
U009430,2026-01-01,none,0.5808
U009431,2026-01-01,software,0.573
U009432,2026-01-01,gym,0.7905
U009433,2026-01-01,software,0.4433
U009434,2026-01-01,insurance,0.6331
U009435,2026-01-01,music,0.3673
U009436,2026-01-01,music,0.8437
U009437,2026-01-01,streaming,0.9203
U009438,2026-01-01,none,0.7852
U009439,2026-01-01,none,0.9669
U009440,2026-01-01,cloud,0.7204
U009441,2026-01-01,cloud,0.6384
U009442,2026-01-01,music,0.4455
U009443,2026-01-01,insurance,0.7637
U009444,2026-01-01,mobile,0.4614
U009445,2026-01-01,cloud,0.7817
U009446,2026-01-01,gym,0.6301
U009447,2026-01-01,mobile,0.5839
U009448,2026-01-01,cloud,0.4569
U009449,2026-01-01,none,0.8498
U009450,2026-01-01,gym,0.5892
U009451,2026-01-01,mobile,0.577
U009452,2026-01-01,none,0.3729
U009453,2026-01-01,insurance,0.5257
U009454,2026-01-01,cloud,0.8554
U009455,2026-01-01,music,0.8036
U009456,2026-01-01,music,0.4838
U009457,2026-01-01,gym,0.5585
U009458,2026-01-01,software,0.3767
U009459,2026-01-01,gym,0.6339
U009460,2026-01-01,streaming,0.5209
U009461,2026-01-01,cloud,0.3724
U009462,2026-01-01,none,0.91
U009463,2026-01-01,insurance,0.5615
U009464,2026-01-01,mobile,0.3176
U009465,2026-01-01,none,0.5729
U009466,2026-01-01,software,0.3976
U009467,2026-01-01,insurance,0.6854
U009468,2026-01-01,cloud,0.4
U009469,2026-01-01,mobile,0.6034
U009470,2026-01-01,none,0.9475
U009471,2026-01-01,none,0.7234
U009472,2026-01-01,none,0.9823
U009473,2026-01-01,none,0.9943
U009474,2026-01-01,cloud,0.7875
U009475,2026-01-01,none,0.912
U009476,2026-01-01,mobile,0.7067
U009477,2026-01-01,none,0.602
U009478,2026-01-01,cloud,0.8474
U009479,2026-01-01,none,0.448
U009480,2026-01-01,mobile,0.4747
U009481,2026-01-01,music,0.5538
U009482,2026-01-01,software,0.7151
U009483,2026-01-01,gym,0.76
U009484,2026-01-01,music,0.5959
U009485,2026-01-01,streaming,0.6134
U009486,2026-01-01,music,0.2974
U009487,2026-01-01,mobile,0.5185
U009488,2026-01-01,music,0.6043
U009489,2026-01-01,gym,0.7249
U009490,2026-01-01,streaming,0.3574
U009491,2026-01-01,insurance,0.545
U009492,2026-01-01,none,0.4332
U009493,2026-01-01,streaming,0.4827
U009494,2026-01-01,none,0.5564
U009495,2026-01-01,insurance,0.6524
U009496,2026-01-01,mobile,0.4475
U009497,2026-01-01,none,0.9236
U009498,2026-01-01,mobile,0.8199
U009499,2026-01-01,none,0.9959
U009500,2026-01-01,cloud,0.6005
U009501,2026-01-01,music,0.4655
U009502,2026-01-01,streaming,0.6841
U009503,2026-01-01,insurance,0.8224
U009504,2026-01-01,none,0.3179
U009505,2026-01-01,cloud,0.6252
U009506,2026-01-01,none,0.3722
U009507,2026-01-01,none,0.9898
U009508,2026-01-01,gym,0.7825
U009509,2026-01-01,cloud,0.3699
U009510,2026-01-01,cloud,0.4729
U009511,2026-01-01,software,0.5029
U009512,2026-01-01,none,0.8932
U009513,2026-01-01,mobile,0.3797
U009514,2026-01-01,music,0.5161
U009515,2026-01-01,none,0.7838
U009516,2026-01-01,none,0.9921
U009517,2026-01-01,mobile,0.6782
U009518,2026-01-01,streaming,0.5135
U009519,2026-01-01,streaming,0.3671
U009520,2026-01-01,streaming,0.3733
U009521,2026-01-01,mobile,0.4384
U009522,2026-01-01,music,0.5971
U009523,2026-01-01,cloud,0.6311
U009524,2026-01-01,cloud,0.4377
U009525,2026-01-01,mobile,0.5843
U009526,2026-01-01,mobile,0.5883
U009527,2026-01-01,none,0.514
U009528,2026-01-01,mobile,0.5396
U009529,2026-01-01,streaming,0.6695
U009530,2026-01-01,music,0.4356
U009531,2026-01-01,none,0.3006
U009532,2026-01-01,insurance,0.2984
U009533,2026-01-01,cloud,0.7612
U009534,2026-01-01,software,0.5131
U009535,2026-01-01,software,0.3615
U009536,2026-01-01,software,0.4598
U009537,2026-01-01,none,0.8104
U009538,2026-01-01,none,0.5973
U009539,2026-01-01,streaming,0.6181
U009540,2026-01-01,mobile,0.8814
U009541,2026-01-01,insurance,0.6222
U009542,2026-01-01,none,0.9937
U009543,2026-01-01,none,0.9978
U009544,2026-01-01,software,0.5942
U009545,2026-01-01,mobile,0.2968
U009546,2026-01-01,none,0.4965
U009547,2026-01-01,none,0.9881
U009548,2026-01-01,software,0.4914
U009549,2026-01-01,none,0.9562
U009550,2026-01-01,streaming,0.8706
U009551,2026-01-01,none,0.856
U009552,2026-01-01,streaming,0.5903
U009553,2026-01-01,streaming,0.5698
U009554,2026-01-01,mobile,0.5125
U009555,2026-01-01,mobile,0.5539
U009556,2026-01-01,software,0.4366
U009557,2026-01-01,none,0.7912
U009558,2026-01-01,cloud,0.433
U009559,2026-01-01,cloud,0.4762
U009560,2026-01-01,none,0.9839
U009561,2026-01-01,streaming,0.7362
U009562,2026-01-01,streaming,0.4863
U009563,2026-01-01,insurance,0.7314
U009564,2026-01-01,mobile,0.8079
U009565,2026-01-01,none,0.9488
U009566,2026-01-01,none,0.9125
U009567,2026-01-01,none,0.3984
U009568,2026-01-01,software,0.7217
U009569,2026-01-01,streaming,0.3465
U009570,2026-01-01,streaming,0.5047
U009571,2026-01-01,none,0.9921
U009572,2026-01-01,insurance,0.8208
U009573,2026-01-01,gym,0.7425
U009574,2026-01-01,mobile,0.6873
U009575,2026-01-01,none,0.5737
U009576,2026-01-01,none,0.9387
U009577,2026-01-01,none,0.7116
U009578,2026-01-01,none,0.7261
U009579,2026-01-01,none,0.9861
U009580,2026-01-01,software,0.7319
U009581,2026-01-01,cloud,0.3704
U009582,2026-01-01,music,0.4783
U009583,2026-01-01,none,0.9845
U009584,2026-01-01,mobile,0.5204
U009585,2026-01-01,gym,0.8127
U009586,2026-01-01,mobile,0.4378
U009587,2026-01-01,cloud,0.4464
U009588,2026-01-01,none,0.7829
U009589,2026-01-01,music,0.5069
U009590,2026-01-01,none,0.9943
U009591,2026-01-01,streaming,0.7322
U009592,2026-01-01,streaming,0.3654
U009593,2026-01-01,music,0.7681
U009594,2026-01-01,mobile,0.708
U009595,2026-01-01,mobile,0.2266
U009596,2026-01-01,cloud,0.499
U009597,2026-01-01,music,0.348
U009598,2026-01-01,cloud,0.5015
U009599,2026-01-01,gym,0.56
U009600,2026-01-01,software,0.4888
U009601,2026-01-01,streaming,0.4044
U009602,2026-01-01,insurance,0.4802
U009603,2026-01-01,cloud,0.4735
U009604,2026-01-01,streaming,0.613
U009605,2026-01-01,insurance,0.625
U009606,2026-01-01,none,0.6858
U009607,2026-01-01,none,0.7257
U009608,2026-01-01,music,0.6399
U009609,2026-01-01,none,0.5298
U009610,2026-01-01,gym,0.3739
U009611,2026-01-01,none,0.9415
U009612,2026-01-01,insurance,0.8442
U009613,2026-01-01,none,0.9999
U009614,2026-01-01,software,0.5517
U009615,2026-01-01,mobile,0.4907
U009616,2026-01-01,none,0.9757
U009617,2026-01-01,insurance,0.7651
U009618,2026-01-01,insurance,0.6308
U009619,2026-01-01,streaming,0.3982
U009620,2026-01-01,streaming,0.3854
U009621,2026-01-01,streaming,0.7651
U009622,2026-01-01,cloud,0.8322
U009623,2026-01-01,insurance,0.7983
U009624,2026-01-01,mobile,0.5406
U009625,2026-01-01,none,0.5976
U009626,2026-01-01,music,0.4879
U009627,2026-01-01,gym,0.5176
U009628,2026-01-01,cloud,0.7583
U009629,2026-01-01,music,0.527
U009630,2026-01-01,streaming,0.4066
U009631,2026-01-01,insurance,0.3415
U009632,2026-01-01,streaming,0.7278
U009633,2026-01-01,mobile,0.4187
U009634,2026-01-01,software,0.6914
U009635,2026-01-01,none,0.5586
U009636,2026-01-01,mobile,0.8727
U009637,2026-01-01,none,0.943
U009638,2026-01-01,none,0.9675
U009639,2026-01-01,none,0.7809
U009640,2026-01-01,none,0.4999
U009641,2026-01-01,insurance,0.6438
U009642,2026-01-01,none,0.6271
U009643,2026-01-01,streaming,0.7762
U009644,2026-01-01,none,0.5953
U009645,2026-01-01,none,0.7301
U009646,2026-01-01,none,0.6926
U009647,2026-01-01,mobile,0.5249
U009648,2026-01-01,gym,0.2711
U009649,2026-01-01,gym,0.5714
U009650,2026-01-01,mobile,0.6935
U009651,2026-01-01,none,0.9723
U009652,2026-01-01,streaming,0.4854
U009653,2026-01-01,cloud,0.8174
U009654,2026-01-01,software,0.6503
U009655,2026-01-01,gym,0.5738
U009656,2026-01-01,insurance,0.8833
U009657,2026-01-01,software,0.647
U009658,2026-01-01,music,0.5381
U009659,2026-01-01,none,0.7856
U009660,2026-01-01,cloud,0.5221
U009661,2026-01-01,insurance,0.6393
U009662,2026-01-01,music,0.4715
U009663,2026-01-01,cloud,0.6524
U009664,2026-01-01,insurance,0.747
U009665,2026-01-01,music,0.7697
U009666,2026-01-01,music,0.5784
U009667,2026-01-01,mobile,0.7593
U009668,2026-01-01,music,0.5036
U009669,2026-01-01,music,0.806
U009670,2026-01-01,none,0.9381
U009671,2026-01-01,cloud,0.3304
U009672,2026-01-01,none,0.8734
U009673,2026-01-01,insurance,0.5634
U009674,2026-01-01,none,0.7403
U009675,2026-01-01,none,0.9527
U009676,2026-01-01,cloud,0.6333
U009677,2026-01-01,software,0.5162
U009678,2026-01-01,none,0.7758
U009679,2026-01-01,none,0.6195
U009680,2026-01-01,software,0.4312
U009681,2026-01-01,gym,0.6551
U009682,2026-01-01,music,0.4648
U009683,2026-01-01,music,0.7581
U009684,2026-01-01,none,0.9993
U009685,2026-01-01,streaming,0.64
U009686,2026-01-01,gym,0.358
U009687,2026-01-01,cloud,0.8363
U009688,2026-01-01,none,0.7241
U009689,2026-01-01,streaming,0.7484
U009690,2026-01-01,cloud,0.8516
U009691,2026-01-01,none,0.582
U009692,2026-01-01,none,0.9217
U009693,2026-01-01,cloud,0.8979
U009694,2026-01-01,none,0.5777
U009695,2026-01-01,none,0.6437
U009696,2026-01-01,none,0.3908
U009697,2026-01-01,music,0.6972
U009698,2026-01-01,software,0.369
U009699,2026-01-01,cloud,0.8499
U009700,2026-01-01,music,0.6126
U009701,2026-01-01,cloud,0.6887
U009702,2026-01-01,streaming,0.6336
U009703,2026-01-01,insurance,0.4348
U009704,2026-01-01,software,0.3758
U009705,2026-01-01,none,0.9719
U009706,2026-01-01,streaming,0.6422
U009707,2026-01-01,streaming,0.7534
U009708,2026-01-01,music,0.5775
U009709,2026-01-01,none,0.9998
U009710,2026-01-01,cloud,0.4329
U009711,2026-01-01,insurance,0.6128
U009712,2026-01-01,none,0.9825
U009713,2026-01-01,none,0.9851
U009714,2026-01-01,gym,0.8459
U009715,2026-01-01,none,0.9743
U009716,2026-01-01,software,0.8227
U009717,2026-01-01,streaming,0.6274
U009718,2026-01-01,none,0.8744
U009719,2026-01-01,gym,0.4662
U009720,2026-01-01,music,0.6537
U009721,2026-01-01,cloud,0.6762
U009722,2026-01-01,insurance,0.6859
U009723,2026-01-01,mobile,0.5312
U009724,2026-01-01,mobile,0.5435
U009725,2026-01-01,music,0.7535
U009726,2026-01-01,cloud,0.71
U009727,2026-01-01,none,0.6007
U009728,2026-01-01,none,0.9753
U009729,2026-01-01,insurance,0.3413
U009730,2026-01-01,insurance,0.4504
U009731,2026-01-01,streaming,0.7227
U009732,2026-01-01,software,0.5776
U009733,2026-01-01,none,0.9931
U009734,2026-01-01,gym,0.4751
U009735,2026-01-01,none,0.6675
U009736,2026-01-01,software,0.5827
U009737,2026-01-01,software,0.5809
U009738,2026-01-01,streaming,0.5797
U009739,2026-01-01,mobile,0.4473
U009740,2026-01-01,none,0.993
U009741,2026-01-01,none,0.7819
U009742,2026-01-01,streaming,0.4932
U009743,2026-01-01,none,0.9574
U009744,2026-01-01,cloud,0.4264
U009745,2026-01-01,none,0.5017
U009746,2026-01-01,music,0.3311
U009747,2026-01-01,software,0.46
U009748,2026-01-01,none,0.4867
U009749,2026-01-01,cloud,0.3701
U009750,2026-01-01,music,0.5267
U009751,2026-01-01,streaming,0.6228
U009752,2026-01-01,software,0.4282
U009753,2026-01-01,cloud,0.3783
U009754,2026-01-01,none,0.9965
U009755,2026-01-01,music,0.3713
U009756,2026-01-01,insurance,0.8345
U009757,2026-01-01,gym,0.8609
U009758,2026-01-01,none,0.9681
U009759,2026-01-01,cloud,0.472
U009760,2026-01-01,none,0.6303
U009761,2026-01-01,music,0.5446
U009762,2026-01-01,none,0.8586
U009763,2026-01-01,none,0.7765
U009764,2026-01-01,none,0.9701
U009765,2026-01-01,cloud,0.5279
U009766,2026-01-01,mobile,0.7034
U009767,2026-01-01,streaming,0.8173
U009768,2026-01-01,music,0.3241
U009769,2026-01-01,none,0.958
U009770,2026-01-01,none,0.6388
U009771,2026-01-01,insurance,0.4721
U009772,2026-01-01,mobile,0.7044
U009773,2026-01-01,software,0.6926
U009774,2026-01-01,none,0.5602
U009775,2026-01-01,streaming,0.8229
U009776,2026-01-01,streaming,0.5957
U009777,2026-01-01,streaming,0.702
U009778,2026-01-01,cloud,0.5431
U009779,2026-01-01,none,0.9999
U009780,2026-01-01,music,0.548
U009781,2026-01-01,cloud,0.8014
U009782,2026-01-01,streaming,0.8088
U009783,2026-01-01,software,0.6387
U009784,2026-01-01,gym,0.5177
U009785,2026-01-01,cloud,0.6718
U009786,2026-01-01,none,0.9314
U009787,2026-01-01,none,0.9803
U009788,2026-01-01,software,0.8473
U009789,2026-01-01,none,0.9976
U009790,2026-01-01,none,0.9872
U009791,2026-01-01,cloud,0.7883
U009792,2026-01-01,none,0.9471
U009793,2026-01-01,none,0.7932
U009794,2026-01-01,none,0.7938
U009795,2026-01-01,mobile,0.5958
U009796,2026-01-01,gym,0.8547
U009797,2026-01-01,mobile,0.5329
U009798,2026-01-01,gym,0.4434
U009799,2026-01-01,none,0.8722
U009800,2026-01-01,software,0.5792
U009801,2026-01-01,none,0.5281
U009802,2026-01-01,none,0.3734
U009803,2026-01-01,none,0.8699
U009804,2026-01-01,gym,0.4115
U009805,2026-01-01,insurance,0.5521
U009806,2026-01-01,gym,0.6534
U009807,2026-01-01,mobile,0.6783
U009808,2026-01-01,music,0.3416
U009809,2026-01-01,none,0.999
U009810,2026-01-01,mobile,0.4409
U009811,2026-01-01,mobile,0.6044
U009812,2026-01-01,cloud,0.5431
U009813,2026-01-01,gym,0.4991
U009814,2026-01-01,none,0.8675
U009815,2026-01-01,none,0.5183
U009816,2026-01-01,streaming,0.7186
U009817,2026-01-01,none,0.8216
U009818,2026-01-01,none,0.9905
U009819,2026-01-01,none,0.5269
U009820,2026-01-01,gym,0.9217
U009821,2026-01-01,music,0.4714
U009822,2026-01-01,none,0.9803
U009823,2026-01-01,software,0.6277
U009824,2026-01-01,mobile,0.5777
U009825,2026-01-01,mobile,0.5705
U009826,2026-01-01,software,0.4237
U009827,2026-01-01,software,0.5223
U009828,2026-01-01,gym,0.5006
U009829,2026-01-01,software,0.5207
U009830,2026-01-01,gym,0.6028
U009831,2026-01-01,none,0.8598
U009832,2026-01-01,streaming,0.5634
U009833,2026-01-01,gym,0.4194
U009834,2026-01-01,none,0.8678
U009835,2026-01-01,insurance,0.3101
U009836,2026-01-01,none,0.4955
U009837,2026-01-01,none,0.7533
U009838,2026-01-01,software,0.6649
U009839,2026-01-01,none,0.9848
U009840,2026-01-01,cloud,0.5236
U009841,2026-01-01,cloud,0.4536
U009842,2026-01-01,mobile,0.4984
U009843,2026-01-01,none,0.8915
U009844,2026-01-01,mobile,0.4873
U009845,2026-01-01,none,0.412
U009846,2026-01-01,none,0.9749
U009847,2026-01-01,music,0.6406
U009848,2026-01-01,mobile,0.6152
U009849,2026-01-01,streaming,0.6003
U009850,2026-01-01,streaming,0.5406
U009851,2026-01-01,none,0.9907
U009852,2026-01-01,insurance,0.4167
U009853,2026-01-01,gym,0.4021
U009854,2026-01-01,streaming,0.9491
U009855,2026-01-01,none,0.9984
U009856,2026-01-01,none,0.784
U009857,2026-01-01,mobile,0.4508
U009858,2026-01-01,none,0.8031
U009859,2026-01-01,none,0.7998
U009860,2026-01-01,streaming,0.3251
U009861,2026-01-01,gym,0.4794
U009862,2026-01-01,streaming,0.5396
U009863,2026-01-01,gym,0.7253
U009864,2026-01-01,music,0.3137
U009865,2026-01-01,none,0.9344
U009866,2026-01-01,software,0.4597
U009867,2026-01-01,streaming,0.6768
U009868,2026-01-01,software,0.6678
U009869,2026-01-01,gym,0.4688
U009870,2026-01-01,insurance,0.533
U009871,2026-01-01,none,0.9741
U009872,2026-01-01,cloud,0.4005
U009873,2026-01-01,cloud,0.7759
U009874,2026-01-01,gym,0.5025
U009875,2026-01-01,music,0.6703
U009876,2026-01-01,music,0.3368
U009877,2026-01-01,none,0.9988
U009878,2026-01-01,gym,0.7959
U009879,2026-01-01,mobile,0.529
U009880,2026-01-01,mobile,0.4795
U009881,2026-01-01,none,0.4472
U009882,2026-01-01,none,0.5725
U009883,2026-01-01,mobile,0.4293
U009884,2026-01-01,music,0.5111
U009885,2026-01-01,software,0.6365
U009886,2026-01-01,software,0.4667
U009887,2026-01-01,none,0.9439
U009888,2026-01-01,streaming,0.5199
U009889,2026-01-01,cloud,0.6514
U009890,2026-01-01,none,0.851
U009891,2026-01-01,none,0.6775
U009892,2026-01-01,software,0.4476
U009893,2026-01-01,none,0.5453
U009894,2026-01-01,streaming,0.4976
U009895,2026-01-01,cloud,0.7532
U009896,2026-01-01,mobile,0.8873
U009897,2026-01-01,gym,0.5433
U009898,2026-01-01,software,0.2924
U009899,2026-01-01,software,0.7351
U009900,2026-01-01,mobile,0.8431
U009901,2026-01-01,none,0.9614
U009902,2026-01-01,insurance,0.6218
U009903,2026-01-01,none,0.542
U009904,2026-01-01,none,0.9969
U009905,2026-01-01,streaming,0.8327
U009906,2026-01-01,music,0.8914
U009907,2026-01-01,mobile,0.7208
U009908,2026-01-01,none,0.3964
U009909,2026-01-01,none,0.3855
U009910,2026-01-01,mobile,0.2222
U009911,2026-01-01,gym,0.4467
U009912,2026-01-01,insurance,0.5314
U009913,2026-01-01,streaming,0.7398
U009914,2026-01-01,streaming,0.3335
U009915,2026-01-01,none,0.9504
U009916,2026-01-01,mobile,0.5186
U009917,2026-01-01,none,0.4073
U009918,2026-01-01,none,0.6492
U009919,2026-01-01,streaming,0.578
U009920,2026-01-01,none,0.66
U009921,2026-01-01,none,0.9715
U009922,2026-01-01,cloud,0.4952
U009923,2026-01-01,none,0.4587
U009924,2026-01-01,streaming,0.6271
U009925,2026-01-01,streaming,0.882
U009926,2026-01-01,music,0.4818
U009927,2026-01-01,software,0.5628
U009928,2026-01-01,none,0.7777
U009929,2026-01-01,mobile,0.6969
U009930,2026-01-01,cloud,0.2675
U009931,2026-01-01,insurance,0.4726
U009932,2026-01-01,insurance,0.7304
U009933,2026-01-01,software,0.5163
U009934,2026-01-01,none,0.9994
U009935,2026-01-01,mobile,0.6044
U009936,2026-01-01,music,0.455
U009937,2026-01-01,insurance,0.4174
U009938,2026-01-01,none,0.9478
U009939,2026-01-01,none,0.9074
U009940,2026-01-01,cloud,0.5521
U009941,2026-01-01,none,0.9918
U009942,2026-01-01,mobile,0.4476
U009943,2026-01-01,software,0.7415
U009944,2026-01-01,software,0.4887
U009945,2026-01-01,none,0.3721
U009946,2026-01-01,insurance,0.3265
U009947,2026-01-01,cloud,0.355
U009948,2026-01-01,none,0.7443
U009949,2026-01-01,cloud,0.6337
U009950,2026-01-01,music,0.5689
U009951,2026-01-01,none,0.901
U009952,2026-01-01,none,0.9556
U009953,2026-01-01,music,0.5328
U009954,2026-01-01,none,0.9738
U009955,2026-01-01,none,0.9908
U009956,2026-01-01,music,0.8468
U009957,2026-01-01,none,0.7142
U009958,2026-01-01,software,0.8477
U009959,2026-01-01,none,0.9992
U009960,2026-01-01,streaming,0.7737
U009961,2026-01-01,streaming,0.563
U009962,2026-01-01,software,0.7438
U009963,2026-01-01,cloud,0.3863
U009964,2026-01-01,gym,0.4108
U009965,2026-01-01,insurance,0.4175
U009966,2026-01-01,none,0.9751
U009967,2026-01-01,music,0.3764
U009968,2026-01-01,mobile,0.4758
U009969,2026-01-01,streaming,0.4804
U009970,2026-01-01,cloud,0.494
U009971,2026-01-01,insurance,0.8473
U009972,2026-01-01,mobile,0.8601
U009973,2026-01-01,gym,0.648
U009974,2026-01-01,streaming,0.8949
U009975,2026-01-01,insurance,0.6386
U009976,2026-01-01,insurance,0.7137
U009977,2026-01-01,none,0.8445
U009978,2026-01-01,music,0.8667
U009979,2026-01-01,insurance,0.5195
U009980,2026-01-01,music,0.4403
U009981,2026-01-01,insurance,0.797
U009982,2026-01-01,streaming,0.7844
U009983,2026-01-01,streaming,0.5021
U009984,2026-01-01,mobile,0.3983
U009985,2026-01-01,software,0.8367
U009986,2026-01-01,insurance,0.5769
U009987,2026-01-01,insurance,0.4357
U009988,2026-01-01,software,0.597
U009989,2026-01-01,streaming,0.7088
U009990,2026-01-01,streaming,0.4801
U009991,2026-01-01,none,0.2826
U009992,2026-01-01,none,0.474
U009993,2026-01-01,streaming,0.8084
U009994,2026-01-01,gym,0.3806
U009995,2026-01-01,cloud,0.3918
U009996,2026-01-01,insurance,0.398
U009997,2026-01-01,none,0.8888
U009998,2026-01-01,software,0.6457
U009999,2026-01-01,gym,0.6672
