client_id,cutoff_date,target_next_recurring_merchant,confidence
U000000,2026-01-01,software,0.507
U000001,2026-01-01,none,0.5888
U000002,2026-01-01,mobile,0.8835
U000003,2026-01-01,gym,0.6186
U000004,2026-01-01,none,0.5017
U000005,2026-01-01,none,0.8944
U000006,2026-01-01,cloud,0.4623
U000007,2026-01-01,none,0.9805
U000008,2026-01-01,cloud,0.5676
U000009,2026-01-01,cloud,0.4199
U000010,2026-01-01,none,0.8683
U000011,2026-01-01,insurance,0.853
U000012,2026-01-01,music,0.5429
U000013,2026-01-01,cloud,0.4443
U000014,2026-01-01,software,0.5396
U000015,2026-01-01,cloud,0.5555
U000016,2026-01-01,gym,0.8702
U000017,2026-01-01,none,0.651
U000018,2026-01-01,none,0.9811
U000019,2026-01-01,music,0.513
U000020,2026-01-01,none,0.8778
U000021,2026-01-01,none,0.9365
U000022,2026-01-01,music,0.469
U000023,2026-01-01,none,0.9996
U000024,2026-01-01,streaming,0.3179
U000025,2026-01-01,cloud,0.5436
U000026,2026-01-01,insurance,0.605
U000027,2026-01-01,none,0.5884
U000028,2026-01-01,streaming,0.3212
U000029,2026-01-01,music,0.8398
U000030,2026-01-01,none,0.5666
U000031,2026-01-01,mobile,0.8389
U000032,2026-01-01,insurance,0.402
U000033,2026-01-01,insurance,0.5097
U000034,2026-01-01,mobile,0.8283
U000035,2026-01-01,music,0.4563
U000036,2026-01-01,cloud,0.4725
U000037,2026-01-01,music,0.5319
U000038,2026-01-01,software,0.3848
U000039,2026-01-01,streaming,0.9229
U000040,2026-01-01,software,0.4988
U000041,2026-01-01,none,0.9969
U000042,2026-01-01,software,0.4786
U000043,2026-01-01,cloud,0.4782
U000044,2026-01-01,streaming,0.5158
U000045,2026-01-01,gym,0.4936
U000046,2026-01-01,insurance,0.5592
U000047,2026-01-01,insurance,0.7539
U000048,2026-01-01,cloud,0.4495
U000049,2026-01-01,none,0.5817
U000050,2026-01-01,insurance,0.5581
U000051,2026-01-01,mobile,0.4862
U000052,2026-01-01,music,0.5447
U000053,2026-01-01,insurance,0.6044
U000054,2026-01-01,none,0.9995
U000055,2026-01-01,software,0.5828
U000056,2026-01-01,software,0.5128
U000057,2026-01-01,none,0.9981
U000058,2026-01-01,none,0.9958
U000059,2026-01-01,insurance,0.4637
U000060,2026-01-01,mobile,0.3467
U000061,2026-01-01,cloud,0.3384
U000062,2026-01-01,none,0.9964
U000063,2026-01-01,streaming,0.6676
U000064,2026-01-01,insurance,0.4943
U000065,2026-01-01,mobile,0.8954
U000066,2026-01-01,gym,0.4863
U000067,2026-01-01,cloud,0.3551
U000068,2026-01-01,software,0.8664
U000069,2026-01-01,software,0.6068
U000070,2026-01-01,none,0.777
U000071,2026-01-01,cloud,0.8459
U000072,2026-01-01,music,0.8501
U000073,2026-01-01,none,0.8604
U000074,2026-01-01,streaming,0.7581
U000075,2026-01-01,software,0.6651
U000076,2026-01-01,mobile,0.6724
U000077,2026-01-01,software,0.5744
U000078,2026-01-01,none,0.7139
U000079,2026-01-01,insurance,0.6938
U000080,2026-01-01,streaming,0.5273
U000081,2026-01-01,software,0.4239
U000082,2026-01-01,none,0.9997
U000083,2026-01-01,none,0.8402
U000084,2026-01-01,software,0.3836
U000085,2026-01-01,none,0.5646
U000086,2026-01-01,cloud,0.4236
U000087,2026-01-01,cloud,0.671
U000088,2026-01-01,mobile,0.4456
U000089,2026-01-01,software,0.5743
U000090,2026-01-01,music,0.896
U000091,2026-01-01,music,0.4852
U000092,2026-01-01,streaming,0.8878
U000093,2026-01-01,none,0.4109
U000094,2026-01-01,cloud,0.5588
U000095,2026-01-01,software,0.4919
U000096,2026-01-01,cloud,0.8512
U000097,2026-01-01,mobile,0.7991
U000098,2026-01-01,mobile,0.7301
U000099,2026-01-01,none,0.5333
U000100,2026-01-01,cloud,0.3048
U000101,2026-01-01,software,0.518
U000102,2026-01-01,none,0.7773
U000103,2026-01-01,mobile,0.4279
U000104,2026-01-01,insurance,0.7774
U000105,2026-01-01,insurance,0.7385
U000106,2026-01-01,none,0.8626
U000107,2026-01-01,mobile,0.6113
U000108,2026-01-01,none,0.487
U000109,2026-01-01,gym,0.785
U000110,2026-01-01,none,0.9999
U000111,2026-01-01,streaming,0.535
U000112,2026-01-01,streaming,0.4851
U000113,2026-01-01,mobile,0.8503
U000114,2026-01-01,cloud,0.5083
U000115,2026-01-01,gym,0.8855
U000116,2026-01-01,none,0.9998
U000117,2026-01-01,none,0.6383
U000118,2026-01-01,software,0.6493
U000119,2026-01-01,none,0.3263
U000120,2026-01-01,mobile,0.634
U000121,2026-01-01,software,0.3594
U000122,2026-01-01,gym,0.612
U000123,2026-01-01,none,0.9875
U000124,2026-01-01,gym,0.7065
U000125,2026-01-01,mobile,0.4405
U000126,2026-01-01,mobile,0.6578
U000127,2026-01-01,software,0.5465
U000128,2026-01-01,mobile,0.8564
U000129,2026-01-01,music,0.6718
U000130,2026-01-01,gym,0.4162
U000131,2026-01-01,none,0.9947
U000132,2026-01-01,gym,0.5189
U000133,2026-01-01,none,0.807
U000134,2026-01-01,cloud,0.6401
U000135,2026-01-01,gym,0.4903
U000136,2026-01-01,music,0.9009
U000137,2026-01-01,software,0.7628
U000138,2026-01-01,insurance,0.6333
U000139,2026-01-01,streaming,0.5274
U000140,2026-01-01,cloud,0.815
U000141,2026-01-01,gym,0.439
U000142,2026-01-01,none,0.9457
U000143,2026-01-01,streaming,0.7346
U000144,2026-01-01,software,0.4649
U000145,2026-01-01,music,0.4136
U000146,2026-01-01,cloud,0.5454
U000147,2026-01-01,streaming,0.5617
U000148,2026-01-01,mobile,0.487
U000149,2026-01-01,none,0.7518
U000150,2026-01-01,cloud,0.8529
U000151,2026-01-01,insurance,0.448
U000152,2026-01-01,mobile,0.864
U000153,2026-01-01,none,0.849
U000154,2026-01-01,music,0.437
U000155,2026-01-01,none,0.6489
U000156,2026-01-01,insurance,0.3081
U000157,2026-01-01,software,0.5028
U000158,2026-01-01,software,0.9189
U000159,2026-01-01,software,0.5851
U000160,2026-01-01,mobile,0.4816
U000161,2026-01-01,streaming,0.2926
U000162,2026-01-01,streaming,0.5919
U000163,2026-01-01,none,0.9897
U000164,2026-01-01,software,0.5704
U000165,2026-01-01,cloud,0.3629
U000166,2026-01-01,mobile,0.9106
U000167,2026-01-01,gym,0.5571
U000168,2026-01-01,insurance,0.5262
U000169,2026-01-01,none,0.8837
U000170,2026-01-01,streaming,0.5337
U000171,2026-01-01,none,0.5906
U000172,2026-01-01,none,0.9916
U000173,2026-01-01,none,0.5104
U000174,2026-01-01,none,0.9985
U000175,2026-01-01,cloud,0.6496
U000176,2026-01-01,insurance,0.7357
U000177,2026-01-01,none,0.985
U000178,2026-01-01,software,0.4459
U000179,2026-01-01,none,0.6542
U000180,2026-01-01,cloud,0.8982
U000181,2026-01-01,gym,0.5209
U000182,2026-01-01,none,0.9999
U000183,2026-01-01,software,0.4109
U000184,2026-01-01,insurance,0.6341
U000185,2026-01-01,cloud,0.881
U000186,2026-01-01,insurance,0.5413
U000187,2026-01-01,none,0.6864
U000188,2026-01-01,cloud,0.5017
U000189,2026-01-01,none,0.6717
U000190,2026-01-01,none,0.9997
U000191,2026-01-01,cloud,0.5344
U000192,2026-01-01,none,0.9616
U000193,2026-01-01,software,0.4673
U000194,2026-01-01,software,0.8263
U000195,2026-01-01,insurance,0.4128
U000196,2026-01-01,insurance,0.8409
U000197,2026-01-01,cloud,0.5433
U000198,2026-01-01,none,0.9964
U000199,2026-01-01,none,0.9581
U000200,2026-01-01,music,0.6158
U000201,2026-01-01,mobile,0.6049
U000202,2026-01-01,music,0.4619
U000203,2026-01-01,gym,0.6324
U000204,2026-01-01,software,0.6542
U000205,2026-01-01,music,0.7807
U000206,2026-01-01,none,0.9968
U000207,2026-01-01,insurance,0.4717
U000208,2026-01-01,none,0.843
U000209,2026-01-01,none,0.9995
U000210,2026-01-01,mobile,0.5
U000211,2026-01-01,insurance,0.8977
U000212,2026-01-01,mobile,0.7871
U000213,2026-01-01,software,0.5242
U000214,2026-01-01,none,0.9781
U000215,2026-01-01,none,0.9998
U000216,2026-01-01,cloud,0.7997
U000217,2026-01-01,none,0.9785
U000218,2026-01-01,insurance,0.5472
U000219,2026-01-01,music,0.3891
U000220,2026-01-01,music,0.4057
U000221,2026-01-01,none,0.65
U000222,2026-01-01,insurance,0.4213
U000223,2026-01-01,software,0.763
U000224,2026-01-01,music,0.3708
U000225,2026-01-01,software,0.6186
U000226,2026-01-01,none,0.7305
U000227,2026-01-01,insurance,0.2936
U000228,2026-01-01,none,0.9931
U000229,2026-01-01,none,0.9948
U000230,2026-01-01,software,0.4619
U000231,2026-01-01,insurance,0.3696
U000232,2026-01-01,insurance,0.8441
U000233,2026-01-01,music,0.4617
U000234,2026-01-01,insurance,0.5371
U000235,2026-01-01,none,0.9918
U000236,2026-01-01,insurance,0.7683
U000237,2026-01-01,music,0.5133
U000238,2026-01-01,streaming,0.6069
U000239,2026-01-01,software,0.7308
U000240,2026-01-01,gym,0.4394
U000241,2026-01-01,none,0.4581
U000242,2026-01-01,gym,0.6446
U000243,2026-01-01,mobile,0.3095
U000244,2026-01-01,none,0.6889
U000245,2026-01-01,cloud,0.6679
U000246,2026-01-01,insurance,0.756
U000247,2026-01-01,mobile,0.9056
U000248,2026-01-01,software,0.6439
U000249,2026-01-01,music,0.7827
U000250,2026-01-01,streaming,0.9108
U000251,2026-01-01,streaming,0.4096
U000252,2026-01-01,music,0.6985
U000253,2026-01-01,cloud,0.6117
U000254,2026-01-01,none,0.9886
U000255,2026-01-01,none,0.624
U000256,2026-01-01,none,0.8709
U000257,2026-01-01,none,0.9852
U000258,2026-01-01,insurance,0.4706
U000259,2026-01-01,software,0.3423
U000260,2026-01-01,none,0.8153
U000261,2026-01-01,none,0.9809
U000262,2026-01-01,none,0.6029
U000263,2026-01-01,cloud,0.6422
U000264,2026-01-01,streaming,0.6237
U000265,2026-01-01,music,0.5983
U000266,2026-01-01,streaming,0.6241
U000267,2026-01-01,mobile,0.8132
U000268,2026-01-01,insurance,0.6592
U000269,2026-01-01,none,0.9986
U000270,2026-01-01,none,0.9719
U000271,2026-01-01,gym,0.4273
U000272,2026-01-01,insurance,0.3771
U000273,2026-01-01,gym,0.4408
U000274,2026-01-01,software,0.4276
U000275,2026-01-01,none,0.33
U000276,2026-01-01,none,0.8417
U000277,2026-01-01,cloud,0.4825
U000278,2026-01-01,mobile,0.512
U000279,2026-01-01,gym,0.3395
U000280,2026-01-01,gym,0.5102
U000281,2026-01-01,cloud,0.7367
U000282,2026-01-01,music,0.425
U000283,2026-01-01,none,0.7031
U000284,2026-01-01,cloud,0.4136
U000285,2026-01-01,insurance,0.4538
U000286,2026-01-01,cloud,0.8064
U000287,2026-01-01,mobile,0.8895
U000288,2026-01-01,streaming,0.5523
U000289,2026-01-01,streaming,0.7653
U000290,2026-01-01,mobile,0.4571
U000291,2026-01-01,gym,0.3256
U000292,2026-01-01,music,0.4391
U000293,2026-01-01,mobile,0.6718
U000294,2026-01-01,streaming,0.6358
U000295,2026-01-01,none,0.5712
U000296,2026-01-01,streaming,0.8948
U000297,2026-01-01,music,0.7219
U000298,2026-01-01,mobile,0.5183
U000299,2026-01-01,software,0.7486
U000300,2026-01-01,insurance,0.6001
U000301,2026-01-01,music,0.3635
U000302,2026-01-01,mobile,0.6583
U000303,2026-01-01,streaming,0.6209
U000304,2026-01-01,streaming,0.306
U000305,2026-01-01,none,0.9943
U000306,2026-01-01,none,0.9511
U000307,2026-01-01,mobile,0.5806
U000308,2026-01-01,music,0.4073
U000309,2026-01-01,gym,0.525
U000310,2026-01-01,streaming,0.4514
U000311,2026-01-01,none,0.975
U000312,2026-01-01,mobile,0.5099
U000313,2026-01-01,insurance,0.5758
U000314,2026-01-01,mobile,0.8822
U000315,2026-01-01,software,0.3061
U000316,2026-01-01,cloud,0.5087
U000317,2026-01-01,music,0.4254
U000318,2026-01-01,gym,0.4967
U000319,2026-01-01,software,0.5189
U000320,2026-01-01,none,0.9985
U000321,2026-01-01,none,0.9993
U000322,2026-01-01,software,0.4213
U000323,2026-01-01,none,0.8995
U000324,2026-01-01,cloud,0.5862
U000325,2026-01-01,mobile,0.6657
U000326,2026-01-01,mobile,0.7347
U000327,2026-01-01,mobile,0.547
U000328,2026-01-01,cloud,0.5146
U000329,2026-01-01,software,0.7859
U000330,2026-01-01,cloud,0.5581
U000331,2026-01-01,none,1.0
U000332,2026-01-01,music,0.6703
U000333,2026-01-01,none,0.9999
U000334,2026-01-01,mobile,0.485
U000335,2026-01-01,music,0.4849
U000336,2026-01-01,software,0.8943
U000337,2026-01-01,mobile,0.5656
U000338,2026-01-01,gym,0.7385
U000339,2026-01-01,insurance,0.7058
U000340,2026-01-01,none,0.8863
U000341,2026-01-01,software,0.4535
U000342,2026-01-01,music,0.5924
U000343,2026-01-01,gym,0.8881
U000344,2026-01-01,gym,0.6195
U000345,2026-01-01,software,0.5344
U000346,2026-01-01,gym,0.5741
U000347,2026-01-01,none,0.539
U000348,2026-01-01,software,0.4101
U000349,2026-01-01,streaming,0.8864
U000350,2026-01-01,none,0.8993
U000351,2026-01-01,none,0.983
U000352,2026-01-01,none,0.5361
U000353,2026-01-01,none,0.8964
U000354,2026-01-01,software,0.5135
U000355,2026-01-01,none,0.9991
U000356,2026-01-01,music,0.3448
U000357,2026-01-01,gym,0.6103
U000358,2026-01-01,mobile,0.7246
U000359,2026-01-01,cloud,0.8587
U000360,2026-01-01,none,0.8182
U000361,2026-01-01,streaming,0.4524
U000362,2026-01-01,none,0.6889
U000363,2026-01-01,none,0.9523
U000364,2026-01-01,none,0.9346
U000365,2026-01-01,none,0.8906
U000366,2026-01-01,software,0.7764
U000367,2026-01-01,none,0.9849
U000368,2026-01-01,software,0.7098
U000369,2026-01-01,music,0.7678
U000370,2026-01-01,mobile,0.8711
U000371,2026-01-01,software,0.8627
U000372,2026-01-01,insurance,0.7024
U000373,2026-01-01,none,0.9952
U000374,2026-01-01,none,0.5381
U000375,2026-01-01,none,0.834
U000376,2026-01-01,music,0.6899
U000377,2026-01-01,none,0.9973
U000378,2026-01-01,cloud,0.8291
U000379,2026-01-01,none,0.9888
U000380,2026-01-01,music,0.4913
U000381,2026-01-01,music,0.8652
U000382,2026-01-01,none,0.997
U000383,2026-01-01,gym,0.4492
U000384,2026-01-01,gym,0.8095
U000385,2026-01-01,cloud,0.4348
U000386,2026-01-01,cloud,0.5245
U000387,2026-01-01,insurance,0.7111
U000388,2026-01-01,none,0.9997
U000389,2026-01-01,mobile,0.5763
U000390,2026-01-01,none,0.9998
U000391,2026-01-01,none,0.9709
U000392,2026-01-01,none,0.8593
U000393,2026-01-01,mobile,0.3994
U000394,2026-01-01,none,0.9464
U000395,2026-01-01,music,0.4599
U000396,2026-01-01,gym,0.8253
U000397,2026-01-01,insurance,0.8133
U000398,2026-01-01,streaming,0.7182
U000399,2026-01-01,none,0.3846
U000400,2026-01-01,mobile,0.4489
U000401,2026-01-01,none,0.996
U000402,2026-01-01,insurance,0.6937
U000403,2026-01-01,cloud,0.3199
U000404,2026-01-01,insurance,0.5561
U000405,2026-01-01,gym,0.5493
U000406,2026-01-01,mobile,0.7092
U000407,2026-01-01,none,0.9994
U000408,2026-01-01,gym,0.4823
U000409,2026-01-01,none,0.3027
U000410,2026-01-01,none,0.6867
U000411,2026-01-01,streaming,0.6352
U000412,2026-01-01,gym,0.4632
U000413,2026-01-01,insurance,0.6767
U000414,2026-01-01,cloud,0.8545
U000415,2026-01-01,gym,0.5624
U000416,2026-01-01,none,0.9248
U000417,2026-01-01,none,0.9897
U000418,2026-01-01,software,0.809
U000419,2026-01-01,none,0.9991
U000420,2026-01-01,none,0.9323
U000421,2026-01-01,none,0.9336
U000422,2026-01-01,insurance,0.4568
U000423,2026-01-01,cloud,0.6758
U000424,2026-01-01,software,0.5396
U000425,2026-01-01,cloud,0.6815
U000426,2026-01-01,none,0.9935
U000427,2026-01-01,gym,0.8646
U000428,2026-01-01,streaming,0.6227
U000429,2026-01-01,streaming,0.6035
U000430,2026-01-01,music,0.9231
U000431,2026-01-01,insurance,0.4591
U000432,2026-01-01,cloud,0.3093
U000433,2026-01-01,insurance,0.5261
U000434,2026-01-01,streaming,0.9212
U000435,2026-01-01,insurance,0.642
U000436,2026-01-01,cloud,0.7806
U000437,2026-01-01,none,0.8047
U000438,2026-01-01,mobile,0.5503
U000439,2026-01-01,streaming,0.8962
U000440,2026-01-01,mobile,0.6268
U000441,2026-01-01,music,0.4944
U000442,2026-01-01,cloud,0.449
U000443,2026-01-01,none,0.9327
U000444,2026-01-01,gym,0.4638
U000445,2026-01-01,streaming,0.9143
U000446,2026-01-01,mobile,0.4775
U000447,2026-01-01,gym,0.5463
U000448,2026-01-01,none,0.9692
U000449,2026-01-01,mobile,0.5266
U000450,2026-01-01,gym,0.4764
U000451,2026-01-01,cloud,0.4193
U000452,2026-01-01,none,0.9088
U000453,2026-01-01,none,0.9815
U000454,2026-01-01,music,0.8269
U000455,2026-01-01,software,0.3645
U000456,2026-01-01,none,0.9667
U000457,2026-01-01,insurance,0.747
U000458,2026-01-01,software,0.5046
U000459,2026-01-01,streaming,0.3966
U000460,2026-01-01,none,0.8504
U000461,2026-01-01,none,0.9981
U000462,2026-01-01,none,0.9115
U000463,2026-01-01,gym,0.3978
U000464,2026-01-01,gym,0.6062
U000465,2026-01-01,none,0.9195
U000466,2026-01-01,none,0.9914
U000467,2026-01-01,none,0.7649
U000468,2026-01-01,streaming,0.5914
U000469,2026-01-01,mobile,0.8736
U000470,2026-01-01,none,0.5133
U000471,2026-01-01,none,0.9874
U000472,2026-01-01,music,0.8608
U000473,2026-01-01,none,0.5278
U000474,2026-01-01,none,0.6222
U000475,2026-01-01,software,0.8152
U000476,2026-01-01,none,0.9986
U000477,2026-01-01,streaming,0.5418
U000478,2026-01-01,none,0.69
U000479,2026-01-01,mobile,0.5172
U000480,2026-01-01,none,0.8144
U000481,2026-01-01,insurance,0.429
U000482,2026-01-01,none,0.9458
U000483,2026-01-01,cloud,0.895
U000484,2026-01-01,cloud,0.4976
U000485,2026-01-01,streaming,0.9115
U000486,2026-01-01,none,0.4459
U000487,2026-01-01,mobile,0.9221
U000488,2026-01-01,mobile,0.804
U000489,2026-01-01,none,0.995
U000490,2026-01-01,music,0.7633
U000491,2026-01-01,software,0.8821
U000492,2026-01-01,none,0.9954
U000493,2026-01-01,none,0.9961
U000494,2026-01-01,none,0.9895
U000495,2026-01-01,music,0.7039
U000496,2026-01-01,software,0.912
U000497,2026-01-01,music,0.3018
U000498,2026-01-01,music,0.3707
U000499,2026-01-01,none,0.9977
U000500,2026-01-01,cloud,0.4774
U000501,2026-01-01,software,0.4695
U000502,2026-01-01,none,0.9163
U000503,2026-01-01,gym,0.5309
U000504,2026-01-01,streaming,0.9041
U000505,2026-01-01,gym,0.7496
U000506,2026-01-01,mobile,0.3768
U000507,2026-01-01,none,0.9999
U000508,2026-01-01,cloud,0.7678
U000509,2026-01-01,software,0.4982
U000510,2026-01-01,music,0.5075
U000511,2026-01-01,streaming,0.5194
U000512,2026-01-01,insurance,0.5888
U000513,2026-01-01,none,0.7855
U000514,2026-01-01,software,0.5845
U000515,2026-01-01,mobile,0.4797
U000516,2026-01-01,cloud,0.2818
U000517,2026-01-01,gym,0.5889
U000518,2026-01-01,music,0.3056
U000519,2026-01-01,streaming,0.3811
U000520,2026-01-01,music,0.8183
U000521,2026-01-01,mobile,0.4146
U000522,2026-01-01,mobile,0.511
U000523,2026-01-01,software,0.6003
U000524,2026-01-01,none,0.5001
U000525,2026-01-01,cloud,0.4184
U000526,2026-01-01,none,0.9466
U000527,2026-01-01,insurance,0.555
U000528,2026-01-01,cloud,0.8188
U000529,2026-01-01,none,0.951
U000530,2026-01-01,software,0.421
U000531,2026-01-01,mobile,0.8996
U000532,2026-01-01,mobile,0.4275
U000533,2026-01-01,none,0.937
U000534,2026-01-01,mobile,0.6504
U000535,2026-01-01,insurance,0.6067
U000536,2026-01-01,cloud,0.6653
U000537,2026-01-01,mobile,0.8822
U000538,2026-01-01,software,0.4766
U000539,2026-01-01,gym,0.4645
U000540,2026-01-01,none,0.9547
U000541,2026-01-01,insurance,0.5579
U000542,2026-01-01,gym,0.7888
U000543,2026-01-01,none,0.9512
U000544,2026-01-01,insurance,0.2919
U000545,2026-01-01,gym,0.5562
U000546,2026-01-01,insurance,0.4046
U000547,2026-01-01,software,0.4999
U000548,2026-01-01,streaming,0.9056
U000549,2026-01-01,none,0.5212
U000550,2026-01-01,cloud,0.4033
U000551,2026-01-01,insurance,0.791
U000552,2026-01-01,insurance,0.8
U000553,2026-01-01,insurance,0.5453
U000554,2026-01-01,none,0.6172
U000555,2026-01-01,streaming,0.4113
U000556,2026-01-01,gym,0.8053
U000557,2026-01-01,cloud,0.6078
U000558,2026-01-01,none,0.9811
U000559,2026-01-01,insurance,0.7988
U000560,2026-01-01,software,0.588
U000561,2026-01-01,none,0.4333
U000562,2026-01-01,cloud,0.3922
U000563,2026-01-01,insurance,0.8545
U000564,2026-01-01,cloud,0.476
U000565,2026-01-01,music,0.4671
U000566,2026-01-01,mobile,0.574
U000567,2026-01-01,insurance,0.4209
U000568,2026-01-01,none,0.5191
U000569,2026-01-01,none,0.6582
U000570,2026-01-01,none,0.7725
U000571,2026-01-01,none,0.9808
U000572,2026-01-01,streaming,0.9416
U000573,2026-01-01,gym,0.2955
U000574,2026-01-01,insurance,0.8506
U000575,2026-01-01,insurance,0.386
U000576,2026-01-01,gym,0.4813
U000577,2026-01-01,mobile,0.5324
U000578,2026-01-01,music,0.4422
U000579,2026-01-01,music,0.7034
U000580,2026-01-01,cloud,0.5549
U000581,2026-01-01,insurance,0.5756
U000582,2026-01-01,mobile,0.6812
U000583,2026-01-01,software,0.5905
U000584,2026-01-01,none,0.9983
U000585,2026-01-01,software,0.4945
U000586,2026-01-01,insurance,0.4533
U000587,2026-01-01,cloud,0.8466
U000588,2026-01-01,none,0.8377
U000589,2026-01-01,none,0.7548
U000590,2026-01-01,streaming,0.4257
U000591,2026-01-01,mobile,0.5147
U000592,2026-01-01,gym,0.3866
U000593,2026-01-01,streaming,0.7181
U000594,2026-01-01,mobile,0.5781
U000595,2026-01-01,none,0.7155
U000596,2026-01-01,insurance,0.7608
U000597,2026-01-01,software,0.5712
U000598,2026-01-01,software,0.4108
U000599,2026-01-01,cloud,0.3764
U000600,2026-01-01,mobile,0.6703
U000601,2026-01-01,software,0.4743
U000602,2026-01-01,none,0.9819
U000603,2026-01-01,insurance,0.4543
U000604,2026-01-01,none,0.9772
U000605,2026-01-01,none,0.9941
U000606,2026-01-01,insurance,0.3839
U000607,2026-01-01,streaming,0.7063
U000608,2026-01-01,none,0.7821
U000609,2026-01-01,music,0.4613
U000610,2026-01-01,none,0.8795
U000611,2026-01-01,mobile,0.5659
U000612,2026-01-01,music,0.7737
U000613,2026-01-01,insurance,0.5988
U000614,2026-01-01,mobile,0.8956
U000615,2026-01-01,software,0.4525
U000616,2026-01-01,none,0.9965
U000617,2026-01-01,none,0.9981
U000618,2026-01-01,music,0.9229
U000619,2026-01-01,none,0.9993
U000620,2026-01-01,gym,0.3492
U000621,2026-01-01,streaming,0.8046
U000622,2026-01-01,none,0.9095
U000623,2026-01-01,cloud,0.4306
U000624,2026-01-01,software,0.6181
U000625,2026-01-01,insurance,0.5843
U000626,2026-01-01,gym,0.8738
U000627,2026-01-01,software,0.6199
U000628,2026-01-01,none,0.9963
U000629,2026-01-01,streaming,0.8886
U000630,2026-01-01,mobile,0.4695
U000631,2026-01-01,music,0.3971
U000632,2026-01-01,insurance,0.4432
U000633,2026-01-01,gym,0.6654
U000634,2026-01-01,mobile,0.6806
U000635,2026-01-01,music,0.892
U000636,2026-01-01,cloud,0.6698
U000637,2026-01-01,insurance,0.5738
U000638,2026-01-01,mobile,0.6009
U000639,2026-01-01,insurance,0.3849
U000640,2026-01-01,cloud,0.6424
U000641,2026-01-01,cloud,0.5562
U000642,2026-01-01,none,0.5269
U000643,2026-01-01,none,0.9759
U000644,2026-01-01,gym,0.5051
U000645,2026-01-01,none,0.4425
U000646,2026-01-01,music,0.357
U000647,2026-01-01,streaming,0.5982
U000648,2026-01-01,software,0.73
U000649,2026-01-01,mobile,0.6302
U000650,2026-01-01,none,0.9987
U000651,2026-01-01,insurance,0.822
U000652,2026-01-01,streaming,0.8523
U000653,2026-01-01,none,0.8672
U000654,2026-01-01,insurance,0.4778
U000655,2026-01-01,none,0.9051
U000656,2026-01-01,cloud,0.8537
U000657,2026-01-01,none,0.9172
U000658,2026-01-01,none,0.9338
U000659,2026-01-01,insurance,0.6896
U000660,2026-01-01,insurance,0.7009
U000661,2026-01-01,mobile,0.7264
U000662,2026-01-01,gym,0.7468
U000663,2026-01-01,cloud,0.5676
U000664,2026-01-01,none,0.3808
U000665,2026-01-01,insurance,0.3873
U000666,2026-01-01,insurance,0.8608
U000667,2026-01-01,none,0.9951
U000668,2026-01-01,none,0.9591
U000669,2026-01-01,mobile,0.4173
U000670,2026-01-01,gym,0.2995
U000671,2026-01-01,none,0.3905
U000672,2026-01-01,insurance,0.8518
U000673,2026-01-01,none,0.8911
U000674,2026-01-01,gym,0.8139
U000675,2026-01-01,none,0.9413
U000676,2026-01-01,gym,0.8654
U000677,2026-01-01,gym,0.5084
U000678,2026-01-01,software,0.5602
U000679,2026-01-01,streaming,0.8854
U000680,2026-01-01,gym,0.6579
U000681,2026-01-01,mobile,0.9267
U000682,2026-01-01,music,0.5549
U000683,2026-01-01,none,0.3515
U000684,2026-01-01,software,0.9086
U000685,2026-01-01,none,0.6643
U000686,2026-01-01,music,0.7678
U000687,2026-01-01,cloud,0.8645
U000688,2026-01-01,insurance,0.701
U000689,2026-01-01,mobile,0.7098
U000690,2026-01-01,gym,0.8587
U000691,2026-01-01,none,0.9749
U000692,2026-01-01,none,0.9973
U000693,2026-01-01,none,0.9976
U000694,2026-01-01,none,0.8603
U000695,2026-01-01,none,0.9969
U000696,2026-01-01,cloud,0.4102
U000697,2026-01-01,none,0.9995
U000698,2026-01-01,none,0.7636
U000699,2026-01-01,gym,0.7703
U000700,2026-01-01,cloud,0.4894
U000701,2026-01-01,software,0.852
U000702,2026-01-01,none,0.9998
U000703,2026-01-01,mobile,0.898
U000704,2026-01-01,cloud,0.743
U000705,2026-01-01,none,0.711
U000706,2026-01-01,none,0.6508
U000707,2026-01-01,cloud,0.6704
U000708,2026-01-01,gym,0.5516
U000709,2026-01-01,none,0.3804
U000710,2026-01-01,none,0.9817
U000711,2026-01-01,none,0.9996
U000712,2026-01-01,gym,0.4455
U000713,2026-01-01,none,0.9791
U000714,2026-01-01,music,0.4093
U000715,2026-01-01,mobile,0.8616
U000716,2026-01-01,gym,0.4812
U000717,2026-01-01,none,0.9995
U000718,2026-01-01,cloud,0.832
U000719,2026-01-01,none,0.6225
U000720,2026-01-01,software,0.6452
U000721,2026-01-01,streaming,0.5328
U000722,2026-01-01,mobile,0.4803
U000723,2026-01-01,none,0.9484
U000724,2026-01-01,gym,0.5555
U000725,2026-01-01,insurance,0.6878
U000726,2026-01-01,cloud,0.6731
U000727,2026-01-01,software,0.7353
U000728,2026-01-01,music,0.9032
U000729,2026-01-01,cloud,0.9337
U000730,2026-01-01,music,0.339
U000731,2026-01-01,music,0.9172
U000732,2026-01-01,gym,0.3934
U000733,2026-01-01,music,0.5863
U000734,2026-01-01,cloud,0.8649
U000735,2026-01-01,streaming,0.6173
U000736,2026-01-01,none,0.756
U000737,2026-01-01,streaming,0.8974
U000738,2026-01-01,software,0.7047
U000739,2026-01-01,none,0.8142
U000740,2026-01-01,none,0.8054
U000741,2026-01-01,none,0.6459
U000742,2026-01-01,none,0.678
U000743,2026-01-01,none,0.9763
U000744,2026-01-01,music,0.2865
U000745,2026-01-01,none,0.9997
U000746,2026-01-01,streaming,0.36
U000747,2026-01-01,gym,0.6336
U000748,2026-01-01,cloud,0.7971
U000749,2026-01-01,software,0.5464
U000750,2026-01-01,none,0.9283
U000751,2026-01-01,none,0.586
U000752,2026-01-01,none,0.9946
U000753,2026-01-01,insurance,0.5621
U000754,2026-01-01,streaming,0.5453
U000755,2026-01-01,none,0.9652
U000756,2026-01-01,none,0.8075
U000757,2026-01-01,insurance,0.694
U000758,2026-01-01,software,0.678
U000759,2026-01-01,none,0.9954
U000760,2026-01-01,streaming,0.5639
U000761,2026-01-01,none,0.9699
U000762,2026-01-01,none,0.9747
U000763,2026-01-01,none,0.7085
U000764,2026-01-01,music,0.6053
U000765,2026-01-01,mobile,0.7995
U000766,2026-01-01,cloud,0.3568
U000767,2026-01-01,streaming,0.5645
U000768,2026-01-01,none,0.9856
U000769,2026-01-01,software,0.5491
U000770,2026-01-01,streaming,0.3909
U000771,2026-01-01,mobile,0.4958
U000772,2026-01-01,music,0.4318
U000773,2026-01-01,mobile,0.4042
U000774,2026-01-01,none,0.9998
U000775,2026-01-01,none,0.9854
U000776,2026-01-01,insurance,0.539
U000777,2026-01-01,insurance,0.8825
U000778,2026-01-01,none,0.9911
U000779,2026-01-01,software,0.4857
U000780,2026-01-01,none,0.7044
U000781,2026-01-01,software,0.4091
U000782,2026-01-01,software,0.3811
U000783,2026-01-01,mobile,0.5412
U000784,2026-01-01,gym,0.8431
U000785,2026-01-01,streaming,0.4852
U000786,2026-01-01,none,0.4561
U000787,2026-01-01,software,0.453
U000788,2026-01-01,streaming,0.5097
U000789,2026-01-01,none,0.4178
U000790,2026-01-01,streaming,0.2277
U000791,2026-01-01,insurance,0.6278
U000792,2026-01-01,none,0.9747
U000793,2026-01-01,gym,0.81
U000794,2026-01-01,insurance,0.4492
U000795,2026-01-01,mobile,0.8619
U000796,2026-01-01,none,0.9958
U000797,2026-01-01,cloud,0.6475
U000798,2026-01-01,insurance,0.4925
U000799,2026-01-01,none,0.9964
U000800,2026-01-01,none,0.9962
U000801,2026-01-01,music,0.9046
U000802,2026-01-01,none,0.5086
U000803,2026-01-01,none,0.994
U000804,2026-01-01,software,0.8964
U000805,2026-01-01,software,0.5724
U000806,2026-01-01,none,0.9802
U000807,2026-01-01,music,0.7027
U000808,2026-01-01,mobile,0.6644
U000809,2026-01-01,insurance,0.8687
U000810,2026-01-01,none,0.817
U000811,2026-01-01,none,0.7851
U000812,2026-01-01,mobile,0.6047
U000813,2026-01-01,none,0.9975
U000814,2026-01-01,gym,0.8305
U000815,2026-01-01,none,0.7374
U000816,2026-01-01,music,0.5699
U000817,2026-01-01,insurance,0.6452
U000818,2026-01-01,music,0.4213
U000819,2026-01-01,none,0.9628
U000820,2026-01-01,gym,0.3189
U000821,2026-01-01,gym,0.4448
U000822,2026-01-01,mobile,0.7415
U000823,2026-01-01,none,0.9973
U000824,2026-01-01,gym,0.5589
U000825,2026-01-01,streaming,0.7031
U000826,2026-01-01,insurance,0.8796
U000827,2026-01-01,none,0.971
U000828,2026-01-01,mobile,0.8947
U000829,2026-01-01,insurance,0.8649
U000830,2026-01-01,none,0.9473
U000831,2026-01-01,none,0.9904
U000832,2026-01-01,none,0.99
U000833,2026-01-01,mobile,0.8654
U000834,2026-01-01,music,0.7472
U000835,2026-01-01,none,0.9106
U000836,2026-01-01,cloud,0.486
U000837,2026-01-01,music,0.501
U000838,2026-01-01,none,0.7068
U000839,2026-01-01,mobile,0.903
U000840,2026-01-01,gym,0.8547
U000841,2026-01-01,none,0.9899
U000842,2026-01-01,music,0.8905
U000843,2026-01-01,none,0.9918
U000844,2026-01-01,streaming,0.8181
U000845,2026-01-01,insurance,0.896
U000846,2026-01-01,cloud,0.6567
U000847,2026-01-01,music,0.5884
U000848,2026-01-01,gym,0.8671
U000849,2026-01-01,gym,0.4626
U000850,2026-01-01,streaming,0.8837
U000851,2026-01-01,software,0.6595
U000852,2026-01-01,software,0.7921
U000853,2026-01-01,none,0.9994
U000854,2026-01-01,streaming,0.2866
U000855,2026-01-01,software,0.5075
U000856,2026-01-01,cloud,0.5655
U000857,2026-01-01,mobile,0.4799
U000858,2026-01-01,insurance,0.5631
U000859,2026-01-01,none,0.9648
U000860,2026-01-01,none,0.9505
U000861,2026-01-01,music,0.5288
U000862,2026-01-01,insurance,0.4389
U000863,2026-01-01,none,1.0
U000864,2026-01-01,insurance,0.5893
U000865,2026-01-01,none,0.9785
U000866,2026-01-01,streaming,0.8898
U000867,2026-01-01,none,0.9115
U000868,2026-01-01,insurance,0.3649
U000869,2026-01-01,none,0.9753
U000870,2026-01-01,streaming,0.4423
U000871,2026-01-01,music,0.4419
U000872,2026-01-01,mobile,0.5202
U000873,2026-01-01,none,0.9993
U000874,2026-01-01,insurance,0.3655
U000875,2026-01-01,software,0.4434
U000876,2026-01-01,insurance,0.4922
U000877,2026-01-01,insurance,0.4733
U000878,2026-01-01,gym,0.722
U000879,2026-01-01,none,0.8784
U000880,2026-01-01,cloud,0.5719
U000881,2026-01-01,streaming,0.4304
U000882,2026-01-01,cloud,0.5605
U000883,2026-01-01,mobile,0.8874
U000884,2026-01-01,streaming,0.6334
U000885,2026-01-01,gym,0.6731
U000886,2026-01-01,insurance,0.5768
U000887,2026-01-01,music,0.6003
U000888,2026-01-01,software,0.8235
U000889,2026-01-01,cloud,0.6503
U000890,2026-01-01,none,0.7152
U000891,2026-01-01,cloud,0.6111
U000892,2026-01-01,gym,0.6373
U000893,2026-01-01,none,0.9271
U000894,2026-01-01,none,0.9899
U000895,2026-01-01,insurance,0.4439
U000896,2026-01-01,insurance,0.5212
U000897,2026-01-01,software,0.6107
U000898,2026-01-01,cloud,0.7838
U000899,2026-01-01,gym,0.5532
U000900,2026-01-01,none,0.9999
U000901,2026-01-01,streaming,0.578
U000902,2026-01-01,mobile,0.5898
U000903,2026-01-01,none,0.9938
U000904,2026-01-01,none,0.9539
U000905,2026-01-01,insurance,0.3202
U000906,2026-01-01,streaming,0.3427
U000907,2026-01-01,none,0.9981
U000908,2026-01-01,cloud,0.7445
U000909,2026-01-01,gym,0.4696
U000910,2026-01-01,gym,0.4974
U000911,2026-01-01,streaming,0.5226
U000912,2026-01-01,software,0.3202
U000913,2026-01-01,streaming,0.8342
U000914,2026-01-01,none,0.9999
U000915,2026-01-01,cloud,0.6573
U000916,2026-01-01,none,0.9925
U000917,2026-01-01,insurance,0.6368
U000918,2026-01-01,software,0.5187
U000919,2026-01-01,music,0.8525
U000920,2026-01-01,software,0.5492
U000921,2026-01-01,music,0.6265
U000922,2026-01-01,none,0.6737
U000923,2026-01-01,software,0.5829
U000924,2026-01-01,none,0.5402
U000925,2026-01-01,mobile,0.8532
U000926,2026-01-01,music,0.6544
U000927,2026-01-01,none,0.5081
U000928,2026-01-01,none,0.8929
U000929,2026-01-01,mobile,0.8685
U000930,2026-01-01,insurance,0.4565
U000931,2026-01-01,none,0.9234
U000932,2026-01-01,none,0.994
U000933,2026-01-01,none,0.9997
U000934,2026-01-01,music,0.4252
U000935,2026-01-01,insurance,0.6682
U000936,2026-01-01,cloud,0.4715
U000937,2026-01-01,none,0.9958
U000938,2026-01-01,cloud,0.5477
U000939,2026-01-01,music,0.6367
U000940,2026-01-01,insurance,0.4697
U000941,2026-01-01,software,0.8354
U000942,2026-01-01,gym,0.6189
U000943,2026-01-01,software,0.4544
U000944,2026-01-01,software,0.5747
U000945,2026-01-01,software,0.4476
U000946,2026-01-01,software,0.9165
U000947,2026-01-01,software,0.6359
U000948,2026-01-01,software,0.5109
U000949,2026-01-01,none,0.3489
U000950,2026-01-01,gym,0.5462
U000951,2026-01-01,music,0.6417
U000952,2026-01-01,none,0.993
U000953,2026-01-01,software,0.845
U000954,2026-01-01,none,0.9473
U000955,2026-01-01,streaming,0.3973
U000956,2026-01-01,music,0.3253
U000957,2026-01-01,streaming,0.3282
U000958,2026-01-01,mobile,0.8733
U000959,2026-01-01,streaming,0.4133
U000960,2026-01-01,none,0.9989
U000961,2026-01-01,insurance,0.4141
U000962,2026-01-01,insurance,0.5815
U000963,2026-01-01,cloud,0.6271
U000964,2026-01-01,streaming,0.6637
U000965,2026-01-01,mobile,0.4172
U000966,2026-01-01,music,0.8616
U000967,2026-01-01,none,0.2907
U000968,2026-01-01,none,0.9574
U000969,2026-01-01,insurance,0.4885
U000970,2026-01-01,music,0.4209
U000971,2026-01-01,gym,0.8511
U000972,2026-01-01,insurance,0.6877
U000973,2026-01-01,none,0.9999
U000974,2026-01-01,software,0.874
U000975,2026-01-01,none,0.9993
U000976,2026-01-01,cloud,0.5745
U000977,2026-01-01,insurance,0.3505
U000978,2026-01-01,cloud,0.4433
U000979,2026-01-01,music,0.5606
U000980,2026-01-01,none,0.9998
U000981,2026-01-01,cloud,0.6833
U000982,2026-01-01,none,0.9385
U000983,2026-01-01,none,0.9609
U000984,2026-01-01,mobile,0.4442
U000985,2026-01-01,none,0.9998
U000986,2026-01-01,insurance,0.5452
U000987,2026-01-01,none,0.9144
U000988,2026-01-01,music,0.5088
U000989,2026-01-01,cloud,0.4353
U000990,2026-01-01,gym,0.516
U000991,2026-01-01,mobile,0.856
U000992,2026-01-01,none,0.8224
U000993,2026-01-01,none,0.9988
U000994,2026-01-01,gym,0.7635
U000995,2026-01-01,streaming,0.9251
U000996,2026-01-01,software,0.4693
U000997,2026-01-01,insurance,0.5184
U000998,2026-01-01,streaming,0.3747
U000999,2026-01-01,mobile,0.7539
U001000,2026-01-01,software,0.7519
U001001,2026-01-01,none,0.4239
U001002,2026-01-01,cloud,0.8062
U001003,2026-01-01,none,0.9875
U001004,2026-01-01,streaming,0.4717
U001005,2026-01-01,streaming,0.7117
U001006,2026-01-01,gym,0.8722
U001007,2026-01-01,software,0.6376
U001008,2026-01-01,gym,0.3057
U001009,2026-01-01,none,0.9984
U001010,2026-01-01,none,0.998
U001011,2026-01-01,mobile,0.5953
U001012,2026-01-01,none,0.9044
U001013,2026-01-01,none,0.5517
U001014,2026-01-01,none,0.8912
U001015,2026-01-01,none,0.6992
U001016,2026-01-01,none,0.9944
U001017,2026-01-01,software,0.837
U001018,2026-01-01,none,0.9409
U001019,2026-01-01,cloud,0.5862
U001020,2026-01-01,none,0.9267
U001021,2026-01-01,none,0.5564
U001022,2026-01-01,none,0.9953
U001023,2026-01-01,streaming,0.6026
U001024,2026-01-01,streaming,0.5317
U001025,2026-01-01,none,0.8278
U001026,2026-01-01,insurance,0.4425
U001027,2026-01-01,mobile,0.7772
U001028,2026-01-01,gym,0.4476
U001029,2026-01-01,streaming,0.571
U001030,2026-01-01,none,0.4952
U001031,2026-01-01,none,0.9841
U001032,2026-01-01,none,0.9956
U001033,2026-01-01,cloud,0.4224
U001034,2026-01-01,streaming,0.5489
U001035,2026-01-01,insurance,0.8624
U001036,2026-01-01,software,0.4187
U001037,2026-01-01,software,0.7974
U001038,2026-01-01,insurance,0.559
U001039,2026-01-01,software,0.4001
U001040,2026-01-01,software,0.4394
U001041,2026-01-01,gym,0.481
U001042,2026-01-01,none,0.9981
U001043,2026-01-01,none,0.8695
U001044,2026-01-01,none,0.4797
U001045,2026-01-01,gym,0.3117
U001046,2026-01-01,none,0.7703
U001047,2026-01-01,streaming,0.7161
U001048,2026-01-01,streaming,0.5481
U001049,2026-01-01,insurance,0.4209
U001050,2026-01-01,insurance,0.468
U001051,2026-01-01,insurance,0.8405
U001052,2026-01-01,cloud,0.4613
U001053,2026-01-01,software,0.663
U001054,2026-01-01,streaming,0.4912
U001055,2026-01-01,music,0.5772
U001056,2026-01-01,mobile,0.5695
U001057,2026-01-01,insurance,0.58
U001058,2026-01-01,none,0.793
U001059,2026-01-01,streaming,0.5134
U001060,2026-01-01,insurance,0.5648
U001061,2026-01-01,streaming,0.8183
U001062,2026-01-01,insurance,0.3443
U001063,2026-01-01,music,0.5674
U001064,2026-01-01,none,1.0
U001065,2026-01-01,insurance,0.4597
U001066,2026-01-01,software,0.6925
U001067,2026-01-01,streaming,0.3816
U001068,2026-01-01,none,0.5762
U001069,2026-01-01,insurance,0.6404
U001070,2026-01-01,streaming,0.5625
U001071,2026-01-01,gym,0.528
U001072,2026-01-01,mobile,0.4429
U001073,2026-01-01,mobile,0.3946
U001074,2026-01-01,streaming,0.5451
U001075,2026-01-01,none,0.6526
U001076,2026-01-01,insurance,0.5217
U001077,2026-01-01,mobile,0.565
U001078,2026-01-01,mobile,0.7196
U001079,2026-01-01,streaming,0.891
U001080,2026-01-01,none,0.9986
U001081,2026-01-01,insurance,0.4848
U001082,2026-01-01,none,0.9983
U001083,2026-01-01,insurance,0.5006
U001084,2026-01-01,gym,0.4329
U001085,2026-01-01,streaming,0.6581
U001086,2026-01-01,none,0.9997
U001087,2026-01-01,insurance,0.7661
U001088,2026-01-01,gym,0.7494
U001089,2026-01-01,software,0.5178
U001090,2026-01-01,streaming,0.9121
U001091,2026-01-01,cloud,0.4487
U001092,2026-01-01,cloud,0.6347
U001093,2026-01-01,streaming,0.4561
U001094,2026-01-01,mobile,0.9053
U001095,2026-01-01,insurance,0.5021
U001096,2026-01-01,mobile,0.4409
U001097,2026-01-01,mobile,0.893
U001098,2026-01-01,music,0.5131
U001099,2026-01-01,insurance,0.8812
U001100,2026-01-01,none,0.9355
U001101,2026-01-01,none,0.9951
U001102,2026-01-01,music,0.7515
U001103,2026-01-01,insurance,0.8184
U001104,2026-01-01,music,0.5854
U001105,2026-01-01,streaming,0.3215
U001106,2026-01-01,none,0.9974
U001107,2026-01-01,gym,0.3831
U001108,2026-01-01,streaming,0.8231
U001109,2026-01-01,gym,0.8334
U001110,2026-01-01,streaming,0.6064
U001111,2026-01-01,streaming,0.9198
U001112,2026-01-01,none,0.905
U001113,2026-01-01,gym,0.7148
U001114,2026-01-01,insurance,0.5995
U001115,2026-01-01,none,0.9999
U001116,2026-01-01,insurance,0.723
U001117,2026-01-01,gym,0.4107
U001118,2026-01-01,streaming,0.6502
U001119,2026-01-01,streaming,0.7015
U001120,2026-01-01,mobile,0.6622
U001121,2026-01-01,gym,0.4948
U001122,2026-01-01,none,0.9973
U001123,2026-01-01,insurance,0.8556
U001124,2026-01-01,none,0.9444
U001125,2026-01-01,cloud,0.3287
U001126,2026-01-01,gym,0.8517
U001127,2026-01-01,none,0.9983
U001128,2026-01-01,software,0.4784
U001129,2026-01-01,insurance,0.566
U001130,2026-01-01,streaming,0.5223
U001131,2026-01-01,mobile,0.6569
U001132,2026-01-01,streaming,0.7148
U001133,2026-01-01,insurance,0.51
U001134,2026-01-01,gym,0.3664
U001135,2026-01-01,none,0.8656
U001136,2026-01-01,gym,0.6505
U001137,2026-01-01,cloud,0.4896
U001138,2026-01-01,mobile,0.4226
U001139,2026-01-01,insurance,0.7331
U001140,2026-01-01,software,0.669
U001141,2026-01-01,streaming,0.5477
U001142,2026-01-01,software,0.408
U001143,2026-01-01,streaming,0.5739
U001144,2026-01-01,none,0.9083
U001145,2026-01-01,none,0.9815
U001146,2026-01-01,streaming,0.491
U001147,2026-01-01,streaming,0.6185
U001148,2026-01-01,music,0.5084
U001149,2026-01-01,insurance,0.7418
U001150,2026-01-01,none,0.6424
U001151,2026-01-01,music,0.4821
U001152,2026-01-01,none,0.5342
U001153,2026-01-01,none,0.3906
U001154,2026-01-01,none,0.9852
U001155,2026-01-01,gym,0.5883
U001156,2026-01-01,music,0.8104
U001157,2026-01-01,mobile,0.5517
U001158,2026-01-01,none,0.6957
U001159,2026-01-01,music,0.514
U001160,2026-01-01,music,0.4524
U001161,2026-01-01,none,0.9824
U001162,2026-01-01,mobile,0.3683
U001163,2026-01-01,none,0.997
U001164,2026-01-01,streaming,0.9292
U001165,2026-01-01,insurance,0.4778
U001166,2026-01-01,none,0.9826
U001167,2026-01-01,none,0.6161
U001168,2026-01-01,software,0.405
U001169,2026-01-01,none,0.193
U001170,2026-01-01,none,0.9736
U001171,2026-01-01,none,0.8789
U001172,2026-01-01,cloud,0.6048
U001173,2026-01-01,none,0.7375
U001174,2026-01-01,none,0.952
U001175,2026-01-01,none,0.9619
U001176,2026-01-01,streaming,0.9257
U001177,2026-01-01,cloud,0.4341
U001178,2026-01-01,none,0.8743
U001179,2026-01-01,gym,0.4955
U001180,2026-01-01,cloud,0.3691
U001181,2026-01-01,streaming,0.6695
U001182,2026-01-01,mobile,0.5165
U001183,2026-01-01,gym,0.3626
U001184,2026-01-01,gym,0.4934
U001185,2026-01-01,cloud,0.4276
U001186,2026-01-01,streaming,0.4145
U001187,2026-01-01,none,0.8727
U001188,2026-01-01,mobile,0.4582
U001189,2026-01-01,software,0.5526
U001190,2026-01-01,streaming,0.8109
U001191,2026-01-01,music,0.521
U001192,2026-01-01,gym,0.6689
U001193,2026-01-01,music,0.5363
U001194,2026-01-01,mobile,0.4953
U001195,2026-01-01,insurance,0.7996
U001196,2026-01-01,none,0.9627
U001197,2026-01-01,music,0.863
U001198,2026-01-01,streaming,0.4297
U001199,2026-01-01,insurance,0.542
U001200,2026-01-01,software,0.4075
U001201,2026-01-01,cloud,0.5006
U001202,2026-01-01,insurance,0.5489
U001203,2026-01-01,insurance,0.6129
U001204,2026-01-01,streaming,0.5215
U001205,2026-01-01,none,0.6762
U001206,2026-01-01,mobile,0.5034
U001207,2026-01-01,software,0.494
U001208,2026-01-01,insurance,0.4768
U001209,2026-01-01,none,0.8823
U001210,2026-01-01,streaming,0.7637
U001211,2026-01-01,gym,0.5733
U001212,2026-01-01,insurance,0.8227
U001213,2026-01-01,none,0.9769
U001214,2026-01-01,cloud,0.7599
U001215,2026-01-01,none,0.3472
U001216,2026-01-01,cloud,0.5512
U001217,2026-01-01,insurance,0.8295
U001218,2026-01-01,cloud,0.4248
U001219,2026-01-01,none,0.5438
U001220,2026-01-01,software,0.8935
U001221,2026-01-01,none,0.9234
U001222,2026-01-01,cloud,0.7372
U001223,2026-01-01,none,0.8986
U001224,2026-01-01,software,0.4938
U001225,2026-01-01,streaming,0.6153
U001226,2026-01-01,music,0.8936
U001227,2026-01-01,insurance,0.5437
U001228,2026-01-01,mobile,0.3827
U001229,2026-01-01,none,0.5934
U001230,2026-01-01,mobile,0.7295
U001231,2026-01-01,cloud,0.836
U001232,2026-01-01,insurance,0.316
U001233,2026-01-01,mobile,0.9141
U001234,2026-01-01,streaming,0.4469
U001235,2026-01-01,music,0.6649
U001236,2026-01-01,mobile,0.6321
U001237,2026-01-01,none,0.654
U001238,2026-01-01,none,0.9914
U001239,2026-01-01,insurance,0.5775
U001240,2026-01-01,none,0.9829
U001241,2026-01-01,cloud,0.4046
U001242,2026-01-01,software,0.5191
U001243,2026-01-01,streaming,0.5563
U001244,2026-01-01,music,0.2795
U001245,2026-01-01,gym,0.389
U001246,2026-01-01,none,0.9999
U001247,2026-01-01,cloud,0.6066
U001248,2026-01-01,software,0.5286
U001249,2026-01-01,none,1.0
U001250,2026-01-01,cloud,0.5415
U001251,2026-01-01,none,0.8097
U001252,2026-01-01,software,0.5087
U001253,2026-01-01,cloud,0.6159
U001254,2026-01-01,gym,0.8818
U001255,2026-01-01,music,0.5164
U001256,2026-01-01,mobile,0.769
U001257,2026-01-01,none,0.9348
U001258,2026-01-01,streaming,0.4363
U001259,2026-01-01,none,0.7996
U001260,2026-01-01,software,0.7016
U001261,2026-01-01,streaming,0.5264
U001262,2026-01-01,cloud,0.5641
U001263,2026-01-01,cloud,0.4261
U001264,2026-01-01,cloud,0.531
U001265,2026-01-01,insurance,0.9123
U001266,2026-01-01,insurance,0.4355
U001267,2026-01-01,music,0.6962
U001268,2026-01-01,insurance,0.8492
U001269,2026-01-01,none,0.9245
U001270,2026-01-01,music,0.5711
U001271,2026-01-01,streaming,0.6042
U001272,2026-01-01,software,0.5454
U001273,2026-01-01,none,0.9372
U001274,2026-01-01,none,0.9989
U001275,2026-01-01,none,0.5801
U001276,2026-01-01,gym,0.3621
U001277,2026-01-01,streaming,0.5164
U001278,2026-01-01,software,0.6409
U001279,2026-01-01,mobile,0.3872
U001280,2026-01-01,none,0.8308
U001281,2026-01-01,none,0.9982
U001282,2026-01-01,cloud,0.5748
U001283,2026-01-01,none,0.9938
U001284,2026-01-01,insurance,0.6906
U001285,2026-01-01,none,0.7499
U001286,2026-01-01,software,0.6276
U001287,2026-01-01,none,0.9857
U001288,2026-01-01,none,0.9999
U001289,2026-01-01,none,0.4743
U001290,2026-01-01,streaming,0.4475
U001291,2026-01-01,mobile,0.493
U001292,2026-01-01,mobile,0.4585
U001293,2026-01-01,mobile,0.4911
U001294,2026-01-01,gym,0.4688
U001295,2026-01-01,music,0.8656
U001296,2026-01-01,software,0.894
U001297,2026-01-01,mobile,0.34
U001298,2026-01-01,none,0.9986
U001299,2026-01-01,mobile,0.7912
U001300,2026-01-01,gym,0.7844
U001301,2026-01-01,streaming,0.2512
U001302,2026-01-01,music,0.6459
U001303,2026-01-01,insurance,0.5649
U001304,2026-01-01,mobile,0.6183
U001305,2026-01-01,streaming,0.5854
U001306,2026-01-01,cloud,0.6156
U001307,2026-01-01,insurance,0.5827
U001308,2026-01-01,mobile,0.5906
U001309,2026-01-01,none,0.9106
U001310,2026-01-01,software,0.5877
U001311,2026-01-01,software,0.5937
U001312,2026-01-01,insurance,0.8364
U001313,2026-01-01,streaming,0.402
U001314,2026-01-01,insurance,0.476
U001315,2026-01-01,streaming,0.2615
U001316,2026-01-01,none,0.9999
U001317,2026-01-01,software,0.3654
U001318,2026-01-01,software,0.7946
U001319,2026-01-01,music,0.9043
U001320,2026-01-01,mobile,0.6812
U001321,2026-01-01,none,0.9797
U001322,2026-01-01,streaming,0.8373
U001323,2026-01-01,none,0.9942
U001324,2026-01-01,none,0.9968
U001325,2026-01-01,software,0.3392
U001326,2026-01-01,none,0.9997
U001327,2026-01-01,cloud,0.566
U001328,2026-01-01,streaming,0.4984
U001329,2026-01-01,none,0.6207
U001330,2026-01-01,mobile,0.3459
U001331,2026-01-01,none,0.9956
U001332,2026-01-01,none,0.9902
U001333,2026-01-01,cloud,0.3026
U001334,2026-01-01,cloud,0.3659
U001335,2026-01-01,none,0.9067
U001336,2026-01-01,none,0.8901
U001337,2026-01-01,none,0.4429
U001338,2026-01-01,none,0.9977
U001339,2026-01-01,gym,0.5432
U001340,2026-01-01,cloud,0.8236
U001341,2026-01-01,none,0.993
U001342,2026-01-01,gym,0.52
U001343,2026-01-01,mobile,0.854
U001344,2026-01-01,insurance,0.5819
U001345,2026-01-01,none,0.6787
U001346,2026-01-01,music,0.8555
U001347,2026-01-01,software,0.485
U001348,2026-01-01,gym,0.4564
U001349,2026-01-01,cloud,0.4819
U001350,2026-01-01,cloud,0.4663
U001351,2026-01-01,none,0.7445
U001352,2026-01-01,cloud,0.4831
U001353,2026-01-01,none,0.9422
U001354,2026-01-01,insurance,0.4807
U001355,2026-01-01,software,0.403
U001356,2026-01-01,gym,0.5544
U001357,2026-01-01,gym,0.6026
U001358,2026-01-01,software,0.4129
U001359,2026-01-01,mobile,0.7726
U001360,2026-01-01,cloud,0.6574
U001361,2026-01-01,none,0.9959
U001362,2026-01-01,none,0.757
U001363,2026-01-01,music,0.5905
U001364,2026-01-01,none,1.0
U001365,2026-01-01,insurance,0.6384
U001366,2026-01-01,insurance,0.5219
U001367,2026-01-01,music,0.885
U001368,2026-01-01,insurance,0.7718
U001369,2026-01-01,software,0.5006
U001370,2026-01-01,none,0.7905
U001371,2026-01-01,insurance,0.6734
U001372,2026-01-01,none,1.0
U001373,2026-01-01,none,1.0
U001374,2026-01-01,none,0.9949
U001375,2026-01-01,mobile,0.8101
U001376,2026-01-01,music,0.3382
U001377,2026-01-01,streaming,0.6345
U001378,2026-01-01,cloud,0.7971
U001379,2026-01-01,none,0.9626
U001380,2026-01-01,mobile,0.4882
U001381,2026-01-01,gym,0.6136
U001382,2026-01-01,none,0.986
U001383,2026-01-01,music,0.6005
U001384,2026-01-01,none,0.8994
U001385,2026-01-01,software,0.6415
U001386,2026-01-01,streaming,0.5814
U001387,2026-01-01,none,0.8677
U001388,2026-01-01,cloud,0.5239
U001389,2026-01-01,cloud,0.5349
U001390,2026-01-01,software,0.9328
U001391,2026-01-01,software,0.6071
U001392,2026-01-01,music,0.8949
U001393,2026-01-01,none,0.5271
U001394,2026-01-01,streaming,0.5013
U001395,2026-01-01,music,0.4038
U001396,2026-01-01,software,0.671
U001397,2026-01-01,music,0.3241
U001398,2026-01-01,gym,0.7176
U001399,2026-01-01,cloud,0.3687
U001400,2026-01-01,mobile,0.421
U001401,2026-01-01,music,0.5431
U001402,2026-01-01,mobile,0.5157
U001403,2026-01-01,gym,0.495
U001404,2026-01-01,none,0.9632
U001405,2026-01-01,none,0.948
U001406,2026-01-01,gym,0.5633
U001407,2026-01-01,software,0.3478
U001408,2026-01-01,none,0.5396
U001409,2026-01-01,mobile,0.7285
U001410,2026-01-01,cloud,0.815
U001411,2026-01-01,mobile,0.5612
U001412,2026-01-01,none,0.7342
U001413,2026-01-01,streaming,0.915
U001414,2026-01-01,music,0.8648
U001415,2026-01-01,none,0.9724
U001416,2026-01-01,software,0.4156
U001417,2026-01-01,none,0.751
U001418,2026-01-01,none,0.9775
U001419,2026-01-01,mobile,0.4482
U001420,2026-01-01,none,1.0
U001421,2026-01-01,insurance,0.4928
U001422,2026-01-01,gym,0.5862
U001423,2026-01-01,mobile,0.4954
U001424,2026-01-01,none,0.8036
U001425,2026-01-01,mobile,0.5465
U001426,2026-01-01,none,0.8637
U001427,2026-01-01,none,0.9001
U001428,2026-01-01,gym,0.7509
U001429,2026-01-01,insurance,0.4523
U001430,2026-01-01,insurance,0.484
U001431,2026-01-01,gym,0.486
U001432,2026-01-01,gym,0.866
U001433,2026-01-01,gym,0.5515
U001434,2026-01-01,insurance,0.3317
U001435,2026-01-01,software,0.8499
U001436,2026-01-01,streaming,0.7423
U001437,2026-01-01,gym,0.5425
U001438,2026-01-01,mobile,0.5688
U001439,2026-01-01,music,0.6082
U001440,2026-01-01,none,0.9114
U001441,2026-01-01,none,0.7452
U001442,2026-01-01,none,0.9736
U001443,2026-01-01,none,0.9866
U001444,2026-01-01,gym,0.8783
U001445,2026-01-01,insurance,0.7335
U001446,2026-01-01,streaming,0.6108
U001447,2026-01-01,streaming,0.5364
U001448,2026-01-01,mobile,0.6081
U001449,2026-01-01,mobile,0.9199
U001450,2026-01-01,none,0.9454
U001451,2026-01-01,mobile,0.5613
U001452,2026-01-01,music,0.496
U001453,2026-01-01,none,0.9977
U001454,2026-01-01,gym,0.4992
U001455,2026-01-01,none,0.476
U001456,2026-01-01,cloud,0.3237
U001457,2026-01-01,none,0.9819
U001458,2026-01-01,gym,0.4751
U001459,2026-01-01,software,0.7858
U001460,2026-01-01,cloud,0.8652
U001461,2026-01-01,none,0.8885
U001462,2026-01-01,none,0.8618
U001463,2026-01-01,music,0.4741
U001464,2026-01-01,music,0.3599
U001465,2026-01-01,insurance,0.5614
U001466,2026-01-01,mobile,0.4471
U001467,2026-01-01,music,0.8344
U001468,2026-01-01,none,1.0
U001469,2026-01-01,gym,0.5324
U001470,2026-01-01,cloud,0.3503
U001471,2026-01-01,music,0.6626
U001472,2026-01-01,mobile,0.5908
U001473,2026-01-01,none,0.7025
U001474,2026-01-01,software,0.4731
U001475,2026-01-01,mobile,0.8992
U001476,2026-01-01,mobile,0.7579
U001477,2026-01-01,cloud,0.6364
U001478,2026-01-01,gym,0.9212
U001479,2026-01-01,cloud,0.7913
U001480,2026-01-01,music,0.8389
U001481,2026-01-01,none,0.9894
U001482,2026-01-01,gym,0.5147
U001483,2026-01-01,mobile,0.8988
U001484,2026-01-01,insurance,0.4266
U001485,2026-01-01,none,0.7791
U001486,2026-01-01,insurance,0.3654
U001487,2026-01-01,music,0.4805
U001488,2026-01-01,cloud,0.4543
U001489,2026-01-01,cloud,0.7272
U001490,2026-01-01,software,0.7493
U001491,2026-01-01,streaming,0.5211
U001492,2026-01-01,none,0.8938
U001493,2026-01-01,none,0.9774
U001494,2026-01-01,insurance,0.479
U001495,2026-01-01,software,0.4851
U001496,2026-01-01,none,0.9833
U001497,2026-01-01,none,0.9668
U001498,2026-01-01,none,0.9587
U001499,2026-01-01,gym,0.4373
U001500,2026-01-01,streaming,0.5634
U001501,2026-01-01,none,0.8007
U001502,2026-01-01,none,0.8508
U001503,2026-01-01,none,0.9997
U001504,2026-01-01,none,0.9927
U001505,2026-01-01,none,0.838
U001506,2026-01-01,insurance,0.8712
U001507,2026-01-01,mobile,0.5769
U001508,2026-01-01,music,0.8501
U001509,2026-01-01,music,0.5971
U001510,2026-01-01,none,0.9999
U001511,2026-01-01,software,0.7467
U001512,2026-01-01,none,0.9735
U001513,2026-01-01,mobile,0.8981
U001514,2026-01-01,cloud,0.8021
U001515,2026-01-01,gym,0.6707
U001516,2026-01-01,insurance,0.6414
U001517,2026-01-01,insurance,0.5256
U001518,2026-01-01,none,0.9954
U001519,2026-01-01,gym,0.7481
U001520,2026-01-01,software,0.4633
U001521,2026-01-01,insurance,0.6632
U001522,2026-01-01,streaming,0.3452
U001523,2026-01-01,streaming,0.4851
U001524,2026-01-01,software,0.6909
U001525,2026-01-01,mobile,0.9007
U001526,2026-01-01,none,0.8912
U001527,2026-01-01,none,0.6177
U001528,2026-01-01,software,0.9151
U001529,2026-01-01,music,0.4608
U001530,2026-01-01,insurance,0.8274
U001531,2026-01-01,none,0.9984
U001532,2026-01-01,insurance,0.5139
U001533,2026-01-01,none,0.8619
U001534,2026-01-01,software,0.6673
U001535,2026-01-01,cloud,0.4992
U001536,2026-01-01,mobile,0.6088
U001537,2026-01-01,mobile,0.4084
U001538,2026-01-01,insurance,0.8004
U001539,2026-01-01,none,0.9999
U001540,2026-01-01,music,0.6956
U001541,2026-01-01,gym,0.3836
U001542,2026-01-01,music,0.4336
U001543,2026-01-01,none,0.9966
U001544,2026-01-01,insurance,0.3811
U001545,2026-01-01,cloud,0.4644
U001546,2026-01-01,insurance,0.7395
U001547,2026-01-01,software,0.8759
U001548,2026-01-01,mobile,0.6078
U001549,2026-01-01,streaming,0.4261
U001550,2026-01-01,none,0.5351
U001551,2026-01-01,none,0.9726
U001552,2026-01-01,music,0.4878
U001553,2026-01-01,insurance,0.5254
U001554,2026-01-01,music,0.5126
U001555,2026-01-01,streaming,0.769
U001556,2026-01-01,insurance,0.4918
U001557,2026-01-01,none,0.7827
U001558,2026-01-01,none,0.3895
U001559,2026-01-01,music,0.5412
U001560,2026-01-01,insurance,0.473
U001561,2026-01-01,none,0.3335
U001562,2026-01-01,mobile,0.646
U001563,2026-01-01,insurance,0.4244
U001564,2026-01-01,streaming,0.6864
U001565,2026-01-01,gym,0.4841
U001566,2026-01-01,streaming,0.4756
U001567,2026-01-01,music,0.7293
U001568,2026-01-01,gym,0.513
U001569,2026-01-01,none,0.9497
U001570,2026-01-01,none,0.5918
U001571,2026-01-01,music,0.8419
U001572,2026-01-01,none,0.8452
U001573,2026-01-01,cloud,0.4299
U001574,2026-01-01,streaming,0.4185
U001575,2026-01-01,none,0.9886
U001576,2026-01-01,cloud,0.4927
U001577,2026-01-01,music,0.3455
U001578,2026-01-01,mobile,0.6189
U001579,2026-01-01,cloud,0.2902
U001580,2026-01-01,music,0.917
U001581,2026-01-01,software,0.556
U001582,2026-01-01,none,0.9992
U001583,2026-01-01,cloud,0.3563
U001584,2026-01-01,software,0.7986
U001585,2026-01-01,gym,0.4522
U001586,2026-01-01,cloud,0.4881
U001587,2026-01-01,none,0.8473
U001588,2026-01-01,software,0.6419
U001589,2026-01-01,mobile,0.8981
U001590,2026-01-01,mobile,0.4712
U001591,2026-01-01,none,0.6964
U001592,2026-01-01,streaming,0.6443
U001593,2026-01-01,cloud,0.5285
U001594,2026-01-01,insurance,0.8869
U001595,2026-01-01,insurance,0.3899
U001596,2026-01-01,none,0.9999
U001597,2026-01-01,gym,0.5421
U001598,2026-01-01,gym,0.4776
U001599,2026-01-01,gym,0.4719
U001600,2026-01-01,none,0.9994
U001601,2026-01-01,insurance,0.6162
U001602,2026-01-01,streaming,0.6756
U001603,2026-01-01,insurance,0.6091
U001604,2026-01-01,cloud,0.6082
U001605,2026-01-01,software,0.8839
U001606,2026-01-01,streaming,0.885
U001607,2026-01-01,insurance,0.5615
U001608,2026-01-01,streaming,0.3814
U001609,2026-01-01,gym,0.425
U001610,2026-01-01,mobile,0.4919
U001611,2026-01-01,insurance,0.4625
U001612,2026-01-01,mobile,0.7005
U001613,2026-01-01,none,0.9765
U001614,2026-01-01,cloud,0.7997
U001615,2026-01-01,streaming,0.4033
U001616,2026-01-01,none,0.9879
U001617,2026-01-01,music,0.8558
U001618,2026-01-01,streaming,0.5866
U001619,2026-01-01,streaming,0.5934
U001620,2026-01-01,software,0.4944
U001621,2026-01-01,none,0.8766
U001622,2026-01-01,none,0.8277
U001623,2026-01-01,cloud,0.7056
U001624,2026-01-01,cloud,0.8214
U001625,2026-01-01,insurance,0.6409
U001626,2026-01-01,none,0.9781
U001627,2026-01-01,cloud,0.5063
U001628,2026-01-01,none,0.546
U001629,2026-01-01,none,0.9319
U001630,2026-01-01,none,0.5624
U001631,2026-01-01,gym,0.3903
U001632,2026-01-01,cloud,0.682
U001633,2026-01-01,mobile,0.7039
U001634,2026-01-01,none,0.9752
U001635,2026-01-01,insurance,0.5416
U001636,2026-01-01,none,0.9776
U001637,2026-01-01,none,0.9966
U001638,2026-01-01,cloud,0.4503
U001639,2026-01-01,none,0.9028
U001640,2026-01-01,gym,0.8488
U001641,2026-01-01,software,0.4452
U001642,2026-01-01,cloud,0.828
U001643,2026-01-01,none,0.6861
U001644,2026-01-01,none,0.7966
U001645,2026-01-01,software,0.5753
U001646,2026-01-01,none,0.6328
U001647,2026-01-01,none,0.999
U001648,2026-01-01,mobile,0.6606
U001649,2026-01-01,none,0.5154
U001650,2026-01-01,music,0.6244
U001651,2026-01-01,insurance,0.4112
U001652,2026-01-01,streaming,0.4917
U001653,2026-01-01,none,0.5907
U001654,2026-01-01,none,0.9262
U001655,2026-01-01,music,0.3641
U001656,2026-01-01,streaming,0.8849
U001657,2026-01-01,none,0.9878
U001658,2026-01-01,software,0.5464
U001659,2026-01-01,software,0.59
U001660,2026-01-01,software,0.2681
U001661,2026-01-01,none,0.7901
U001662,2026-01-01,none,0.3517
U001663,2026-01-01,software,0.8116
U001664,2026-01-01,none,0.5518
U001665,2026-01-01,insurance,0.3885
U001666,2026-01-01,music,0.718
U001667,2026-01-01,mobile,0.4478
U001668,2026-01-01,insurance,0.5055
U001669,2026-01-01,streaming,0.359
U001670,2026-01-01,gym,0.4618
U001671,2026-01-01,none,0.6602
U001672,2026-01-01,insurance,0.7546
U001673,2026-01-01,insurance,0.5335
U001674,2026-01-01,music,0.5694
U001675,2026-01-01,none,0.9878
U001676,2026-01-01,mobile,0.7853
U001677,2026-01-01,music,0.6469
U001678,2026-01-01,none,0.7309
U001679,2026-01-01,cloud,0.5722
U001680,2026-01-01,cloud,0.8546
U001681,2026-01-01,mobile,0.52
U001682,2026-01-01,none,0.8822
U001683,2026-01-01,music,0.7653
U001684,2026-01-01,streaming,0.6661
U001685,2026-01-01,insurance,0.282
U001686,2026-01-01,insurance,0.5629
U001687,2026-01-01,streaming,0.5897
U001688,2026-01-01,none,0.852
U001689,2026-01-01,cloud,0.5277
U001690,2026-01-01,none,0.7959
U001691,2026-01-01,insurance,0.6546
U001692,2026-01-01,gym,0.5806
U001693,2026-01-01,gym,0.7871
U001694,2026-01-01,software,0.5477
U001695,2026-01-01,none,0.4218
U001696,2026-01-01,software,0.4507
U001697,2026-01-01,none,0.3867
U001698,2026-01-01,none,0.986
U001699,2026-01-01,cloud,0.6368
U001700,2026-01-01,none,0.7098
U001701,2026-01-01,software,0.364
U001702,2026-01-01,software,0.5119
U001703,2026-01-01,cloud,0.6264
U001704,2026-01-01,none,0.8506
U001705,2026-01-01,cloud,0.5615
U001706,2026-01-01,cloud,0.8733
U001707,2026-01-01,insurance,0.487
U001708,2026-01-01,software,0.6156
U001709,2026-01-01,insurance,0.8542
U001710,2026-01-01,music,0.6065
U001711,2026-01-01,streaming,0.6171
U001712,2026-01-01,gym,0.6443
U001713,2026-01-01,none,0.9963
U001714,2026-01-01,none,0.9511
U001715,2026-01-01,streaming,0.4833
U001716,2026-01-01,insurance,0.6645
U001717,2026-01-01,none,0.9998
U001718,2026-01-01,none,0.8399
U001719,2026-01-01,streaming,0.4749
U001720,2026-01-01,streaming,0.4921
U001721,2026-01-01,gym,0.8917
U001722,2026-01-01,cloud,0.426
U001723,2026-01-01,none,0.3994
U001724,2026-01-01,software,0.6852
U001725,2026-01-01,streaming,0.7358
U001726,2026-01-01,cloud,0.4885
U001727,2026-01-01,streaming,0.4851
U001728,2026-01-01,mobile,0.6679
U001729,2026-01-01,none,0.9811
U001730,2026-01-01,software,0.7683
U001731,2026-01-01,streaming,0.349
U001732,2026-01-01,cloud,0.6004
U001733,2026-01-01,none,0.998
U001734,2026-01-01,mobile,0.6015
U001735,2026-01-01,gym,0.7273
U001736,2026-01-01,none,0.9985
U001737,2026-01-01,none,0.8961
U001738,2026-01-01,mobile,0.5496
U001739,2026-01-01,cloud,0.6582
U001740,2026-01-01,mobile,0.4305
U001741,2026-01-01,mobile,0.3778
U001742,2026-01-01,none,0.9985
U001743,2026-01-01,mobile,0.8904
U001744,2026-01-01,insurance,0.7149
U001745,2026-01-01,none,0.6928
U001746,2026-01-01,cloud,0.6315
U001747,2026-01-01,none,0.9925
U001748,2026-01-01,none,0.9782
U001749,2026-01-01,none,0.4872
U001750,2026-01-01,none,0.9906
U001751,2026-01-01,streaming,0.926
U001752,2026-01-01,insurance,0.7474
U001753,2026-01-01,music,0.5559
U001754,2026-01-01,cloud,0.5903
U001755,2026-01-01,none,0.9994
U001756,2026-01-01,streaming,0.5368
U001757,2026-01-01,insurance,0.8336
U001758,2026-01-01,none,0.5863
U001759,2026-01-01,cloud,0.4643
U001760,2026-01-01,music,0.8728
U001761,2026-01-01,music,0.9036
U001762,2026-01-01,music,0.7033
U001763,2026-01-01,gym,0.4238
U001764,2026-01-01,insurance,0.8934
U001765,2026-01-01,software,0.498
U001766,2026-01-01,gym,0.8103
U001767,2026-01-01,cloud,0.3768
U001768,2026-01-01,gym,0.5594
U001769,2026-01-01,mobile,0.5361
U001770,2026-01-01,insurance,0.5427
U001771,2026-01-01,none,0.9872
U001772,2026-01-01,streaming,0.4644
U001773,2026-01-01,streaming,0.3407
U001774,2026-01-01,mobile,0.555
U001775,2026-01-01,streaming,0.5844
U001776,2026-01-01,none,0.9543
U001777,2026-01-01,insurance,0.448
U001778,2026-01-01,music,0.5905
U001779,2026-01-01,streaming,0.4526
U001780,2026-01-01,insurance,0.4836
U001781,2026-01-01,gym,0.5137
U001782,2026-01-01,streaming,0.5273
U001783,2026-01-01,none,0.7436
U001784,2026-01-01,gym,0.8945
U001785,2026-01-01,none,0.995
U001786,2026-01-01,none,0.4221
U001787,2026-01-01,insurance,0.4805
U001788,2026-01-01,cloud,0.6279
U001789,2026-01-01,cloud,0.482
U001790,2026-01-01,none,0.6036
U001791,2026-01-01,none,0.7896
U001792,2026-01-01,streaming,0.474
U001793,2026-01-01,none,0.7597
U001794,2026-01-01,mobile,0.3932
U001795,2026-01-01,music,0.5044
U001796,2026-01-01,none,0.9877
U001797,2026-01-01,streaming,0.6718
U001798,2026-01-01,gym,0.2762
U001799,2026-01-01,none,0.7221
U001800,2026-01-01,cloud,0.7681
U001801,2026-01-01,gym,0.7648
U001802,2026-01-01,cloud,0.5161
U001803,2026-01-01,none,0.9143
U001804,2026-01-01,insurance,0.5035
U001805,2026-01-01,none,0.9205
U001806,2026-01-01,none,0.898
U001807,2026-01-01,none,0.9999
U001808,2026-01-01,insurance,0.8379
U001809,2026-01-01,streaming,0.7862
U001810,2026-01-01,cloud,0.6205
U001811,2026-01-01,none,0.9923
U001812,2026-01-01,none,0.9151
U001813,2026-01-01,insurance,0.5696
U001814,2026-01-01,none,0.9996
U001815,2026-01-01,none,0.9998
U001816,2026-01-01,none,0.9349
U001817,2026-01-01,cloud,0.7774
U001818,2026-01-01,music,0.6531
U001819,2026-01-01,none,0.9919
U001820,2026-01-01,mobile,0.5018
U001821,2026-01-01,cloud,0.649
U001822,2026-01-01,none,0.9123
U001823,2026-01-01,mobile,0.4992
U001824,2026-01-01,insurance,0.5282
U001825,2026-01-01,mobile,0.4862
U001826,2026-01-01,mobile,0.4663
U001827,2026-01-01,none,0.9739
U001828,2026-01-01,insurance,0.701
U001829,2026-01-01,insurance,0.5781
U001830,2026-01-01,mobile,0.7788
U001831,2026-01-01,insurance,0.4892
U001832,2026-01-01,cloud,0.6871
U001833,2026-01-01,streaming,0.4714
U001834,2026-01-01,none,0.2916
U001835,2026-01-01,music,0.5574
U001836,2026-01-01,mobile,0.6464
U001837,2026-01-01,music,0.5787
U001838,2026-01-01,cloud,0.8429
U001839,2026-01-01,cloud,0.4226
U001840,2026-01-01,cloud,0.6579
U001841,2026-01-01,none,0.9942
U001842,2026-01-01,none,0.9879
U001843,2026-01-01,insurance,0.5659
U001844,2026-01-01,none,0.3318
U001845,2026-01-01,none,0.9936
U001846,2026-01-01,streaming,0.4242
U001847,2026-01-01,cloud,0.5929
U001848,2026-01-01,none,0.9997
U001849,2026-01-01,streaming,0.5238
U001850,2026-01-01,none,0.6536
U001851,2026-01-01,gym,0.6702
U001852,2026-01-01,gym,0.5342
U001853,2026-01-01,none,0.9168
U001854,2026-01-01,music,0.8969
U001855,2026-01-01,software,0.8663
U001856,2026-01-01,software,0.3865
U001857,2026-01-01,streaming,0.4851
U001858,2026-01-01,none,0.4156
U001859,2026-01-01,insurance,0.5782
U001860,2026-01-01,cloud,0.5707
U001861,2026-01-01,gym,0.817
U001862,2026-01-01,music,0.4782
U001863,2026-01-01,none,0.9993
U001864,2026-01-01,gym,0.4941
U001865,2026-01-01,music,0.7752
U001866,2026-01-01,gym,0.5082
U001867,2026-01-01,insurance,0.8271
U001868,2026-01-01,none,0.9759
U001869,2026-01-01,gym,0.4314
U001870,2026-01-01,software,0.6281
U001871,2026-01-01,gym,0.4102
U001872,2026-01-01,insurance,0.5128
U001873,2026-01-01,none,0.4772
U001874,2026-01-01,cloud,0.5596
U001875,2026-01-01,none,0.4362
U001876,2026-01-01,cloud,0.8618
U001877,2026-01-01,music,0.849
U001878,2026-01-01,gym,0.8682
U001879,2026-01-01,music,0.8317
U001880,2026-01-01,cloud,0.7759
U001881,2026-01-01,none,0.9881
U001882,2026-01-01,gym,0.4118
U001883,2026-01-01,none,0.8515
U001884,2026-01-01,streaming,0.9402
U001885,2026-01-01,none,1.0
U001886,2026-01-01,mobile,0.3713
U001887,2026-01-01,music,0.5089
U001888,2026-01-01,streaming,0.9086
U001889,2026-01-01,software,0.5781
U001890,2026-01-01,streaming,0.4289
U001891,2026-01-01,music,0.5513
U001892,2026-01-01,gym,0.5015
U001893,2026-01-01,insurance,0.6881
U001894,2026-01-01,none,0.9735
U001895,2026-01-01,music,0.9082
U001896,2026-01-01,mobile,0.5204
U001897,2026-01-01,streaming,0.453
U001898,2026-01-01,gym,0.7637
U001899,2026-01-01,insurance,0.4142
U001900,2026-01-01,gym,0.8492
U001901,2026-01-01,gym,0.4461
U001902,2026-01-01,none,0.9768
U001903,2026-01-01,software,0.8729
U001904,2026-01-01,insurance,0.8143
U001905,2026-01-01,none,0.9714
U001906,2026-01-01,streaming,0.6106
U001907,2026-01-01,insurance,0.9076
U001908,2026-01-01,gym,0.8377
U001909,2026-01-01,none,0.9845
U001910,2026-01-01,software,0.7692
U001911,2026-01-01,insurance,0.4061
U001912,2026-01-01,none,0.9928
U001913,2026-01-01,mobile,0.3176
U001914,2026-01-01,streaming,0.861
U001915,2026-01-01,streaming,0.6846
U001916,2026-01-01,insurance,0.7985
U001917,2026-01-01,gym,0.8652
U001918,2026-01-01,none,0.9515
U001919,2026-01-01,music,0.5399
U001920,2026-01-01,mobile,0.6375
U001921,2026-01-01,streaming,0.4381
U001922,2026-01-01,streaming,0.8798
U001923,2026-01-01,none,0.8435
U001924,2026-01-01,gym,0.8527
U001925,2026-01-01,none,0.9949
U001926,2026-01-01,none,0.9889
U001927,2026-01-01,software,0.8396
U001928,2026-01-01,none,0.9963
U001929,2026-01-01,music,0.6092
U001930,2026-01-01,gym,0.5357
U001931,2026-01-01,mobile,0.5533
U001932,2026-01-01,mobile,0.9004
U001933,2026-01-01,insurance,0.7175
U001934,2026-01-01,none,0.7065
U001935,2026-01-01,insurance,0.8065
U001936,2026-01-01,gym,0.5199
U001937,2026-01-01,none,0.9743
U001938,2026-01-01,cloud,0.5594
U001939,2026-01-01,streaming,0.6473
U001940,2026-01-01,none,0.9354
U001941,2026-01-01,mobile,0.5677
U001942,2026-01-01,none,0.9294
U001943,2026-01-01,none,0.9871
U001944,2026-01-01,music,0.4462
U001945,2026-01-01,none,0.9937
U001946,2026-01-01,software,0.3049
U001947,2026-01-01,gym,0.443
U001948,2026-01-01,software,0.5707
U001949,2026-01-01,music,0.481
U001950,2026-01-01,streaming,0.5042
U001951,2026-01-01,cloud,0.7631
U001952,2026-01-01,none,0.808
U001953,2026-01-01,gym,0.4634
U001954,2026-01-01,mobile,0.351
U001955,2026-01-01,music,0.6888
U001956,2026-01-01,none,0.4457
U001957,2026-01-01,mobile,0.8686
U001958,2026-01-01,mobile,0.6817
U001959,2026-01-01,insurance,0.4927
U001960,2026-01-01,software,0.6891
U001961,2026-01-01,none,0.9967
U001962,2026-01-01,software,0.5734
U001963,2026-01-01,insurance,0.3898
U001964,2026-01-01,gym,0.5377
U001965,2026-01-01,insurance,0.4556
U001966,2026-01-01,insurance,0.573
U001967,2026-01-01,none,0.5396
U001968,2026-01-01,music,0.4417
U001969,2026-01-01,none,0.9916
U001970,2026-01-01,software,0.4913
U001971,2026-01-01,insurance,0.65
U001972,2026-01-01,insurance,0.6494
U001973,2026-01-01,music,0.8265
U001974,2026-01-01,none,0.9297
U001975,2026-01-01,insurance,0.8385
U001976,2026-01-01,gym,0.7337
U001977,2026-01-01,none,0.6944
U001978,2026-01-01,gym,0.4977
U001979,2026-01-01,streaming,0.4949
U001980,2026-01-01,none,0.892
U001981,2026-01-01,streaming,0.4917
U001982,2026-01-01,mobile,0.5546
U001983,2026-01-01,none,0.8004
U001984,2026-01-01,insurance,0.7253
U001985,2026-01-01,none,0.8419
U001986,2026-01-01,streaming,0.8879
U001987,2026-01-01,mobile,0.5397
U001988,2026-01-01,insurance,0.7144
U001989,2026-01-01,none,0.5656
U001990,2026-01-01,insurance,0.5729
U001991,2026-01-01,none,0.9669
U001992,2026-01-01,software,0.6649
U001993,2026-01-01,insurance,0.631
U001994,2026-01-01,insurance,0.7179
U001995,2026-01-01,streaming,0.5729
U001996,2026-01-01,none,0.6516
U001997,2026-01-01,none,0.458
U001998,2026-01-01,none,0.9961
U001999,2026-01-01,insurance,0.7832
U002000,2026-01-01,insurance,0.5783
U002001,2026-01-01,music,0.5474
U002002,2026-01-01,software,0.7307
U002003,2026-01-01,streaming,0.4513
U002004,2026-01-01,gym,0.829
U002005,2026-01-01,streaming,0.4261
U002006,2026-01-01,insurance,0.655
U002007,2026-01-01,mobile,0.866
U002008,2026-01-01,none,0.9984
U002009,2026-01-01,music,0.6504
U002010,2026-01-01,insurance,0.4343
U002011,2026-01-01,gym,0.435
U002012,2026-01-01,cloud,0.6826
U002013,2026-01-01,none,0.8342
U002014,2026-01-01,streaming,0.6545
U002015,2026-01-01,gym,0.5035
U002016,2026-01-01,software,0.7863
U002017,2026-01-01,streaming,0.5852
U002018,2026-01-01,cloud,0.538
U002019,2026-01-01,cloud,0.3654
U002020,2026-01-01,none,0.9224
U002021,2026-01-01,insurance,0.6163
U002022,2026-01-01,none,0.9828
U002023,2026-01-01,music,0.8268
U002024,2026-01-01,mobile,0.5417
U002025,2026-01-01,gym,0.8609
U002026,2026-01-01,none,0.9941
U002027,2026-01-01,software,0.3478
U002028,2026-01-01,gym,0.4523
U002029,2026-01-01,insurance,0.7683
U002030,2026-01-01,mobile,0.6119
U002031,2026-01-01,none,0.5281
U002032,2026-01-01,software,0.888
U002033,2026-01-01,software,0.4237
U002034,2026-01-01,insurance,0.5229
U002035,2026-01-01,none,0.9994
U002036,2026-01-01,mobile,0.5975
U002037,2026-01-01,none,0.9991
U002038,2026-01-01,none,0.8519
U002039,2026-01-01,streaming,0.4175
U002040,2026-01-01,gym,0.8588
U002041,2026-01-01,gym,0.4913
U002042,2026-01-01,software,0.4521
U002043,2026-01-01,none,0.9519
U002044,2026-01-01,gym,0.6132
U002045,2026-01-01,none,0.907
U002046,2026-01-01,music,0.7108
U002047,2026-01-01,none,0.6454
U002048,2026-01-01,cloud,0.9034
U002049,2026-01-01,cloud,0.4935
U002050,2026-01-01,none,0.9245
U002051,2026-01-01,cloud,0.8337
U002052,2026-01-01,music,0.5342
U002053,2026-01-01,none,0.7664
U002054,2026-01-01,software,0.3755
U002055,2026-01-01,software,0.5529
U002056,2026-01-01,none,0.9996
U002057,2026-01-01,gym,0.4502
U002058,2026-01-01,none,0.9612
U002059,2026-01-01,music,0.4833
U002060,2026-01-01,mobile,0.7302
U002061,2026-01-01,none,0.961
U002062,2026-01-01,music,0.6239
U002063,2026-01-01,none,0.9989
U002064,2026-01-01,none,0.9991
U002065,2026-01-01,insurance,0.3719
U002066,2026-01-01,gym,0.4871
U002067,2026-01-01,none,0.8519
U002068,2026-01-01,none,0.467
U002069,2026-01-01,streaming,0.9213
U002070,2026-01-01,software,0.5035
U002071,2026-01-01,gym,0.6022
U002072,2026-01-01,insurance,0.6068
U002073,2026-01-01,none,0.9972
U002074,2026-01-01,none,0.5214
U002075,2026-01-01,mobile,0.5828
U002076,2026-01-01,music,0.498
U002077,2026-01-01,mobile,0.5883
U002078,2026-01-01,music,0.6508
U002079,2026-01-01,music,0.664
U002080,2026-01-01,cloud,0.4955
U002081,2026-01-01,none,0.9966
U002082,2026-01-01,none,0.4679
U002083,2026-01-01,none,0.9983
U002084,2026-01-01,gym,0.2981
U002085,2026-01-01,software,0.719
U002086,2026-01-01,mobile,0.7989
U002087,2026-01-01,gym,0.4766
U002088,2026-01-01,music,0.8523
U002089,2026-01-01,mobile,0.4164
U002090,2026-01-01,software,0.4156
U002091,2026-01-01,cloud,0.4665
U002092,2026-01-01,streaming,0.4898
U002093,2026-01-01,insurance,0.6245
U002094,2026-01-01,none,0.9992
U002095,2026-01-01,mobile,0.6139
U002096,2026-01-01,none,0.893
U002097,2026-01-01,none,0.9948
U002098,2026-01-01,insurance,0.874
U002099,2026-01-01,software,0.4453
U002100,2026-01-01,none,0.4581
U002101,2026-01-01,gym,0.8012
U002102,2026-01-01,streaming,0.464
U002103,2026-01-01,mobile,0.8689
U002104,2026-01-01,none,0.9998
U002105,2026-01-01,none,0.9957
U002106,2026-01-01,music,0.3067
U002107,2026-01-01,streaming,0.4934
U002108,2026-01-01,mobile,0.5151
U002109,2026-01-01,gym,0.8258
U002110,2026-01-01,streaming,0.4279
U002111,2026-01-01,insurance,0.4587
U002112,2026-01-01,cloud,0.6266
U002113,2026-01-01,none,0.9238
U002114,2026-01-01,cloud,0.5747
U002115,2026-01-01,none,0.9988
U002116,2026-01-01,cloud,0.4748
U002117,2026-01-01,gym,0.7841
U002118,2026-01-01,gym,0.4172
U002119,2026-01-01,cloud,0.447
U002120,2026-01-01,none,0.9427
U002121,2026-01-01,streaming,0.8428
U002122,2026-01-01,none,0.9916
U002123,2026-01-01,streaming,0.876
U002124,2026-01-01,cloud,0.5816
U002125,2026-01-01,mobile,0.7255
U002126,2026-01-01,mobile,0.3838
U002127,2026-01-01,insurance,0.7578
U002128,2026-01-01,cloud,0.5419
U002129,2026-01-01,none,0.9928
U002130,2026-01-01,cloud,0.7418
U002131,2026-01-01,insurance,0.833
U002132,2026-01-01,none,0.4453
U002133,2026-01-01,software,0.3138
U002134,2026-01-01,none,1.0
U002135,2026-01-01,none,0.4118
U002136,2026-01-01,gym,0.3974
U002137,2026-01-01,none,0.9311
U002138,2026-01-01,music,0.6205
U002139,2026-01-01,none,0.9997
U002140,2026-01-01,gym,0.8651
U002141,2026-01-01,streaming,0.6058
U002142,2026-01-01,cloud,0.3412
U002143,2026-01-01,cloud,0.4997
U002144,2026-01-01,music,0.7905
U002145,2026-01-01,cloud,0.782
U002146,2026-01-01,software,0.3904
U002147,2026-01-01,insurance,0.4663
U002148,2026-01-01,none,0.9164
U002149,2026-01-01,none,0.8539
U002150,2026-01-01,gym,0.5227
U002151,2026-01-01,none,0.9483
U002152,2026-01-01,software,0.2889
U002153,2026-01-01,cloud,0.5512
U002154,2026-01-01,software,0.3406
U002155,2026-01-01,music,0.7413
U002156,2026-01-01,none,0.9826
U002157,2026-01-01,none,0.9396
U002158,2026-01-01,none,0.9943
U002159,2026-01-01,music,0.6423
U002160,2026-01-01,cloud,0.5264
U002161,2026-01-01,cloud,0.4176
U002162,2026-01-01,mobile,0.6098
U002163,2026-01-01,none,0.5355
U002164,2026-01-01,insurance,0.5863
U002165,2026-01-01,music,0.4635
U002166,2026-01-01,cloud,0.563
U002167,2026-01-01,insurance,0.4381
U002168,2026-01-01,mobile,0.7367
U002169,2026-01-01,software,0.6518
U002170,2026-01-01,none,0.9955
U002171,2026-01-01,streaming,0.415
U002172,2026-01-01,insurance,0.4222
U002173,2026-01-01,none,0.9447
U002174,2026-01-01,software,0.3424
U002175,2026-01-01,software,0.4671
U002176,2026-01-01,none,0.9914
U002177,2026-01-01,mobile,0.5244
U002178,2026-01-01,streaming,0.4595
U002179,2026-01-01,none,0.9242
U002180,2026-01-01,streaming,0.4198
U002181,2026-01-01,cloud,0.5035
U002182,2026-01-01,mobile,0.9008
U002183,2026-01-01,software,0.2678
U002184,2026-01-01,gym,0.4207
U002185,2026-01-01,streaming,0.4061
U002186,2026-01-01,insurance,0.837
U002187,2026-01-01,none,0.8249
U002188,2026-01-01,software,0.8888
U002189,2026-01-01,none,0.4657
U002190,2026-01-01,insurance,0.544
U002191,2026-01-01,music,0.8074
U002192,2026-01-01,streaming,0.8575
U002193,2026-01-01,none,0.9987
U002194,2026-01-01,cloud,0.3048
U002195,2026-01-01,gym,0.8098
U002196,2026-01-01,streaming,0.5892
U002197,2026-01-01,mobile,0.6914
U002198,2026-01-01,software,0.8981
U002199,2026-01-01,streaming,0.5939
U002200,2026-01-01,streaming,0.9056
U002201,2026-01-01,mobile,0.5024
U002202,2026-01-01,gym,0.5376
U002203,2026-01-01,none,0.9934
U002204,2026-01-01,music,0.4735
U002205,2026-01-01,music,0.4338
U002206,2026-01-01,gym,0.6829
U002207,2026-01-01,cloud,0.4997
U002208,2026-01-01,software,0.8777
U002209,2026-01-01,insurance,0.8532
U002210,2026-01-01,mobile,0.5602
U002211,2026-01-01,software,0.4144
U002212,2026-01-01,none,0.8903
U002213,2026-01-01,none,0.9839
U002214,2026-01-01,none,0.9999
U002215,2026-01-01,none,0.4861
U002216,2026-01-01,none,0.8889
U002217,2026-01-01,none,0.9901
U002218,2026-01-01,software,0.4168
U002219,2026-01-01,none,0.9992
U002220,2026-01-01,none,0.5652
U002221,2026-01-01,none,0.65
U002222,2026-01-01,streaming,0.3609
U002223,2026-01-01,none,0.9957
U002224,2026-01-01,none,0.9888
U002225,2026-01-01,none,0.9991
U002226,2026-01-01,none,0.8712
U002227,2026-01-01,mobile,0.8776
U002228,2026-01-01,none,0.9682
U002229,2026-01-01,none,0.693
U002230,2026-01-01,insurance,0.5096
U002231,2026-01-01,insurance,0.8025
U002232,2026-01-01,gym,0.8186
U002233,2026-01-01,mobile,0.4913
U002234,2026-01-01,gym,0.5189
U002235,2026-01-01,software,0.7127
U002236,2026-01-01,streaming,0.4749
U002237,2026-01-01,gym,0.4362
U002238,2026-01-01,insurance,0.626
U002239,2026-01-01,streaming,0.5563
U002240,2026-01-01,cloud,0.8603
U002241,2026-01-01,music,0.5492
U002242,2026-01-01,none,0.9823
U002243,2026-01-01,software,0.5406
U002244,2026-01-01,music,0.471
U002245,2026-01-01,software,0.4775
U002246,2026-01-01,software,0.3692
U002247,2026-01-01,mobile,0.4551
U002248,2026-01-01,none,0.9998
U002249,2026-01-01,mobile,0.8172
U002250,2026-01-01,software,0.4523
U002251,2026-01-01,software,0.3517
U002252,2026-01-01,music,0.6591
U002253,2026-01-01,streaming,0.5379
U002254,2026-01-01,none,0.8001
U002255,2026-01-01,none,0.9999
U002256,2026-01-01,cloud,0.5811
U002257,2026-01-01,mobile,0.8918
U002258,2026-01-01,none,0.9608
U002259,2026-01-01,streaming,0.7308
U002260,2026-01-01,insurance,0.3989
U002261,2026-01-01,software,0.5694
U002262,2026-01-01,none,0.9982
U002263,2026-01-01,insurance,0.4849
U002264,2026-01-01,music,0.6309
U002265,2026-01-01,none,1.0
U002266,2026-01-01,none,0.9077
U002267,2026-01-01,insurance,0.4594
U002268,2026-01-01,none,0.9487
U002269,2026-01-01,none,0.8983
U002270,2026-01-01,mobile,0.5271
U002271,2026-01-01,mobile,0.3726
U002272,2026-01-01,insurance,0.8101
U002273,2026-01-01,none,0.3816
U002274,2026-01-01,insurance,0.6023
U002275,2026-01-01,none,0.9914
U002276,2026-01-01,none,0.3638
U002277,2026-01-01,music,0.8827
U002278,2026-01-01,software,0.4893
U002279,2026-01-01,streaming,0.4715
U002280,2026-01-01,gym,0.8415
U002281,2026-01-01,none,0.9889
U002282,2026-01-01,none,0.625
U002283,2026-01-01,music,0.4347
U002284,2026-01-01,gym,0.7963
U002285,2026-01-01,cloud,0.4315
U002286,2026-01-01,cloud,0.3914
U002287,2026-01-01,none,0.9797
U002288,2026-01-01,software,0.3323
U002289,2026-01-01,gym,0.3181
U002290,2026-01-01,software,0.5153
U002291,2026-01-01,music,0.5146
U002292,2026-01-01,none,0.9355
U002293,2026-01-01,cloud,0.4835
U002294,2026-01-01,insurance,0.5879
U002295,2026-01-01,none,0.9141
U002296,2026-01-01,insurance,0.4426
U002297,2026-01-01,cloud,0.6781
U002298,2026-01-01,mobile,0.8949
U002299,2026-01-01,cloud,0.4758
U002300,2026-01-01,gym,0.5275
U002301,2026-01-01,gym,0.6255
U002302,2026-01-01,insurance,0.6158
U002303,2026-01-01,none,0.6098
U002304,2026-01-01,insurance,0.8605
U002305,2026-01-01,software,0.661
U002306,2026-01-01,gym,0.5832
U002307,2026-01-01,streaming,0.8738
U002308,2026-01-01,mobile,0.326
U002309,2026-01-01,none,0.9475
U002310,2026-01-01,none,0.9988
U002311,2026-01-01,gym,0.5339
U002312,2026-01-01,none,0.9901
U002313,2026-01-01,software,0.4846
U002314,2026-01-01,gym,0.8559
U002315,2026-01-01,software,0.4698
U002316,2026-01-01,gym,0.569
U002317,2026-01-01,streaming,0.9168
U002318,2026-01-01,streaming,0.4759
U002319,2026-01-01,streaming,0.4857
U002320,2026-01-01,gym,0.3093
U002321,2026-01-01,gym,0.5907
U002322,2026-01-01,cloud,0.5858
U002323,2026-01-01,gym,0.4356
U002324,2026-01-01,streaming,0.5234
U002325,2026-01-01,none,0.9396
U002326,2026-01-01,music,0.6974
U002327,2026-01-01,gym,0.605
U002328,2026-01-01,gym,0.7961
U002329,2026-01-01,insurance,0.8976
U002330,2026-01-01,gym,0.8316
U002331,2026-01-01,mobile,0.6182
U002332,2026-01-01,none,0.7005
U002333,2026-01-01,none,0.9622
U002334,2026-01-01,music,0.609
U002335,2026-01-01,insurance,0.4452
U002336,2026-01-01,none,0.8275
U002337,2026-01-01,mobile,0.6991
U002338,2026-01-01,insurance,0.7509
U002339,2026-01-01,music,0.7744
U002340,2026-01-01,software,0.4306
U002341,2026-01-01,cloud,0.8889
U002342,2026-01-01,software,0.5248
U002343,2026-01-01,streaming,0.7441
U002344,2026-01-01,streaming,0.5307
U002345,2026-01-01,none,0.9898
U002346,2026-01-01,mobile,0.8768
U002347,2026-01-01,cloud,0.4658
U002348,2026-01-01,none,0.5298
U002349,2026-01-01,software,0.6757
U002350,2026-01-01,none,0.9936
U002351,2026-01-01,streaming,0.5467
U002352,2026-01-01,insurance,0.5121
U002353,2026-01-01,cloud,0.4064
U002354,2026-01-01,none,0.6539
U002355,2026-01-01,none,0.8647
U002356,2026-01-01,software,0.5327
U002357,2026-01-01,software,0.5218
U002358,2026-01-01,none,0.9986
U002359,2026-01-01,cloud,0.8131
U002360,2026-01-01,software,0.8742
U002361,2026-01-01,none,0.5675
U002362,2026-01-01,software,0.3188
U002363,2026-01-01,mobile,0.8761
U002364,2026-01-01,software,0.4405
U002365,2026-01-01,cloud,0.5658
U002366,2026-01-01,cloud,0.3628
U002367,2026-01-01,streaming,0.5607
U002368,2026-01-01,none,0.9386
U002369,2026-01-01,none,0.9989
U002370,2026-01-01,none,0.9894
U002371,2026-01-01,music,0.8009
U002372,2026-01-01,gym,0.7746
U002373,2026-01-01,cloud,0.6465
U002374,2026-01-01,music,0.6698
U002375,2026-01-01,music,0.5874
U002376,2026-01-01,cloud,0.4762
U002377,2026-01-01,software,0.4667
U002378,2026-01-01,none,0.992
U002379,2026-01-01,none,0.633
U002380,2026-01-01,none,0.9992
U002381,2026-01-01,none,0.7306
U002382,2026-01-01,streaming,0.6262
U002383,2026-01-01,insurance,0.7615
U002384,2026-01-01,gym,0.4588
U002385,2026-01-01,mobile,0.909
U002386,2026-01-01,none,0.997
U002387,2026-01-01,software,0.5252
U002388,2026-01-01,cloud,0.4809
U002389,2026-01-01,insurance,0.8925
U002390,2026-01-01,insurance,0.4429
U002391,2026-01-01,music,0.6968
U002392,2026-01-01,streaming,0.4114
U002393,2026-01-01,none,0.9943
U002394,2026-01-01,music,0.651
U002395,2026-01-01,music,0.5819
U002396,2026-01-01,none,0.3926
U002397,2026-01-01,gym,0.5063
U002398,2026-01-01,none,0.9639
U002399,2026-01-01,gym,0.4278
U002400,2026-01-01,music,0.5614
U002401,2026-01-01,software,0.4279
U002402,2026-01-01,streaming,0.5357
U002403,2026-01-01,mobile,0.69
U002404,2026-01-01,none,0.8601
U002405,2026-01-01,insurance,0.8102
U002406,2026-01-01,streaming,0.475
U002407,2026-01-01,none,0.9852
U002408,2026-01-01,insurance,0.4554
U002409,2026-01-01,gym,0.5254
U002410,2026-01-01,cloud,0.5222
U002411,2026-01-01,none,0.4193
U002412,2026-01-01,music,0.5894
U002413,2026-01-01,software,0.9092
U002414,2026-01-01,software,0.4304
U002415,2026-01-01,streaming,0.9101
U002416,2026-01-01,none,0.993
U002417,2026-01-01,cloud,0.5286
U002418,2026-01-01,insurance,0.7187
U002419,2026-01-01,gym,0.6601
U002420,2026-01-01,streaming,0.6762
U002421,2026-01-01,none,0.9507
U002422,2026-01-01,none,0.8943
U002423,2026-01-01,none,0.9983
U002424,2026-01-01,none,0.9579
U002425,2026-01-01,gym,0.7434
U002426,2026-01-01,none,0.7562
U002427,2026-01-01,none,0.9989
U002428,2026-01-01,insurance,0.5746
U002429,2026-01-01,none,0.8631
U002430,2026-01-01,none,0.9614
U002431,2026-01-01,none,0.5021
U002432,2026-01-01,mobile,0.523
U002433,2026-01-01,gym,0.853
U002434,2026-01-01,insurance,0.6971
U002435,2026-01-01,streaming,0.916
U002436,2026-01-01,mobile,0.4147
U002437,2026-01-01,cloud,0.3712
U002438,2026-01-01,mobile,0.6122
U002439,2026-01-01,cloud,0.7332
U002440,2026-01-01,none,0.9993
U002441,2026-01-01,gym,0.4048
U002442,2026-01-01,streaming,0.7345
U002443,2026-01-01,insurance,0.435
U002444,2026-01-01,none,0.8217
U002445,2026-01-01,mobile,0.5267
U002446,2026-01-01,none,0.9946
U002447,2026-01-01,none,0.986
U002448,2026-01-01,software,0.8393
U002449,2026-01-01,cloud,0.6617
U002450,2026-01-01,cloud,0.5761
U002451,2026-01-01,streaming,0.5916
U002452,2026-01-01,none,0.9798
U002453,2026-01-01,none,1.0
U002454,2026-01-01,gym,0.5294
U002455,2026-01-01,gym,0.4217
U002456,2026-01-01,none,0.9994
U002457,2026-01-01,music,0.7436
U002458,2026-01-01,streaming,0.3238
U002459,2026-01-01,gym,0.7654
U002460,2026-01-01,gym,0.4979
U002461,2026-01-01,streaming,0.3648
U002462,2026-01-01,music,0.4815
U002463,2026-01-01,streaming,0.9243
U002464,2026-01-01,none,0.854
U002465,2026-01-01,none,0.9478
U002466,2026-01-01,none,0.9681
U002467,2026-01-01,none,0.9071
U002468,2026-01-01,gym,0.4953
U002469,2026-01-01,music,0.8373
U002470,2026-01-01,none,0.932
U002471,2026-01-01,software,0.6936
U002472,2026-01-01,none,0.6316
U002473,2026-01-01,streaming,0.3374
U002474,2026-01-01,streaming,0.8433
U002475,2026-01-01,music,0.8088
U002476,2026-01-01,cloud,0.5384
U002477,2026-01-01,none,0.6558
U002478,2026-01-01,cloud,0.8756
U002479,2026-01-01,insurance,0.4622
U002480,2026-01-01,gym,0.4641
U002481,2026-01-01,cloud,0.4956
U002482,2026-01-01,none,0.9965
U002483,2026-01-01,music,0.6326
U002484,2026-01-01,insurance,0.4732
U002485,2026-01-01,music,0.8124
U002486,2026-01-01,music,0.7346
U002487,2026-01-01,software,0.7294
U002488,2026-01-01,streaming,0.4987
U002489,2026-01-01,none,0.8925
U002490,2026-01-01,cloud,0.3641
U002491,2026-01-01,none,0.9982
U002492,2026-01-01,streaming,0.9295
U002493,2026-01-01,streaming,0.8819
U002494,2026-01-01,insurance,0.4981
U002495,2026-01-01,none,0.9999
U002496,2026-01-01,music,0.8112
U002497,2026-01-01,cloud,0.8502
U002498,2026-01-01,mobile,0.4642
U002499,2026-01-01,cloud,0.4451
U002500,2026-01-01,gym,0.5543
U002501,2026-01-01,software,0.3311
U002502,2026-01-01,music,0.543
U002503,2026-01-01,none,0.9396
U002504,2026-01-01,streaming,0.523
U002505,2026-01-01,none,0.9998
U002506,2026-01-01,cloud,0.3186
U002507,2026-01-01,mobile,0.5997
U002508,2026-01-01,none,0.9183
U002509,2026-01-01,mobile,0.5909
U002510,2026-01-01,cloud,0.6063
U002511,2026-01-01,insurance,0.3723
U002512,2026-01-01,software,0.8525
U002513,2026-01-01,mobile,0.4986
U002514,2026-01-01,gym,0.6735
U002515,2026-01-01,gym,0.8531
U002516,2026-01-01,software,0.8729
U002517,2026-01-01,mobile,0.8644
U002518,2026-01-01,music,0.7456
U002519,2026-01-01,none,0.7306
U002520,2026-01-01,none,0.5573
U002521,2026-01-01,streaming,0.4122
U002522,2026-01-01,cloud,0.521
U002523,2026-01-01,mobile,0.4415
U002524,2026-01-01,none,0.8084
U002525,2026-01-01,none,0.5114
U002526,2026-01-01,insurance,0.3033
U002527,2026-01-01,cloud,0.4351
U002528,2026-01-01,gym,0.5806
U002529,2026-01-01,mobile,0.6083
U002530,2026-01-01,none,0.9833
U002531,2026-01-01,none,0.9862
U002532,2026-01-01,none,0.3532
U002533,2026-01-01,insurance,0.7639
U002534,2026-01-01,mobile,0.9015
U002535,2026-01-01,none,0.5704
U002536,2026-01-01,cloud,0.4055
U002537,2026-01-01,software,0.6866
U002538,2026-01-01,cloud,0.5971
U002539,2026-01-01,none,0.8349
U002540,2026-01-01,streaming,0.597
U002541,2026-01-01,insurance,0.6529
U002542,2026-01-01,cloud,0.427
U002543,2026-01-01,music,0.4589
U002544,2026-01-01,mobile,0.644
U002545,2026-01-01,none,0.9975
U002546,2026-01-01,gym,0.5516
U002547,2026-01-01,none,0.9985
U002548,2026-01-01,software,0.4765
U002549,2026-01-01,cloud,0.6248
U002550,2026-01-01,none,0.928
U002551,2026-01-01,streaming,0.9195
U002552,2026-01-01,cloud,0.5551
U002553,2026-01-01,cloud,0.5491
U002554,2026-01-01,software,0.4631
U002555,2026-01-01,none,0.9761
U002556,2026-01-01,gym,0.7288
U002557,2026-01-01,none,0.8068
U002558,2026-01-01,none,0.9693
U002559,2026-01-01,mobile,0.6003
U002560,2026-01-01,cloud,0.8994
U002561,2026-01-01,none,0.7249
U002562,2026-01-01,software,0.4887
U002563,2026-01-01,music,0.5659
U002564,2026-01-01,none,0.7316
U002565,2026-01-01,cloud,0.5146
U002566,2026-01-01,cloud,0.8936
U002567,2026-01-01,gym,0.6239
U002568,2026-01-01,mobile,0.337
U002569,2026-01-01,none,0.4544
U002570,2026-01-01,none,0.7976
U002571,2026-01-01,cloud,0.598
U002572,2026-01-01,none,0.3657
U002573,2026-01-01,none,0.941
U002574,2026-01-01,none,0.9993
U002575,2026-01-01,none,0.9186
U002576,2026-01-01,none,0.809
U002577,2026-01-01,mobile,0.7376
U002578,2026-01-01,software,0.3643
U002579,2026-01-01,music,0.5341
U002580,2026-01-01,none,0.9914
U002581,2026-01-01,cloud,0.828
U002582,2026-01-01,gym,0.8041
U002583,2026-01-01,cloud,0.3969
U002584,2026-01-01,cloud,0.5849
U002585,2026-01-01,none,0.344
U002586,2026-01-01,gym,0.8637
U002587,2026-01-01,none,0.488
U002588,2026-01-01,cloud,0.548
U002589,2026-01-01,streaming,0.6041
U002590,2026-01-01,mobile,0.9075
U002591,2026-01-01,gym,0.8727
U002592,2026-01-01,streaming,0.3632
U002593,2026-01-01,none,0.847
U002594,2026-01-01,music,0.4952
U002595,2026-01-01,none,0.8977
U002596,2026-01-01,gym,0.5405
U002597,2026-01-01,none,0.5212
U002598,2026-01-01,insurance,0.5237
U002599,2026-01-01,software,0.7178
U002600,2026-01-01,none,0.9563
U002601,2026-01-01,none,0.9469
U002602,2026-01-01,software,0.3439
U002603,2026-01-01,gym,0.4284
U002604,2026-01-01,none,0.974
U002605,2026-01-01,none,0.4338
U002606,2026-01-01,gym,0.9051
U002607,2026-01-01,none,0.959
U002608,2026-01-01,none,0.9672
U002609,2026-01-01,streaming,0.4612
U002610,2026-01-01,music,0.5919
U002611,2026-01-01,mobile,0.723
U002612,2026-01-01,cloud,0.5791
U002613,2026-01-01,music,0.8787
U002614,2026-01-01,none,0.9617
U002615,2026-01-01,cloud,0.4176
U002616,2026-01-01,none,0.9993
U002617,2026-01-01,gym,0.4699
U002618,2026-01-01,none,0.3602
U002619,2026-01-01,gym,0.5086
U002620,2026-01-01,none,0.9618
U002621,2026-01-01,none,0.8133
U002622,2026-01-01,none,0.7514
U002623,2026-01-01,software,0.5438
U002624,2026-01-01,gym,0.6491
U002625,2026-01-01,mobile,0.6356
U002626,2026-01-01,insurance,0.7004
U002627,2026-01-01,streaming,0.5506
U002628,2026-01-01,software,0.8433
U002629,2026-01-01,music,0.5247
U002630,2026-01-01,streaming,0.3748
U002631,2026-01-01,cloud,0.4124
U002632,2026-01-01,music,0.7832
U002633,2026-01-01,gym,0.3691
U002634,2026-01-01,mobile,0.873
U002635,2026-01-01,none,0.8333
U002636,2026-01-01,software,0.5473
U002637,2026-01-01,none,0.9997
U002638,2026-01-01,none,0.9995
U002639,2026-01-01,mobile,0.6027
U002640,2026-01-01,insurance,0.3774
U002641,2026-01-01,software,0.4602
U002642,2026-01-01,none,0.7505
U002643,2026-01-01,music,0.4776
U002644,2026-01-01,none,0.9925
U002645,2026-01-01,gym,0.8417
U002646,2026-01-01,none,0.9006
U002647,2026-01-01,streaming,0.8437
U002648,2026-01-01,none,1.0
U002649,2026-01-01,mobile,0.5405
U002650,2026-01-01,none,0.9997
U002651,2026-01-01,none,0.8724
U002652,2026-01-01,none,0.999
U002653,2026-01-01,cloud,0.7705
U002654,2026-01-01,insurance,0.8353
U002655,2026-01-01,cloud,0.4417
U002656,2026-01-01,none,0.9653
U002657,2026-01-01,music,0.544
U002658,2026-01-01,gym,0.5502
U002659,2026-01-01,none,0.9578
U002660,2026-01-01,mobile,0.5683
U002661,2026-01-01,streaming,0.5733
U002662,2026-01-01,cloud,0.3379
U002663,2026-01-01,none,0.8487
U002664,2026-01-01,none,0.9102
U002665,2026-01-01,none,0.763
U002666,2026-01-01,music,0.6496
U002667,2026-01-01,insurance,0.5323
U002668,2026-01-01,cloud,0.6622
U002669,2026-01-01,none,0.9991
U002670,2026-01-01,gym,0.6474
U002671,2026-01-01,gym,0.7877
U002672,2026-01-01,insurance,0.3056
U002673,2026-01-01,none,0.6941
U002674,2026-01-01,cloud,0.7612
U002675,2026-01-01,gym,0.6042
U002676,2026-01-01,none,0.7804
U002677,2026-01-01,software,0.8835
U002678,2026-01-01,none,0.8001
U002679,2026-01-01,gym,0.5258
U002680,2026-01-01,insurance,0.7223
U002681,2026-01-01,insurance,0.6047
U002682,2026-01-01,music,0.4277
U002683,2026-01-01,software,0.4404
U002684,2026-01-01,none,0.9284
U002685,2026-01-01,music,0.6067
U002686,2026-01-01,streaming,0.4494
U002687,2026-01-01,none,0.9979
U002688,2026-01-01,none,0.994
U002689,2026-01-01,software,0.7619
U002690,2026-01-01,software,0.4225
U002691,2026-01-01,insurance,0.5472
U002692,2026-01-01,none,0.7418
U002693,2026-01-01,none,0.8917
U002694,2026-01-01,mobile,0.451
U002695,2026-01-01,none,0.9403
U002696,2026-01-01,cloud,0.8169
U002697,2026-01-01,none,0.8785
U002698,2026-01-01,cloud,0.5633
U002699,2026-01-01,insurance,0.3039
U002700,2026-01-01,mobile,0.5708
U002701,2026-01-01,music,0.4677
U002702,2026-01-01,cloud,0.5184
U002703,2026-01-01,cloud,0.3753
U002704,2026-01-01,mobile,0.4996
U002705,2026-01-01,insurance,0.5025
U002706,2026-01-01,insurance,0.8782
U002707,2026-01-01,streaming,0.5205
U002708,2026-01-01,none,0.9768
U002709,2026-01-01,none,0.9688
U002710,2026-01-01,none,0.9947
U002711,2026-01-01,mobile,0.78
U002712,2026-01-01,none,0.5495
U002713,2026-01-01,streaming,0.882
U002714,2026-01-01,none,0.9997
U002715,2026-01-01,streaming,0.6039
U002716,2026-01-01,streaming,0.6342
U002717,2026-01-01,cloud,0.4953
U002718,2026-01-01,cloud,0.3028
U002719,2026-01-01,cloud,0.8249
U002720,2026-01-01,cloud,0.7646
U002721,2026-01-01,music,0.6104
U002722,2026-01-01,gym,0.5809
U002723,2026-01-01,insurance,0.5532
U002724,2026-01-01,insurance,0.4528
U002725,2026-01-01,none,0.5937
U002726,2026-01-01,music,0.7889
U002727,2026-01-01,none,0.9928
U002728,2026-01-01,cloud,0.851
U002729,2026-01-01,mobile,0.9087
U002730,2026-01-01,insurance,0.4523
U002731,2026-01-01,none,0.8482
U002732,2026-01-01,music,0.3993
U002733,2026-01-01,none,0.9192
U002734,2026-01-01,music,0.4518
U002735,2026-01-01,none,0.9279
U002736,2026-01-01,streaming,0.568
U002737,2026-01-01,none,0.9996
U002738,2026-01-01,software,0.6791
U002739,2026-01-01,cloud,0.5241
U002740,2026-01-01,cloud,0.9072
U002741,2026-01-01,streaming,0.6084
U002742,2026-01-01,music,0.4313
U002743,2026-01-01,cloud,0.6957
U002744,2026-01-01,cloud,0.4091
U002745,2026-01-01,music,0.5647
U002746,2026-01-01,gym,0.3393
U002747,2026-01-01,music,0.5167
U002748,2026-01-01,gym,0.588
U002749,2026-01-01,insurance,0.5875
U002750,2026-01-01,streaming,0.6463
U002751,2026-01-01,none,0.7975
U002752,2026-01-01,none,0.9658
U002753,2026-01-01,mobile,0.7926
U002754,2026-01-01,none,0.953
U002755,2026-01-01,mobile,0.3865
U002756,2026-01-01,software,0.8597
U002757,2026-01-01,music,0.6056
U002758,2026-01-01,insurance,0.5781
U002759,2026-01-01,none,0.7074
U002760,2026-01-01,none,0.4256
U002761,2026-01-01,insurance,0.6702
U002762,2026-01-01,cloud,0.3524
U002763,2026-01-01,insurance,0.7871
U002764,2026-01-01,none,0.9993
U002765,2026-01-01,insurance,0.6242
U002766,2026-01-01,gym,0.6371
U002767,2026-01-01,mobile,0.3576
U002768,2026-01-01,none,0.9835
U002769,2026-01-01,mobile,0.4923
U002770,2026-01-01,software,0.6307
U002771,2026-01-01,none,0.9922
U002772,2026-01-01,music,0.3499
U002773,2026-01-01,mobile,0.3676
U002774,2026-01-01,streaming,0.4595
U002775,2026-01-01,none,0.4961
U002776,2026-01-01,insurance,0.7327
U002777,2026-01-01,streaming,0.4152
U002778,2026-01-01,cloud,0.6106
U002779,2026-01-01,software,0.5879
U002780,2026-01-01,cloud,0.7893
U002781,2026-01-01,none,0.9973
U002782,2026-01-01,streaming,0.4097
U002783,2026-01-01,insurance,0.4938
U002784,2026-01-01,streaming,0.5419
U002785,2026-01-01,none,0.7081
U002786,2026-01-01,cloud,0.7298
U002787,2026-01-01,none,0.9995
U002788,2026-01-01,music,0.8542
U002789,2026-01-01,cloud,0.8571
U002790,2026-01-01,streaming,0.9437
U002791,2026-01-01,mobile,0.6596
U002792,2026-01-01,insurance,0.8616
U002793,2026-01-01,none,0.9779
U002794,2026-01-01,insurance,0.8978
U002795,2026-01-01,streaming,0.3285
U002796,2026-01-01,none,0.8678
U002797,2026-01-01,software,0.6761
U002798,2026-01-01,mobile,0.6009
U002799,2026-01-01,insurance,0.4575
U002800,2026-01-01,mobile,0.4875
U002801,2026-01-01,none,0.9616
U002802,2026-01-01,none,0.9991
U002803,2026-01-01,cloud,0.6487
U002804,2026-01-01,streaming,0.9012
U002805,2026-01-01,mobile,0.3748
U002806,2026-01-01,none,0.8847
U002807,2026-01-01,none,0.9998
U002808,2026-01-01,none,0.9649
U002809,2026-01-01,cloud,0.4574
U002810,2026-01-01,none,0.5234
U002811,2026-01-01,gym,0.7244
U002812,2026-01-01,software,0.5598
U002813,2026-01-01,insurance,0.814
U002814,2026-01-01,none,0.9713
U002815,2026-01-01,cloud,0.5052
U002816,2026-01-01,gym,0.4521
U002817,2026-01-01,gym,0.7247
U002818,2026-01-01,none,0.743
U002819,2026-01-01,none,0.5056
U002820,2026-01-01,none,0.9996
U002821,2026-01-01,cloud,0.5268
U002822,2026-01-01,insurance,0.3662
U002823,2026-01-01,gym,0.5214
U002824,2026-01-01,none,0.8158
U002825,2026-01-01,none,0.906
U002826,2026-01-01,none,0.5706
U002827,2026-01-01,none,0.2814
U002828,2026-01-01,insurance,0.5237
U002829,2026-01-01,none,0.9965
U002830,2026-01-01,streaming,0.8678
U002831,2026-01-01,cloud,0.4921
U002832,2026-01-01,insurance,0.4395
U002833,2026-01-01,music,0.3589
U002834,2026-01-01,software,0.4531
U002835,2026-01-01,streaming,0.5099
U002836,2026-01-01,streaming,0.7004
U002837,2026-01-01,software,0.876
U002838,2026-01-01,music,0.4976
U002839,2026-01-01,cloud,0.8751
U002840,2026-01-01,cloud,0.6145
U002841,2026-01-01,gym,0.5163
U002842,2026-01-01,none,0.9783
U002843,2026-01-01,cloud,0.8224
U002844,2026-01-01,software,0.4442
U002845,2026-01-01,music,0.408
U002846,2026-01-01,music,0.4895
U002847,2026-01-01,streaming,0.4677
U002848,2026-01-01,none,0.9434
U002849,2026-01-01,none,0.9622
U002850,2026-01-01,software,0.6178
U002851,2026-01-01,cloud,0.624
U002852,2026-01-01,insurance,0.4592
U002853,2026-01-01,none,0.9948
U002854,2026-01-01,none,1.0
U002855,2026-01-01,none,0.5374
U002856,2026-01-01,cloud,0.5275
U002857,2026-01-01,none,0.7979
U002858,2026-01-01,music,0.6378
U002859,2026-01-01,streaming,0.4138
U002860,2026-01-01,software,0.3624
U002861,2026-01-01,mobile,0.3845
U002862,2026-01-01,gym,0.8291
U002863,2026-01-01,mobile,0.8225
U002864,2026-01-01,gym,0.7449
U002865,2026-01-01,software,0.5
U002866,2026-01-01,music,0.4492
U002867,2026-01-01,gym,0.8891
U002868,2026-01-01,mobile,0.9094
U002869,2026-01-01,insurance,0.6655
U002870,2026-01-01,gym,0.8278
U002871,2026-01-01,insurance,0.5287
U002872,2026-01-01,music,0.8144
U002873,2026-01-01,none,0.9912
U002874,2026-01-01,none,0.9016
U002875,2026-01-01,mobile,0.87
U002876,2026-01-01,none,0.953
U002877,2026-01-01,streaming,0.7293
U002878,2026-01-01,music,0.3967
U002879,2026-01-01,insurance,0.7559
U002880,2026-01-01,mobile,0.4169
U002881,2026-01-01,cloud,0.4417
U002882,2026-01-01,gym,0.3851
U002883,2026-01-01,music,0.4678
U002884,2026-01-01,gym,0.4458
U002885,2026-01-01,gym,0.6691
U002886,2026-01-01,gym,0.5325
U002887,2026-01-01,mobile,0.568
U002888,2026-01-01,gym,0.8324
U002889,2026-01-01,insurance,0.5958
U002890,2026-01-01,gym,0.7062
U002891,2026-01-01,none,0.8865
U002892,2026-01-01,music,0.6903
U002893,2026-01-01,mobile,0.3307
U002894,2026-01-01,streaming,0.7327
U002895,2026-01-01,gym,0.5013
U002896,2026-01-01,music,0.6833
U002897,2026-01-01,insurance,0.8647
U002898,2026-01-01,none,0.8053
U002899,2026-01-01,music,0.6182
U002900,2026-01-01,insurance,0.605
U002901,2026-01-01,none,0.9205
U002902,2026-01-01,mobile,0.4236
U002903,2026-01-01,music,0.5287
U002904,2026-01-01,none,0.9984
U002905,2026-01-01,streaming,0.6561
U002906,2026-01-01,none,0.9879
U002907,2026-01-01,none,0.7538
U002908,2026-01-01,cloud,0.4903
U002909,2026-01-01,cloud,0.7251
U002910,2026-01-01,none,0.9999
U002911,2026-01-01,none,0.99
U002912,2026-01-01,insurance,0.3383
U002913,2026-01-01,insurance,0.602
U002914,2026-01-01,streaming,0.8783
U002915,2026-01-01,insurance,0.8748
U002916,2026-01-01,cloud,0.6775
U002917,2026-01-01,insurance,0.4914
U002918,2026-01-01,music,0.6514
U002919,2026-01-01,streaming,0.529
U002920,2026-01-01,gym,0.471
U002921,2026-01-01,software,0.6579
U002922,2026-01-01,software,0.6601
U002923,2026-01-01,mobile,0.5734
U002924,2026-01-01,gym,0.6496
U002925,2026-01-01,insurance,0.4674
U002926,2026-01-01,software,0.8796
U002927,2026-01-01,gym,0.32
U002928,2026-01-01,cloud,0.718
U002929,2026-01-01,software,0.7706
U002930,2026-01-01,mobile,0.8255
U002931,2026-01-01,streaming,0.4982
U002932,2026-01-01,software,0.7349
U002933,2026-01-01,cloud,0.8108
U002934,2026-01-01,insurance,0.4283
U002935,2026-01-01,mobile,0.4072
U002936,2026-01-01,gym,0.4197
U002937,2026-01-01,cloud,0.6878
U002938,2026-01-01,cloud,0.5338
U002939,2026-01-01,none,0.9031
U002940,2026-01-01,none,0.9324
U002941,2026-01-01,none,0.9749
U002942,2026-01-01,mobile,0.8951
U002943,2026-01-01,software,0.3898
U002944,2026-01-01,none,0.5378
U002945,2026-01-01,none,0.4916
U002946,2026-01-01,music,0.3454
U002947,2026-01-01,cloud,0.677
U002948,2026-01-01,none,0.5731
U002949,2026-01-01,insurance,0.4964
U002950,2026-01-01,insurance,0.8526
U002951,2026-01-01,none,0.9626
U002952,2026-01-01,streaming,0.455
U002953,2026-01-01,none,0.9851
U002954,2026-01-01,cloud,0.8545
U002955,2026-01-01,none,0.904
U002956,2026-01-01,none,0.9987
U002957,2026-01-01,gym,0.5057
U002958,2026-01-01,insurance,0.4018
U002959,2026-01-01,none,0.3276
U002960,2026-01-01,software,0.5219
U002961,2026-01-01,gym,0.5054
U002962,2026-01-01,software,0.4399
U002963,2026-01-01,software,0.6108
U002964,2026-01-01,music,0.4341
U002965,2026-01-01,cloud,0.8814
U002966,2026-01-01,insurance,0.5783
U002967,2026-01-01,insurance,0.4862
U002968,2026-01-01,music,0.4509
U002969,2026-01-01,insurance,0.6667
U002970,2026-01-01,mobile,0.8431
U002971,2026-01-01,none,0.4822
U002972,2026-01-01,gym,0.5651
U002973,2026-01-01,cloud,0.6995
U002974,2026-01-01,none,0.9949
U002975,2026-01-01,gym,0.6925
U002976,2026-01-01,none,0.9933
U002977,2026-01-01,software,0.4513
U002978,2026-01-01,streaming,0.4551
U002979,2026-01-01,streaming,0.7359
U002980,2026-01-01,none,0.9856
U002981,2026-01-01,none,0.9996
U002982,2026-01-01,gym,0.5222
U002983,2026-01-01,music,0.6098
U002984,2026-01-01,cloud,0.5807
U002985,2026-01-01,software,0.482
U002986,2026-01-01,mobile,0.8129
U002987,2026-01-01,software,0.8125
U002988,2026-01-01,none,0.9719
U002989,2026-01-01,mobile,0.3715
U002990,2026-01-01,cloud,0.3701
U002991,2026-01-01,none,0.8663
U002992,2026-01-01,none,0.4719
U002993,2026-01-01,none,0.4039
U002994,2026-01-01,music,0.4545
U002995,2026-01-01,none,0.8072
U002996,2026-01-01,insurance,0.6973
U002997,2026-01-01,streaming,0.7425
U002998,2026-01-01,mobile,0.58
U002999,2026-01-01,insurance,0.8744
U003000,2026-01-01,none,0.9976
U003001,2026-01-01,cloud,0.8496
U003002,2026-01-01,none,0.9451
U003003,2026-01-01,software,0.5054
U003004,2026-01-01,none,0.9958
U003005,2026-01-01,mobile,0.5303
U003006,2026-01-01,none,0.8654
U003007,2026-01-01,music,0.3944
U003008,2026-01-01,insurance,0.4401
U003009,2026-01-01,insurance,0.4759
U003010,2026-01-01,streaming,0.5402
U003011,2026-01-01,none,0.4891
U003012,2026-01-01,mobile,0.816
U003013,2026-01-01,music,0.7387
U003014,2026-01-01,streaming,0.5587
U003015,2026-01-01,software,0.6012
U003016,2026-01-01,software,0.4986
U003017,2026-01-01,none,0.866
U003018,2026-01-01,gym,0.4515
U003019,2026-01-01,cloud,0.432
U003020,2026-01-01,none,0.6866
U003021,2026-01-01,software,0.6012
U003022,2026-01-01,none,0.8922
U003023,2026-01-01,software,0.4222
U003024,2026-01-01,none,0.9999
U003025,2026-01-01,cloud,0.5281
U003026,2026-01-01,none,0.9888
U003027,2026-01-01,cloud,0.5313
U003028,2026-01-01,streaming,0.8903
U003029,2026-01-01,none,0.9801
U003030,2026-01-01,none,0.7235
U003031,2026-01-01,streaming,0.5056
U003032,2026-01-01,none,0.7716
U003033,2026-01-01,none,0.988
U003034,2026-01-01,insurance,0.3718
U003035,2026-01-01,streaming,0.6011
U003036,2026-01-01,none,0.9944
U003037,2026-01-01,cloud,0.7087
U003038,2026-01-01,streaming,0.8601
U003039,2026-01-01,none,0.9817
U003040,2026-01-01,cloud,0.3804
U003041,2026-01-01,cloud,0.6918
U003042,2026-01-01,none,0.6528
U003043,2026-01-01,none,0.9972
U003044,2026-01-01,gym,0.3777
U003045,2026-01-01,mobile,0.4918
U003046,2026-01-01,music,0.6585
U003047,2026-01-01,none,0.9638
U003048,2026-01-01,cloud,0.4608
U003049,2026-01-01,none,0.9999
U003050,2026-01-01,insurance,0.4989
U003051,2026-01-01,music,0.531
U003052,2026-01-01,insurance,0.619
U003053,2026-01-01,none,0.8741
U003054,2026-01-01,gym,0.4405
U003055,2026-01-01,none,0.9894
U003056,2026-01-01,insurance,0.5774
U003057,2026-01-01,none,0.7129
U003058,2026-01-01,software,0.4967
U003059,2026-01-01,mobile,0.6952
U003060,2026-01-01,none,0.9349
U003061,2026-01-01,none,0.7935
U003062,2026-01-01,cloud,0.4565
U003063,2026-01-01,gym,0.4899
U003064,2026-01-01,none,0.9986
U003065,2026-01-01,gym,0.4255
U003066,2026-01-01,mobile,0.4344
U003067,2026-01-01,music,0.5943
U003068,2026-01-01,music,0.4096
U003069,2026-01-01,none,0.3548
U003070,2026-01-01,none,0.6946
U003071,2026-01-01,software,0.3341
U003072,2026-01-01,software,0.854
U003073,2026-01-01,none,0.8659
U003074,2026-01-01,none,0.9779
U003075,2026-01-01,gym,0.2944
U003076,2026-01-01,software,0.868
U003077,2026-01-01,insurance,0.6525
U003078,2026-01-01,insurance,0.5007
U003079,2026-01-01,none,0.953
U003080,2026-01-01,cloud,0.6358
U003081,2026-01-01,cloud,0.4833
U003082,2026-01-01,mobile,0.7123
U003083,2026-01-01,cloud,0.3726
U003084,2026-01-01,streaming,0.5635
U003085,2026-01-01,mobile,0.4974
U003086,2026-01-01,software,0.479
U003087,2026-01-01,cloud,0.5515
U003088,2026-01-01,none,0.9768
U003089,2026-01-01,none,0.5215
U003090,2026-01-01,cloud,0.3348
U003091,2026-01-01,insurance,0.7389
U003092,2026-01-01,gym,0.3212
U003093,2026-01-01,gym,0.4538
U003094,2026-01-01,software,0.3631
U003095,2026-01-01,cloud,0.4939
U003096,2026-01-01,software,0.6339
U003097,2026-01-01,none,0.5427
U003098,2026-01-01,none,0.9997
U003099,2026-01-01,mobile,0.4647
U003100,2026-01-01,none,0.9702
U003101,2026-01-01,gym,0.5182
U003102,2026-01-01,software,0.8867
U003103,2026-01-01,insurance,0.5181
U003104,2026-01-01,insurance,0.2647
U003105,2026-01-01,insurance,0.668
U003106,2026-01-01,none,0.9972
U003107,2026-01-01,none,0.9517
U003108,2026-01-01,none,0.4854
U003109,2026-01-01,insurance,0.3241
U003110,2026-01-01,gym,0.5497
U003111,2026-01-01,music,0.4547
U003112,2026-01-01,gym,0.6309
U003113,2026-01-01,streaming,0.5996
U003114,2026-01-01,none,0.7978
U003115,2026-01-01,none,0.8998
U003116,2026-01-01,music,0.5487
U003117,2026-01-01,streaming,0.5002
U003118,2026-01-01,none,0.7161
U003119,2026-01-01,streaming,0.4836
U003120,2026-01-01,none,0.9984
U003121,2026-01-01,insurance,0.5825
U003122,2026-01-01,music,0.4665
U003123,2026-01-01,music,0.3833
U003124,2026-01-01,none,0.9996
U003125,2026-01-01,insurance,0.4982
U003126,2026-01-01,gym,0.4567
U003127,2026-01-01,gym,0.3802
U003128,2026-01-01,music,0.3593
U003129,2026-01-01,insurance,0.2933
U003130,2026-01-01,gym,0.3843
U003131,2026-01-01,none,0.6597
U003132,2026-01-01,none,0.6623
U003133,2026-01-01,cloud,0.3627
U003134,2026-01-01,cloud,0.8504
U003135,2026-01-01,music,0.7503
U003136,2026-01-01,cloud,0.5534
U003137,2026-01-01,mobile,0.9035
U003138,2026-01-01,insurance,0.5475
U003139,2026-01-01,none,0.999
U003140,2026-01-01,streaming,0.6177
U003141,2026-01-01,none,0.9998
U003142,2026-01-01,cloud,0.6457
U003143,2026-01-01,insurance,0.9046
U003144,2026-01-01,none,0.9648
U003145,2026-01-01,streaming,0.7174
U003146,2026-01-01,cloud,0.8021
U003147,2026-01-01,none,0.8976
U003148,2026-01-01,none,0.8268
U003149,2026-01-01,mobile,0.4268
U003150,2026-01-01,cloud,0.8415
U003151,2026-01-01,streaming,0.5847
U003152,2026-01-01,gym,0.4653
U003153,2026-01-01,streaming,0.4655
U003154,2026-01-01,streaming,0.9217
U003155,2026-01-01,software,0.7233
U003156,2026-01-01,none,0.9832
U003157,2026-01-01,none,0.9991
U003158,2026-01-01,insurance,0.441
U003159,2026-01-01,none,0.6375
U003160,2026-01-01,software,0.534
U003161,2026-01-01,none,0.67
U003162,2026-01-01,gym,0.6101
U003163,2026-01-01,none,0.9996
U003164,2026-01-01,insurance,0.8377
U003165,2026-01-01,streaming,0.5118
U003166,2026-01-01,mobile,0.4883
U003167,2026-01-01,none,0.9943
U003168,2026-01-01,streaming,0.8251
U003169,2026-01-01,none,0.9877
U003170,2026-01-01,insurance,0.4674
U003171,2026-01-01,none,0.5877
U003172,2026-01-01,none,0.9929
U003173,2026-01-01,cloud,0.7569
U003174,2026-01-01,gym,0.727
U003175,2026-01-01,insurance,0.5545
U003176,2026-01-01,music,0.4687
U003177,2026-01-01,none,0.8448
U003178,2026-01-01,none,0.9999
U003179,2026-01-01,mobile,0.5018
U003180,2026-01-01,music,0.934
U003181,2026-01-01,none,0.9933
U003182,2026-01-01,mobile,0.4947
U003183,2026-01-01,none,0.9678
U003184,2026-01-01,software,0.6554
U003185,2026-01-01,streaming,0.5521
U003186,2026-01-01,gym,0.7574
U003187,2026-01-01,software,0.3564
U003188,2026-01-01,none,0.4238
U003189,2026-01-01,software,0.4435
U003190,2026-01-01,software,0.8657
U003191,2026-01-01,streaming,0.2938
U003192,2026-01-01,mobile,0.5313
U003193,2026-01-01,gym,0.3542
U003194,2026-01-01,gym,0.5029
U003195,2026-01-01,none,0.9503
U003196,2026-01-01,music,0.7207
U003197,2026-01-01,insurance,0.4897
U003198,2026-01-01,gym,0.621
U003199,2026-01-01,streaming,0.6614
U003200,2026-01-01,gym,0.8562
U003201,2026-01-01,music,0.5944
U003202,2026-01-01,none,0.7284
U003203,2026-01-01,gym,0.4656
U003204,2026-01-01,cloud,0.4221
U003205,2026-01-01,insurance,0.826
U003206,2026-01-01,mobile,0.8663
U003207,2026-01-01,streaming,0.4871
U003208,2026-01-01,streaming,0.8023
U003209,2026-01-01,software,0.5933
U003210,2026-01-01,none,0.7136
U003211,2026-01-01,streaming,0.5093
U003212,2026-01-01,streaming,0.3529
U003213,2026-01-01,music,0.621
U003214,2026-01-01,none,0.9634
U003215,2026-01-01,none,0.996
U003216,2026-01-01,gym,0.4939
U003217,2026-01-01,none,0.9785
U003218,2026-01-01,mobile,0.4772
U003219,2026-01-01,insurance,0.4056
U003220,2026-01-01,none,0.5215
U003221,2026-01-01,none,0.9361
U003222,2026-01-01,none,0.9859
U003223,2026-01-01,software,0.4986
U003224,2026-01-01,mobile,0.8906
U003225,2026-01-01,none,0.7181
U003226,2026-01-01,music,0.4276
U003227,2026-01-01,streaming,0.9112
U003228,2026-01-01,cloud,0.3387
U003229,2026-01-01,none,0.7236
U003230,2026-01-01,cloud,0.444
U003231,2026-01-01,gym,0.4301
U003232,2026-01-01,gym,0.4659
U003233,2026-01-01,mobile,0.6118
U003234,2026-01-01,music,0.5664
U003235,2026-01-01,music,0.6093
U003236,2026-01-01,insurance,0.6428
U003237,2026-01-01,insurance,0.6503
U003238,2026-01-01,software,0.6853
U003239,2026-01-01,insurance,0.6672
U003240,2026-01-01,cloud,0.8051
U003241,2026-01-01,streaming,0.8296
U003242,2026-01-01,insurance,0.677
U003243,2026-01-01,music,0.7619
U003244,2026-01-01,insurance,0.5944
U003245,2026-01-01,gym,0.4685
U003246,2026-01-01,none,0.8454
U003247,2026-01-01,none,0.5828
U003248,2026-01-01,software,0.859
U003249,2026-01-01,streaming,0.3684
U003250,2026-01-01,none,0.9129
U003251,2026-01-01,software,0.5066
U003252,2026-01-01,gym,0.4423
U003253,2026-01-01,streaming,0.6632
U003254,2026-01-01,none,0.9986
U003255,2026-01-01,streaming,0.6248
U003256,2026-01-01,music,0.6391
U003257,2026-01-01,cloud,0.618
U003258,2026-01-01,none,1.0
U003259,2026-01-01,streaming,0.3841
U003260,2026-01-01,streaming,0.3882
U003261,2026-01-01,insurance,0.5782
U003262,2026-01-01,none,0.5599
U003263,2026-01-01,cloud,0.6583
U003264,2026-01-01,software,0.567
U003265,2026-01-01,gym,0.6616
U003266,2026-01-01,none,0.9986
U003267,2026-01-01,none,0.5285
U003268,2026-01-01,streaming,0.7258
U003269,2026-01-01,none,0.9988
U003270,2026-01-01,music,0.677
U003271,2026-01-01,gym,0.8194
U003272,2026-01-01,none,0.9469
U003273,2026-01-01,cloud,0.4197
U003274,2026-01-01,software,0.8531
U003275,2026-01-01,streaming,0.5128
U003276,2026-01-01,mobile,0.651
U003277,2026-01-01,gym,0.4886
U003278,2026-01-01,software,0.6436
U003279,2026-01-01,software,0.3708
U003280,2026-01-01,cloud,0.4817
U003281,2026-01-01,none,0.8008
U003282,2026-01-01,music,0.5816
U003283,2026-01-01,streaming,0.5142
U003284,2026-01-01,none,0.9652
U003285,2026-01-01,cloud,0.5697
U003286,2026-01-01,none,0.9659
U003287,2026-01-01,music,0.5252
U003288,2026-01-01,none,0.5363
U003289,2026-01-01,streaming,0.4963
U003290,2026-01-01,none,0.5728
U003291,2026-01-01,insurance,0.5114
U003292,2026-01-01,software,0.3475
U003293,2026-01-01,none,0.5293
U003294,2026-01-01,streaming,0.9071
U003295,2026-01-01,cloud,0.7178
U003296,2026-01-01,software,0.606
U003297,2026-01-01,cloud,0.8841
U003298,2026-01-01,mobile,0.7123
U003299,2026-01-01,software,0.5429
U003300,2026-01-01,gym,0.7374
U003301,2026-01-01,cloud,0.603
U003302,2026-01-01,insurance,0.5352
U003303,2026-01-01,music,0.8889
U003304,2026-01-01,gym,0.7934
U003305,2026-01-01,cloud,0.3912
U003306,2026-01-01,none,0.3917
U003307,2026-01-01,gym,0.6308
U003308,2026-01-01,gym,0.6809
U003309,2026-01-01,music,0.6287
U003310,2026-01-01,software,0.5593
U003311,2026-01-01,gym,0.4471
U003312,2026-01-01,mobile,0.8043
U003313,2026-01-01,gym,0.6889
U003314,2026-01-01,gym,0.6804
U003315,2026-01-01,music,0.6403
U003316,2026-01-01,music,0.8587
U003317,2026-01-01,software,0.631
U003318,2026-01-01,cloud,0.6368
U003319,2026-01-01,insurance,0.417
U003320,2026-01-01,software,0.6158
U003321,2026-01-01,mobile,0.5127
U003322,2026-01-01,mobile,0.7241
U003323,2026-01-01,mobile,0.9083
U003324,2026-01-01,mobile,0.4837
U003325,2026-01-01,cloud,0.5555
U003326,2026-01-01,none,0.9978
U003327,2026-01-01,software,0.6331
U003328,2026-01-01,cloud,0.6317
U003329,2026-01-01,gym,0.7383
U003330,2026-01-01,streaming,0.9237
U003331,2026-01-01,mobile,0.7576
U003332,2026-01-01,none,0.9997
U003333,2026-01-01,streaming,0.5574
U003334,2026-01-01,none,0.7029
U003335,2026-01-01,music,0.6618
U003336,2026-01-01,cloud,0.5943
U003337,2026-01-01,none,0.7826
U003338,2026-01-01,software,0.4398
U003339,2026-01-01,insurance,0.461
U003340,2026-01-01,none,0.9999
U003341,2026-01-01,none,0.6575
U003342,2026-01-01,cloud,0.6293
U003343,2026-01-01,streaming,0.3626
U003344,2026-01-01,gym,0.6387
U003345,2026-01-01,cloud,0.6959
U003346,2026-01-01,music,0.782
U003347,2026-01-01,streaming,0.9226
U003348,2026-01-01,none,0.9105
U003349,2026-01-01,mobile,0.6287
U003350,2026-01-01,mobile,0.5569
U003351,2026-01-01,insurance,0.8607
U003352,2026-01-01,software,0.4595
U003353,2026-01-01,none,0.8826
U003354,2026-01-01,none,0.9953
U003355,2026-01-01,insurance,0.7451
U003356,2026-01-01,software,0.8068
U003357,2026-01-01,mobile,0.5234
U003358,2026-01-01,gym,0.7735
U003359,2026-01-01,music,0.6817
U003360,2026-01-01,insurance,0.622
U003361,2026-01-01,mobile,0.5169
U003362,2026-01-01,streaming,0.9051
U003363,2026-01-01,none,0.5037
U003364,2026-01-01,none,0.5187
U003365,2026-01-01,mobile,0.4984
U003366,2026-01-01,insurance,0.4728
U003367,2026-01-01,insurance,0.7545
U003368,2026-01-01,none,0.9999
U003369,2026-01-01,insurance,0.6337
U003370,2026-01-01,software,0.4649
U003371,2026-01-01,none,0.6707
U003372,2026-01-01,software,0.8497
U003373,2026-01-01,streaming,0.6361
U003374,2026-01-01,mobile,0.5335
U003375,2026-01-01,software,0.586
U003376,2026-01-01,software,0.8669
U003377,2026-01-01,mobile,0.5896
U003378,2026-01-01,cloud,0.6982
U003379,2026-01-01,music,0.3051
U003380,2026-01-01,software,0.5653
U003381,2026-01-01,gym,0.8439
U003382,2026-01-01,streaming,0.3659
U003383,2026-01-01,streaming,0.4023
U003384,2026-01-01,none,0.9997
U003385,2026-01-01,gym,0.8639
U003386,2026-01-01,gym,0.7113
U003387,2026-01-01,mobile,0.5051
U003388,2026-01-01,gym,0.5401
U003389,2026-01-01,insurance,0.5511
U003390,2026-01-01,mobile,0.5518
U003391,2026-01-01,software,0.504
U003392,2026-01-01,none,0.4944
U003393,2026-01-01,software,0.8155
U003394,2026-01-01,streaming,0.6041
U003395,2026-01-01,insurance,0.7477
U003396,2026-01-01,music,0.5257
U003397,2026-01-01,mobile,0.7085
U003398,2026-01-01,none,0.9997
U003399,2026-01-01,gym,0.8491
U003400,2026-01-01,software,0.4503
U003401,2026-01-01,music,0.5378
U003402,2026-01-01,gym,0.4865
U003403,2026-01-01,streaming,0.467
U003404,2026-01-01,software,0.5659
U003405,2026-01-01,none,0.8894
U003406,2026-01-01,gym,0.7692
U003407,2026-01-01,insurance,0.7061
U003408,2026-01-01,none,0.9732
U003409,2026-01-01,streaming,0.8127
U003410,2026-01-01,gym,0.2395
U003411,2026-01-01,none,0.9933
U003412,2026-01-01,mobile,0.4688
U003413,2026-01-01,none,0.5353
U003414,2026-01-01,gym,0.5235
U003415,2026-01-01,gym,0.589
U003416,2026-01-01,cloud,0.6723
U003417,2026-01-01,insurance,0.4432
U003418,2026-01-01,none,0.5218
U003419,2026-01-01,cloud,0.5249
U003420,2026-01-01,music,0.3508
U003421,2026-01-01,none,0.9956
U003422,2026-01-01,mobile,0.7038
U003423,2026-01-01,gym,0.712
U003424,2026-01-01,none,0.9993
U003425,2026-01-01,software,0.4349
U003426,2026-01-01,streaming,0.4423
U003427,2026-01-01,cloud,0.3379
U003428,2026-01-01,music,0.7374
U003429,2026-01-01,mobile,0.8988
U003430,2026-01-01,none,0.6946
U003431,2026-01-01,insurance,0.5712
U003432,2026-01-01,gym,0.4082
U003433,2026-01-01,none,0.9816
U003434,2026-01-01,music,0.5295
U003435,2026-01-01,gym,0.5116
U003436,2026-01-01,streaming,0.6916
U003437,2026-01-01,gym,0.8715
U003438,2026-01-01,music,0.5282
U003439,2026-01-01,none,0.5389
U003440,2026-01-01,none,0.773
U003441,2026-01-01,insurance,0.7286
U003442,2026-01-01,cloud,0.6465
U003443,2026-01-01,mobile,0.5742
U003444,2026-01-01,none,0.7724
U003445,2026-01-01,music,0.7077
U003446,2026-01-01,cloud,0.5977
U003447,2026-01-01,none,0.999
U003448,2026-01-01,insurance,0.2834
U003449,2026-01-01,none,0.969
U003450,2026-01-01,insurance,0.6614
U003451,2026-01-01,insurance,0.6865
U003452,2026-01-01,gym,0.784
U003453,2026-01-01,cloud,0.8629
U003454,2026-01-01,cloud,0.4241
U003455,2026-01-01,cloud,0.5384
U003456,2026-01-01,none,0.9903
U003457,2026-01-01,none,0.6975
U003458,2026-01-01,none,0.4409
U003459,2026-01-01,gym,0.4644
U003460,2026-01-01,streaming,0.501
U003461,2026-01-01,cloud,0.6314
U003462,2026-01-01,mobile,0.6239
U003463,2026-01-01,insurance,0.4727
U003464,2026-01-01,cloud,0.5696
U003465,2026-01-01,music,0.6943
U003466,2026-01-01,music,0.5737
U003467,2026-01-01,none,0.9541
U003468,2026-01-01,streaming,0.4765
U003469,2026-01-01,none,0.9524
U003470,2026-01-01,gym,0.6722
U003471,2026-01-01,gym,0.588
U003472,2026-01-01,insurance,0.6297
U003473,2026-01-01,none,0.7759
U003474,2026-01-01,none,0.8735
U003475,2026-01-01,cloud,0.5646
U003476,2026-01-01,gym,0.5831
U003477,2026-01-01,streaming,0.9147
U003478,2026-01-01,gym,0.8354
U003479,2026-01-01,software,0.5151
U003480,2026-01-01,mobile,0.3773
U003481,2026-01-01,insurance,0.625
U003482,2026-01-01,none,0.9311
U003483,2026-01-01,none,0.5566
U003484,2026-01-01,software,0.5055
U003485,2026-01-01,insurance,0.424
U003486,2026-01-01,mobile,0.4266
U003487,2026-01-01,gym,0.8427
U003488,2026-01-01,software,0.4481
U003489,2026-01-01,mobile,0.4773
U003490,2026-01-01,none,0.9377
U003491,2026-01-01,none,0.8669
U003492,2026-01-01,software,0.4974
U003493,2026-01-01,music,0.7172
U003494,2026-01-01,none,0.999
U003495,2026-01-01,music,0.4123
U003496,2026-01-01,none,0.9621
U003497,2026-01-01,cloud,0.571
U003498,2026-01-01,gym,0.7935
U003499,2026-01-01,none,0.9244
U003500,2026-01-01,mobile,0.3596
U003501,2026-01-01,none,0.9865
U003502,2026-01-01,gym,0.576
U003503,2026-01-01,insurance,0.8415
U003504,2026-01-01,insurance,0.5016
U003505,2026-01-01,streaming,0.5284
U003506,2026-01-01,none,0.6126
U003507,2026-01-01,streaming,0.9046
U003508,2026-01-01,mobile,0.6294
U003509,2026-01-01,software,0.534
U003510,2026-01-01,none,0.9858
U003511,2026-01-01,streaming,0.5167
U003512,2026-01-01,music,0.8107
U003513,2026-01-01,mobile,0.4935
U003514,2026-01-01,software,0.6157
U003515,2026-01-01,mobile,0.6722
U003516,2026-01-01,insurance,0.8877
U003517,2026-01-01,cloud,0.4421
U003518,2026-01-01,none,0.5182
U003519,2026-01-01,cloud,0.443
U003520,2026-01-01,mobile,0.5094
U003521,2026-01-01,streaming,0.5777
U003522,2026-01-01,none,0.9988
U003523,2026-01-01,insurance,0.5024
U003524,2026-01-01,software,0.5379
U003525,2026-01-01,none,0.5143
U003526,2026-01-01,mobile,0.3215
U003527,2026-01-01,none,0.9249
U003528,2026-01-01,gym,0.4387
U003529,2026-01-01,software,0.5498
U003530,2026-01-01,none,0.9957
U003531,2026-01-01,none,0.9953
U003532,2026-01-01,software,0.6645
U003533,2026-01-01,gym,0.7993
U003534,2026-01-01,streaming,0.9318
U003535,2026-01-01,none,0.588
U003536,2026-01-01,music,0.5946
U003537,2026-01-01,gym,0.4328
U003538,2026-01-01,none,0.9569
U003539,2026-01-01,mobile,0.7046
U003540,2026-01-01,none,0.8178
U003541,2026-01-01,cloud,0.8641
U003542,2026-01-01,software,0.3911
U003543,2026-01-01,software,0.5186
U003544,2026-01-01,streaming,0.4701
U003545,2026-01-01,mobile,0.5597
U003546,2026-01-01,music,0.8233
U003547,2026-01-01,gym,0.4714
U003548,2026-01-01,mobile,0.489
U003549,2026-01-01,mobile,0.483
U003550,2026-01-01,none,0.7508
U003551,2026-01-01,music,0.4347
U003552,2026-01-01,none,0.9104
U003553,2026-01-01,music,0.5535
U003554,2026-01-01,none,0.6011
U003555,2026-01-01,none,1.0
U003556,2026-01-01,none,0.9672
U003557,2026-01-01,none,0.8075
U003558,2026-01-01,music,0.797
U003559,2026-01-01,mobile,0.6507
U003560,2026-01-01,music,0.3946
U003561,2026-01-01,insurance,0.6536
U003562,2026-01-01,none,0.9957
U003563,2026-01-01,music,0.7427
U003564,2026-01-01,cloud,0.3304
U003565,2026-01-01,music,0.8811
U003566,2026-01-01,streaming,0.7313
U003567,2026-01-01,none,0.9989
U003568,2026-01-01,software,0.6921
U003569,2026-01-01,cloud,0.8437
U003570,2026-01-01,cloud,0.5185
U003571,2026-01-01,software,0.9004
U003572,2026-01-01,streaming,0.6206
U003573,2026-01-01,software,0.5316
U003574,2026-01-01,music,0.634
U003575,2026-01-01,cloud,0.5821
U003576,2026-01-01,software,0.6575
U003577,2026-01-01,music,0.588
U003578,2026-01-01,software,0.4826
U003579,2026-01-01,gym,0.2836
U003580,2026-01-01,none,0.7723
U003581,2026-01-01,none,0.9901
U003582,2026-01-01,gym,0.706
U003583,2026-01-01,gym,0.5869
U003584,2026-01-01,mobile,0.8948
U003585,2026-01-01,none,0.173
U003586,2026-01-01,none,0.9941
U003587,2026-01-01,software,0.4505
U003588,2026-01-01,streaming,0.5113
U003589,2026-01-01,none,0.8107
U003590,2026-01-01,insurance,0.4183
U003591,2026-01-01,none,0.9729
U003592,2026-01-01,gym,0.8201
U003593,2026-01-01,streaming,0.5123
U003594,2026-01-01,insurance,0.8593
U003595,2026-01-01,cloud,0.4568
U003596,2026-01-01,none,0.9896
U003597,2026-01-01,none,0.9395
U003598,2026-01-01,none,0.9702
U003599,2026-01-01,none,0.5461
U003600,2026-01-01,streaming,0.9133
U003601,2026-01-01,none,0.9969
U003602,2026-01-01,music,0.6538
U003603,2026-01-01,insurance,0.4411
U003604,2026-01-01,software,0.6071
U003605,2026-01-01,none,0.8852
U003606,2026-01-01,music,0.6654
U003607,2026-01-01,insurance,0.5325
U003608,2026-01-01,mobile,0.4613
U003609,2026-01-01,insurance,0.543
U003610,2026-01-01,cloud,0.8031
U003611,2026-01-01,cloud,0.4363
U003612,2026-01-01,cloud,0.7911
U003613,2026-01-01,music,0.5195
U003614,2026-01-01,streaming,0.6648
U003615,2026-01-01,cloud,0.4977
U003616,2026-01-01,none,0.8181
U003617,2026-01-01,none,0.6046
U003618,2026-01-01,none,0.5234
U003619,2026-01-01,none,0.676
U003620,2026-01-01,mobile,0.3267
U003621,2026-01-01,none,0.9321
U003622,2026-01-01,insurance,0.6646
U003623,2026-01-01,gym,0.6086
U003624,2026-01-01,none,0.9995
U003625,2026-01-01,mobile,0.4196
U003626,2026-01-01,software,0.4837
U003627,2026-01-01,none,0.8825
U003628,2026-01-01,insurance,0.4267
U003629,2026-01-01,music,0.4757
U003630,2026-01-01,none,1.0
U003631,2026-01-01,insurance,0.6912
U003632,2026-01-01,software,0.4678
U003633,2026-01-01,none,0.4461
U003634,2026-01-01,software,0.8889
U003635,2026-01-01,insurance,0.4384
U003636,2026-01-01,gym,0.4902
U003637,2026-01-01,insurance,0.6918
U003638,2026-01-01,music,0.5694
U003639,2026-01-01,music,0.6322
U003640,2026-01-01,mobile,0.5009
U003641,2026-01-01,none,0.7348
U003642,2026-01-01,none,0.7768
U003643,2026-01-01,music,0.3346
U003644,2026-01-01,insurance,0.5501
U003645,2026-01-01,none,0.9947
U003646,2026-01-01,music,0.7908
U003647,2026-01-01,streaming,0.5919
U003648,2026-01-01,music,0.6672
U003649,2026-01-01,music,0.8578
U003650,2026-01-01,streaming,0.6188
U003651,2026-01-01,none,0.9994
U003652,2026-01-01,insurance,0.855
U003653,2026-01-01,insurance,0.7054
U003654,2026-01-01,none,0.4667
U003655,2026-01-01,music,0.5721
U003656,2026-01-01,insurance,0.5168
U003657,2026-01-01,insurance,0.7941
U003658,2026-01-01,mobile,0.5208
U003659,2026-01-01,none,0.9998
U003660,2026-01-01,none,0.5123
U003661,2026-01-01,none,0.9999
U003662,2026-01-01,none,0.7583
U003663,2026-01-01,insurance,0.7653
U003664,2026-01-01,streaming,0.9094
U003665,2026-01-01,streaming,0.5062
U003666,2026-01-01,none,0.9941
U003667,2026-01-01,music,0.4752
U003668,2026-01-01,mobile,0.8908
U003669,2026-01-01,gym,0.5905
U003670,2026-01-01,gym,0.8698
U003671,2026-01-01,music,0.8716
U003672,2026-01-01,none,0.877
U003673,2026-01-01,none,0.3899
U003674,2026-01-01,none,0.9999
U003675,2026-01-01,insurance,0.8585
U003676,2026-01-01,music,0.6292
U003677,2026-01-01,music,0.3915
U003678,2026-01-01,software,0.6084
U003679,2026-01-01,none,0.8253
U003680,2026-01-01,software,0.3894
U003681,2026-01-01,none,0.9975
U003682,2026-01-01,none,0.9915
U003683,2026-01-01,insurance,0.5302
U003684,2026-01-01,none,0.8243
U003685,2026-01-01,gym,0.3548
U003686,2026-01-01,none,0.7485
U003687,2026-01-01,gym,0.6303
U003688,2026-01-01,none,0.9818
U003689,2026-01-01,cloud,0.4163
U003690,2026-01-01,none,0.9987
U003691,2026-01-01,software,0.4645
U003692,2026-01-01,none,0.9989
U003693,2026-01-01,music,0.3632
U003694,2026-01-01,none,0.9911
U003695,2026-01-01,software,0.4702
U003696,2026-01-01,none,0.9581
U003697,2026-01-01,software,0.6423
U003698,2026-01-01,gym,0.415
U003699,2026-01-01,none,0.6139
U003700,2026-01-01,none,0.9967
U003701,2026-01-01,none,0.8411
U003702,2026-01-01,insurance,0.7019
U003703,2026-01-01,gym,0.8618
U003704,2026-01-01,mobile,0.4346
U003705,2026-01-01,music,0.8776
U003706,2026-01-01,cloud,0.7319
U003707,2026-01-01,software,0.7503
U003708,2026-01-01,none,0.8674
U003709,2026-01-01,cloud,0.793
U003710,2026-01-01,gym,0.8395
U003711,2026-01-01,gym,0.8727
U003712,2026-01-01,insurance,0.4162
U003713,2026-01-01,mobile,0.4305
U003714,2026-01-01,none,0.5336
U003715,2026-01-01,none,0.5215
U003716,2026-01-01,streaming,0.8917
U003717,2026-01-01,none,0.9965
U003718,2026-01-01,software,0.4077
U003719,2026-01-01,music,0.9166
U003720,2026-01-01,streaming,0.9304
U003721,2026-01-01,software,0.5216
U003722,2026-01-01,none,0.5857
U003723,2026-01-01,software,0.6368
U003724,2026-01-01,software,0.6747
U003725,2026-01-01,streaming,0.5157
U003726,2026-01-01,gym,0.8452
U003727,2026-01-01,insurance,0.337
U003728,2026-01-01,none,0.9985
U003729,2026-01-01,insurance,0.4463
U003730,2026-01-01,mobile,0.4297
U003731,2026-01-01,cloud,0.7836
U003732,2026-01-01,insurance,0.5092
U003733,2026-01-01,none,0.6992
U003734,2026-01-01,software,0.6456
U003735,2026-01-01,none,0.915
U003736,2026-01-01,software,0.4768
U003737,2026-01-01,mobile,0.5811
U003738,2026-01-01,none,0.5975
U003739,2026-01-01,music,0.604
U003740,2026-01-01,gym,0.5713
U003741,2026-01-01,software,0.5505
U003742,2026-01-01,music,0.6743
U003743,2026-01-01,software,0.7082
U003744,2026-01-01,streaming,0.5702
U003745,2026-01-01,none,0.9997
U003746,2026-01-01,cloud,0.4182
U003747,2026-01-01,music,0.7176
U003748,2026-01-01,insurance,0.5766
U003749,2026-01-01,software,0.4022
U003750,2026-01-01,software,0.4447
U003751,2026-01-01,none,0.8011
U003752,2026-01-01,insurance,0.8439
U003753,2026-01-01,music,0.3072
U003754,2026-01-01,streaming,0.5903
U003755,2026-01-01,none,0.9956
U003756,2026-01-01,mobile,0.8986
U003757,2026-01-01,none,0.9793
U003758,2026-01-01,software,0.4776
U003759,2026-01-01,software,0.4428
U003760,2026-01-01,software,0.434
U003761,2026-01-01,streaming,0.6465
U003762,2026-01-01,gym,0.55
U003763,2026-01-01,none,0.9559
U003764,2026-01-01,none,0.5587
U003765,2026-01-01,none,0.9813
U003766,2026-01-01,software,0.4543
U003767,2026-01-01,gym,0.3403
U003768,2026-01-01,none,0.9142
U003769,2026-01-01,none,0.984
U003770,2026-01-01,gym,0.5695
U003771,2026-01-01,cloud,0.6807
U003772,2026-01-01,software,0.665
U003773,2026-01-01,mobile,0.5336
U003774,2026-01-01,software,0.5806
U003775,2026-01-01,gym,0.5285
U003776,2026-01-01,none,1.0
U003777,2026-01-01,cloud,0.874
U003778,2026-01-01,none,0.9987
U003779,2026-01-01,none,0.7072
U003780,2026-01-01,cloud,0.7532
U003781,2026-01-01,none,0.9992
U003782,2026-01-01,gym,0.6721
U003783,2026-01-01,gym,0.5469
U003784,2026-01-01,streaming,0.636
U003785,2026-01-01,cloud,0.6162
U003786,2026-01-01,none,0.8083
U003787,2026-01-01,insurance,0.4761
U003788,2026-01-01,streaming,0.8958
U003789,2026-01-01,mobile,0.4949
U003790,2026-01-01,none,0.9635
U003791,2026-01-01,software,0.9214
U003792,2026-01-01,software,0.8967
U003793,2026-01-01,gym,0.3898
U003794,2026-01-01,music,0.4248
U003795,2026-01-01,none,0.9743
U003796,2026-01-01,software,0.5086
U003797,2026-01-01,none,0.5144
U003798,2026-01-01,none,0.8054
U003799,2026-01-01,none,0.7138
U003800,2026-01-01,insurance,0.7348
U003801,2026-01-01,none,0.9402
U003802,2026-01-01,streaming,0.6519
U003803,2026-01-01,software,0.8217
U003804,2026-01-01,gym,0.5249
U003805,2026-01-01,none,0.3107
U003806,2026-01-01,none,0.5014
U003807,2026-01-01,software,0.4623
U003808,2026-01-01,streaming,0.6205
U003809,2026-01-01,mobile,0.8537
U003810,2026-01-01,none,0.7984
U003811,2026-01-01,none,0.9999
U003812,2026-01-01,insurance,0.8022
U003813,2026-01-01,cloud,0.6976
U003814,2026-01-01,none,0.7388
U003815,2026-01-01,cloud,0.6745
U003816,2026-01-01,gym,0.3509
U003817,2026-01-01,none,0.9453
U003818,2026-01-01,mobile,0.5445
U003819,2026-01-01,none,0.9584
U003820,2026-01-01,gym,0.4579
U003821,2026-01-01,none,0.5476
U003822,2026-01-01,insurance,0.4877
U003823,2026-01-01,none,0.9468
U003824,2026-01-01,none,0.6706
U003825,2026-01-01,software,0.7625
U003826,2026-01-01,music,0.4748
U003827,2026-01-01,none,0.6433
U003828,2026-01-01,music,0.3711
U003829,2026-01-01,none,0.842
U003830,2026-01-01,none,0.9972
U003831,2026-01-01,gym,0.4148
U003832,2026-01-01,cloud,0.7404
U003833,2026-01-01,none,0.829
U003834,2026-01-01,none,0.5631
U003835,2026-01-01,none,0.9449
U003836,2026-01-01,none,0.9937
U003837,2026-01-01,mobile,0.742
U003838,2026-01-01,streaming,0.6694
U003839,2026-01-01,cloud,0.4804
U003840,2026-01-01,none,0.9025
U003841,2026-01-01,music,0.7145
U003842,2026-01-01,software,0.7638
U003843,2026-01-01,cloud,0.785
U003844,2026-01-01,software,0.4902
U003845,2026-01-01,insurance,0.5631
U003846,2026-01-01,mobile,0.7424
U003847,2026-01-01,streaming,0.5986
U003848,2026-01-01,cloud,0.635
U003849,2026-01-01,none,0.9994
U003850,2026-01-01,music,0.8548
U003851,2026-01-01,none,0.9994
U003852,2026-01-01,streaming,0.619
U003853,2026-01-01,mobile,0.8547
U003854,2026-01-01,none,0.9645
U003855,2026-01-01,software,0.4913
U003856,2026-01-01,none,0.9124
U003857,2026-01-01,insurance,0.4849
U003858,2026-01-01,none,0.9999
U003859,2026-01-01,streaming,0.7906
U003860,2026-01-01,none,0.9973
U003861,2026-01-01,software,0.6095
U003862,2026-01-01,mobile,0.4939
U003863,2026-01-01,none,0.9216
U003864,2026-01-01,cloud,0.3908
U003865,2026-01-01,streaming,0.3528
U003866,2026-01-01,none,0.9995
U003867,2026-01-01,insurance,0.817
U003868,2026-01-01,mobile,0.6187
U003869,2026-01-01,mobile,0.7959
U003870,2026-01-01,cloud,0.8735
U003871,2026-01-01,gym,0.5066
U003872,2026-01-01,music,0.6255
U003873,2026-01-01,none,0.9928
U003874,2026-01-01,none,0.9661
U003875,2026-01-01,streaming,0.7005
U003876,2026-01-01,none,0.4108
U003877,2026-01-01,cloud,0.4615
U003878,2026-01-01,software,0.2976
U003879,2026-01-01,cloud,0.7747
U003880,2026-01-01,streaming,0.8547
U003881,2026-01-01,none,0.6174
U003882,2026-01-01,none,0.6815
U003883,2026-01-01,music,0.6314
U003884,2026-01-01,software,0.3529
U003885,2026-01-01,cloud,0.8481
U003886,2026-01-01,cloud,0.5527
U003887,2026-01-01,cloud,0.7203
U003888,2026-01-01,none,0.9996
U003889,2026-01-01,mobile,0.4678
U003890,2026-01-01,gym,0.6698
U003891,2026-01-01,none,0.9775
U003892,2026-01-01,none,0.9999
U003893,2026-01-01,mobile,0.5331
U003894,2026-01-01,cloud,0.3207
U003895,2026-01-01,none,0.6096
U003896,2026-01-01,gym,0.3938
U003897,2026-01-01,software,0.3556
U003898,2026-01-01,mobile,0.7447
U003899,2026-01-01,gym,0.3319
U003900,2026-01-01,software,0.5048
U003901,2026-01-01,mobile,0.5462
U003902,2026-01-01,none,0.6372
U003903,2026-01-01,none,0.9928
U003904,2026-01-01,insurance,0.7159
U003905,2026-01-01,software,0.5294
U003906,2026-01-01,software,0.4658
U003907,2026-01-01,streaming,0.3725
U003908,2026-01-01,none,0.735
U003909,2026-01-01,streaming,0.7242
U003910,2026-01-01,none,0.996
U003911,2026-01-01,none,0.9655
U003912,2026-01-01,insurance,0.6113
U003913,2026-01-01,cloud,0.4038
U003914,2026-01-01,streaming,0.4373
U003915,2026-01-01,none,0.9976
U003916,2026-01-01,none,0.9932
U003917,2026-01-01,none,0.9985
U003918,2026-01-01,gym,0.8577
U003919,2026-01-01,none,0.9921
U003920,2026-01-01,none,0.9904
U003921,2026-01-01,streaming,0.3881
U003922,2026-01-01,none,0.7721
U003923,2026-01-01,insurance,0.4963
U003924,2026-01-01,software,0.852
U003925,2026-01-01,software,0.7807
U003926,2026-01-01,none,0.5457
U003927,2026-01-01,music,0.6118
U003928,2026-01-01,cloud,0.696
U003929,2026-01-01,music,0.5127
U003930,2026-01-01,software,0.7084
U003931,2026-01-01,streaming,0.4608
U003932,2026-01-01,none,0.7663
U003933,2026-01-01,cloud,0.7987
U003934,2026-01-01,mobile,0.4305
U003935,2026-01-01,insurance,0.4657
U003936,2026-01-01,streaming,0.2563
U003937,2026-01-01,gym,0.4782
U003938,2026-01-01,music,0.8799
U003939,2026-01-01,streaming,0.3821
U003940,2026-01-01,none,0.9995
U003941,2026-01-01,insurance,0.3788
U003942,2026-01-01,software,0.9267
U003943,2026-01-01,streaming,0.4186
U003944,2026-01-01,software,0.3601
U003945,2026-01-01,software,0.5436
U003946,2026-01-01,none,0.9466
U003947,2026-01-01,insurance,0.6672
U003948,2026-01-01,gym,0.8535
U003949,2026-01-01,cloud,0.2929
U003950,2026-01-01,software,0.4281
U003951,2026-01-01,music,0.9158
U003952,2026-01-01,none,0.9164
U003953,2026-01-01,none,0.9579
U003954,2026-01-01,none,0.9937
U003955,2026-01-01,mobile,0.588
U003956,2026-01-01,none,0.7873
U003957,2026-01-01,none,0.8414
U003958,2026-01-01,software,0.3995
U003959,2026-01-01,insurance,0.4446
U003960,2026-01-01,mobile,0.8749
U003961,2026-01-01,cloud,0.6846
U003962,2026-01-01,none,0.513
U003963,2026-01-01,music,0.6082
U003964,2026-01-01,music,0.5769
U003965,2026-01-01,software,0.5174
U003966,2026-01-01,none,0.9062
U003967,2026-01-01,insurance,0.7498
U003968,2026-01-01,none,0.985
U003969,2026-01-01,none,0.5013
U003970,2026-01-01,insurance,0.5304
U003971,2026-01-01,none,0.685
U003972,2026-01-01,none,0.9989
U003973,2026-01-01,mobile,0.3397
U003974,2026-01-01,none,0.527
U003975,2026-01-01,software,0.4175
U003976,2026-01-01,mobile,0.4323
U003977,2026-01-01,software,0.3593
U003978,2026-01-01,cloud,0.4045
U003979,2026-01-01,music,0.8061
U003980,2026-01-01,mobile,0.6933
U003981,2026-01-01,none,0.4814
U003982,2026-01-01,streaming,0.483
U003983,2026-01-01,streaming,0.5105
U003984,2026-01-01,mobile,0.8899
U003985,2026-01-01,mobile,0.3608
U003986,2026-01-01,gym,0.5969
U003987,2026-01-01,none,0.9869
U003988,2026-01-01,none,0.4383
U003989,2026-01-01,none,0.9937
U003990,2026-01-01,software,0.6312
U003991,2026-01-01,none,0.9999
U003992,2026-01-01,cloud,0.3994
U003993,2026-01-01,cloud,0.4902
U003994,2026-01-01,mobile,0.4465
U003995,2026-01-01,none,0.9527
U003996,2026-01-01,music,0.3862
U003997,2026-01-01,cloud,0.5569
U003998,2026-01-01,insurance,0.7241
U003999,2026-01-01,mobile,0.6809
U004000,2026-01-01,music,0.6587
U004001,2026-01-01,insurance,0.7111
U004002,2026-01-01,none,0.8562
U004003,2026-01-01,none,0.8098
U004004,2026-01-01,music,0.6815
U004005,2026-01-01,cloud,0.8319
U004006,2026-01-01,software,0.8226
U004007,2026-01-01,none,0.9918
U004008,2026-01-01,mobile,0.5096
U004009,2026-01-01,insurance,0.4369
U004010,2026-01-01,none,0.9928
U004011,2026-01-01,insurance,0.8791
U004012,2026-01-01,music,0.8659
U004013,2026-01-01,software,0.3938
U004014,2026-01-01,cloud,0.858
U004015,2026-01-01,none,0.4169
U004016,2026-01-01,none,0.9863
U004017,2026-01-01,none,0.9929
U004018,2026-01-01,gym,0.5655
U004019,2026-01-01,none,0.9793
U004020,2026-01-01,streaming,0.8092
U004021,2026-01-01,music,0.6325
U004022,2026-01-01,streaming,0.4991
U004023,2026-01-01,cloud,0.6296
U004024,2026-01-01,cloud,0.424
U004025,2026-01-01,streaming,0.6773
U004026,2026-01-01,gym,0.6133
U004027,2026-01-01,mobile,0.4801
U004028,2026-01-01,insurance,0.4219
U004029,2026-01-01,none,0.2822
U004030,2026-01-01,software,0.8443
U004031,2026-01-01,cloud,0.503
U004032,2026-01-01,none,0.9987
U004033,2026-01-01,mobile,0.7515
U004034,2026-01-01,mobile,0.4322
U004035,2026-01-01,none,0.9151
U004036,2026-01-01,music,0.4155
U004037,2026-01-01,none,0.9939
U004038,2026-01-01,streaming,0.559
U004039,2026-01-01,cloud,0.4427
U004040,2026-01-01,none,0.9228
U004041,2026-01-01,none,0.9799
U004042,2026-01-01,insurance,0.6807
U004043,2026-01-01,mobile,0.5649
U004044,2026-01-01,none,0.7739
U004045,2026-01-01,none,0.9874
U004046,2026-01-01,insurance,0.3504
U004047,2026-01-01,insurance,0.4523
U004048,2026-01-01,gym,0.5244
U004049,2026-01-01,insurance,0.5306
U004050,2026-01-01,cloud,0.5035
U004051,2026-01-01,none,0.7424
U004052,2026-01-01,streaming,0.5602
U004053,2026-01-01,cloud,0.8612
U004054,2026-01-01,insurance,0.4104
U004055,2026-01-01,gym,0.4392
U004056,2026-01-01,insurance,0.619
U004057,2026-01-01,cloud,0.4018
U004058,2026-01-01,gym,0.4812
U004059,2026-01-01,none,0.3985
U004060,2026-01-01,streaming,0.3654
U004061,2026-01-01,streaming,0.3446
U004062,2026-01-01,none,0.9998
U004063,2026-01-01,mobile,0.4108
U004064,2026-01-01,streaming,0.7257
U004065,2026-01-01,cloud,0.8344
U004066,2026-01-01,gym,0.4626
U004067,2026-01-01,none,0.8045
U004068,2026-01-01,gym,0.5474
U004069,2026-01-01,mobile,0.5907
U004070,2026-01-01,insurance,0.4553
U004071,2026-01-01,none,0.8909
U004072,2026-01-01,none,0.7491
U004073,2026-01-01,insurance,0.5323
U004074,2026-01-01,insurance,0.6212
U004075,2026-01-01,none,0.9996
U004076,2026-01-01,mobile,0.499
U004077,2026-01-01,none,0.6461
U004078,2026-01-01,software,0.5415
U004079,2026-01-01,software,0.6131
U004080,2026-01-01,cloud,0.4025
U004081,2026-01-01,music,0.5655
U004082,2026-01-01,none,0.9165
U004083,2026-01-01,cloud,0.4785
U004084,2026-01-01,insurance,0.8699
U004085,2026-01-01,cloud,0.4629
U004086,2026-01-01,cloud,0.6157
U004087,2026-01-01,mobile,0.6024
U004088,2026-01-01,none,0.9999
U004089,2026-01-01,insurance,0.5913
U004090,2026-01-01,mobile,0.3913
U004091,2026-01-01,gym,0.7963
U004092,2026-01-01,music,0.8951
U004093,2026-01-01,music,0.4662
U004094,2026-01-01,software,0.4552
U004095,2026-01-01,gym,0.5026
U004096,2026-01-01,cloud,0.6773
U004097,2026-01-01,cloud,0.6164
U004098,2026-01-01,none,0.9993
U004099,2026-01-01,music,0.4177
U004100,2026-01-01,cloud,0.7748
U004101,2026-01-01,none,0.9563
U004102,2026-01-01,mobile,0.8606
U004103,2026-01-01,none,0.9999
U004104,2026-01-01,software,0.8048
U004105,2026-01-01,streaming,0.569
U004106,2026-01-01,insurance,0.7849
U004107,2026-01-01,cloud,0.4452
U004108,2026-01-01,cloud,0.531
U004109,2026-01-01,streaming,0.5374
U004110,2026-01-01,insurance,0.9008
U004111,2026-01-01,none,0.9974
U004112,2026-01-01,gym,0.7383
U004113,2026-01-01,insurance,0.4518
U004114,2026-01-01,none,0.8735
U004115,2026-01-01,none,0.7158
U004116,2026-01-01,music,0.5556
U004117,2026-01-01,insurance,0.5942
U004118,2026-01-01,none,0.3432
U004119,2026-01-01,software,0.7744
U004120,2026-01-01,streaming,0.836
U004121,2026-01-01,none,0.9999
U004122,2026-01-01,insurance,0.3583
U004123,2026-01-01,insurance,0.5996
U004124,2026-01-01,mobile,0.8795
U004125,2026-01-01,streaming,0.864
U004126,2026-01-01,mobile,0.804
U004127,2026-01-01,gym,0.8442
U004128,2026-01-01,streaming,0.6806
U004129,2026-01-01,streaming,0.6067
U004130,2026-01-01,music,0.6504
U004131,2026-01-01,cloud,0.6857
U004132,2026-01-01,music,0.5217
U004133,2026-01-01,gym,0.6925
U004134,2026-01-01,streaming,0.4407
U004135,2026-01-01,streaming,0.3406
U004136,2026-01-01,none,0.9999
U004137,2026-01-01,software,0.3294
U004138,2026-01-01,none,0.8482
U004139,2026-01-01,cloud,0.4966
U004140,2026-01-01,none,0.4989
U004141,2026-01-01,software,0.445
U004142,2026-01-01,cloud,0.3735
U004143,2026-01-01,cloud,0.8721
U004144,2026-01-01,none,0.4636
U004145,2026-01-01,cloud,0.6155
U004146,2026-01-01,software,0.4735
U004147,2026-01-01,cloud,0.6797
U004148,2026-01-01,music,0.9058
U004149,2026-01-01,none,1.0
U004150,2026-01-01,mobile,0.4802
U004151,2026-01-01,music,0.7959
U004152,2026-01-01,none,0.9987
U004153,2026-01-01,gym,0.4855
U004154,2026-01-01,cloud,0.4668
U004155,2026-01-01,music,0.6952
U004156,2026-01-01,software,0.6998
U004157,2026-01-01,software,0.3296
U004158,2026-01-01,cloud,0.3243
U004159,2026-01-01,none,0.5006
U004160,2026-01-01,streaming,0.3921
U004161,2026-01-01,music,0.7191
U004162,2026-01-01,insurance,0.5984
U004163,2026-01-01,gym,0.4078
U004164,2026-01-01,none,0.6299
U004165,2026-01-01,insurance,0.4145
U004166,2026-01-01,gym,0.833
U004167,2026-01-01,mobile,0.4647
U004168,2026-01-01,software,0.3629
U004169,2026-01-01,none,0.7268
U004170,2026-01-01,insurance,0.7218
U004171,2026-01-01,none,0.9975
U004172,2026-01-01,insurance,0.8583
U004173,2026-01-01,music,0.5515
U004174,2026-01-01,none,0.7392
U004175,2026-01-01,none,0.6953
U004176,2026-01-01,none,0.9982
U004177,2026-01-01,none,0.8679
U004178,2026-01-01,none,0.9222
U004179,2026-01-01,none,0.83
U004180,2026-01-01,none,0.5823
U004181,2026-01-01,music,0.8847
U004182,2026-01-01,mobile,0.8479
U004183,2026-01-01,music,0.3914
U004184,2026-01-01,cloud,0.5137
U004185,2026-01-01,software,0.7328
U004186,2026-01-01,none,0.362
U004187,2026-01-01,streaming,0.9102
U004188,2026-01-01,gym,0.7986
U004189,2026-01-01,music,0.6483
U004190,2026-01-01,streaming,0.6303
U004191,2026-01-01,cloud,0.2697
U004192,2026-01-01,mobile,0.69
U004193,2026-01-01,gym,0.4744
U004194,2026-01-01,cloud,0.6318
U004195,2026-01-01,cloud,0.7967
U004196,2026-01-01,software,0.5271
U004197,2026-01-01,cloud,0.6062
U004198,2026-01-01,none,0.5133
U004199,2026-01-01,music,0.7665
U004200,2026-01-01,gym,0.8165
U004201,2026-01-01,gym,0.5969
U004202,2026-01-01,none,0.7086
U004203,2026-01-01,none,0.9118
U004204,2026-01-01,none,0.9983
U004205,2026-01-01,none,0.9411
U004206,2026-01-01,cloud,0.6511
U004207,2026-01-01,none,0.9921
U004208,2026-01-01,none,0.8619
U004209,2026-01-01,none,0.8173
U004210,2026-01-01,none,0.9875
U004211,2026-01-01,none,0.9406
U004212,2026-01-01,software,0.5424
U004213,2026-01-01,software,0.5443
U004214,2026-01-01,mobile,0.8481
U004215,2026-01-01,none,0.9369
U004216,2026-01-01,music,0.813
U004217,2026-01-01,none,0.9995
U004218,2026-01-01,software,0.849
U004219,2026-01-01,none,0.903
U004220,2026-01-01,none,0.8874
U004221,2026-01-01,music,0.6418
U004222,2026-01-01,insurance,0.6135
U004223,2026-01-01,none,0.9997
U004224,2026-01-01,gym,0.5352
U004225,2026-01-01,software,0.6122
U004226,2026-01-01,music,0.4327
U004227,2026-01-01,none,0.9682
U004228,2026-01-01,none,0.7629
U004229,2026-01-01,software,0.5756
U004230,2026-01-01,none,0.9852
U004231,2026-01-01,none,0.7633
U004232,2026-01-01,insurance,0.7038
U004233,2026-01-01,none,0.9982
U004234,2026-01-01,insurance,0.9047
U004235,2026-01-01,insurance,0.5477
U004236,2026-01-01,streaming,0.5766
U004237,2026-01-01,none,0.4169
U004238,2026-01-01,gym,0.4965
U004239,2026-01-01,cloud,0.4502
U004240,2026-01-01,none,0.8557
U004241,2026-01-01,cloud,0.4175
U004242,2026-01-01,software,0.6742
U004243,2026-01-01,insurance,0.7182
U004244,2026-01-01,none,0.9983
U004245,2026-01-01,streaming,0.6097
U004246,2026-01-01,none,0.9871
U004247,2026-01-01,none,0.9796
U004248,2026-01-01,mobile,0.925
U004249,2026-01-01,mobile,0.534
U004250,2026-01-01,insurance,0.5706
U004251,2026-01-01,gym,0.5401
U004252,2026-01-01,music,0.8814
U004253,2026-01-01,streaming,0.574
U004254,2026-01-01,none,0.9344
U004255,2026-01-01,music,0.6798
U004256,2026-01-01,none,0.8536
U004257,2026-01-01,mobile,0.8635
U004258,2026-01-01,none,0.9946
U004259,2026-01-01,none,0.5223
U004260,2026-01-01,none,0.9913
U004261,2026-01-01,none,0.8349
U004262,2026-01-01,mobile,0.7546
U004263,2026-01-01,none,0.535
U004264,2026-01-01,cloud,0.7957
U004265,2026-01-01,streaming,0.5715
U004266,2026-01-01,cloud,0.5302
U004267,2026-01-01,none,0.9379
U004268,2026-01-01,none,0.9997
U004269,2026-01-01,none,0.7311
U004270,2026-01-01,streaming,0.4459
U004271,2026-01-01,none,0.9989
U004272,2026-01-01,music,0.4314
U004273,2026-01-01,cloud,0.583
U004274,2026-01-01,insurance,0.4886
U004275,2026-01-01,insurance,0.38
U004276,2026-01-01,software,0.5579
U004277,2026-01-01,insurance,0.6114
U004278,2026-01-01,insurance,0.4742
U004279,2026-01-01,mobile,0.4935
U004280,2026-01-01,software,0.7217
U004281,2026-01-01,insurance,0.5251
U004282,2026-01-01,mobile,0.3211
U004283,2026-01-01,mobile,0.3814
U004284,2026-01-01,none,0.9864
U004285,2026-01-01,mobile,0.9153
U004286,2026-01-01,insurance,0.3609
U004287,2026-01-01,none,0.7767
U004288,2026-01-01,music,0.3829
U004289,2026-01-01,none,0.9998
U004290,2026-01-01,gym,0.5582
U004291,2026-01-01,none,0.437
U004292,2026-01-01,insurance,0.6656
U004293,2026-01-01,music,0.382
U004294,2026-01-01,cloud,0.769
U004295,2026-01-01,streaming,0.7221
U004296,2026-01-01,none,0.5804
U004297,2026-01-01,software,0.591
U004298,2026-01-01,gym,0.4547
U004299,2026-01-01,gym,0.6836
U004300,2026-01-01,gym,0.5826
U004301,2026-01-01,cloud,0.666
U004302,2026-01-01,streaming,0.5744
U004303,2026-01-01,none,0.9503
U004304,2026-01-01,none,0.9178
U004305,2026-01-01,none,0.9947
U004306,2026-01-01,music,0.5549
U004307,2026-01-01,none,0.541
U004308,2026-01-01,none,0.8178
U004309,2026-01-01,none,0.8152
U004310,2026-01-01,mobile,0.8854
U004311,2026-01-01,none,0.8057
U004312,2026-01-01,insurance,0.629
U004313,2026-01-01,none,0.9926
U004314,2026-01-01,insurance,0.5044
U004315,2026-01-01,none,0.4758
U004316,2026-01-01,none,0.9972
U004317,2026-01-01,none,0.9968
U004318,2026-01-01,none,0.9994
U004319,2026-01-01,none,0.9745
U004320,2026-01-01,cloud,0.5471
U004321,2026-01-01,mobile,0.4956
U004322,2026-01-01,none,0.9315
U004323,2026-01-01,streaming,0.6457
U004324,2026-01-01,music,0.4503
U004325,2026-01-01,gym,0.6759
U004326,2026-01-01,cloud,0.4479
U004327,2026-01-01,insurance,0.639
U004328,2026-01-01,gym,0.5185
U004329,2026-01-01,software,0.571
U004330,2026-01-01,insurance,0.5884
U004331,2026-01-01,none,0.9847
U004332,2026-01-01,none,0.8943
U004333,2026-01-01,none,0.4747
U004334,2026-01-01,none,0.8735
U004335,2026-01-01,none,0.9792
U004336,2026-01-01,insurance,0.8144
U004337,2026-01-01,music,0.4539
U004338,2026-01-01,gym,0.8697
U004339,2026-01-01,none,0.9994
U004340,2026-01-01,insurance,0.6004
U004341,2026-01-01,cloud,0.8734
U004342,2026-01-01,insurance,0.8703
U004343,2026-01-01,mobile,0.546
U004344,2026-01-01,gym,0.3126
U004345,2026-01-01,none,0.9988
U004346,2026-01-01,none,0.9964
U004347,2026-01-01,cloud,0.5089
U004348,2026-01-01,music,0.5659
U004349,2026-01-01,streaming,0.515
U004350,2026-01-01,none,0.9542
U004351,2026-01-01,mobile,0.7725
U004352,2026-01-01,none,0.9997
U004353,2026-01-01,mobile,0.7656
U004354,2026-01-01,cloud,0.8755
U004355,2026-01-01,gym,0.7414
U004356,2026-01-01,software,0.8377
U004357,2026-01-01,mobile,0.8507
U004358,2026-01-01,software,0.638
U004359,2026-01-01,mobile,0.66
U004360,2026-01-01,none,0.785
U004361,2026-01-01,software,0.3841
U004362,2026-01-01,cloud,0.4812
U004363,2026-01-01,streaming,0.4797
U004364,2026-01-01,insurance,0.3987
U004365,2026-01-01,gym,0.5005
U004366,2026-01-01,none,0.3452
U004367,2026-01-01,none,0.4041
U004368,2026-01-01,cloud,0.5697
U004369,2026-01-01,insurance,0.4149
U004370,2026-01-01,cloud,0.5126
U004371,2026-01-01,none,0.361
U004372,2026-01-01,music,0.6752
U004373,2026-01-01,gym,0.4929
U004374,2026-01-01,software,0.5496
U004375,2026-01-01,music,0.3146
U004376,2026-01-01,insurance,0.515
U004377,2026-01-01,streaming,0.3732
U004378,2026-01-01,cloud,0.6648
U004379,2026-01-01,streaming,0.5428
U004380,2026-01-01,mobile,0.4432
U004381,2026-01-01,music,0.3072
U004382,2026-01-01,cloud,0.4008
U004383,2026-01-01,none,0.9622
U004384,2026-01-01,streaming,0.4758
U004385,2026-01-01,insurance,0.6135
U004386,2026-01-01,gym,0.6021
U004387,2026-01-01,none,0.9303
U004388,2026-01-01,none,0.9875
U004389,2026-01-01,cloud,0.4046
U004390,2026-01-01,insurance,0.4811
U004391,2026-01-01,streaming,0.7762
U004392,2026-01-01,cloud,0.7735
U004393,2026-01-01,none,0.995
U004394,2026-01-01,none,0.9269
U004395,2026-01-01,none,0.8918
U004396,2026-01-01,gym,0.73
U004397,2026-01-01,none,0.9217
U004398,2026-01-01,insurance,0.5266
U004399,2026-01-01,none,0.956
U004400,2026-01-01,mobile,0.4947
U004401,2026-01-01,gym,0.8367
U004402,2026-01-01,none,0.9939
U004403,2026-01-01,gym,0.9058
U004404,2026-01-01,insurance,0.5129
U004405,2026-01-01,mobile,0.5088
U004406,2026-01-01,gym,0.3851
U004407,2026-01-01,cloud,0.7246
U004408,2026-01-01,mobile,0.4937
U004409,2026-01-01,insurance,0.4762
U004410,2026-01-01,none,0.6609
U004411,2026-01-01,cloud,0.4961
U004412,2026-01-01,none,0.6641
U004413,2026-01-01,none,0.9667
U004414,2026-01-01,insurance,0.6753
U004415,2026-01-01,none,0.6117
U004416,2026-01-01,insurance,0.7011
U004417,2026-01-01,gym,0.5964
U004418,2026-01-01,none,0.6779
U004419,2026-01-01,insurance,0.4286
U004420,2026-01-01,music,0.5197
U004421,2026-01-01,streaming,0.7354
U004422,2026-01-01,software,0.8126
U004423,2026-01-01,none,0.9148
U004424,2026-01-01,software,0.5479
U004425,2026-01-01,gym,0.3844
U004426,2026-01-01,cloud,0.3964
U004427,2026-01-01,streaming,0.3018
U004428,2026-01-01,gym,0.5677
U004429,2026-01-01,mobile,0.8926
U004430,2026-01-01,gym,0.8164
U004431,2026-01-01,none,0.9908
U004432,2026-01-01,gym,0.6834
U004433,2026-01-01,cloud,0.8613
U004434,2026-01-01,music,0.65
U004435,2026-01-01,streaming,0.5685
U004436,2026-01-01,none,0.843
U004437,2026-01-01,music,0.3995
U004438,2026-01-01,gym,0.501
U004439,2026-01-01,streaming,0.7785
U004440,2026-01-01,streaming,0.6477
U004441,2026-01-01,insurance,0.3888
U004442,2026-01-01,none,0.9959
U004443,2026-01-01,none,0.9782
U004444,2026-01-01,cloud,0.6404
U004445,2026-01-01,streaming,0.3228
U004446,2026-01-01,cloud,0.7915
U004447,2026-01-01,streaming,0.6946
U004448,2026-01-01,streaming,0.6503
U004449,2026-01-01,mobile,0.4023
U004450,2026-01-01,insurance,0.4679
U004451,2026-01-01,software,0.9083
U004452,2026-01-01,none,0.3167
U004453,2026-01-01,gym,0.5998
U004454,2026-01-01,streaming,0.7087
U004455,2026-01-01,none,0.9681
U004456,2026-01-01,mobile,0.4905
U004457,2026-01-01,none,0.9335
U004458,2026-01-01,gym,0.3558
U004459,2026-01-01,software,0.6139
U004460,2026-01-01,insurance,0.8668
U004461,2026-01-01,cloud,0.5566
U004462,2026-01-01,none,0.9053
U004463,2026-01-01,music,0.6704
U004464,2026-01-01,none,0.9941
U004465,2026-01-01,none,0.8437
U004466,2026-01-01,cloud,0.5855
U004467,2026-01-01,software,0.4809
U004468,2026-01-01,streaming,0.9019
U004469,2026-01-01,none,0.5815
U004470,2026-01-01,software,0.855
U004471,2026-01-01,music,0.5407
U004472,2026-01-01,none,0.637
U004473,2026-01-01,none,0.947
U004474,2026-01-01,none,0.3844
U004475,2026-01-01,cloud,0.3981
U004476,2026-01-01,music,0.4466
U004477,2026-01-01,insurance,0.8919
U004478,2026-01-01,none,0.5015
U004479,2026-01-01,streaming,0.628
U004480,2026-01-01,mobile,0.5275
U004481,2026-01-01,gym,0.4566
U004482,2026-01-01,none,0.9949
U004483,2026-01-01,none,0.9704
U004484,2026-01-01,none,0.8317
U004485,2026-01-01,none,0.7659
U004486,2026-01-01,software,0.4649
U004487,2026-01-01,music,0.378
U004488,2026-01-01,streaming,0.8787
U004489,2026-01-01,none,0.4088
U004490,2026-01-01,none,0.6056
U004491,2026-01-01,insurance,0.4265
U004492,2026-01-01,gym,0.6672
U004493,2026-01-01,none,0.3857
U004494,2026-01-01,gym,0.6062
U004495,2026-01-01,none,0.6919
U004496,2026-01-01,software,0.578
U004497,2026-01-01,none,0.9213
U004498,2026-01-01,cloud,0.7029
U004499,2026-01-01,none,0.9845
U004500,2026-01-01,mobile,0.5083
U004501,2026-01-01,cloud,0.489
U004502,2026-01-01,insurance,0.4686
U004503,2026-01-01,cloud,0.5699
U004504,2026-01-01,none,0.9937
U004505,2026-01-01,cloud,0.8154
U004506,2026-01-01,none,0.9994
U004507,2026-01-01,none,0.585
U004508,2026-01-01,none,0.8367
U004509,2026-01-01,none,0.996
U004510,2026-01-01,none,0.6038
U004511,2026-01-01,music,0.4274
U004512,2026-01-01,mobile,0.6785
U004513,2026-01-01,gym,0.671
U004514,2026-01-01,insurance,0.4838
U004515,2026-01-01,none,0.8217
U004516,2026-01-01,none,0.9576
U004517,2026-01-01,music,0.4688
U004518,2026-01-01,music,0.5637
U004519,2026-01-01,none,0.9984
U004520,2026-01-01,music,0.5372
U004521,2026-01-01,streaming,0.3684
U004522,2026-01-01,insurance,0.4728
U004523,2026-01-01,none,0.756
U004524,2026-01-01,cloud,0.8638
U004525,2026-01-01,gym,0.8387
U004526,2026-01-01,cloud,0.7759
U004527,2026-01-01,cloud,0.7151
U004528,2026-01-01,music,0.5724
U004529,2026-01-01,software,0.6247
U004530,2026-01-01,music,0.6007
U004531,2026-01-01,mobile,0.7243
U004532,2026-01-01,none,0.9153
U004533,2026-01-01,gym,0.5802
U004534,2026-01-01,insurance,0.5229
U004535,2026-01-01,mobile,0.5837
U004536,2026-01-01,insurance,0.4289
U004537,2026-01-01,streaming,0.4868
U004538,2026-01-01,insurance,0.6133
U004539,2026-01-01,cloud,0.2615
U004540,2026-01-01,none,0.9143
U004541,2026-01-01,music,0.6122
U004542,2026-01-01,none,0.5552
U004543,2026-01-01,software,0.5416
U004544,2026-01-01,cloud,0.4938
U004545,2026-01-01,software,0.7985
U004546,2026-01-01,software,0.8865
U004547,2026-01-01,software,0.8343
U004548,2026-01-01,software,0.8976
U004549,2026-01-01,none,0.8933
U004550,2026-01-01,gym,0.5228
U004551,2026-01-01,software,0.4502
U004552,2026-01-01,gym,0.5082
U004553,2026-01-01,streaming,0.6376
U004554,2026-01-01,none,0.9746
U004555,2026-01-01,software,0.7142
U004556,2026-01-01,mobile,0.6998
U004557,2026-01-01,none,0.5154
U004558,2026-01-01,insurance,0.5373
U004559,2026-01-01,mobile,0.3999
U004560,2026-01-01,none,0.9443
U004561,2026-01-01,none,0.9987
U004562,2026-01-01,none,0.9931
U004563,2026-01-01,gym,0.3423
U004564,2026-01-01,streaming,0.4309
U004565,2026-01-01,software,0.3559
U004566,2026-01-01,gym,0.5347
U004567,2026-01-01,streaming,0.4381
U004568,2026-01-01,music,0.4894
U004569,2026-01-01,mobile,0.6289
U004570,2026-01-01,insurance,0.4531
U004571,2026-01-01,insurance,0.5031
U004572,2026-01-01,none,0.9957
U004573,2026-01-01,insurance,0.4392
U004574,2026-01-01,none,1.0
U004575,2026-01-01,cloud,0.8299
U004576,2026-01-01,gym,0.7228
U004577,2026-01-01,none,0.9893
U004578,2026-01-01,insurance,0.797
U004579,2026-01-01,music,0.5367
U004580,2026-01-01,cloud,0.7073
U004581,2026-01-01,none,0.9999
U004582,2026-01-01,none,0.9047
U004583,2026-01-01,software,0.5221
U004584,2026-01-01,none,0.9971
U004585,2026-01-01,streaming,0.617
U004586,2026-01-01,insurance,0.6999
U004587,2026-01-01,none,0.8923
U004588,2026-01-01,gym,0.4173
U004589,2026-01-01,cloud,0.5969
U004590,2026-01-01,music,0.6006
U004591,2026-01-01,streaming,0.9141
U004592,2026-01-01,cloud,0.6472
U004593,2026-01-01,insurance,0.5247
U004594,2026-01-01,streaming,0.6646
U004595,2026-01-01,insurance,0.4521
U004596,2026-01-01,software,0.4562
U004597,2026-01-01,software,0.6435
U004598,2026-01-01,none,0.8493
U004599,2026-01-01,none,0.7138
U004600,2026-01-01,software,0.4879
U004601,2026-01-01,mobile,0.4416
U004602,2026-01-01,none,0.9994
U004603,2026-01-01,none,0.9994
U004604,2026-01-01,none,0.9728
U004605,2026-01-01,insurance,0.8837
U004606,2026-01-01,insurance,0.5753
U004607,2026-01-01,gym,0.7821
U004608,2026-01-01,streaming,0.4858
U004609,2026-01-01,gym,0.711
U004610,2026-01-01,software,0.3745
U004611,2026-01-01,insurance,0.6757
U004612,2026-01-01,software,0.4712
U004613,2026-01-01,insurance,0.7009
U004614,2026-01-01,insurance,0.7618
U004615,2026-01-01,insurance,0.6933
U004616,2026-01-01,gym,0.3047
U004617,2026-01-01,gym,0.3707
U004618,2026-01-01,insurance,0.5005
U004619,2026-01-01,none,0.8421
U004620,2026-01-01,none,0.951
U004621,2026-01-01,gym,0.6302
U004622,2026-01-01,music,0.4691
U004623,2026-01-01,insurance,0.6092
U004624,2026-01-01,music,0.5054
U004625,2026-01-01,insurance,0.6107
U004626,2026-01-01,streaming,0.6342
U004627,2026-01-01,software,0.4465
U004628,2026-01-01,none,0.9591
U004629,2026-01-01,software,0.8264
U004630,2026-01-01,cloud,0.5257
U004631,2026-01-01,none,0.6865
U004632,2026-01-01,insurance,0.4767
U004633,2026-01-01,software,0.8798
U004634,2026-01-01,none,0.9083
U004635,2026-01-01,none,0.9798
U004636,2026-01-01,music,0.5019
U004637,2026-01-01,insurance,0.3691
U004638,2026-01-01,cloud,0.6541
U004639,2026-01-01,none,0.4143
U004640,2026-01-01,none,0.9999
U004641,2026-01-01,none,0.9468
U004642,2026-01-01,music,0.4639
U004643,2026-01-01,music,0.4466
U004644,2026-01-01,insurance,0.4597
U004645,2026-01-01,music,0.4162
U004646,2026-01-01,cloud,0.5738
U004647,2026-01-01,cloud,0.7584
U004648,2026-01-01,music,0.5946
U004649,2026-01-01,insurance,0.588
U004650,2026-01-01,gym,0.4353
U004651,2026-01-01,mobile,0.857
U004652,2026-01-01,streaming,0.481
U004653,2026-01-01,none,0.967
U004654,2026-01-01,none,0.9978
U004655,2026-01-01,cloud,0.4035
U004656,2026-01-01,streaming,0.5269
U004657,2026-01-01,cloud,0.6596
U004658,2026-01-01,insurance,0.3738
U004659,2026-01-01,software,0.5881
U004660,2026-01-01,software,0.7441
U004661,2026-01-01,cloud,0.8067
U004662,2026-01-01,cloud,0.5419
U004663,2026-01-01,gym,0.8205
U004664,2026-01-01,insurance,0.6912
U004665,2026-01-01,none,0.6321
U004666,2026-01-01,none,0.995
U004667,2026-01-01,insurance,0.923
U004668,2026-01-01,mobile,0.4919
U004669,2026-01-01,none,0.8741
U004670,2026-01-01,insurance,0.4986
U004671,2026-01-01,none,0.9896
U004672,2026-01-01,music,0.8731
U004673,2026-01-01,none,0.7626
U004674,2026-01-01,mobile,0.4406
U004675,2026-01-01,insurance,0.5282
U004676,2026-01-01,none,0.9655
U004677,2026-01-01,cloud,0.7659
U004678,2026-01-01,insurance,0.3123
U004679,2026-01-01,gym,0.6299
U004680,2026-01-01,gym,0.8753
U004681,2026-01-01,streaming,0.4813
U004682,2026-01-01,none,0.4155
U004683,2026-01-01,software,0.534
U004684,2026-01-01,none,0.8666
U004685,2026-01-01,none,0.9998
U004686,2026-01-01,none,0.9891
U004687,2026-01-01,none,0.8889
U004688,2026-01-01,none,0.9981
U004689,2026-01-01,gym,0.5091
U004690,2026-01-01,insurance,0.6494
U004691,2026-01-01,none,0.5558
U004692,2026-01-01,music,0.5182
U004693,2026-01-01,none,0.9328
U004694,2026-01-01,streaming,0.6227
U004695,2026-01-01,software,0.5001
U004696,2026-01-01,insurance,0.7578
U004697,2026-01-01,cloud,0.5094
U004698,2026-01-01,insurance,0.5584
U004699,2026-01-01,insurance,0.8346
U004700,2026-01-01,none,0.9437
U004701,2026-01-01,streaming,0.9031
U004702,2026-01-01,cloud,0.4514
U004703,2026-01-01,cloud,0.6075
U004704,2026-01-01,none,0.9514
U004705,2026-01-01,music,0.4151
U004706,2026-01-01,software,0.3657
U004707,2026-01-01,gym,0.3879
U004708,2026-01-01,music,0.6301
U004709,2026-01-01,none,0.9933
U004710,2026-01-01,mobile,0.6814
U004711,2026-01-01,streaming,0.6336
U004712,2026-01-01,insurance,0.5062
U004713,2026-01-01,mobile,0.5799
U004714,2026-01-01,mobile,0.4809
U004715,2026-01-01,mobile,0.5963
U004716,2026-01-01,mobile,0.7277
U004717,2026-01-01,software,0.5195
U004718,2026-01-01,gym,0.4048
U004719,2026-01-01,none,0.7692
U004720,2026-01-01,none,0.9981
U004721,2026-01-01,mobile,0.3986
U004722,2026-01-01,music,0.845
U004723,2026-01-01,gym,0.4915
U004724,2026-01-01,cloud,0.903
U004725,2026-01-01,music,0.3653
U004726,2026-01-01,none,0.8055
U004727,2026-01-01,music,0.4257
U004728,2026-01-01,cloud,0.3705
U004729,2026-01-01,none,0.9962
U004730,2026-01-01,none,0.9974
U004731,2026-01-01,music,0.8259
U004732,2026-01-01,none,0.7313
U004733,2026-01-01,mobile,0.6969
U004734,2026-01-01,gym,0.7199
U004735,2026-01-01,software,0.8614
U004736,2026-01-01,music,0.4941
U004737,2026-01-01,streaming,0.9098
U004738,2026-01-01,none,0.903
U004739,2026-01-01,streaming,0.4551
U004740,2026-01-01,mobile,0.2897
U004741,2026-01-01,cloud,0.4065
U004742,2026-01-01,music,0.4612
U004743,2026-01-01,streaming,0.512
U004744,2026-01-01,none,0.4464
U004745,2026-01-01,insurance,0.5815
U004746,2026-01-01,software,0.4868
U004747,2026-01-01,none,0.8232
U004748,2026-01-01,none,0.9943
U004749,2026-01-01,none,0.9605
U004750,2026-01-01,none,0.9773
U004751,2026-01-01,software,0.5537
U004752,2026-01-01,music,0.8829
U004753,2026-01-01,software,0.8888
U004754,2026-01-01,none,0.3902
U004755,2026-01-01,none,0.9412
U004756,2026-01-01,music,0.427
U004757,2026-01-01,streaming,0.7918
U004758,2026-01-01,none,0.998
U004759,2026-01-01,mobile,0.6813
U004760,2026-01-01,cloud,0.5138
U004761,2026-01-01,none,0.8413
U004762,2026-01-01,gym,0.7025
U004763,2026-01-01,streaming,0.4745
U004764,2026-01-01,gym,0.4823
U004765,2026-01-01,insurance,0.4696
U004766,2026-01-01,gym,0.6419
U004767,2026-01-01,none,0.5618
U004768,2026-01-01,streaming,0.4368
U004769,2026-01-01,cloud,0.8234
U004770,2026-01-01,music,0.4576
U004771,2026-01-01,software,0.6167
U004772,2026-01-01,gym,0.5352
U004773,2026-01-01,software,0.3982
U004774,2026-01-01,mobile,0.5283
U004775,2026-01-01,mobile,0.3853
U004776,2026-01-01,insurance,0.4876
U004777,2026-01-01,mobile,0.5313
U004778,2026-01-01,none,0.5675
U004779,2026-01-01,software,0.5797
U004780,2026-01-01,mobile,0.7337
U004781,2026-01-01,none,0.8656
U004782,2026-01-01,none,0.9998
U004783,2026-01-01,music,0.5181
U004784,2026-01-01,software,0.8821
U004785,2026-01-01,mobile,0.6751
U004786,2026-01-01,music,0.8273
U004787,2026-01-01,mobile,0.8631
U004788,2026-01-01,none,0.9378
U004789,2026-01-01,none,0.9583
U004790,2026-01-01,software,0.5086
U004791,2026-01-01,cloud,0.2847
U004792,2026-01-01,insurance,0.554
U004793,2026-01-01,mobile,0.4781
U004794,2026-01-01,none,0.9971
U004795,2026-01-01,none,0.9976
U004796,2026-01-01,none,0.6808
U004797,2026-01-01,software,0.5428
U004798,2026-01-01,insurance,0.464
U004799,2026-01-01,music,0.51
U004800,2026-01-01,none,0.6394
U004801,2026-01-01,mobile,0.4184
U004802,2026-01-01,streaming,0.6201
U004803,2026-01-01,none,0.7255
U004804,2026-01-01,music,0.4191
U004805,2026-01-01,none,0.8146
U004806,2026-01-01,cloud,0.7312
U004807,2026-01-01,insurance,0.7398
U004808,2026-01-01,streaming,0.5047
U004809,2026-01-01,music,0.8678
U004810,2026-01-01,mobile,0.5974
U004811,2026-01-01,mobile,0.8482
U004812,2026-01-01,streaming,0.4078
U004813,2026-01-01,software,0.3917
U004814,2026-01-01,insurance,0.3551
U004815,2026-01-01,gym,0.3863
U004816,2026-01-01,streaming,0.4694
U004817,2026-01-01,music,0.3062
U004818,2026-01-01,cloud,0.7593
U004819,2026-01-01,cloud,0.7892
U004820,2026-01-01,none,0.9099
U004821,2026-01-01,streaming,0.4745
U004822,2026-01-01,gym,0.4178
U004823,2026-01-01,insurance,0.5143
U004824,2026-01-01,music,0.7811
U004825,2026-01-01,insurance,0.5814
U004826,2026-01-01,insurance,0.552
U004827,2026-01-01,software,0.9167
U004828,2026-01-01,cloud,0.8018
U004829,2026-01-01,none,0.6189
U004830,2026-01-01,streaming,0.4648
U004831,2026-01-01,none,0.6806
U004832,2026-01-01,music,0.8925
U004833,2026-01-01,streaming,0.5596
U004834,2026-01-01,none,0.9845
U004835,2026-01-01,none,0.5168
U004836,2026-01-01,music,0.3708
U004837,2026-01-01,none,0.839
U004838,2026-01-01,streaming,0.4229
U004839,2026-01-01,insurance,0.592
U004840,2026-01-01,streaming,0.5758
U004841,2026-01-01,none,0.8422
U004842,2026-01-01,insurance,0.7394
U004843,2026-01-01,cloud,0.6386
U004844,2026-01-01,none,0.4186
U004845,2026-01-01,cloud,0.513
U004846,2026-01-01,insurance,0.6547
U004847,2026-01-01,mobile,0.603
U004848,2026-01-01,insurance,0.6885
U004849,2026-01-01,mobile,0.7683
U004850,2026-01-01,mobile,0.6417
U004851,2026-01-01,gym,0.5578
U004852,2026-01-01,streaming,0.9107
U004853,2026-01-01,music,0.5437
U004854,2026-01-01,none,0.6954
U004855,2026-01-01,cloud,0.5692
U004856,2026-01-01,none,0.9846
U004857,2026-01-01,none,0.898
U004858,2026-01-01,mobile,0.7568
U004859,2026-01-01,software,0.3549
U004860,2026-01-01,none,0.9505
U004861,2026-01-01,none,0.8653
U004862,2026-01-01,none,0.5477
U004863,2026-01-01,music,0.3607
U004864,2026-01-01,mobile,0.4606
U004865,2026-01-01,streaming,0.565
U004866,2026-01-01,none,0.9972
U004867,2026-01-01,none,0.5758
U004868,2026-01-01,music,0.484
U004869,2026-01-01,none,0.7814
U004870,2026-01-01,music,0.8475
U004871,2026-01-01,cloud,0.6592
U004872,2026-01-01,none,0.5403
U004873,2026-01-01,insurance,0.6919
U004874,2026-01-01,none,0.508
U004875,2026-01-01,streaming,0.7615
U004876,2026-01-01,software,0.537
U004877,2026-01-01,none,0.3697
U004878,2026-01-01,music,0.3753
U004879,2026-01-01,insurance,0.787
U004880,2026-01-01,cloud,0.4865
U004881,2026-01-01,none,0.6549
U004882,2026-01-01,streaming,0.5308
U004883,2026-01-01,streaming,0.9039
U004884,2026-01-01,software,0.8953
U004885,2026-01-01,cloud,0.4869
U004886,2026-01-01,software,0.4226
U004887,2026-01-01,insurance,0.3781
U004888,2026-01-01,software,0.5205
U004889,2026-01-01,music,0.5176
U004890,2026-01-01,streaming,0.5994
U004891,2026-01-01,none,0.8794
U004892,2026-01-01,streaming,0.4244
U004893,2026-01-01,mobile,0.4586
U004894,2026-01-01,music,0.5003
U004895,2026-01-01,none,0.9271
U004896,2026-01-01,music,0.6436
U004897,2026-01-01,cloud,0.3598
U004898,2026-01-01,none,0.949
U004899,2026-01-01,music,0.718
U004900,2026-01-01,insurance,0.4301
U004901,2026-01-01,cloud,0.473
U004902,2026-01-01,insurance,0.6072
U004903,2026-01-01,cloud,0.6174
U004904,2026-01-01,none,0.7931
U004905,2026-01-01,none,0.9802
U004906,2026-01-01,cloud,0.5215
U004907,2026-01-01,mobile,0.5039
U004908,2026-01-01,cloud,0.5173
U004909,2026-01-01,gym,0.6002
U004910,2026-01-01,music,0.3066
U004911,2026-01-01,insurance,0.5251
U004912,2026-01-01,none,0.3493
U004913,2026-01-01,none,0.9793
U004914,2026-01-01,gym,0.5822
U004915,2026-01-01,streaming,0.4259
U004916,2026-01-01,none,0.5609
U004917,2026-01-01,cloud,0.5405
U004918,2026-01-01,mobile,0.5374
U004919,2026-01-01,none,0.9885
U004920,2026-01-01,none,0.9958
U004921,2026-01-01,none,0.7149
U004922,2026-01-01,none,0.872
U004923,2026-01-01,streaming,0.5792
U004924,2026-01-01,none,0.9276
U004925,2026-01-01,insurance,0.5668
U004926,2026-01-01,mobile,0.5256
U004927,2026-01-01,software,0.4593
U004928,2026-01-01,none,0.9994
U004929,2026-01-01,insurance,0.8904
U004930,2026-01-01,gym,0.6107
U004931,2026-01-01,none,0.6591
U004932,2026-01-01,none,0.9527
U004933,2026-01-01,cloud,0.857
U004934,2026-01-01,insurance,0.4641
U004935,2026-01-01,gym,0.3657
U004936,2026-01-01,mobile,0.4954
U004937,2026-01-01,music,0.7407
U004938,2026-01-01,streaming,0.5932
U004939,2026-01-01,insurance,0.4208
U004940,2026-01-01,none,0.9988
U004941,2026-01-01,streaming,0.713
U004942,2026-01-01,gym,0.6467
U004943,2026-01-01,insurance,0.5518
U004944,2026-01-01,gym,0.6344
U004945,2026-01-01,mobile,0.5512
U004946,2026-01-01,streaming,0.5438
U004947,2026-01-01,none,0.9973
U004948,2026-01-01,mobile,0.49
U004949,2026-01-01,software,0.3979
U004950,2026-01-01,none,0.9999
U004951,2026-01-01,none,0.8797
U004952,2026-01-01,cloud,0.4245
U004953,2026-01-01,insurance,0.3974
U004954,2026-01-01,none,0.365
U004955,2026-01-01,mobile,0.3282
U004956,2026-01-01,insurance,0.3802
U004957,2026-01-01,none,0.6574
U004958,2026-01-01,mobile,0.4757
U004959,2026-01-01,insurance,0.6468
U004960,2026-01-01,insurance,0.36
U004961,2026-01-01,streaming,0.6658
U004962,2026-01-01,none,0.9927
U004963,2026-01-01,software,0.8796
U004964,2026-01-01,cloud,0.7023
U004965,2026-01-01,cloud,0.7059
U004966,2026-01-01,software,0.7032
U004967,2026-01-01,streaming,0.7728
U004968,2026-01-01,gym,0.5012
U004969,2026-01-01,software,0.5429
U004970,2026-01-01,mobile,0.5867
U004971,2026-01-01,mobile,0.4544
U004972,2026-01-01,music,0.5359
U004973,2026-01-01,none,0.4026
U004974,2026-01-01,none,0.9936
U004975,2026-01-01,none,0.9778
U004976,2026-01-01,music,0.5971
U004977,2026-01-01,gym,0.6741
U004978,2026-01-01,gym,0.3216
U004979,2026-01-01,mobile,0.5165
U004980,2026-01-01,none,0.9621
U004981,2026-01-01,none,0.9901
U004982,2026-01-01,none,0.6542
U004983,2026-01-01,cloud,0.5019
U004984,2026-01-01,insurance,0.6962
U004985,2026-01-01,none,0.9934
U004986,2026-01-01,mobile,0.8126
U004987,2026-01-01,music,0.4331
U004988,2026-01-01,software,0.6316
U004989,2026-01-01,none,0.9948
U004990,2026-01-01,none,0.9357
U004991,2026-01-01,none,0.9826
U004992,2026-01-01,software,0.5445
U004993,2026-01-01,streaming,0.5308
U004994,2026-01-01,none,0.9959
U004995,2026-01-01,streaming,0.6072
U004996,2026-01-01,software,0.8884
U004997,2026-01-01,none,0.938
U004998,2026-01-01,none,0.9943
U004999,2026-01-01,mobile,0.5873
U005000,2026-01-01,none,0.3172
U005001,2026-01-01,insurance,0.7767
U005002,2026-01-01,none,0.997
U005003,2026-01-01,music,0.4502
U005004,2026-01-01,streaming,0.5008
U005005,2026-01-01,cloud,0.7537
U005006,2026-01-01,streaming,0.3667
U005007,2026-01-01,streaming,0.5104
U005008,2026-01-01,insurance,0.7585
U005009,2026-01-01,streaming,0.9258
U005010,2026-01-01,none,0.9995
U005011,2026-01-01,none,0.8918
U005012,2026-01-01,none,0.9939
U005013,2026-01-01,none,0.9874
U005014,2026-01-01,insurance,0.5696
U005015,2026-01-01,none,0.4091
U005016,2026-01-01,streaming,0.3908
U005017,2026-01-01,mobile,0.3435
U005018,2026-01-01,cloud,0.5511
U005019,2026-01-01,gym,0.6169
U005020,2026-01-01,none,0.8692
U005021,2026-01-01,none,0.9929
U005022,2026-01-01,cloud,0.4123
U005023,2026-01-01,streaming,0.5868
U005024,2026-01-01,none,0.5729
U005025,2026-01-01,none,0.6355
U005026,2026-01-01,streaming,0.4499
U005027,2026-01-01,software,0.4491
U005028,2026-01-01,cloud,0.4999
U005029,2026-01-01,none,0.3271
U005030,2026-01-01,mobile,0.609
U005031,2026-01-01,none,0.4016
U005032,2026-01-01,none,0.7211
U005033,2026-01-01,gym,0.5603
U005034,2026-01-01,streaming,0.6939
U005035,2026-01-01,insurance,0.6441
U005036,2026-01-01,cloud,0.5196
U005037,2026-01-01,software,0.4893
U005038,2026-01-01,none,0.4775
U005039,2026-01-01,cloud,0.9039
U005040,2026-01-01,mobile,0.897
U005041,2026-01-01,streaming,0.4906
U005042,2026-01-01,music,0.8632
U005043,2026-01-01,cloud,0.6692
U005044,2026-01-01,gym,0.8255
U005045,2026-01-01,mobile,0.5776
U005046,2026-01-01,cloud,0.3829
U005047,2026-01-01,none,0.9917
U005048,2026-01-01,mobile,0.4798
U005049,2026-01-01,music,0.8227
U005050,2026-01-01,streaming,0.6765
U005051,2026-01-01,gym,0.4834
U005052,2026-01-01,cloud,0.6159
U005053,2026-01-01,none,0.9669
U005054,2026-01-01,none,0.4897
U005055,2026-01-01,cloud,0.8672
U005056,2026-01-01,mobile,0.5091
U005057,2026-01-01,gym,0.4279
U005058,2026-01-01,cloud,0.7527
U005059,2026-01-01,none,0.966
U005060,2026-01-01,cloud,0.3908
U005061,2026-01-01,none,0.7412
U005062,2026-01-01,none,0.9894
U005063,2026-01-01,mobile,0.7332
U005064,2026-01-01,none,0.9965
U005065,2026-01-01,music,0.4283
U005066,2026-01-01,none,0.9601
U005067,2026-01-01,cloud,0.7203
U005068,2026-01-01,mobile,0.6077
U005069,2026-01-01,software,0.8131
U005070,2026-01-01,streaming,0.7347
U005071,2026-01-01,mobile,0.4948
U005072,2026-01-01,none,0.9877
U005073,2026-01-01,streaming,0.8227
U005074,2026-01-01,cloud,0.5139
U005075,2026-01-01,none,0.9214
U005076,2026-01-01,none,0.4762
U005077,2026-01-01,cloud,0.5409
U005078,2026-01-01,cloud,0.7501
U005079,2026-01-01,music,0.5387
U005080,2026-01-01,streaming,0.4958
U005081,2026-01-01,music,0.531
U005082,2026-01-01,none,0.8563
U005083,2026-01-01,software,0.8786
U005084,2026-01-01,insurance,0.3788
U005085,2026-01-01,mobile,0.5373
U005086,2026-01-01,software,0.8289
U005087,2026-01-01,software,0.8847
U005088,2026-01-01,streaming,0.524
U005089,2026-01-01,software,0.497
U005090,2026-01-01,software,0.5386
U005091,2026-01-01,cloud,0.3924
U005092,2026-01-01,cloud,0.6344
U005093,2026-01-01,mobile,0.2614
U005094,2026-01-01,music,0.5127
U005095,2026-01-01,none,0.8476
U005096,2026-01-01,mobile,0.6521
U005097,2026-01-01,mobile,0.8615
U005098,2026-01-01,cloud,0.6189
U005099,2026-01-01,none,0.6761
U005100,2026-01-01,streaming,0.7943
U005101,2026-01-01,mobile,0.5024
U005102,2026-01-01,mobile,0.7095
U005103,2026-01-01,cloud,0.7043
U005104,2026-01-01,insurance,0.6859
U005105,2026-01-01,mobile,0.7119
U005106,2026-01-01,none,0.9708
U005107,2026-01-01,insurance,0.627
U005108,2026-01-01,cloud,0.6424
U005109,2026-01-01,none,0.5719
U005110,2026-01-01,software,0.4961
U005111,2026-01-01,none,0.4637
U005112,2026-01-01,insurance,0.6146
U005113,2026-01-01,streaming,0.4307
U005114,2026-01-01,music,0.5082
U005115,2026-01-01,software,0.5324
U005116,2026-01-01,mobile,0.4556
U005117,2026-01-01,none,0.9993
U005118,2026-01-01,software,0.7522
U005119,2026-01-01,cloud,0.4608
U005120,2026-01-01,none,0.8687
U005121,2026-01-01,cloud,0.6135
U005122,2026-01-01,cloud,0.8958
U005123,2026-01-01,none,0.652
U005124,2026-01-01,insurance,0.6458
U005125,2026-01-01,cloud,0.6694
U005126,2026-01-01,mobile,0.8244
U005127,2026-01-01,none,0.9686
U005128,2026-01-01,software,0.6216
U005129,2026-01-01,none,0.7678
U005130,2026-01-01,insurance,0.4689
U005131,2026-01-01,mobile,0.673
U005132,2026-01-01,none,0.9759
U005133,2026-01-01,gym,0.8265
U005134,2026-01-01,streaming,0.5873
U005135,2026-01-01,cloud,0.5627
U005136,2026-01-01,insurance,0.7377
U005137,2026-01-01,cloud,0.5114
U005138,2026-01-01,none,0.9791
U005139,2026-01-01,insurance,0.8311
U005140,2026-01-01,insurance,0.5418
U005141,2026-01-01,gym,0.8539
U005142,2026-01-01,none,0.8841
U005143,2026-01-01,cloud,0.7339
U005144,2026-01-01,none,0.9999
U005145,2026-01-01,mobile,0.7519
U005146,2026-01-01,none,0.9297
U005147,2026-01-01,none,0.4356
U005148,2026-01-01,software,0.4674
U005149,2026-01-01,music,0.4667
U005150,2026-01-01,insurance,0.6404
U005151,2026-01-01,software,0.4886
U005152,2026-01-01,gym,0.611
U005153,2026-01-01,insurance,0.7116
U005154,2026-01-01,gym,0.7427
U005155,2026-01-01,insurance,0.558
U005156,2026-01-01,none,0.9851
U005157,2026-01-01,insurance,0.3766
U005158,2026-01-01,none,0.9645
U005159,2026-01-01,mobile,0.6988
U005160,2026-01-01,software,0.4783
U005161,2026-01-01,cloud,0.8567
U005162,2026-01-01,mobile,0.6256
U005163,2026-01-01,none,0.9951
U005164,2026-01-01,none,0.9607
U005165,2026-01-01,none,0.9758
U005166,2026-01-01,none,0.8447
U005167,2026-01-01,none,0.8983
U005168,2026-01-01,none,0.9896
U005169,2026-01-01,insurance,0.45
U005170,2026-01-01,none,0.876
U005171,2026-01-01,streaming,0.6918
U005172,2026-01-01,insurance,0.8264
U005173,2026-01-01,software,0.4587
U005174,2026-01-01,none,0.9897
U005175,2026-01-01,none,0.8473
U005176,2026-01-01,none,0.9128
U005177,2026-01-01,insurance,0.5425
U005178,2026-01-01,gym,0.4534
U005179,2026-01-01,music,0.6052
U005180,2026-01-01,cloud,0.6133
U005181,2026-01-01,software,0.5079
U005182,2026-01-01,none,0.4852
U005183,2026-01-01,none,0.5517
U005184,2026-01-01,software,0.8705
U005185,2026-01-01,mobile,0.8168
U005186,2026-01-01,none,0.9972
U005187,2026-01-01,music,0.6886
U005188,2026-01-01,none,0.9999
U005189,2026-01-01,none,0.9949
U005190,2026-01-01,none,0.9921
U005191,2026-01-01,software,0.8928
U005192,2026-01-01,music,0.6668
U005193,2026-01-01,cloud,0.4159
U005194,2026-01-01,none,0.9987
U005195,2026-01-01,music,0.7757
U005196,2026-01-01,none,0.9863
U005197,2026-01-01,cloud,0.8677
U005198,2026-01-01,music,0.5239
U005199,2026-01-01,mobile,0.8671
U005200,2026-01-01,none,0.9828
U005201,2026-01-01,mobile,0.5485
U005202,2026-01-01,music,0.874
U005203,2026-01-01,cloud,0.6171
U005204,2026-01-01,insurance,0.5941
U005205,2026-01-01,none,0.68
U005206,2026-01-01,gym,0.7343
U005207,2026-01-01,none,0.9957
U005208,2026-01-01,none,0.7411
U005209,2026-01-01,gym,0.4356
U005210,2026-01-01,none,0.9997
U005211,2026-01-01,gym,0.4797
U005212,2026-01-01,gym,0.8497
U005213,2026-01-01,none,0.8756
U005214,2026-01-01,cloud,0.8264
U005215,2026-01-01,none,0.9993
U005216,2026-01-01,software,0.5259
U005217,2026-01-01,software,0.4962
U005218,2026-01-01,mobile,0.8546
U005219,2026-01-01,none,0.7884
U005220,2026-01-01,software,0.874
U005221,2026-01-01,cloud,0.5351
U005222,2026-01-01,none,0.767
U005223,2026-01-01,streaming,0.4925
U005224,2026-01-01,streaming,0.8971
U005225,2026-01-01,none,0.9968
U005226,2026-01-01,cloud,0.8713
U005227,2026-01-01,mobile,0.5717
U005228,2026-01-01,mobile,0.8271
U005229,2026-01-01,cloud,0.4814
U005230,2026-01-01,software,0.3833
U005231,2026-01-01,none,0.5942
U005232,2026-01-01,none,0.7715
U005233,2026-01-01,none,0.9496
U005234,2026-01-01,none,0.6722
U005235,2026-01-01,software,0.8828
U005236,2026-01-01,mobile,0.7947
U005237,2026-01-01,music,0.9154
U005238,2026-01-01,streaming,0.5008
U005239,2026-01-01,cloud,0.6461
U005240,2026-01-01,none,0.7273
U005241,2026-01-01,none,0.9996
U005242,2026-01-01,gym,0.5978
U005243,2026-01-01,streaming,0.5404
U005244,2026-01-01,gym,0.4642
U005245,2026-01-01,insurance,0.6561
U005246,2026-01-01,mobile,0.8713
U005247,2026-01-01,music,0.6176
U005248,2026-01-01,none,0.9329
U005249,2026-01-01,gym,0.8316
U005250,2026-01-01,streaming,0.4695
U005251,2026-01-01,insurance,0.5347
U005252,2026-01-01,none,0.9953
U005253,2026-01-01,none,0.7504
U005254,2026-01-01,none,0.8433
U005255,2026-01-01,none,0.9366
U005256,2026-01-01,music,0.5924
U005257,2026-01-01,streaming,0.4655
U005258,2026-01-01,insurance,0.6891
U005259,2026-01-01,gym,0.6487
U005260,2026-01-01,none,0.9435
U005261,2026-01-01,software,0.674
U005262,2026-01-01,cloud,0.4359
U005263,2026-01-01,music,0.743
U005264,2026-01-01,none,0.984
U005265,2026-01-01,none,0.7025
U005266,2026-01-01,none,0.4497
U005267,2026-01-01,insurance,0.4151
U005268,2026-01-01,none,0.7542
U005269,2026-01-01,mobile,0.4154
U005270,2026-01-01,streaming,0.6789
U005271,2026-01-01,none,0.9281
U005272,2026-01-01,none,0.9998
U005273,2026-01-01,streaming,0.5848
U005274,2026-01-01,mobile,0.6663
U005275,2026-01-01,mobile,0.8627
U005276,2026-01-01,gym,0.8548
U005277,2026-01-01,cloud,0.8555
U005278,2026-01-01,none,1.0
U005279,2026-01-01,none,0.9294
U005280,2026-01-01,gym,0.5904
U005281,2026-01-01,cloud,0.3831
U005282,2026-01-01,software,0.5145
U005283,2026-01-01,none,0.488
U005284,2026-01-01,gym,0.4242
U005285,2026-01-01,mobile,0.7888
U005286,2026-01-01,cloud,0.4584
U005287,2026-01-01,gym,0.3044
U005288,2026-01-01,none,0.3621
U005289,2026-01-01,software,0.6037
U005290,2026-01-01,gym,0.5502
U005291,2026-01-01,none,0.512
U005292,2026-01-01,music,0.7105
U005293,2026-01-01,insurance,0.899
U005294,2026-01-01,none,0.9892
U005295,2026-01-01,software,0.8742
U005296,2026-01-01,insurance,0.5176
U005297,2026-01-01,mobile,0.8907
U005298,2026-01-01,insurance,0.8797
U005299,2026-01-01,mobile,0.4621
U005300,2026-01-01,streaming,0.913
U005301,2026-01-01,cloud,0.4679
U005302,2026-01-01,cloud,0.822
U005303,2026-01-01,insurance,0.4311
U005304,2026-01-01,streaming,0.5489
U005305,2026-01-01,none,0.7407
U005306,2026-01-01,streaming,0.8225
U005307,2026-01-01,music,0.3825
U005308,2026-01-01,streaming,0.372
U005309,2026-01-01,cloud,0.721
U005310,2026-01-01,none,0.9065
U005311,2026-01-01,music,0.6231
U005312,2026-01-01,mobile,0.7079
U005313,2026-01-01,none,0.8714
U005314,2026-01-01,mobile,0.4056
U005315,2026-01-01,none,0.8793
U005316,2026-01-01,none,0.9964
U005317,2026-01-01,streaming,0.5955
U005318,2026-01-01,mobile,0.4634
U005319,2026-01-01,streaming,0.4877
U005320,2026-01-01,music,0.5768
U005321,2026-01-01,music,0.3938
U005322,2026-01-01,insurance,0.5112
U005323,2026-01-01,streaming,0.5429
U005324,2026-01-01,software,0.4546
U005325,2026-01-01,none,0.9721
U005326,2026-01-01,mobile,0.8703
U005327,2026-01-01,music,0.6416
U005328,2026-01-01,gym,0.5529
U005329,2026-01-01,gym,0.6285
U005330,2026-01-01,none,0.9999
U005331,2026-01-01,none,0.9991
U005332,2026-01-01,music,0.2907
U005333,2026-01-01,none,0.9795
U005334,2026-01-01,cloud,0.4418
U005335,2026-01-01,none,0.9571
U005336,2026-01-01,none,0.9959
U005337,2026-01-01,insurance,0.8
U005338,2026-01-01,streaming,0.7364
U005339,2026-01-01,cloud,0.4892
U005340,2026-01-01,streaming,0.4737
U005341,2026-01-01,gym,0.3886
U005342,2026-01-01,none,0.9985
U005343,2026-01-01,insurance,0.9034
U005344,2026-01-01,streaming,0.3046
U005345,2026-01-01,none,0.999
U005346,2026-01-01,none,0.3452
U005347,2026-01-01,none,0.9859
U005348,2026-01-01,gym,0.8453
U005349,2026-01-01,music,0.8087
U005350,2026-01-01,none,0.999
U005351,2026-01-01,none,0.5787
U005352,2026-01-01,gym,0.8592
U005353,2026-01-01,mobile,0.9267
U005354,2026-01-01,gym,0.4145
U005355,2026-01-01,software,0.2953
U005356,2026-01-01,streaming,0.4702
U005357,2026-01-01,gym,0.836
U005358,2026-01-01,streaming,0.753
U005359,2026-01-01,insurance,0.6234
U005360,2026-01-01,insurance,0.5814
U005361,2026-01-01,cloud,0.8322
U005362,2026-01-01,none,0.7112
U005363,2026-01-01,none,0.5414
U005364,2026-01-01,software,0.8421
U005365,2026-01-01,insurance,0.4149
U005366,2026-01-01,cloud,0.5302
U005367,2026-01-01,none,0.9116
U005368,2026-01-01,software,0.4532
U005369,2026-01-01,gym,0.8472
U005370,2026-01-01,mobile,0.6558
U005371,2026-01-01,cloud,0.8315
U005372,2026-01-01,software,0.4203
U005373,2026-01-01,cloud,0.4346
U005374,2026-01-01,insurance,0.8487
U005375,2026-01-01,streaming,0.7439
U005376,2026-01-01,software,0.4795
U005377,2026-01-01,music,0.4378
U005378,2026-01-01,mobile,0.6628
U005379,2026-01-01,insurance,0.7387
U005380,2026-01-01,cloud,0.5785
U005381,2026-01-01,music,0.7316
U005382,2026-01-01,insurance,0.3362
U005383,2026-01-01,gym,0.4148
U005384,2026-01-01,streaming,0.6881
U005385,2026-01-01,none,0.9903
U005386,2026-01-01,software,0.4932
U005387,2026-01-01,music,0.4705
U005388,2026-01-01,mobile,0.5903
U005389,2026-01-01,insurance,0.6326
U005390,2026-01-01,insurance,0.6255
U005391,2026-01-01,mobile,0.8955
U005392,2026-01-01,none,0.8752
U005393,2026-01-01,none,0.9951
U005394,2026-01-01,software,0.4163
U005395,2026-01-01,insurance,0.5049
U005396,2026-01-01,none,0.9309
U005397,2026-01-01,none,0.9479
U005398,2026-01-01,music,0.5558
U005399,2026-01-01,streaming,0.5153
U005400,2026-01-01,none,0.9939
U005401,2026-01-01,gym,0.3636
U005402,2026-01-01,none,0.4965
U005403,2026-01-01,software,0.3088
U005404,2026-01-01,mobile,0.6105
U005405,2026-01-01,gym,0.4758
U005406,2026-01-01,none,0.9378
U005407,2026-01-01,software,0.7669
U005408,2026-01-01,mobile,0.8932
U005409,2026-01-01,gym,0.4688
U005410,2026-01-01,insurance,0.8353
U005411,2026-01-01,gym,0.4102
U005412,2026-01-01,music,0.782
U005413,2026-01-01,software,0.5731
U005414,2026-01-01,music,0.5128
U005415,2026-01-01,software,0.5254
U005416,2026-01-01,software,0.4691
U005417,2026-01-01,mobile,0.5609
U005418,2026-01-01,music,0.9229
U005419,2026-01-01,none,0.9893
U005420,2026-01-01,music,0.549
U005421,2026-01-01,streaming,0.816
U005422,2026-01-01,cloud,0.6257
U005423,2026-01-01,software,0.6721
U005424,2026-01-01,gym,0.4921
U005425,2026-01-01,software,0.8025
U005426,2026-01-01,none,0.3736
U005427,2026-01-01,insurance,0.8603
U005428,2026-01-01,streaming,0.4247
U005429,2026-01-01,none,0.9905
U005430,2026-01-01,insurance,0.6004
U005431,2026-01-01,gym,0.8841
U005432,2026-01-01,gym,0.5937
U005433,2026-01-01,software,0.5162
U005434,2026-01-01,none,0.8426
U005435,2026-01-01,streaming,0.6624
U005436,2026-01-01,none,0.9884
U005437,2026-01-01,gym,0.6495
U005438,2026-01-01,streaming,0.6145
U005439,2026-01-01,mobile,0.4994
U005440,2026-01-01,none,0.9926
U005441,2026-01-01,streaming,0.6523
U005442,2026-01-01,none,0.9765
U005443,2026-01-01,cloud,0.4346
U005444,2026-01-01,none,0.6652
U005445,2026-01-01,cloud,0.4545
U005446,2026-01-01,streaming,0.4573
U005447,2026-01-01,insurance,0.5587
U005448,2026-01-01,music,0.5918
U005449,2026-01-01,gym,0.6122
U005450,2026-01-01,none,0.5853
U005451,2026-01-01,cloud,0.8528
U005452,2026-01-01,music,0.5525
U005453,2026-01-01,music,0.448
U005454,2026-01-01,gym,0.8297
U005455,2026-01-01,music,0.8758
U005456,2026-01-01,none,0.8293
U005457,2026-01-01,mobile,0.7563
U005458,2026-01-01,music,0.6416
U005459,2026-01-01,insurance,0.489
U005460,2026-01-01,streaming,0.5382
U005461,2026-01-01,software,0.5094
U005462,2026-01-01,software,0.3543
U005463,2026-01-01,music,0.4889
U005464,2026-01-01,streaming,0.7479
U005465,2026-01-01,none,0.9937
U005466,2026-01-01,none,0.9003
U005467,2026-01-01,cloud,0.4734
U005468,2026-01-01,software,0.8104
U005469,2026-01-01,gym,0.8295
U005470,2026-01-01,none,0.9952
U005471,2026-01-01,none,0.3394
U005472,2026-01-01,software,0.763
U005473,2026-01-01,gym,0.4701
U005474,2026-01-01,insurance,0.5712
U005475,2026-01-01,software,0.4863
U005476,2026-01-01,insurance,0.7069
U005477,2026-01-01,cloud,0.4845
U005478,2026-01-01,gym,0.4891
U005479,2026-01-01,gym,0.8433
U005480,2026-01-01,gym,0.34
U005481,2026-01-01,none,0.9911
U005482,2026-01-01,none,0.9999
U005483,2026-01-01,none,0.9894
U005484,2026-01-01,music,0.6321
U005485,2026-01-01,streaming,0.8924
U005486,2026-01-01,none,0.4231
U005487,2026-01-01,insurance,0.5493
U005488,2026-01-01,insurance,0.6843
U005489,2026-01-01,mobile,0.5173
U005490,2026-01-01,cloud,0.4964
U005491,2026-01-01,music,0.5464
U005492,2026-01-01,none,0.692
U005493,2026-01-01,gym,0.6851
U005494,2026-01-01,gym,0.5307
U005495,2026-01-01,none,0.9992
U005496,2026-01-01,mobile,0.8614
U005497,2026-01-01,gym,0.4853
U005498,2026-01-01,none,0.9992
U005499,2026-01-01,mobile,0.3311
U005500,2026-01-01,none,0.9956
U005501,2026-01-01,mobile,0.9282
U005502,2026-01-01,gym,0.5598
U005503,2026-01-01,none,0.9877
U005504,2026-01-01,insurance,0.5321
U005505,2026-01-01,music,0.3665
U005506,2026-01-01,music,0.775
U005507,2026-01-01,gym,0.6944
U005508,2026-01-01,gym,0.7944
U005509,2026-01-01,streaming,0.6998
U005510,2026-01-01,mobile,0.4233
U005511,2026-01-01,gym,0.4958
U005512,2026-01-01,none,0.9844
U005513,2026-01-01,none,0.8623
U005514,2026-01-01,mobile,0.8415
U005515,2026-01-01,software,0.5116
U005516,2026-01-01,streaming,0.3972
U005517,2026-01-01,mobile,0.5995
U005518,2026-01-01,cloud,0.586
U005519,2026-01-01,cloud,0.5645
U005520,2026-01-01,gym,0.8682
U005521,2026-01-01,software,0.8431
U005522,2026-01-01,software,0.6241
U005523,2026-01-01,none,0.9836
U005524,2026-01-01,gym,0.4365
U005525,2026-01-01,gym,0.4778
U005526,2026-01-01,insurance,0.5674
U005527,2026-01-01,none,1.0
U005528,2026-01-01,mobile,0.6838
U005529,2026-01-01,streaming,0.489
U005530,2026-01-01,insurance,0.6455
U005531,2026-01-01,insurance,0.6673
U005532,2026-01-01,mobile,0.3976
U005533,2026-01-01,gym,0.5543
U005534,2026-01-01,cloud,0.412
U005535,2026-01-01,none,0.9738
U005536,2026-01-01,none,0.9999
U005537,2026-01-01,none,0.9982
U005538,2026-01-01,mobile,0.8841
U005539,2026-01-01,none,0.7219
U005540,2026-01-01,cloud,0.6052
U005541,2026-01-01,none,0.9964
U005542,2026-01-01,none,0.9791
U005543,2026-01-01,streaming,0.5576
U005544,2026-01-01,music,0.4307
U005545,2026-01-01,insurance,0.4402
U005546,2026-01-01,none,0.9891
U005547,2026-01-01,streaming,0.8889
U005548,2026-01-01,mobile,0.494
U005549,2026-01-01,none,0.8976
U005550,2026-01-01,software,0.4774
U005551,2026-01-01,none,0.7956
U005552,2026-01-01,cloud,0.4272
U005553,2026-01-01,insurance,0.4354
U005554,2026-01-01,none,0.9292
U005555,2026-01-01,none,0.6569
U005556,2026-01-01,gym,0.7033
U005557,2026-01-01,insurance,0.8499
U005558,2026-01-01,software,0.4856
U005559,2026-01-01,none,0.8479
U005560,2026-01-01,none,0.8774
U005561,2026-01-01,mobile,0.8432
U005562,2026-01-01,music,0.6147
U005563,2026-01-01,software,0.6304
U005564,2026-01-01,insurance,0.6599
U005565,2026-01-01,none,0.7335
U005566,2026-01-01,mobile,0.8523
U005567,2026-01-01,software,0.8512
U005568,2026-01-01,cloud,0.6643
U005569,2026-01-01,mobile,0.5291
U005570,2026-01-01,gym,0.4948
U005571,2026-01-01,music,0.4742
U005572,2026-01-01,streaming,0.4329
U005573,2026-01-01,none,0.9341
U005574,2026-01-01,none,0.9885
U005575,2026-01-01,music,0.8672
U005576,2026-01-01,software,0.3955
U005577,2026-01-01,insurance,0.4725
U005578,2026-01-01,gym,0.5295
U005579,2026-01-01,gym,0.6286
U005580,2026-01-01,music,0.5575
U005581,2026-01-01,none,0.5302
U005582,2026-01-01,software,0.6376
U005583,2026-01-01,music,0.6259
U005584,2026-01-01,streaming,0.4934
U005585,2026-01-01,none,0.9532
U005586,2026-01-01,cloud,0.6147
U005587,2026-01-01,none,0.9537
U005588,2026-01-01,streaming,0.5082
U005589,2026-01-01,streaming,0.4838
U005590,2026-01-01,mobile,0.8491
U005591,2026-01-01,streaming,0.8025
U005592,2026-01-01,gym,0.3309
U005593,2026-01-01,none,0.9998
U005594,2026-01-01,mobile,0.4042
U005595,2026-01-01,gym,0.5623
U005596,2026-01-01,none,0.9966
U005597,2026-01-01,insurance,0.5108
U005598,2026-01-01,gym,0.531
U005599,2026-01-01,none,0.6993
U005600,2026-01-01,none,0.9986
U005601,2026-01-01,cloud,0.4605
U005602,2026-01-01,insurance,0.3315
U005603,2026-01-01,gym,0.8083
U005604,2026-01-01,music,0.8461
U005605,2026-01-01,none,0.6657
U005606,2026-01-01,streaming,0.6144
U005607,2026-01-01,insurance,0.4565
U005608,2026-01-01,music,0.564
U005609,2026-01-01,none,0.9996
U005610,2026-01-01,none,0.9732
U005611,2026-01-01,gym,0.4402
U005612,2026-01-01,cloud,0.3136
U005613,2026-01-01,none,0.7382
U005614,2026-01-01,none,0.9381
U005615,2026-01-01,gym,0.5955
U005616,2026-01-01,music,0.4475
U005617,2026-01-01,cloud,0.4972
U005618,2026-01-01,cloud,0.529
U005619,2026-01-01,none,0.3868
U005620,2026-01-01,gym,0.5142
U005621,2026-01-01,none,0.7742
U005622,2026-01-01,mobile,0.6972
U005623,2026-01-01,mobile,0.6036
U005624,2026-01-01,none,0.9993
U005625,2026-01-01,gym,0.6261
U005626,2026-01-01,none,0.9901
U005627,2026-01-01,mobile,0.749
U005628,2026-01-01,none,0.9789
U005629,2026-01-01,cloud,0.4805
U005630,2026-01-01,mobile,0.396
U005631,2026-01-01,streaming,0.6485
U005632,2026-01-01,software,0.5634
U005633,2026-01-01,software,0.5475
U005634,2026-01-01,cloud,0.3455
U005635,2026-01-01,music,0.9236
U005636,2026-01-01,cloud,0.88
U005637,2026-01-01,none,0.974
U005638,2026-01-01,cloud,0.7402
U005639,2026-01-01,software,0.3641
U005640,2026-01-01,none,0.7492
U005641,2026-01-01,insurance,0.3417
U005642,2026-01-01,music,0.8531
U005643,2026-01-01,streaming,0.5926
U005644,2026-01-01,mobile,0.5447
U005645,2026-01-01,cloud,0.5507
U005646,2026-01-01,cloud,0.4813
U005647,2026-01-01,insurance,0.4711
U005648,2026-01-01,cloud,0.4882
U005649,2026-01-01,cloud,0.3815
U005650,2026-01-01,music,0.499
U005651,2026-01-01,insurance,0.6576
U005652,2026-01-01,none,0.4263
U005653,2026-01-01,cloud,0.4614
U005654,2026-01-01,none,0.9892
U005655,2026-01-01,none,0.5376
U005656,2026-01-01,music,0.8797
U005657,2026-01-01,music,0.8747
U005658,2026-01-01,gym,0.2172
U005659,2026-01-01,music,0.5141
U005660,2026-01-01,cloud,0.78
U005661,2026-01-01,streaming,0.7677
U005662,2026-01-01,cloud,0.8543
U005663,2026-01-01,mobile,0.8964
U005664,2026-01-01,cloud,0.6114
U005665,2026-01-01,none,0.4838
U005666,2026-01-01,none,0.4823
U005667,2026-01-01,insurance,0.3943
U005668,2026-01-01,insurance,0.6351
U005669,2026-01-01,music,0.6893
U005670,2026-01-01,insurance,0.6667
U005671,2026-01-01,cloud,0.5326
U005672,2026-01-01,streaming,0.519
U005673,2026-01-01,none,0.9981
U005674,2026-01-01,software,0.8969
U005675,2026-01-01,gym,0.8747
U005676,2026-01-01,music,0.6273
U005677,2026-01-01,software,0.4092
U005678,2026-01-01,mobile,0.7539
U005679,2026-01-01,mobile,0.8918
U005680,2026-01-01,insurance,0.6358
U005681,2026-01-01,streaming,0.4567
U005682,2026-01-01,mobile,0.5062
U005683,2026-01-01,none,0.9634
U005684,2026-01-01,gym,0.772
U005685,2026-01-01,software,0.5078
U005686,2026-01-01,mobile,0.4056
U005687,2026-01-01,gym,0.6989
U005688,2026-01-01,mobile,0.7955
U005689,2026-01-01,none,0.9977
U005690,2026-01-01,none,0.9568
U005691,2026-01-01,mobile,0.5614
U005692,2026-01-01,software,0.4862
U005693,2026-01-01,software,0.6867
U005694,2026-01-01,streaming,0.8479
U005695,2026-01-01,music,0.887
U005696,2026-01-01,none,0.9753
U005697,2026-01-01,mobile,0.6286
U005698,2026-01-01,none,0.9974
U005699,2026-01-01,streaming,0.8876
U005700,2026-01-01,software,0.5578
U005701,2026-01-01,music,0.8511
U005702,2026-01-01,none,0.8806
U005703,2026-01-01,cloud,0.5939
U005704,2026-01-01,music,0.7325
U005705,2026-01-01,cloud,0.4717
U005706,2026-01-01,none,0.5058
U005707,2026-01-01,software,0.6829
U005708,2026-01-01,music,0.5767
U005709,2026-01-01,cloud,0.457
U005710,2026-01-01,streaming,0.6908
U005711,2026-01-01,software,0.6429
U005712,2026-01-01,none,0.9215
U005713,2026-01-01,none,0.9737
U005714,2026-01-01,none,0.6014
U005715,2026-01-01,software,0.4087
U005716,2026-01-01,cloud,0.5565
U005717,2026-01-01,music,0.5924
U005718,2026-01-01,gym,0.471
U005719,2026-01-01,streaming,0.6648
U005720,2026-01-01,insurance,0.3671
U005721,2026-01-01,cloud,0.4281
U005722,2026-01-01,none,0.9614
U005723,2026-01-01,none,0.991
U005724,2026-01-01,none,0.9985
U005725,2026-01-01,streaming,0.622
U005726,2026-01-01,none,1.0
U005727,2026-01-01,insurance,0.6397
U005728,2026-01-01,software,0.3397
U005729,2026-01-01,none,0.9426
U005730,2026-01-01,none,0.6897
U005731,2026-01-01,mobile,0.4045
U005732,2026-01-01,gym,0.5021
U005733,2026-01-01,cloud,0.8031
U005734,2026-01-01,none,0.7693
U005735,2026-01-01,streaming,0.9024
U005736,2026-01-01,mobile,0.4087
U005737,2026-01-01,none,0.9978
U005738,2026-01-01,mobile,0.4698
U005739,2026-01-01,none,0.962
U005740,2026-01-01,none,0.456
U005741,2026-01-01,insurance,0.3055
U005742,2026-01-01,none,0.5349
U005743,2026-01-01,cloud,0.3988
U005744,2026-01-01,gym,0.6854
U005745,2026-01-01,streaming,0.5727
U005746,2026-01-01,software,0.4939
U005747,2026-01-01,gym,0.8102
U005748,2026-01-01,mobile,0.8806
U005749,2026-01-01,cloud,0.5921
U005750,2026-01-01,none,1.0
U005751,2026-01-01,none,0.9732
U005752,2026-01-01,software,0.4644
U005753,2026-01-01,streaming,0.6104
U005754,2026-01-01,software,0.542
U005755,2026-01-01,mobile,0.7329
U005756,2026-01-01,software,0.4936
U005757,2026-01-01,none,0.6209
U005758,2026-01-01,none,0.9987
U005759,2026-01-01,none,0.9987
U005760,2026-01-01,none,0.5156
U005761,2026-01-01,streaming,0.6138
U005762,2026-01-01,cloud,0.462
U005763,2026-01-01,music,0.3666
U005764,2026-01-01,gym,0.6634
U005765,2026-01-01,none,0.3137
U005766,2026-01-01,insurance,0.5346
U005767,2026-01-01,gym,0.4259
U005768,2026-01-01,software,0.5717
U005769,2026-01-01,gym,0.8571
U005770,2026-01-01,none,0.4664
U005771,2026-01-01,none,0.9994
U005772,2026-01-01,insurance,0.6228
U005773,2026-01-01,music,0.5655
U005774,2026-01-01,software,0.6873
U005775,2026-01-01,software,0.5175
U005776,2026-01-01,streaming,0.5238
U005777,2026-01-01,gym,0.6725
U005778,2026-01-01,none,0.6018
U005779,2026-01-01,gym,0.5218
U005780,2026-01-01,mobile,0.9371
U005781,2026-01-01,none,0.7113
U005782,2026-01-01,software,0.5509
U005783,2026-01-01,cloud,0.4372
U005784,2026-01-01,none,0.8165
U005785,2026-01-01,none,0.6299
U005786,2026-01-01,cloud,0.6726
U005787,2026-01-01,gym,0.4501
U005788,2026-01-01,mobile,0.7319
U005789,2026-01-01,streaming,0.6646
U005790,2026-01-01,streaming,0.5115
U005791,2026-01-01,music,0.4588
U005792,2026-01-01,none,0.9351
U005793,2026-01-01,insurance,0.4381
U005794,2026-01-01,none,0.9997
U005795,2026-01-01,streaming,0.8719
U005796,2026-01-01,music,0.6935
U005797,2026-01-01,software,0.3348
U005798,2026-01-01,none,0.9008
U005799,2026-01-01,gym,0.411
U005800,2026-01-01,insurance,0.676
U005801,2026-01-01,software,0.6558
U005802,2026-01-01,cloud,0.4647
U005803,2026-01-01,none,0.9818
U005804,2026-01-01,mobile,0.8636
U005805,2026-01-01,cloud,0.6635
U005806,2026-01-01,streaming,0.5647
U005807,2026-01-01,insurance,0.4691
U005808,2026-01-01,mobile,0.592
U005809,2026-01-01,insurance,0.6158
U005810,2026-01-01,mobile,0.8839
U005811,2026-01-01,none,0.4958
U005812,2026-01-01,insurance,0.4996
U005813,2026-01-01,software,0.5717
U005814,2026-01-01,none,0.9905
U005815,2026-01-01,software,0.6851
U005816,2026-01-01,software,0.7675
U005817,2026-01-01,music,0.5581
U005818,2026-01-01,none,0.9626
U005819,2026-01-01,software,0.4021
U005820,2026-01-01,mobile,0.489
U005821,2026-01-01,none,0.996
U005822,2026-01-01,gym,0.4459
U005823,2026-01-01,none,0.6379
U005824,2026-01-01,software,0.9035
U005825,2026-01-01,none,0.9987
U005826,2026-01-01,mobile,0.5011
U005827,2026-01-01,insurance,0.6919
U005828,2026-01-01,gym,0.8764
U005829,2026-01-01,mobile,0.5684
U005830,2026-01-01,music,0.3532
U005831,2026-01-01,music,0.6148
U005832,2026-01-01,none,0.9999
U005833,2026-01-01,insurance,0.8804
U005834,2026-01-01,gym,0.5905
U005835,2026-01-01,none,0.9999
U005836,2026-01-01,gym,0.714
U005837,2026-01-01,none,0.7236
U005838,2026-01-01,gym,0.5546
U005839,2026-01-01,cloud,0.8047
U005840,2026-01-01,mobile,0.5435
U005841,2026-01-01,none,0.8193
U005842,2026-01-01,insurance,0.6201
U005843,2026-01-01,gym,0.3286
U005844,2026-01-01,streaming,0.5961
U005845,2026-01-01,mobile,0.8582
U005846,2026-01-01,music,0.7165
U005847,2026-01-01,mobile,0.7232
U005848,2026-01-01,streaming,0.6359
U005849,2026-01-01,cloud,0.3735
U005850,2026-01-01,none,0.9964
U005851,2026-01-01,mobile,0.3599
U005852,2026-01-01,mobile,0.819
U005853,2026-01-01,cloud,0.5659
U005854,2026-01-01,none,0.9867
U005855,2026-01-01,cloud,0.6375
U005856,2026-01-01,music,0.8845
U005857,2026-01-01,insurance,0.5973
U005858,2026-01-01,streaming,0.6482
U005859,2026-01-01,cloud,0.4393
U005860,2026-01-01,none,0.8634
U005861,2026-01-01,none,0.9713
U005862,2026-01-01,none,0.9962
U005863,2026-01-01,cloud,0.5645
U005864,2026-01-01,none,0.9967
U005865,2026-01-01,software,0.3678
U005866,2026-01-01,none,0.9987
U005867,2026-01-01,insurance,0.6277
U005868,2026-01-01,none,0.6485
U005869,2026-01-01,none,0.9921
U005870,2026-01-01,music,0.3818
U005871,2026-01-01,gym,0.4088
U005872,2026-01-01,cloud,0.4843
U005873,2026-01-01,mobile,0.819
U005874,2026-01-01,cloud,0.33
U005875,2026-01-01,streaming,0.9038
U005876,2026-01-01,none,0.9978
U005877,2026-01-01,insurance,0.7062
U005878,2026-01-01,cloud,0.4906
U005879,2026-01-01,software,0.8971
U005880,2026-01-01,insurance,0.7052
U005881,2026-01-01,none,0.9715
U005882,2026-01-01,software,0.4108
U005883,2026-01-01,streaming,0.6048
U005884,2026-01-01,streaming,0.357
U005885,2026-01-01,none,0.9922
U005886,2026-01-01,cloud,0.3359
U005887,2026-01-01,insurance,0.3794
U005888,2026-01-01,gym,0.6169
U005889,2026-01-01,none,0.9392
U005890,2026-01-01,mobile,0.5418
U005891,2026-01-01,software,0.4567
U005892,2026-01-01,software,0.7537
U005893,2026-01-01,none,0.988
U005894,2026-01-01,mobile,0.8691
U005895,2026-01-01,music,0.8609
U005896,2026-01-01,gym,0.5088
U005897,2026-01-01,none,0.9983
U005898,2026-01-01,music,0.5012
U005899,2026-01-01,none,0.9857
U005900,2026-01-01,none,0.9889
U005901,2026-01-01,software,0.5206
U005902,2026-01-01,gym,0.5697
U005903,2026-01-01,gym,0.6233
U005904,2026-01-01,insurance,0.7639
U005905,2026-01-01,software,0.5407
U005906,2026-01-01,software,0.7276
U005907,2026-01-01,software,0.5984
U005908,2026-01-01,insurance,0.6097
U005909,2026-01-01,none,0.9802
U005910,2026-01-01,software,0.4802
U005911,2026-01-01,cloud,0.5957
U005912,2026-01-01,gym,0.8226
U005913,2026-01-01,software,0.8284
U005914,2026-01-01,streaming,0.5668
U005915,2026-01-01,cloud,0.3846
U005916,2026-01-01,none,0.8277
U005917,2026-01-01,mobile,0.4097
U005918,2026-01-01,software,0.637
U005919,2026-01-01,music,0.7246
U005920,2026-01-01,mobile,0.6818
U005921,2026-01-01,none,0.4406
U005922,2026-01-01,none,0.9884
U005923,2026-01-01,mobile,0.7414
U005924,2026-01-01,mobile,0.4543
U005925,2026-01-01,none,0.3863
U005926,2026-01-01,insurance,0.5547
U005927,2026-01-01,streaming,0.6136
U005928,2026-01-01,none,0.9928
U005929,2026-01-01,gym,0.6933
U005930,2026-01-01,streaming,0.5156
U005931,2026-01-01,none,0.9149
U005932,2026-01-01,cloud,0.9102
U005933,2026-01-01,insurance,0.5636
U005934,2026-01-01,music,0.3885
U005935,2026-01-01,mobile,0.4203
U005936,2026-01-01,none,0.8163
U005937,2026-01-01,cloud,0.5477
U005938,2026-01-01,software,0.7945
U005939,2026-01-01,none,0.9636
U005940,2026-01-01,gym,0.7296
U005941,2026-01-01,none,0.5407
U005942,2026-01-01,cloud,0.5346
U005943,2026-01-01,music,0.3652
U005944,2026-01-01,gym,0.8447
U005945,2026-01-01,gym,0.5199
U005946,2026-01-01,gym,0.8499
U005947,2026-01-01,gym,0.4132
U005948,2026-01-01,gym,0.3431
U005949,2026-01-01,insurance,0.4199
U005950,2026-01-01,gym,0.493
U005951,2026-01-01,software,0.4087
U005952,2026-01-01,none,0.9999
U005953,2026-01-01,streaming,0.5062
U005954,2026-01-01,music,0.8561
U005955,2026-01-01,insurance,0.5276
U005956,2026-01-01,mobile,0.3612
U005957,2026-01-01,none,0.5615
U005958,2026-01-01,streaming,0.3519
U005959,2026-01-01,software,0.5164
U005960,2026-01-01,cloud,0.8782
U005961,2026-01-01,software,0.7829
U005962,2026-01-01,streaming,0.6797
U005963,2026-01-01,gym,0.6263
U005964,2026-01-01,gym,0.8256
U005965,2026-01-01,insurance,0.4476
U005966,2026-01-01,none,0.8842
U005967,2026-01-01,music,0.3904
U005968,2026-01-01,streaming,0.555
U005969,2026-01-01,none,0.7614
U005970,2026-01-01,none,0.9885
U005971,2026-01-01,none,0.9998
U005972,2026-01-01,none,0.9998
U005973,2026-01-01,gym,0.4377
U005974,2026-01-01,none,0.9616
U005975,2026-01-01,none,0.832
U005976,2026-01-01,none,0.7195
U005977,2026-01-01,insurance,0.4669
U005978,2026-01-01,none,0.9563
U005979,2026-01-01,gym,0.87
U005980,2026-01-01,none,0.9639
U005981,2026-01-01,none,0.9998
U005982,2026-01-01,software,0.4603
U005983,2026-01-01,gym,0.806
U005984,2026-01-01,software,0.5313
U005985,2026-01-01,mobile,0.5616
U005986,2026-01-01,software,0.5648
U005987,2026-01-01,software,0.7191
U005988,2026-01-01,none,0.9939
U005989,2026-01-01,none,0.8881
U005990,2026-01-01,insurance,0.7692
U005991,2026-01-01,gym,0.3075
U005992,2026-01-01,none,0.6287
U005993,2026-01-01,none,0.9993
U005994,2026-01-01,streaming,0.7811
U005995,2026-01-01,insurance,0.8452
U005996,2026-01-01,gym,0.5279
U005997,2026-01-01,cloud,0.5872
U005998,2026-01-01,insurance,0.5362
U005999,2026-01-01,streaming,0.5008
U006000,2026-01-01,software,0.3688
U006001,2026-01-01,none,0.9968
U006002,2026-01-01,insurance,0.7552
U006003,2026-01-01,cloud,0.8934
U006004,2026-01-01,cloud,0.4059
U006005,2026-01-01,music,0.6444
U006006,2026-01-01,streaming,0.8686
U006007,2026-01-01,streaming,0.4263
U006008,2026-01-01,none,0.9131
U006009,2026-01-01,streaming,0.8215
U006010,2026-01-01,gym,0.4743
U006011,2026-01-01,none,0.9015
U006012,2026-01-01,none,0.6631
U006013,2026-01-01,none,0.9927
U006014,2026-01-01,mobile,0.9009
U006015,2026-01-01,streaming,0.9153
U006016,2026-01-01,software,0.3617
U006017,2026-01-01,gym,0.8803
U006018,2026-01-01,cloud,0.8578
U006019,2026-01-01,music,0.6052
U006020,2026-01-01,gym,0.5713
U006021,2026-01-01,music,0.3711
U006022,2026-01-01,cloud,0.5011
U006023,2026-01-01,streaming,0.4365
U006024,2026-01-01,none,0.9995
U006025,2026-01-01,software,0.4575
U006026,2026-01-01,none,0.5398
U006027,2026-01-01,none,0.3681
U006028,2026-01-01,music,0.5954
U006029,2026-01-01,streaming,0.6818
U006030,2026-01-01,gym,0.4359
U006031,2026-01-01,mobile,0.4544
U006032,2026-01-01,gym,0.5736
U006033,2026-01-01,cloud,0.2535
U006034,2026-01-01,insurance,0.6288
U006035,2026-01-01,gym,0.8081
U006036,2026-01-01,music,0.5558
U006037,2026-01-01,software,0.5163
U006038,2026-01-01,streaming,0.7112
U006039,2026-01-01,mobile,0.6966
U006040,2026-01-01,cloud,0.7691
U006041,2026-01-01,none,0.9474
U006042,2026-01-01,music,0.5595
U006043,2026-01-01,insurance,0.4354
U006044,2026-01-01,insurance,0.5499
U006045,2026-01-01,none,0.3933
U006046,2026-01-01,mobile,0.4149
U006047,2026-01-01,none,0.9717
U006048,2026-01-01,cloud,0.3894
U006049,2026-01-01,gym,0.3361
U006050,2026-01-01,insurance,0.703
U006051,2026-01-01,none,0.6592
U006052,2026-01-01,gym,0.5647
U006053,2026-01-01,gym,0.6988
U006054,2026-01-01,mobile,0.7846
U006055,2026-01-01,gym,0.3937
U006056,2026-01-01,insurance,0.705
U006057,2026-01-01,streaming,0.9211
U006058,2026-01-01,gym,0.5669
U006059,2026-01-01,insurance,0.4992
U006060,2026-01-01,none,0.8947
U006061,2026-01-01,none,0.9948
U006062,2026-01-01,music,0.6846
U006063,2026-01-01,gym,0.9081
U006064,2026-01-01,insurance,0.7763
U006065,2026-01-01,cloud,0.6593
U006066,2026-01-01,gym,0.8545
U006067,2026-01-01,mobile,0.447
U006068,2026-01-01,insurance,0.754
U006069,2026-01-01,mobile,0.4265
U006070,2026-01-01,none,0.9372
U006071,2026-01-01,none,0.9972
U006072,2026-01-01,software,0.4395
U006073,2026-01-01,none,0.7071
U006074,2026-01-01,cloud,0.4716
U006075,2026-01-01,none,0.9967
U006076,2026-01-01,streaming,0.5655
U006077,2026-01-01,software,0.4576
U006078,2026-01-01,none,0.9926
U006079,2026-01-01,software,0.8942
U006080,2026-01-01,none,0.9788
U006081,2026-01-01,mobile,0.4375
U006082,2026-01-01,streaming,0.5158
U006083,2026-01-01,insurance,0.7236
U006084,2026-01-01,insurance,0.8621
U006085,2026-01-01,none,0.5535
U006086,2026-01-01,mobile,0.6785
U006087,2026-01-01,music,0.5541
U006088,2026-01-01,gym,0.3722
U006089,2026-01-01,insurance,0.3951
U006090,2026-01-01,none,0.9246
U006091,2026-01-01,gym,0.3742
U006092,2026-01-01,cloud,0.5239
U006093,2026-01-01,none,0.996
U006094,2026-01-01,cloud,0.6244
U006095,2026-01-01,none,0.9996
U006096,2026-01-01,software,0.8283
U006097,2026-01-01,none,0.725
U006098,2026-01-01,cloud,0.4401
U006099,2026-01-01,insurance,0.6626
U006100,2026-01-01,cloud,0.7109
U006101,2026-01-01,none,0.909
U006102,2026-01-01,streaming,0.4925
U006103,2026-01-01,cloud,0.5118
U006104,2026-01-01,music,0.5395
U006105,2026-01-01,none,0.9037
U006106,2026-01-01,none,0.4324
U006107,2026-01-01,mobile,0.3241
U006108,2026-01-01,none,0.489
U006109,2026-01-01,gym,0.4673
U006110,2026-01-01,streaming,0.4407
U006111,2026-01-01,none,0.7716
U006112,2026-01-01,cloud,0.8765
U006113,2026-01-01,none,0.505
U006114,2026-01-01,streaming,0.668
U006115,2026-01-01,software,0.4815
U006116,2026-01-01,mobile,0.3376
U006117,2026-01-01,mobile,0.4849
U006118,2026-01-01,gym,0.7757
U006119,2026-01-01,software,0.8292
U006120,2026-01-01,streaming,0.8638
U006121,2026-01-01,streaming,0.7997
U006122,2026-01-01,mobile,0.8748
U006123,2026-01-01,cloud,0.3381
U006124,2026-01-01,none,0.9227
U006125,2026-01-01,streaming,0.4423
U006126,2026-01-01,none,0.968
U006127,2026-01-01,cloud,0.4409
U006128,2026-01-01,none,0.9543
U006129,2026-01-01,cloud,0.7705
U006130,2026-01-01,cloud,0.5404
U006131,2026-01-01,insurance,0.5897
U006132,2026-01-01,none,0.5386
U006133,2026-01-01,insurance,0.3626
U006134,2026-01-01,none,0.5901
U006135,2026-01-01,software,0.422
U006136,2026-01-01,none,0.3584
U006137,2026-01-01,none,0.4424
U006138,2026-01-01,gym,0.8883
U006139,2026-01-01,insurance,0.8528
U006140,2026-01-01,software,0.4878
U006141,2026-01-01,streaming,0.5445
U006142,2026-01-01,software,0.8429
U006143,2026-01-01,none,0.9649
U006144,2026-01-01,insurance,0.4456
U006145,2026-01-01,insurance,0.5313
U006146,2026-01-01,streaming,0.6455
U006147,2026-01-01,none,0.9725
U006148,2026-01-01,none,0.3611
U006149,2026-01-01,software,0.7758
U006150,2026-01-01,gym,0.5191
U006151,2026-01-01,software,0.6689
U006152,2026-01-01,none,0.9983
U006153,2026-01-01,software,0.4976
U006154,2026-01-01,none,0.9994
U006155,2026-01-01,none,0.7434
U006156,2026-01-01,insurance,0.5551
U006157,2026-01-01,gym,0.6561
U006158,2026-01-01,none,0.9982
U006159,2026-01-01,none,0.5554
U006160,2026-01-01,streaming,0.8839
U006161,2026-01-01,software,0.7719
U006162,2026-01-01,software,0.7422
U006163,2026-01-01,streaming,0.5908
U006164,2026-01-01,insurance,0.4932
U006165,2026-01-01,none,0.9366
U006166,2026-01-01,gym,0.4949
U006167,2026-01-01,cloud,0.5621
U006168,2026-01-01,streaming,0.5099
U006169,2026-01-01,none,0.92
U006170,2026-01-01,none,0.9907
U006171,2026-01-01,mobile,0.6537
U006172,2026-01-01,insurance,0.452
U006173,2026-01-01,music,0.5018
U006174,2026-01-01,mobile,0.3362
U006175,2026-01-01,software,0.5738
U006176,2026-01-01,mobile,0.6765
U006177,2026-01-01,none,0.593
U006178,2026-01-01,mobile,0.6184
U006179,2026-01-01,software,0.4101
U006180,2026-01-01,music,0.7422
U006181,2026-01-01,cloud,0.7306
U006182,2026-01-01,none,0.4531
U006183,2026-01-01,none,0.9992
U006184,2026-01-01,cloud,0.5225
U006185,2026-01-01,none,0.9999
U006186,2026-01-01,mobile,0.866
U006187,2026-01-01,cloud,0.5376
U006188,2026-01-01,none,1.0
U006189,2026-01-01,none,0.9525
U006190,2026-01-01,music,0.9047
U006191,2026-01-01,mobile,0.5797
U006192,2026-01-01,streaming,0.4803
U006193,2026-01-01,none,0.7205
U006194,2026-01-01,insurance,0.4743
U006195,2026-01-01,music,0.6049
U006196,2026-01-01,none,0.6977
U006197,2026-01-01,music,0.5574
U006198,2026-01-01,none,0.5142
U006199,2026-01-01,streaming,0.9421
U006200,2026-01-01,music,0.6112
U006201,2026-01-01,cloud,0.8912
U006202,2026-01-01,cloud,0.8771
U006203,2026-01-01,streaming,0.6723
U006204,2026-01-01,none,0.9972
U006205,2026-01-01,mobile,0.5313
U006206,2026-01-01,gym,0.4338
U006207,2026-01-01,software,0.3419
U006208,2026-01-01,insurance,0.7705
U006209,2026-01-01,cloud,0.4587
U006210,2026-01-01,mobile,0.5251
U006211,2026-01-01,streaming,0.6504
U006212,2026-01-01,music,0.7026
U006213,2026-01-01,gym,0.588
U006214,2026-01-01,none,0.9942
U006215,2026-01-01,none,0.6057
U006216,2026-01-01,none,0.4814
U006217,2026-01-01,mobile,0.6562
U006218,2026-01-01,insurance,0.8475
U006219,2026-01-01,none,0.6826
U006220,2026-01-01,music,0.8198
U006221,2026-01-01,music,0.7105
U006222,2026-01-01,mobile,0.3586
U006223,2026-01-01,cloud,0.7654
U006224,2026-01-01,none,0.9993
U006225,2026-01-01,none,0.4814
U006226,2026-01-01,streaming,0.8932
U006227,2026-01-01,software,0.3279
U006228,2026-01-01,none,0.6326
U006229,2026-01-01,none,0.6504
U006230,2026-01-01,insurance,0.463
U006231,2026-01-01,insurance,0.6518
U006232,2026-01-01,software,0.7392
U006233,2026-01-01,cloud,0.5738
U006234,2026-01-01,insurance,0.5384
U006235,2026-01-01,none,0.9182
U006236,2026-01-01,none,0.9987
U006237,2026-01-01,none,0.6935
U006238,2026-01-01,cloud,0.5003
U006239,2026-01-01,streaming,0.6487
U006240,2026-01-01,none,0.8438
U006241,2026-01-01,software,0.9431
U006242,2026-01-01,none,0.9691
U006243,2026-01-01,gym,0.5804
U006244,2026-01-01,none,0.6743
U006245,2026-01-01,music,0.4958
U006246,2026-01-01,none,0.9815
U006247,2026-01-01,gym,0.2897
U006248,2026-01-01,gym,0.5358
U006249,2026-01-01,none,0.8944
U006250,2026-01-01,cloud,0.8093
U006251,2026-01-01,insurance,0.7336
U006252,2026-01-01,streaming,0.4118
U006253,2026-01-01,streaming,0.7183
U006254,2026-01-01,gym,0.3482
U006255,2026-01-01,none,0.9037
U006256,2026-01-01,software,0.5494
U006257,2026-01-01,music,0.6589
U006258,2026-01-01,none,0.9996
U006259,2026-01-01,streaming,0.5007
U006260,2026-01-01,none,0.571
U006261,2026-01-01,streaming,0.6072
U006262,2026-01-01,cloud,0.8162
U006263,2026-01-01,software,0.7599
U006264,2026-01-01,software,0.66
U006265,2026-01-01,streaming,0.4195
U006266,2026-01-01,gym,0.8516
U006267,2026-01-01,streaming,0.6782
U006268,2026-01-01,none,0.5882
U006269,2026-01-01,gym,0.4903
U006270,2026-01-01,cloud,0.5063
U006271,2026-01-01,music,0.9027
U006272,2026-01-01,music,0.3496
U006273,2026-01-01,insurance,0.4382
U006274,2026-01-01,mobile,0.6594
U006275,2026-01-01,gym,0.6751
U006276,2026-01-01,none,0.9066
U006277,2026-01-01,streaming,0.3245
U006278,2026-01-01,insurance,0.5175
U006279,2026-01-01,gym,0.3612
U006280,2026-01-01,none,0.9984
U006281,2026-01-01,streaming,0.9242
U006282,2026-01-01,gym,0.5208
U006283,2026-01-01,music,0.6361
U006284,2026-01-01,none,0.9978
U006285,2026-01-01,music,0.6651
U006286,2026-01-01,none,0.9366
U006287,2026-01-01,none,0.7504
U006288,2026-01-01,software,0.4364
U006289,2026-01-01,mobile,0.7396
U006290,2026-01-01,music,0.6099
U006291,2026-01-01,mobile,0.7545
U006292,2026-01-01,gym,0.4658
U006293,2026-01-01,streaming,0.6933
U006294,2026-01-01,none,0.495
U006295,2026-01-01,none,0.633
U006296,2026-01-01,streaming,0.5605
U006297,2026-01-01,music,0.5005
U006298,2026-01-01,none,0.7265
U006299,2026-01-01,none,0.9973
U006300,2026-01-01,mobile,0.5595
U006301,2026-01-01,streaming,0.6562
U006302,2026-01-01,none,0.7413
U006303,2026-01-01,insurance,0.5911
U006304,2026-01-01,software,0.4752
U006305,2026-01-01,streaming,0.5698
U006306,2026-01-01,gym,0.8331
U006307,2026-01-01,mobile,0.8518
U006308,2026-01-01,insurance,0.8829
U006309,2026-01-01,mobile,0.3894
U006310,2026-01-01,insurance,0.8286
U006311,2026-01-01,music,0.5692
U006312,2026-01-01,mobile,0.6929
U006313,2026-01-01,cloud,0.6639
U006314,2026-01-01,mobile,0.6119
U006315,2026-01-01,streaming,0.4702
U006316,2026-01-01,none,0.934
U006317,2026-01-01,none,0.8072
U006318,2026-01-01,none,0.6514
U006319,2026-01-01,music,0.771
U006320,2026-01-01,music,0.7645
U006321,2026-01-01,cloud,0.4269
U006322,2026-01-01,cloud,0.7865
U006323,2026-01-01,music,0.3916
U006324,2026-01-01,music,0.5119
U006325,2026-01-01,mobile,0.3646
U006326,2026-01-01,software,0.5145
U006327,2026-01-01,gym,0.6452
U006328,2026-01-01,music,0.5404
U006329,2026-01-01,gym,0.4468
U006330,2026-01-01,streaming,0.5367
U006331,2026-01-01,none,0.9739
U006332,2026-01-01,mobile,0.7642
U006333,2026-01-01,mobile,0.5203
U006334,2026-01-01,cloud,0.6662
U006335,2026-01-01,none,0.8904
U006336,2026-01-01,music,0.4596
U006337,2026-01-01,mobile,0.6123
U006338,2026-01-01,insurance,0.5028
U006339,2026-01-01,software,0.557
U006340,2026-01-01,mobile,0.5256
U006341,2026-01-01,insurance,0.4646
U006342,2026-01-01,none,0.9174
U006343,2026-01-01,insurance,0.4855
U006344,2026-01-01,none,0.8929
U006345,2026-01-01,streaming,0.8989
U006346,2026-01-01,insurance,0.4794
U006347,2026-01-01,none,0.994
U006348,2026-01-01,cloud,0.4695
U006349,2026-01-01,mobile,0.445
U006350,2026-01-01,software,0.3138
U006351,2026-01-01,gym,0.5765
U006352,2026-01-01,none,0.9885
U006353,2026-01-01,music,0.5203
U006354,2026-01-01,cloud,0.5877
U006355,2026-01-01,gym,0.7163
U006356,2026-01-01,none,0.6739
U006357,2026-01-01,none,0.8471
U006358,2026-01-01,none,0.9813
U006359,2026-01-01,insurance,0.6161
U006360,2026-01-01,streaming,0.6726
U006361,2026-01-01,mobile,0.8801
U006362,2026-01-01,mobile,0.4595
U006363,2026-01-01,music,0.6058
U006364,2026-01-01,software,0.624
U006365,2026-01-01,cloud,0.4785
U006366,2026-01-01,gym,0.6322
U006367,2026-01-01,none,0.9659
U006368,2026-01-01,music,0.48
U006369,2026-01-01,gym,0.3544
U006370,2026-01-01,software,0.4662
U006371,2026-01-01,cloud,0.6984
U006372,2026-01-01,insurance,0.6549
U006373,2026-01-01,mobile,0.5896
U006374,2026-01-01,gym,0.5551
U006375,2026-01-01,mobile,0.743
U006376,2026-01-01,none,0.797
U006377,2026-01-01,cloud,0.4746
U006378,2026-01-01,mobile,0.5707
U006379,2026-01-01,cloud,0.5391
U006380,2026-01-01,software,0.7887
U006381,2026-01-01,mobile,0.9091
U006382,2026-01-01,software,0.6932
U006383,2026-01-01,none,0.7578
U006384,2026-01-01,software,0.525
U006385,2026-01-01,gym,0.4514
U006386,2026-01-01,gym,0.7602
U006387,2026-01-01,mobile,0.366
U006388,2026-01-01,music,0.7762
U006389,2026-01-01,gym,0.6086
U006390,2026-01-01,mobile,0.4539
U006391,2026-01-01,none,0.8076
U006392,2026-01-01,none,0.9814
U006393,2026-01-01,none,0.8574
U006394,2026-01-01,software,0.5065
U006395,2026-01-01,streaming,0.8717
U006396,2026-01-01,mobile,0.6124
U006397,2026-01-01,software,0.5615
U006398,2026-01-01,music,0.6509
U006399,2026-01-01,gym,0.7447
U006400,2026-01-01,none,0.8639
U006401,2026-01-01,software,0.4673
U006402,2026-01-01,none,0.8591
U006403,2026-01-01,none,0.39
U006404,2026-01-01,software,0.4089
U006405,2026-01-01,gym,0.8391
U006406,2026-01-01,none,0.9716
U006407,2026-01-01,cloud,0.5016
U006408,2026-01-01,cloud,0.6141
U006409,2026-01-01,software,0.2632
U006410,2026-01-01,streaming,0.8872
U006411,2026-01-01,none,0.908
U006412,2026-01-01,gym,0.6347
U006413,2026-01-01,gym,0.8143
U006414,2026-01-01,mobile,0.6191
U006415,2026-01-01,insurance,0.8241
U006416,2026-01-01,software,0.7881
U006417,2026-01-01,cloud,0.877
U006418,2026-01-01,none,0.9995
U006419,2026-01-01,none,0.9932
U006420,2026-01-01,cloud,0.4834
U006421,2026-01-01,gym,0.6047
U006422,2026-01-01,none,0.938
U006423,2026-01-01,streaming,0.5009
U006424,2026-01-01,gym,0.5069
U006425,2026-01-01,insurance,0.4176
U006426,2026-01-01,music,0.4493
U006427,2026-01-01,software,0.5152
U006428,2026-01-01,music,0.4599
U006429,2026-01-01,none,0.6649
U006430,2026-01-01,none,0.8244
U006431,2026-01-01,cloud,0.841
U006432,2026-01-01,software,0.4292
U006433,2026-01-01,mobile,0.893
U006434,2026-01-01,mobile,0.514
U006435,2026-01-01,none,0.477
U006436,2026-01-01,none,0.9193
U006437,2026-01-01,insurance,0.3792
U006438,2026-01-01,none,0.8981
U006439,2026-01-01,none,0.9997
U006440,2026-01-01,mobile,0.7313
U006441,2026-01-01,software,0.408
U006442,2026-01-01,none,0.9999
U006443,2026-01-01,mobile,0.594
U006444,2026-01-01,cloud,0.8988
U006445,2026-01-01,software,0.5327
U006446,2026-01-01,music,0.8592
U006447,2026-01-01,none,0.9808
U006448,2026-01-01,none,0.7772
U006449,2026-01-01,mobile,0.5455
U006450,2026-01-01,none,0.687
U006451,2026-01-01,gym,0.7041
U006452,2026-01-01,music,0.5914
U006453,2026-01-01,mobile,0.6144
U006454,2026-01-01,streaming,0.5905
U006455,2026-01-01,none,0.9995
U006456,2026-01-01,insurance,0.5922
U006457,2026-01-01,software,0.4755
U006458,2026-01-01,insurance,0.4836
U006459,2026-01-01,streaming,0.791
U006460,2026-01-01,mobile,0.6804
U006461,2026-01-01,streaming,0.7052
U006462,2026-01-01,mobile,0.8847
U006463,2026-01-01,streaming,0.3969
U006464,2026-01-01,software,0.5799
U006465,2026-01-01,music,0.8913
U006466,2026-01-01,insurance,0.6315
U006467,2026-01-01,insurance,0.3023
U006468,2026-01-01,none,0.9516
U006469,2026-01-01,gym,0.5397
U006470,2026-01-01,none,0.9958
U006471,2026-01-01,cloud,0.5671
U006472,2026-01-01,none,0.3989
U006473,2026-01-01,streaming,0.3733
U006474,2026-01-01,music,0.7873
U006475,2026-01-01,none,0.7865
U006476,2026-01-01,none,0.9996
U006477,2026-01-01,music,0.5211
U006478,2026-01-01,cloud,0.3827
U006479,2026-01-01,none,0.4691
U006480,2026-01-01,mobile,0.6764
U006481,2026-01-01,streaming,0.417
U006482,2026-01-01,none,0.9937
U006483,2026-01-01,insurance,0.5675
U006484,2026-01-01,gym,0.3688
U006485,2026-01-01,none,0.9471
U006486,2026-01-01,none,0.6141
U006487,2026-01-01,none,0.506
U006488,2026-01-01,mobile,0.5734
U006489,2026-01-01,mobile,0.3278
U006490,2026-01-01,none,0.9113
U006491,2026-01-01,none,0.9655
U006492,2026-01-01,music,0.5961
U006493,2026-01-01,none,0.9996
U006494,2026-01-01,music,0.5287
U006495,2026-01-01,cloud,0.4995
U006496,2026-01-01,mobile,0.3414
U006497,2026-01-01,mobile,0.5744
U006498,2026-01-01,cloud,0.6661
U006499,2026-01-01,none,0.4578
U006500,2026-01-01,gym,0.3741
U006501,2026-01-01,none,0.6992
U006502,2026-01-01,music,0.7269
U006503,2026-01-01,none,0.999
U006504,2026-01-01,streaming,0.4879
U006505,2026-01-01,none,0.9998
U006506,2026-01-01,none,0.9628
U006507,2026-01-01,software,0.423
U006508,2026-01-01,software,0.5318
U006509,2026-01-01,gym,0.4989
U006510,2026-01-01,none,0.9931
U006511,2026-01-01,streaming,0.6484
U006512,2026-01-01,software,0.4017
U006513,2026-01-01,cloud,0.8173
U006514,2026-01-01,none,0.9187
U006515,2026-01-01,none,0.9914
U006516,2026-01-01,software,0.6239
U006517,2026-01-01,streaming,0.5637
U006518,2026-01-01,cloud,0.794
U006519,2026-01-01,cloud,0.6826
U006520,2026-01-01,insurance,0.4518
U006521,2026-01-01,streaming,0.7734
U006522,2026-01-01,none,0.6873
U006523,2026-01-01,mobile,0.3724
U006524,2026-01-01,none,0.8546
U006525,2026-01-01,music,0.3866
U006526,2026-01-01,insurance,0.4756
U006527,2026-01-01,insurance,0.5506
U006528,2026-01-01,insurance,0.4247
U006529,2026-01-01,none,0.8462
U006530,2026-01-01,none,0.9767
U006531,2026-01-01,mobile,0.5724
U006532,2026-01-01,streaming,0.6442
U006533,2026-01-01,software,0.4562
U006534,2026-01-01,none,0.907
U006535,2026-01-01,mobile,0.7656
U006536,2026-01-01,none,0.774
U006537,2026-01-01,software,0.7777
U006538,2026-01-01,none,0.9926
U006539,2026-01-01,music,0.3169
U006540,2026-01-01,none,0.9999
U006541,2026-01-01,insurance,0.6345
U006542,2026-01-01,streaming,0.8162
U006543,2026-01-01,none,0.9433
U006544,2026-01-01,mobile,0.4077
U006545,2026-01-01,insurance,0.6263
U006546,2026-01-01,gym,0.7977
U006547,2026-01-01,streaming,0.5035
U006548,2026-01-01,none,0.9957
U006549,2026-01-01,none,0.9582
U006550,2026-01-01,cloud,0.769
U006551,2026-01-01,mobile,0.5382
U006552,2026-01-01,music,0.6551
U006553,2026-01-01,none,0.8882
U006554,2026-01-01,streaming,0.6717
U006555,2026-01-01,streaming,0.5262
U006556,2026-01-01,software,0.6117
U006557,2026-01-01,gym,0.6722
U006558,2026-01-01,none,0.9913
U006559,2026-01-01,software,0.8981
U006560,2026-01-01,music,0.581
U006561,2026-01-01,insurance,0.5669
U006562,2026-01-01,music,0.7064
U006563,2026-01-01,software,0.524
U006564,2026-01-01,insurance,0.4395
U006565,2026-01-01,cloud,0.8198
U006566,2026-01-01,gym,0.8272
U006567,2026-01-01,insurance,0.4129
U006568,2026-01-01,music,0.8479
U006569,2026-01-01,cloud,0.8156
U006570,2026-01-01,software,0.8755
U006571,2026-01-01,insurance,0.5386
U006572,2026-01-01,mobile,0.805
U006573,2026-01-01,none,0.7011
U006574,2026-01-01,software,0.9369
U006575,2026-01-01,none,0.9969
U006576,2026-01-01,cloud,0.6552
U006577,2026-01-01,streaming,0.4482
U006578,2026-01-01,gym,0.7392
U006579,2026-01-01,none,0.9947
U006580,2026-01-01,software,0.4351
U006581,2026-01-01,music,0.4758
U006582,2026-01-01,streaming,0.4381
U006583,2026-01-01,streaming,0.8954
U006584,2026-01-01,mobile,0.7287
U006585,2026-01-01,insurance,0.449
U006586,2026-01-01,cloud,0.4457
U006587,2026-01-01,mobile,0.4179
U006588,2026-01-01,insurance,0.4816
U006589,2026-01-01,cloud,0.5986
U006590,2026-01-01,software,0.612
U006591,2026-01-01,streaming,0.5604
U006592,2026-01-01,mobile,0.5736
U006593,2026-01-01,none,0.3948
U006594,2026-01-01,none,0.9979
U006595,2026-01-01,software,0.6288
U006596,2026-01-01,gym,0.8502
U006597,2026-01-01,gym,0.3932
U006598,2026-01-01,none,0.426
U006599,2026-01-01,none,0.9994
U006600,2026-01-01,software,0.5666
U006601,2026-01-01,streaming,0.5964
U006602,2026-01-01,software,0.3256
U006603,2026-01-01,none,0.9567
U006604,2026-01-01,cloud,0.4618
U006605,2026-01-01,none,0.3879
U006606,2026-01-01,music,0.487
U006607,2026-01-01,music,0.7253
U006608,2026-01-01,software,0.4655
U006609,2026-01-01,insurance,0.4805
U006610,2026-01-01,streaming,0.9096
U006611,2026-01-01,software,0.6652
U006612,2026-01-01,mobile,0.4995
U006613,2026-01-01,music,0.8833
U006614,2026-01-01,none,0.7358
U006615,2026-01-01,music,0.5916
U006616,2026-01-01,mobile,0.3162
U006617,2026-01-01,streaming,0.5879
U006618,2026-01-01,gym,0.7011
U006619,2026-01-01,gym,0.6997
U006620,2026-01-01,gym,0.594
U006621,2026-01-01,streaming,0.6261
U006622,2026-01-01,cloud,0.4331
U006623,2026-01-01,cloud,0.5211
U006624,2026-01-01,none,0.7979
U006625,2026-01-01,streaming,0.6632
U006626,2026-01-01,mobile,0.5256
U006627,2026-01-01,cloud,0.4627
U006628,2026-01-01,none,0.56
U006629,2026-01-01,software,0.8114
U006630,2026-01-01,gym,0.5938
U006631,2026-01-01,cloud,0.5486
U006632,2026-01-01,streaming,0.5439
U006633,2026-01-01,mobile,0.8315
U006634,2026-01-01,gym,0.5892
U006635,2026-01-01,gym,0.5486
U006636,2026-01-01,none,0.4321
U006637,2026-01-01,gym,0.4775
U006638,2026-01-01,mobile,0.489
U006639,2026-01-01,none,0.6081
U006640,2026-01-01,insurance,0.6735
U006641,2026-01-01,streaming,0.9309
U006642,2026-01-01,music,0.8578
U006643,2026-01-01,none,0.9925
U006644,2026-01-01,gym,0.4446
U006645,2026-01-01,software,0.6385
U006646,2026-01-01,none,0.98
U006647,2026-01-01,mobile,0.3483
U006648,2026-01-01,none,0.9951
U006649,2026-01-01,mobile,0.4803
U006650,2026-01-01,streaming,0.7355
U006651,2026-01-01,software,0.4448
U006652,2026-01-01,software,0.5193
U006653,2026-01-01,mobile,0.5201
U006654,2026-01-01,mobile,0.6776
U006655,2026-01-01,streaming,0.4639
U006656,2026-01-01,none,0.9881
U006657,2026-01-01,none,0.9998
U006658,2026-01-01,gym,0.5288
U006659,2026-01-01,music,0.6763
U006660,2026-01-01,software,0.5257
U006661,2026-01-01,music,0.5938
U006662,2026-01-01,none,0.8684
U006663,2026-01-01,insurance,0.8393
U006664,2026-01-01,none,0.4117
U006665,2026-01-01,gym,0.4264
U006666,2026-01-01,none,0.8825
U006667,2026-01-01,cloud,0.4536
U006668,2026-01-01,mobile,0.4153
U006669,2026-01-01,streaming,0.4283
U006670,2026-01-01,gym,0.4461
U006671,2026-01-01,none,0.9879
U006672,2026-01-01,none,0.6102
U006673,2026-01-01,insurance,0.5319
U006674,2026-01-01,insurance,0.6959
U006675,2026-01-01,cloud,0.5401
U006676,2026-01-01,software,0.7415
U006677,2026-01-01,none,0.9762
U006678,2026-01-01,cloud,0.795
U006679,2026-01-01,gym,0.3841
U006680,2026-01-01,gym,0.4824
U006681,2026-01-01,none,0.9998
U006682,2026-01-01,none,0.9542
U006683,2026-01-01,gym,0.5971
U006684,2026-01-01,gym,0.5789
U006685,2026-01-01,none,0.9838
U006686,2026-01-01,none,0.8794
U006687,2026-01-01,gym,0.3891
U006688,2026-01-01,software,0.3755
U006689,2026-01-01,cloud,0.4783
U006690,2026-01-01,insurance,0.6537
U006691,2026-01-01,mobile,0.8051
U006692,2026-01-01,music,0.8892
U006693,2026-01-01,gym,0.4482
U006694,2026-01-01,insurance,0.6756
U006695,2026-01-01,cloud,0.8705
U006696,2026-01-01,software,0.3733
U006697,2026-01-01,software,0.3882
U006698,2026-01-01,none,0.9224
U006699,2026-01-01,none,0.9174
U006700,2026-01-01,none,0.9739
U006701,2026-01-01,streaming,0.9058
U006702,2026-01-01,none,0.7569
U006703,2026-01-01,insurance,0.867
U006704,2026-01-01,gym,0.4273
U006705,2026-01-01,music,0.9038
U006706,2026-01-01,music,0.534
U006707,2026-01-01,cloud,0.5702
U006708,2026-01-01,cloud,0.8262
U006709,2026-01-01,software,0.4489
U006710,2026-01-01,music,0.5636
U006711,2026-01-01,none,0.613
U006712,2026-01-01,insurance,0.7495
U006713,2026-01-01,cloud,0.5078
U006714,2026-01-01,mobile,0.3621
U006715,2026-01-01,insurance,0.4174
U006716,2026-01-01,software,0.5577
U006717,2026-01-01,insurance,0.3905
U006718,2026-01-01,software,0.852
U006719,2026-01-01,none,0.9902
U006720,2026-01-01,streaming,0.6768
U006721,2026-01-01,none,0.746
U006722,2026-01-01,streaming,0.6528
U006723,2026-01-01,gym,0.4433
U006724,2026-01-01,music,0.8365
U006725,2026-01-01,streaming,0.5039
U006726,2026-01-01,mobile,0.4932
U006727,2026-01-01,software,0.3667
U006728,2026-01-01,none,0.9741
U006729,2026-01-01,mobile,0.8557
U006730,2026-01-01,music,0.6639
U006731,2026-01-01,cloud,0.7898
U006732,2026-01-01,cloud,0.8405
U006733,2026-01-01,none,0.9862
U006734,2026-01-01,insurance,0.4617
U006735,2026-01-01,none,0.9992
U006736,2026-01-01,gym,0.5357
U006737,2026-01-01,streaming,0.9316
U006738,2026-01-01,cloud,0.5187
U006739,2026-01-01,software,0.4799
U006740,2026-01-01,gym,0.8558
U006741,2026-01-01,insurance,0.6105
U006742,2026-01-01,insurance,0.3388
U006743,2026-01-01,streaming,0.5319
U006744,2026-01-01,gym,0.4852
U006745,2026-01-01,gym,0.5389
U006746,2026-01-01,music,0.5961
U006747,2026-01-01,none,0.5797
U006748,2026-01-01,cloud,0.7504
U006749,2026-01-01,insurance,0.8582
U006750,2026-01-01,cloud,0.2717
U006751,2026-01-01,cloud,0.4501
U006752,2026-01-01,cloud,0.7256
U006753,2026-01-01,insurance,0.9103
U006754,2026-01-01,cloud,0.5012
U006755,2026-01-01,none,0.6729
U006756,2026-01-01,gym,0.7083
U006757,2026-01-01,none,0.9987
U006758,2026-01-01,none,0.5424
U006759,2026-01-01,gym,0.6281
U006760,2026-01-01,cloud,0.8307
U006761,2026-01-01,music,0.6538
U006762,2026-01-01,mobile,0.4011
U006763,2026-01-01,music,0.7181
U006764,2026-01-01,streaming,0.2886
U006765,2026-01-01,software,0.4938
U006766,2026-01-01,cloud,0.5993
U006767,2026-01-01,mobile,0.485
U006768,2026-01-01,cloud,0.5309
U006769,2026-01-01,streaming,0.5701
U006770,2026-01-01,cloud,0.5023
U006771,2026-01-01,streaming,0.8204
U006772,2026-01-01,cloud,0.4558
U006773,2026-01-01,insurance,0.6448
U006774,2026-01-01,insurance,0.7386
U006775,2026-01-01,none,0.9232
U006776,2026-01-01,cloud,0.4254
U006777,2026-01-01,cloud,0.5122
U006778,2026-01-01,software,0.769
U006779,2026-01-01,music,0.6575
U006780,2026-01-01,none,0.9996
U006781,2026-01-01,none,0.8298
U006782,2026-01-01,streaming,0.6103
U006783,2026-01-01,insurance,0.5418
U006784,2026-01-01,software,0.8645
U006785,2026-01-01,music,0.7589
U006786,2026-01-01,mobile,0.5371
U006787,2026-01-01,none,0.7182
U006788,2026-01-01,none,0.3623
U006789,2026-01-01,software,0.4295
U006790,2026-01-01,cloud,0.5975
U006791,2026-01-01,gym,0.467
U006792,2026-01-01,none,0.7865
U006793,2026-01-01,none,0.8554
U006794,2026-01-01,mobile,0.7233
U006795,2026-01-01,none,0.9021
U006796,2026-01-01,none,0.9002
U006797,2026-01-01,streaming,0.7471
U006798,2026-01-01,mobile,0.3419
U006799,2026-01-01,insurance,0.7176
U006800,2026-01-01,none,0.3796
U006801,2026-01-01,insurance,0.512
U006802,2026-01-01,none,1.0
U006803,2026-01-01,none,0.4412
U006804,2026-01-01,insurance,0.4378
U006805,2026-01-01,gym,0.4192
U006806,2026-01-01,software,0.383
U006807,2026-01-01,cloud,0.8493
U006808,2026-01-01,software,0.832
U006809,2026-01-01,none,0.9554
U006810,2026-01-01,mobile,0.8664
U006811,2026-01-01,music,0.5877
U006812,2026-01-01,software,0.8361
U006813,2026-01-01,gym,0.2815
U006814,2026-01-01,none,0.9253
U006815,2026-01-01,insurance,0.8675
U006816,2026-01-01,none,0.9934
U006817,2026-01-01,none,0.872
U006818,2026-01-01,streaming,0.5005
U006819,2026-01-01,none,0.9914
U006820,2026-01-01,software,0.8221
U006821,2026-01-01,cloud,0.6107
U006822,2026-01-01,streaming,0.5916
U006823,2026-01-01,mobile,0.4908
U006824,2026-01-01,insurance,0.5455
U006825,2026-01-01,cloud,0.741
U006826,2026-01-01,streaming,0.6923
U006827,2026-01-01,streaming,0.9097
U006828,2026-01-01,insurance,0.5198
U006829,2026-01-01,none,0.969
U006830,2026-01-01,software,0.6615
U006831,2026-01-01,cloud,0.5261
U006832,2026-01-01,music,0.5177
U006833,2026-01-01,gym,0.4222
U006834,2026-01-01,none,0.9956
U006835,2026-01-01,streaming,0.5371
U006836,2026-01-01,cloud,0.8394
U006837,2026-01-01,insurance,0.3991
U006838,2026-01-01,streaming,0.7445
U006839,2026-01-01,none,0.9656
U006840,2026-01-01,mobile,0.5096
U006841,2026-01-01,insurance,0.4126
U006842,2026-01-01,none,0.7925
U006843,2026-01-01,mobile,0.4678
U006844,2026-01-01,insurance,0.5974
U006845,2026-01-01,streaming,0.5322
U006846,2026-01-01,software,0.8797
U006847,2026-01-01,software,0.4739
U006848,2026-01-01,music,0.4927
U006849,2026-01-01,software,0.5383
U006850,2026-01-01,mobile,0.4407
U006851,2026-01-01,software,0.3727
U006852,2026-01-01,none,0.9853
U006853,2026-01-01,software,0.6172
U006854,2026-01-01,insurance,0.7938
U006855,2026-01-01,music,0.5547
U006856,2026-01-01,none,0.9999
U006857,2026-01-01,mobile,0.5405
U006858,2026-01-01,mobile,0.4818
U006859,2026-01-01,mobile,0.4323
U006860,2026-01-01,cloud,0.3731
U006861,2026-01-01,gym,0.4891
U006862,2026-01-01,insurance,0.5014
U006863,2026-01-01,none,0.4793
U006864,2026-01-01,none,0.6469
U006865,2026-01-01,insurance,0.4266
U006866,2026-01-01,software,0.4713
U006867,2026-01-01,gym,0.6953
U006868,2026-01-01,gym,0.8281
U006869,2026-01-01,none,0.9989
U006870,2026-01-01,cloud,0.3991
U006871,2026-01-01,streaming,0.6347
U006872,2026-01-01,insurance,0.5046
U006873,2026-01-01,mobile,0.6955
U006874,2026-01-01,software,0.4618
U006875,2026-01-01,none,0.9998
U006876,2026-01-01,none,0.9999
U006877,2026-01-01,software,0.7307
U006878,2026-01-01,software,0.6035
U006879,2026-01-01,software,0.4768
U006880,2026-01-01,none,0.9992
U006881,2026-01-01,gym,0.5254
U006882,2026-01-01,gym,0.5261
U006883,2026-01-01,streaming,0.4866
U006884,2026-01-01,gym,0.7954
U006885,2026-01-01,none,0.6829
U006886,2026-01-01,software,0.8223
U006887,2026-01-01,software,0.4811
U006888,2026-01-01,mobile,0.7498
U006889,2026-01-01,music,0.7172
U006890,2026-01-01,mobile,0.7993
U006891,2026-01-01,streaming,0.4677
U006892,2026-01-01,mobile,0.627
U006893,2026-01-01,none,0.9976
U006894,2026-01-01,gym,0.6235
U006895,2026-01-01,none,0.4085
U006896,2026-01-01,gym,0.7102
U006897,2026-01-01,streaming,0.9053
U006898,2026-01-01,cloud,0.4491
U006899,2026-01-01,insurance,0.6617
U006900,2026-01-01,insurance,0.8263
U006901,2026-01-01,insurance,0.5798
U006902,2026-01-01,cloud,0.8229
U006903,2026-01-01,none,0.9024
U006904,2026-01-01,streaming,0.3694
U006905,2026-01-01,cloud,0.6294
U006906,2026-01-01,gym,0.8818
U006907,2026-01-01,mobile,0.7149
U006908,2026-01-01,streaming,0.6043
U006909,2026-01-01,music,0.6334
U006910,2026-01-01,streaming,0.5535
U006911,2026-01-01,streaming,0.5672
U006912,2026-01-01,cloud,0.465
U006913,2026-01-01,streaming,0.6166
U006914,2026-01-01,insurance,0.8571
U006915,2026-01-01,none,0.8199
U006916,2026-01-01,cloud,0.5256
U006917,2026-01-01,none,0.9977
U006918,2026-01-01,insurance,0.4415
U006919,2026-01-01,mobile,0.3946
U006920,2026-01-01,mobile,0.6838
U006921,2026-01-01,music,0.5704
U006922,2026-01-01,streaming,0.6171
U006923,2026-01-01,mobile,0.7174
U006924,2026-01-01,mobile,0.3666
U006925,2026-01-01,mobile,0.8065
U006926,2026-01-01,insurance,0.8794
U006927,2026-01-01,gym,0.4466
U006928,2026-01-01,insurance,0.6735
U006929,2026-01-01,streaming,0.74
U006930,2026-01-01,none,0.8163
U006931,2026-01-01,software,0.8574
U006932,2026-01-01,none,0.413
U006933,2026-01-01,gym,0.8608
U006934,2026-01-01,none,0.9326
U006935,2026-01-01,none,0.9979
U006936,2026-01-01,music,0.8677
U006937,2026-01-01,gym,0.5926
U006938,2026-01-01,none,0.9992
U006939,2026-01-01,streaming,0.9104
U006940,2026-01-01,none,0.9936
U006941,2026-01-01,gym,0.8134
U006942,2026-01-01,streaming,0.4699
U006943,2026-01-01,music,0.5913
U006944,2026-01-01,mobile,0.507
U006945,2026-01-01,cloud,0.5148
U006946,2026-01-01,gym,0.4018
U006947,2026-01-01,software,0.5466
U006948,2026-01-01,music,0.5127
U006949,2026-01-01,streaming,0.6996
U006950,2026-01-01,mobile,0.5841
U006951,2026-01-01,software,0.5444
U006952,2026-01-01,none,0.9289
U006953,2026-01-01,cloud,0.3774
U006954,2026-01-01,none,0.6005
U006955,2026-01-01,insurance,0.6417
U006956,2026-01-01,none,0.809
U006957,2026-01-01,software,0.479
U006958,2026-01-01,none,0.912
U006959,2026-01-01,cloud,0.8747
U006960,2026-01-01,none,0.9934
U006961,2026-01-01,streaming,0.5093
U006962,2026-01-01,cloud,0.6959
U006963,2026-01-01,insurance,0.5159
U006964,2026-01-01,gym,0.3351
U006965,2026-01-01,software,0.4273
U006966,2026-01-01,none,0.8329
U006967,2026-01-01,gym,0.7686
U006968,2026-01-01,none,0.9176
U006969,2026-01-01,none,0.9323
U006970,2026-01-01,none,0.9977
U006971,2026-01-01,gym,0.6098
U006972,2026-01-01,music,0.6596
U006973,2026-01-01,music,0.4858
U006974,2026-01-01,gym,0.8416
U006975,2026-01-01,cloud,0.5149
U006976,2026-01-01,none,0.9743
U006977,2026-01-01,mobile,0.5303
U006978,2026-01-01,cloud,0.4992
U006979,2026-01-01,none,0.7545
U006980,2026-01-01,music,0.2337
U006981,2026-01-01,insurance,0.4381
U006982,2026-01-01,none,0.9985
U006983,2026-01-01,streaming,0.913
U006984,2026-01-01,insurance,0.8913
U006985,2026-01-01,streaming,0.462
U006986,2026-01-01,none,0.8887
U006987,2026-01-01,gym,0.6296
U006988,2026-01-01,none,0.9472
U006989,2026-01-01,none,0.9882
U006990,2026-01-01,mobile,0.835
U006991,2026-01-01,insurance,0.4804
U006992,2026-01-01,none,0.789
U006993,2026-01-01,gym,0.5497
U006994,2026-01-01,none,0.8468
U006995,2026-01-01,music,0.7388
U006996,2026-01-01,insurance,0.5708
U006997,2026-01-01,music,0.3928
U006998,2026-01-01,insurance,0.6347
U006999,2026-01-01,gym,0.8327
U007000,2026-01-01,mobile,0.265
U007001,2026-01-01,mobile,0.8915
U007002,2026-01-01,insurance,0.4422
U007003,2026-01-01,software,0.8936
U007004,2026-01-01,music,0.7706
U007005,2026-01-01,software,0.8348
U007006,2026-01-01,none,0.982
U007007,2026-01-01,software,0.4664
U007008,2026-01-01,none,0.9888
U007009,2026-01-01,music,0.4329
U007010,2026-01-01,insurance,0.506
U007011,2026-01-01,software,0.5109
U007012,2026-01-01,software,0.5582
U007013,2026-01-01,mobile,0.6435
U007014,2026-01-01,music,0.7331
U007015,2026-01-01,insurance,0.6075
U007016,2026-01-01,gym,0.7975
U007017,2026-01-01,none,0.8532
U007018,2026-01-01,none,0.9265
U007019,2026-01-01,streaming,0.5356
U007020,2026-01-01,cloud,0.848
U007021,2026-01-01,none,0.9945
U007022,2026-01-01,mobile,0.5951
U007023,2026-01-01,none,0.9398
U007024,2026-01-01,insurance,0.5848
U007025,2026-01-01,insurance,0.9035
U007026,2026-01-01,none,0.5751
U007027,2026-01-01,none,0.9993
U007028,2026-01-01,streaming,0.8134
U007029,2026-01-01,mobile,0.742
U007030,2026-01-01,software,0.4119
U007031,2026-01-01,software,0.6033
U007032,2026-01-01,none,0.99
U007033,2026-01-01,insurance,0.8184
U007034,2026-01-01,streaming,0.4197
U007035,2026-01-01,cloud,0.8267
U007036,2026-01-01,none,0.7861
U007037,2026-01-01,cloud,0.5562
U007038,2026-01-01,streaming,0.8801
U007039,2026-01-01,streaming,0.7878
U007040,2026-01-01,streaming,0.5933
U007041,2026-01-01,software,0.3598
U007042,2026-01-01,software,0.848
U007043,2026-01-01,streaming,0.5291
U007044,2026-01-01,insurance,0.4604
U007045,2026-01-01,insurance,0.4739
U007046,2026-01-01,none,0.7876
U007047,2026-01-01,mobile,0.6371
U007048,2026-01-01,software,0.6143
U007049,2026-01-01,mobile,0.9111
U007050,2026-01-01,insurance,0.8417
U007051,2026-01-01,music,0.8773
U007052,2026-01-01,cloud,0.3384
U007053,2026-01-01,none,0.9987
U007054,2026-01-01,streaming,0.5717
U007055,2026-01-01,insurance,0.8845
U007056,2026-01-01,insurance,0.448
U007057,2026-01-01,streaming,0.5153
U007058,2026-01-01,mobile,0.3584
U007059,2026-01-01,none,0.993
U007060,2026-01-01,cloud,0.4088
U007061,2026-01-01,insurance,0.4399
U007062,2026-01-01,insurance,0.4386
U007063,2026-01-01,mobile,0.8527
U007064,2026-01-01,gym,0.4476
U007065,2026-01-01,none,0.9933
U007066,2026-01-01,none,0.996
U007067,2026-01-01,mobile,0.8884
U007068,2026-01-01,gym,0.6849
U007069,2026-01-01,software,0.3904
U007070,2026-01-01,none,0.5764
U007071,2026-01-01,cloud,0.476
U007072,2026-01-01,software,0.4134
U007073,2026-01-01,insurance,0.8554
U007074,2026-01-01,none,0.9998
U007075,2026-01-01,gym,0.6503
U007076,2026-01-01,software,0.6838
U007077,2026-01-01,software,0.7078
U007078,2026-01-01,software,0.5654
U007079,2026-01-01,none,0.9765
U007080,2026-01-01,mobile,0.6362
U007081,2026-01-01,none,0.9399
U007082,2026-01-01,cloud,0.5896
U007083,2026-01-01,streaming,0.7396
U007084,2026-01-01,streaming,0.9137
U007085,2026-01-01,none,0.896
U007086,2026-01-01,cloud,0.5481
U007087,2026-01-01,software,0.8219
U007088,2026-01-01,cloud,0.7958
U007089,2026-01-01,mobile,0.6532
U007090,2026-01-01,gym,0.4057
U007091,2026-01-01,streaming,0.3941
U007092,2026-01-01,none,0.9605
U007093,2026-01-01,gym,0.5852
U007094,2026-01-01,mobile,0.5258
U007095,2026-01-01,none,0.9933
U007096,2026-01-01,gym,0.6074
U007097,2026-01-01,streaming,0.4936
U007098,2026-01-01,streaming,0.7256
U007099,2026-01-01,software,0.8092
U007100,2026-01-01,cloud,0.4139
U007101,2026-01-01,software,0.8641
U007102,2026-01-01,insurance,0.731
U007103,2026-01-01,none,0.7847
U007104,2026-01-01,software,0.3148
U007105,2026-01-01,insurance,0.7453
U007106,2026-01-01,streaming,0.383
U007107,2026-01-01,none,0.7453
U007108,2026-01-01,none,0.4358
U007109,2026-01-01,music,0.6399
U007110,2026-01-01,streaming,0.4248
U007111,2026-01-01,software,0.4914
U007112,2026-01-01,streaming,0.3299
U007113,2026-01-01,software,0.6236
U007114,2026-01-01,gym,0.4714
U007115,2026-01-01,none,0.9903
U007116,2026-01-01,none,0.866
U007117,2026-01-01,software,0.6824
U007118,2026-01-01,insurance,0.3393
U007119,2026-01-01,none,0.5668
U007120,2026-01-01,software,0.6297
U007121,2026-01-01,none,0.5508
U007122,2026-01-01,mobile,0.5235
U007123,2026-01-01,none,0.9041
U007124,2026-01-01,cloud,0.5883
U007125,2026-01-01,gym,0.3086
U007126,2026-01-01,mobile,0.3784
U007127,2026-01-01,none,0.9998
U007128,2026-01-01,streaming,0.4692
U007129,2026-01-01,software,0.4677
U007130,2026-01-01,insurance,0.4727
U007131,2026-01-01,mobile,0.8885
U007132,2026-01-01,gym,0.7242
U007133,2026-01-01,software,0.4951
U007134,2026-01-01,cloud,0.4861
U007135,2026-01-01,gym,0.4542
U007136,2026-01-01,none,0.7759
U007137,2026-01-01,none,0.9822
U007138,2026-01-01,streaming,0.7447
U007139,2026-01-01,mobile,0.5447
U007140,2026-01-01,mobile,0.8814
U007141,2026-01-01,none,0.888
U007142,2026-01-01,none,0.8741
U007143,2026-01-01,gym,0.4474
U007144,2026-01-01,software,0.7204
U007145,2026-01-01,streaming,0.8396
U007146,2026-01-01,music,0.63
U007147,2026-01-01,streaming,0.3386
U007148,2026-01-01,music,0.7232
U007149,2026-01-01,gym,0.5686
U007150,2026-01-01,none,0.7424
U007151,2026-01-01,mobile,0.5079
U007152,2026-01-01,software,0.7856
U007153,2026-01-01,mobile,0.3932
U007154,2026-01-01,none,0.8552
U007155,2026-01-01,software,0.5236
U007156,2026-01-01,music,0.4085
U007157,2026-01-01,mobile,0.4337
U007158,2026-01-01,software,0.6183
U007159,2026-01-01,cloud,0.3036
U007160,2026-01-01,mobile,0.5629
U007161,2026-01-01,streaming,0.4519
U007162,2026-01-01,none,0.9848
U007163,2026-01-01,software,0.3685
U007164,2026-01-01,none,0.9995
U007165,2026-01-01,streaming,0.9281
U007166,2026-01-01,none,0.7985
U007167,2026-01-01,cloud,0.4354
U007168,2026-01-01,streaming,0.3015
U007169,2026-01-01,cloud,0.708
U007170,2026-01-01,software,0.4478
U007171,2026-01-01,mobile,0.7365
U007172,2026-01-01,none,0.8028
U007173,2026-01-01,none,0.7988
U007174,2026-01-01,software,0.7829
U007175,2026-01-01,software,0.4232
U007176,2026-01-01,streaming,0.4715
U007177,2026-01-01,gym,0.479
U007178,2026-01-01,streaming,0.4616
U007179,2026-01-01,mobile,0.7522
U007180,2026-01-01,gym,0.6156
U007181,2026-01-01,none,0.9374
U007182,2026-01-01,none,0.3852
U007183,2026-01-01,streaming,0.4861
U007184,2026-01-01,software,0.6857
U007185,2026-01-01,none,0.4676
U007186,2026-01-01,streaming,0.9304
U007187,2026-01-01,music,0.3937
U007188,2026-01-01,software,0.9175
U007189,2026-01-01,cloud,0.8152
U007190,2026-01-01,music,0.781
U007191,2026-01-01,cloud,0.3854
U007192,2026-01-01,cloud,0.8289
U007193,2026-01-01,software,0.7354
U007194,2026-01-01,insurance,0.7022
U007195,2026-01-01,none,0.5084
U007196,2026-01-01,insurance,0.6787
U007197,2026-01-01,insurance,0.3842
U007198,2026-01-01,insurance,0.6548
U007199,2026-01-01,music,0.3797
U007200,2026-01-01,none,0.4287
U007201,2026-01-01,none,0.608
U007202,2026-01-01,none,0.8524
U007203,2026-01-01,none,0.9641
U007204,2026-01-01,cloud,0.7312
U007205,2026-01-01,music,0.8876
U007206,2026-01-01,none,0.9562
U007207,2026-01-01,insurance,0.8987
U007208,2026-01-01,music,0.6396
U007209,2026-01-01,cloud,0.7272
U007210,2026-01-01,streaming,0.7743
U007211,2026-01-01,none,0.498
U007212,2026-01-01,none,0.4524
U007213,2026-01-01,software,0.4466
U007214,2026-01-01,streaming,0.7309
U007215,2026-01-01,music,0.705
U007216,2026-01-01,cloud,0.8906
U007217,2026-01-01,mobile,0.6294
U007218,2026-01-01,none,0.9735
U007219,2026-01-01,music,0.496
U007220,2026-01-01,software,0.8912
U007221,2026-01-01,gym,0.7243
U007222,2026-01-01,none,0.9012
U007223,2026-01-01,streaming,0.669
U007224,2026-01-01,music,0.283
U007225,2026-01-01,mobile,0.5532
U007226,2026-01-01,none,0.9963
U007227,2026-01-01,none,0.7371
U007228,2026-01-01,gym,0.691
U007229,2026-01-01,software,0.6515
U007230,2026-01-01,none,0.9331
U007231,2026-01-01,music,0.4677
U007232,2026-01-01,none,0.5067
U007233,2026-01-01,none,0.7893
U007234,2026-01-01,none,0.9407
U007235,2026-01-01,gym,0.7014
U007236,2026-01-01,cloud,0.4952
U007237,2026-01-01,none,0.8724
U007238,2026-01-01,music,0.8178
U007239,2026-01-01,software,0.8806
U007240,2026-01-01,insurance,0.8614
U007241,2026-01-01,insurance,0.5314
U007242,2026-01-01,cloud,0.623
U007243,2026-01-01,streaming,0.6123
U007244,2026-01-01,none,0.9943
U007245,2026-01-01,none,0.9999
U007246,2026-01-01,none,0.7232
U007247,2026-01-01,music,0.8248
U007248,2026-01-01,music,0.9051
U007249,2026-01-01,software,0.3568
U007250,2026-01-01,none,0.9495
U007251,2026-01-01,software,0.561
U007252,2026-01-01,software,0.5554
U007253,2026-01-01,cloud,0.5862
U007254,2026-01-01,none,0.8767
U007255,2026-01-01,gym,0.6137
U007256,2026-01-01,none,0.9976
U007257,2026-01-01,none,0.8253
U007258,2026-01-01,gym,0.5653
U007259,2026-01-01,streaming,0.6384
U007260,2026-01-01,none,0.6545
U007261,2026-01-01,none,0.999
U007262,2026-01-01,music,0.4054
U007263,2026-01-01,music,0.7748
U007264,2026-01-01,mobile,0.565
U007265,2026-01-01,insurance,0.7453
U007266,2026-01-01,music,0.4366
U007267,2026-01-01,mobile,0.3599
U007268,2026-01-01,insurance,0.6194
U007269,2026-01-01,insurance,0.4703
U007270,2026-01-01,mobile,0.4924
U007271,2026-01-01,none,0.9739
U007272,2026-01-01,gym,0.5357
U007273,2026-01-01,none,0.958
U007274,2026-01-01,none,0.5649
U007275,2026-01-01,none,0.9988
U007276,2026-01-01,music,0.3634
U007277,2026-01-01,none,0.6628
U007278,2026-01-01,mobile,0.872
U007279,2026-01-01,mobile,0.5332
U007280,2026-01-01,mobile,0.8819
U007281,2026-01-01,mobile,0.7036
U007282,2026-01-01,none,0.7384
U007283,2026-01-01,music,0.7363
U007284,2026-01-01,music,0.6656
U007285,2026-01-01,cloud,0.6257
U007286,2026-01-01,streaming,0.3348
U007287,2026-01-01,cloud,0.611
U007288,2026-01-01,gym,0.5338
U007289,2026-01-01,none,0.3719
U007290,2026-01-01,none,0.8697
U007291,2026-01-01,mobile,0.7683
U007292,2026-01-01,none,0.8852
U007293,2026-01-01,insurance,0.6829
U007294,2026-01-01,music,0.734
U007295,2026-01-01,gym,0.8787
U007296,2026-01-01,cloud,0.5585
U007297,2026-01-01,none,0.9998
U007298,2026-01-01,gym,0.5679
U007299,2026-01-01,none,0.9524
U007300,2026-01-01,cloud,0.823
U007301,2026-01-01,none,0.9428
U007302,2026-01-01,gym,0.5051
U007303,2026-01-01,none,0.9389
U007304,2026-01-01,streaming,0.5882
U007305,2026-01-01,insurance,0.8684
U007306,2026-01-01,none,0.9994
U007307,2026-01-01,gym,0.6028
U007308,2026-01-01,cloud,0.364
U007309,2026-01-01,mobile,0.4091
U007310,2026-01-01,streaming,0.4729
U007311,2026-01-01,insurance,0.4327
U007312,2026-01-01,software,0.6623
U007313,2026-01-01,none,0.362
U007314,2026-01-01,insurance,0.809
U007315,2026-01-01,none,0.9445
U007316,2026-01-01,music,0.8699
U007317,2026-01-01,software,0.3056
U007318,2026-01-01,software,0.2715
U007319,2026-01-01,none,0.9875
U007320,2026-01-01,insurance,0.7592
U007321,2026-01-01,none,0.9069
U007322,2026-01-01,none,0.9084
U007323,2026-01-01,streaming,0.5286
U007324,2026-01-01,none,0.997
U007325,2026-01-01,cloud,0.8216
U007326,2026-01-01,streaming,0.2964
U007327,2026-01-01,cloud,0.7275
U007328,2026-01-01,gym,0.4259
U007329,2026-01-01,music,0.4374
U007330,2026-01-01,none,0.9829
U007331,2026-01-01,software,0.3413
U007332,2026-01-01,gym,0.513
U007333,2026-01-01,none,0.9243
U007334,2026-01-01,none,0.4172
U007335,2026-01-01,music,0.5128
U007336,2026-01-01,insurance,0.802
U007337,2026-01-01,streaming,0.5754
U007338,2026-01-01,mobile,0.4437
U007339,2026-01-01,insurance,0.6934
U007340,2026-01-01,music,0.4364
U007341,2026-01-01,mobile,0.5102
U007342,2026-01-01,streaming,0.5231
U007343,2026-01-01,mobile,0.7693
U007344,2026-01-01,streaming,0.5773
U007345,2026-01-01,none,0.9988
U007346,2026-01-01,insurance,0.839
U007347,2026-01-01,cloud,0.4818
U007348,2026-01-01,streaming,0.7104
U007349,2026-01-01,none,0.9932
U007350,2026-01-01,none,0.9809
U007351,2026-01-01,insurance,0.8229
U007352,2026-01-01,cloud,0.2964
U007353,2026-01-01,insurance,0.3708
U007354,2026-01-01,none,0.9979
U007355,2026-01-01,gym,0.8781
U007356,2026-01-01,software,0.6473
U007357,2026-01-01,music,0.5056
U007358,2026-01-01,cloud,0.44
U007359,2026-01-01,gym,0.7788
U007360,2026-01-01,music,0.8739
U007361,2026-01-01,none,0.4933
U007362,2026-01-01,streaming,0.9122
U007363,2026-01-01,software,0.4465
U007364,2026-01-01,software,0.4091
U007365,2026-01-01,cloud,0.5908
U007366,2026-01-01,none,0.9006
U007367,2026-01-01,none,0.9394
U007368,2026-01-01,none,0.7958
U007369,2026-01-01,none,0.9172
U007370,2026-01-01,none,0.53
U007371,2026-01-01,none,0.9389
U007372,2026-01-01,music,0.8155
U007373,2026-01-01,none,0.6515
U007374,2026-01-01,insurance,0.4926
U007375,2026-01-01,gym,0.6778
U007376,2026-01-01,insurance,0.5566
U007377,2026-01-01,software,0.4526
U007378,2026-01-01,none,0.9969
U007379,2026-01-01,software,0.9123
U007380,2026-01-01,software,0.691
U007381,2026-01-01,cloud,0.4276
U007382,2026-01-01,mobile,0.4764
U007383,2026-01-01,insurance,0.5032
U007384,2026-01-01,cloud,0.5532
U007385,2026-01-01,none,0.9838
U007386,2026-01-01,none,0.9997
U007387,2026-01-01,mobile,0.4274
U007388,2026-01-01,insurance,0.4862
U007389,2026-01-01,cloud,0.8424
U007390,2026-01-01,cloud,0.3748
U007391,2026-01-01,gym,0.5153
U007392,2026-01-01,none,0.9713
U007393,2026-01-01,insurance,0.3251
U007394,2026-01-01,cloud,0.5825
U007395,2026-01-01,music,0.3181
U007396,2026-01-01,gym,0.5099
U007397,2026-01-01,software,0.4149
U007398,2026-01-01,none,0.5997
U007399,2026-01-01,none,0.2989
U007400,2026-01-01,none,0.8766
U007401,2026-01-01,gym,0.4588
U007402,2026-01-01,none,0.8539
U007403,2026-01-01,mobile,0.5583
U007404,2026-01-01,music,0.4763
U007405,2026-01-01,software,0.6439
U007406,2026-01-01,none,0.9984
U007407,2026-01-01,insurance,0.5284
U007408,2026-01-01,streaming,0.6901
U007409,2026-01-01,cloud,0.4439
U007410,2026-01-01,none,0.9863
U007411,2026-01-01,streaming,0.5013
U007412,2026-01-01,none,0.986
U007413,2026-01-01,mobile,0.6353
U007414,2026-01-01,software,0.6123
U007415,2026-01-01,insurance,0.442
U007416,2026-01-01,mobile,0.5075
U007417,2026-01-01,none,0.9385
U007418,2026-01-01,streaming,0.8898
U007419,2026-01-01,none,0.953
U007420,2026-01-01,none,0.9901
U007421,2026-01-01,none,0.4888
U007422,2026-01-01,insurance,0.7638
U007423,2026-01-01,software,0.3977
U007424,2026-01-01,gym,0.8868
U007425,2026-01-01,mobile,0.5598
U007426,2026-01-01,mobile,0.7257
U007427,2026-01-01,music,0.6389
U007428,2026-01-01,cloud,0.4509
U007429,2026-01-01,none,0.9979
U007430,2026-01-01,insurance,0.5712
U007431,2026-01-01,insurance,0.647
U007432,2026-01-01,mobile,0.5036
U007433,2026-01-01,none,0.6616
U007434,2026-01-01,none,0.3688
U007435,2026-01-01,none,0.3741
U007436,2026-01-01,cloud,0.4636
U007437,2026-01-01,software,0.5231
U007438,2026-01-01,music,0.892
U007439,2026-01-01,insurance,0.7169
U007440,2026-01-01,mobile,0.3543
U007441,2026-01-01,insurance,0.7526
U007442,2026-01-01,software,0.5461
U007443,2026-01-01,streaming,0.735
U007444,2026-01-01,software,0.5121
U007445,2026-01-01,insurance,0.5679
U007446,2026-01-01,none,0.6085
U007447,2026-01-01,none,0.9358
U007448,2026-01-01,none,0.5796
U007449,2026-01-01,insurance,0.2942
U007450,2026-01-01,none,0.9274
U007451,2026-01-01,insurance,0.5322
U007452,2026-01-01,none,1.0
U007453,2026-01-01,none,0.9101
U007454,2026-01-01,none,0.949
U007455,2026-01-01,none,0.6555
U007456,2026-01-01,software,0.4035
U007457,2026-01-01,insurance,0.5853
U007458,2026-01-01,music,0.3972
U007459,2026-01-01,mobile,0.5675
U007460,2026-01-01,cloud,0.3963
U007461,2026-01-01,cloud,0.6193
U007462,2026-01-01,streaming,0.7404
U007463,2026-01-01,insurance,0.6364
U007464,2026-01-01,software,0.5739
U007465,2026-01-01,cloud,0.8518
U007466,2026-01-01,none,0.6065
U007467,2026-01-01,streaming,0.7685
U007468,2026-01-01,mobile,0.3705
U007469,2026-01-01,software,0.8522
U007470,2026-01-01,streaming,0.4216
U007471,2026-01-01,music,0.7102
U007472,2026-01-01,streaming,0.7103
U007473,2026-01-01,none,0.9999
U007474,2026-01-01,none,0.9586
U007475,2026-01-01,streaming,0.8855
U007476,2026-01-01,gym,0.8976
U007477,2026-01-01,cloud,0.7153
U007478,2026-01-01,streaming,0.4831
U007479,2026-01-01,cloud,0.5271
U007480,2026-01-01,none,0.9526
U007481,2026-01-01,mobile,0.8493
U007482,2026-01-01,streaming,0.8496
U007483,2026-01-01,none,0.9615
U007484,2026-01-01,insurance,0.5323
U007485,2026-01-01,music,0.4029
U007486,2026-01-01,software,0.5844
U007487,2026-01-01,software,0.6782
U007488,2026-01-01,none,0.7063
U007489,2026-01-01,none,0.3757
U007490,2026-01-01,streaming,0.5042
U007491,2026-01-01,insurance,0.5078
U007492,2026-01-01,none,0.5895
U007493,2026-01-01,none,0.5726
U007494,2026-01-01,insurance,0.4134
U007495,2026-01-01,none,0.918
U007496,2026-01-01,mobile,0.4514
U007497,2026-01-01,none,0.5642
U007498,2026-01-01,none,0.9999
U007499,2026-01-01,gym,0.5481
U007500,2026-01-01,none,0.9719
U007501,2026-01-01,mobile,0.4153
U007502,2026-01-01,none,0.9767
U007503,2026-01-01,insurance,0.8346
U007504,2026-01-01,none,0.9979
U007505,2026-01-01,insurance,0.4075
U007506,2026-01-01,insurance,0.648
U007507,2026-01-01,music,0.6232
U007508,2026-01-01,none,1.0
U007509,2026-01-01,none,0.605
U007510,2026-01-01,streaming,0.5355
U007511,2026-01-01,none,0.9686
U007512,2026-01-01,music,0.6232
U007513,2026-01-01,insurance,0.5113
U007514,2026-01-01,insurance,0.3654
U007515,2026-01-01,none,0.9948
U007516,2026-01-01,gym,0.4776
U007517,2026-01-01,cloud,0.4003
U007518,2026-01-01,cloud,0.4582
U007519,2026-01-01,none,0.9854
U007520,2026-01-01,streaming,0.6334
U007521,2026-01-01,cloud,0.7242
U007522,2026-01-01,cloud,0.5055
U007523,2026-01-01,insurance,0.4464
U007524,2026-01-01,cloud,0.4216
U007525,2026-01-01,cloud,0.3379
U007526,2026-01-01,mobile,0.3724
U007527,2026-01-01,music,0.9123
U007528,2026-01-01,cloud,0.508
U007529,2026-01-01,none,0.791
U007530,2026-01-01,software,0.5277
U007531,2026-01-01,insurance,0.6236
U007532,2026-01-01,mobile,0.5021
U007533,2026-01-01,insurance,0.7692
U007534,2026-01-01,none,0.9966
U007535,2026-01-01,none,0.9999
U007536,2026-01-01,music,0.5039
U007537,2026-01-01,cloud,0.5171
U007538,2026-01-01,cloud,0.4898
U007539,2026-01-01,cloud,0.3635
U007540,2026-01-01,software,0.5983
U007541,2026-01-01,gym,0.3646
U007542,2026-01-01,none,0.9877
U007543,2026-01-01,cloud,0.4818
U007544,2026-01-01,music,0.739
U007545,2026-01-01,insurance,0.4563
U007546,2026-01-01,none,0.9478
U007547,2026-01-01,music,0.5312
U007548,2026-01-01,streaming,0.8811
U007549,2026-01-01,none,0.3455
U007550,2026-01-01,software,0.423
U007551,2026-01-01,music,0.3901
U007552,2026-01-01,music,0.421
U007553,2026-01-01,software,0.4781
U007554,2026-01-01,none,0.9991
U007555,2026-01-01,mobile,0.6691
U007556,2026-01-01,none,0.9984
U007557,2026-01-01,none,0.9311
U007558,2026-01-01,insurance,0.437
U007559,2026-01-01,cloud,0.7384
U007560,2026-01-01,streaming,0.5907
U007561,2026-01-01,music,0.4631
U007562,2026-01-01,streaming,0.8466
U007563,2026-01-01,cloud,0.4226
U007564,2026-01-01,none,0.9997
U007565,2026-01-01,none,0.999
U007566,2026-01-01,music,0.3978
U007567,2026-01-01,cloud,0.4827
U007568,2026-01-01,software,0.5126
U007569,2026-01-01,gym,0.3772
U007570,2026-01-01,software,0.636
U007571,2026-01-01,music,0.4353
U007572,2026-01-01,mobile,0.3843
U007573,2026-01-01,mobile,0.2804
U007574,2026-01-01,streaming,0.8986
U007575,2026-01-01,software,0.4991
U007576,2026-01-01,insurance,0.4743
U007577,2026-01-01,software,0.8353
U007578,2026-01-01,none,0.9978
U007579,2026-01-01,software,0.5041
U007580,2026-01-01,mobile,0.7995
U007581,2026-01-01,none,0.9993
U007582,2026-01-01,software,0.456
U007583,2026-01-01,cloud,0.2984
U007584,2026-01-01,insurance,0.3652
U007585,2026-01-01,none,0.8486
U007586,2026-01-01,music,0.8082
U007587,2026-01-01,none,0.6168
U007588,2026-01-01,none,0.9001
U007589,2026-01-01,insurance,0.6325
U007590,2026-01-01,streaming,0.4537
U007591,2026-01-01,gym,0.6503
U007592,2026-01-01,none,0.9773
U007593,2026-01-01,none,0.9881
U007594,2026-01-01,cloud,0.4597
U007595,2026-01-01,gym,0.7683
U007596,2026-01-01,none,0.9586
U007597,2026-01-01,mobile,0.3591
U007598,2026-01-01,gym,0.5228
U007599,2026-01-01,music,0.3572
U007600,2026-01-01,mobile,0.5017
U007601,2026-01-01,gym,0.5112
U007602,2026-01-01,none,0.7545
U007603,2026-01-01,gym,0.54
U007604,2026-01-01,gym,0.5762
U007605,2026-01-01,none,0.7527
U007606,2026-01-01,software,0.5333
U007607,2026-01-01,streaming,0.8403
U007608,2026-01-01,cloud,0.5957
U007609,2026-01-01,software,0.7696
U007610,2026-01-01,none,0.7621
U007611,2026-01-01,music,0.891
U007612,2026-01-01,cloud,0.778
U007613,2026-01-01,gym,0.5878
U007614,2026-01-01,cloud,0.6317
U007615,2026-01-01,software,0.5509
U007616,2026-01-01,streaming,0.9032
U007617,2026-01-01,none,0.9778
U007618,2026-01-01,streaming,0.5381
U007619,2026-01-01,cloud,0.4719
U007620,2026-01-01,insurance,0.4664
U007621,2026-01-01,cloud,0.861
U007622,2026-01-01,software,0.5998
U007623,2026-01-01,streaming,0.5918
U007624,2026-01-01,gym,0.8152
U007625,2026-01-01,cloud,0.8667
U007626,2026-01-01,mobile,0.497
U007627,2026-01-01,none,0.9999
U007628,2026-01-01,insurance,0.8614
U007629,2026-01-01,music,0.7136
U007630,2026-01-01,insurance,0.3929
U007631,2026-01-01,none,0.5912
U007632,2026-01-01,software,0.4923
U007633,2026-01-01,mobile,0.6126
U007634,2026-01-01,music,0.4459
U007635,2026-01-01,none,0.9746
U007636,2026-01-01,streaming,0.7956
U007637,2026-01-01,music,0.485
U007638,2026-01-01,streaming,0.5877
U007639,2026-01-01,mobile,0.5092
U007640,2026-01-01,none,0.9777
U007641,2026-01-01,gym,0.2922
U007642,2026-01-01,none,0.9985
U007643,2026-01-01,streaming,0.6512
U007644,2026-01-01,none,0.9983
U007645,2026-01-01,none,0.9901
U007646,2026-01-01,gym,0.5756
U007647,2026-01-01,software,0.5396
U007648,2026-01-01,gym,0.7998
U007649,2026-01-01,software,0.5893
U007650,2026-01-01,none,0.7769
U007651,2026-01-01,music,0.6755
U007652,2026-01-01,gym,0.5395
U007653,2026-01-01,cloud,0.3806
U007654,2026-01-01,insurance,0.6965
U007655,2026-01-01,none,0.7072
U007656,2026-01-01,cloud,0.5099
U007657,2026-01-01,none,0.7919
U007658,2026-01-01,none,0.9977
U007659,2026-01-01,gym,0.7233
U007660,2026-01-01,insurance,0.453
U007661,2026-01-01,none,0.9993
U007662,2026-01-01,gym,0.7549
U007663,2026-01-01,music,0.7752
U007664,2026-01-01,mobile,0.4673
U007665,2026-01-01,streaming,0.4867
U007666,2026-01-01,music,0.8062
U007667,2026-01-01,cloud,0.6881
U007668,2026-01-01,none,0.9927
U007669,2026-01-01,mobile,0.6925
U007670,2026-01-01,cloud,0.6511
U007671,2026-01-01,none,0.9798
U007672,2026-01-01,none,0.8274
U007673,2026-01-01,mobile,0.8932
U007674,2026-01-01,none,0.9999
U007675,2026-01-01,cloud,0.4703
U007676,2026-01-01,insurance,0.4531
U007677,2026-01-01,cloud,0.5788
U007678,2026-01-01,software,0.4452
U007679,2026-01-01,streaming,0.5795
U007680,2026-01-01,mobile,0.4232
U007681,2026-01-01,none,0.9131
U007682,2026-01-01,mobile,0.6165
U007683,2026-01-01,streaming,0.3494
U007684,2026-01-01,gym,0.3857
U007685,2026-01-01,gym,0.4004
U007686,2026-01-01,none,0.9991
U007687,2026-01-01,streaming,0.3183
U007688,2026-01-01,mobile,0.4975
U007689,2026-01-01,none,0.9003
U007690,2026-01-01,streaming,0.7166
U007691,2026-01-01,none,0.9748
U007692,2026-01-01,gym,0.8382
U007693,2026-01-01,software,0.6602
U007694,2026-01-01,software,0.6579
U007695,2026-01-01,cloud,0.7578
U007696,2026-01-01,insurance,0.7907
U007697,2026-01-01,gym,0.8116
U007698,2026-01-01,mobile,0.7258
U007699,2026-01-01,software,0.3059
U007700,2026-01-01,none,0.7752
U007701,2026-01-01,cloud,0.8358
U007702,2026-01-01,mobile,0.5162
U007703,2026-01-01,software,0.8816
U007704,2026-01-01,cloud,0.8405
U007705,2026-01-01,none,0.9992
U007706,2026-01-01,none,0.7678
U007707,2026-01-01,cloud,0.4103
U007708,2026-01-01,none,0.9982
U007709,2026-01-01,music,0.8814
U007710,2026-01-01,music,0.4932
U007711,2026-01-01,streaming,0.5525
U007712,2026-01-01,none,0.8375
U007713,2026-01-01,streaming,0.9207
U007714,2026-01-01,music,0.6634
U007715,2026-01-01,software,0.517
U007716,2026-01-01,software,0.7862
U007717,2026-01-01,none,0.7133
U007718,2026-01-01,mobile,0.7794
U007719,2026-01-01,gym,0.5947
U007720,2026-01-01,music,0.9023
U007721,2026-01-01,insurance,0.8345
U007722,2026-01-01,none,0.9632
U007723,2026-01-01,insurance,0.8668
U007724,2026-01-01,none,0.4387
U007725,2026-01-01,gym,0.3565
U007726,2026-01-01,none,0.4938
U007727,2026-01-01,insurance,0.5031
U007728,2026-01-01,none,0.9308
U007729,2026-01-01,gym,0.4866
U007730,2026-01-01,software,0.893
U007731,2026-01-01,streaming,0.4722
U007732,2026-01-01,music,0.5874
U007733,2026-01-01,software,0.2034
U007734,2026-01-01,streaming,0.5568
U007735,2026-01-01,none,0.4986
U007736,2026-01-01,streaming,0.4827
U007737,2026-01-01,software,0.765
U007738,2026-01-01,cloud,0.8822
U007739,2026-01-01,none,0.5356
U007740,2026-01-01,insurance,0.4063
U007741,2026-01-01,none,0.7025
U007742,2026-01-01,gym,0.8595
U007743,2026-01-01,software,0.5153
U007744,2026-01-01,software,0.3304
U007745,2026-01-01,gym,0.3666
U007746,2026-01-01,insurance,0.4929
U007747,2026-01-01,mobile,0.4249
U007748,2026-01-01,none,0.8652
U007749,2026-01-01,insurance,0.6649
U007750,2026-01-01,software,0.6117
U007751,2026-01-01,none,0.6291
U007752,2026-01-01,software,0.64
U007753,2026-01-01,streaming,0.4646
U007754,2026-01-01,mobile,0.5368
U007755,2026-01-01,none,0.8874
U007756,2026-01-01,mobile,0.6728
U007757,2026-01-01,cloud,0.386
U007758,2026-01-01,streaming,0.5203
U007759,2026-01-01,none,0.9945
U007760,2026-01-01,none,0.6557
U007761,2026-01-01,cloud,0.4833
U007762,2026-01-01,none,0.9984
U007763,2026-01-01,insurance,0.7619
U007764,2026-01-01,software,0.4554
U007765,2026-01-01,cloud,0.7271
U007766,2026-01-01,cloud,0.5478
U007767,2026-01-01,gym,0.5576
U007768,2026-01-01,none,0.7435
U007769,2026-01-01,none,0.9554
U007770,2026-01-01,insurance,0.4452
U007771,2026-01-01,none,0.566
U007772,2026-01-01,none,0.9963
U007773,2026-01-01,none,0.8873
U007774,2026-01-01,none,0.8435
U007775,2026-01-01,software,0.4775
U007776,2026-01-01,none,0.6833
U007777,2026-01-01,software,0.4085
U007778,2026-01-01,mobile,0.7149
U007779,2026-01-01,none,0.5988
U007780,2026-01-01,cloud,0.3525
U007781,2026-01-01,software,0.6646
U007782,2026-01-01,mobile,0.4044
U007783,2026-01-01,software,0.4834
U007784,2026-01-01,music,0.3808
U007785,2026-01-01,streaming,0.3345
U007786,2026-01-01,none,0.9798
U007787,2026-01-01,mobile,0.3496
U007788,2026-01-01,music,0.5341
U007789,2026-01-01,insurance,0.3888
U007790,2026-01-01,music,0.4719
U007791,2026-01-01,cloud,0.4061
U007792,2026-01-01,none,0.9932
U007793,2026-01-01,software,0.5853
U007794,2026-01-01,insurance,0.536
U007795,2026-01-01,gym,0.5019
U007796,2026-01-01,mobile,0.674
U007797,2026-01-01,software,0.5244
U007798,2026-01-01,none,0.7612
U007799,2026-01-01,cloud,0.5245
U007800,2026-01-01,none,0.993
U007801,2026-01-01,streaming,0.3919
U007802,2026-01-01,insurance,0.7293
U007803,2026-01-01,none,0.9791
U007804,2026-01-01,mobile,0.8042
U007805,2026-01-01,music,0.6126
U007806,2026-01-01,streaming,0.6735
U007807,2026-01-01,none,0.9997
U007808,2026-01-01,music,0.4643
U007809,2026-01-01,mobile,0.8915
U007810,2026-01-01,software,0.4925
U007811,2026-01-01,music,0.8552
U007812,2026-01-01,insurance,0.4825
U007813,2026-01-01,mobile,0.5312
U007814,2026-01-01,mobile,0.4615
U007815,2026-01-01,mobile,0.6343
U007816,2026-01-01,cloud,0.6715
U007817,2026-01-01,mobile,0.5226
U007818,2026-01-01,insurance,0.558
U007819,2026-01-01,gym,0.6357
U007820,2026-01-01,streaming,0.4912
U007821,2026-01-01,music,0.6606
U007822,2026-01-01,none,0.8946
U007823,2026-01-01,mobile,0.9066
U007824,2026-01-01,streaming,0.5632
U007825,2026-01-01,insurance,0.5541
U007826,2026-01-01,gym,0.4984
U007827,2026-01-01,none,0.9573
U007828,2026-01-01,insurance,0.4321
U007829,2026-01-01,insurance,0.4883
U007830,2026-01-01,gym,0.4876
U007831,2026-01-01,software,0.56
U007832,2026-01-01,cloud,0.4303
U007833,2026-01-01,cloud,0.6309
U007834,2026-01-01,software,0.7937
U007835,2026-01-01,insurance,0.7478
U007836,2026-01-01,insurance,0.7278
U007837,2026-01-01,cloud,0.4368
U007838,2026-01-01,cloud,0.6817
U007839,2026-01-01,none,0.8977
U007840,2026-01-01,cloud,0.5105
U007841,2026-01-01,none,0.6295
U007842,2026-01-01,music,0.364
U007843,2026-01-01,software,0.4408
U007844,2026-01-01,mobile,0.6368
U007845,2026-01-01,none,0.9967
U007846,2026-01-01,music,0.6204
U007847,2026-01-01,none,0.7921
U007848,2026-01-01,mobile,0.7048
U007849,2026-01-01,mobile,0.5205
U007850,2026-01-01,none,0.9993
U007851,2026-01-01,insurance,0.6139
U007852,2026-01-01,cloud,0.4365
U007853,2026-01-01,none,0.9964
U007854,2026-01-01,none,0.8785
U007855,2026-01-01,insurance,0.8155
U007856,2026-01-01,software,0.9136
U007857,2026-01-01,none,0.9975
U007858,2026-01-01,none,0.9931
U007859,2026-01-01,music,0.6268
U007860,2026-01-01,cloud,0.6899
U007861,2026-01-01,cloud,0.6237
U007862,2026-01-01,mobile,0.7612
U007863,2026-01-01,cloud,0.453
U007864,2026-01-01,software,0.8981
U007865,2026-01-01,insurance,0.3823
U007866,2026-01-01,none,0.9912
U007867,2026-01-01,music,0.3756
U007868,2026-01-01,software,0.5671
U007869,2026-01-01,none,0.7665
U007870,2026-01-01,cloud,0.4297
U007871,2026-01-01,none,0.9945
U007872,2026-01-01,insurance,0.4667
U007873,2026-01-01,none,0.9774
U007874,2026-01-01,insurance,0.683
U007875,2026-01-01,gym,0.5553
U007876,2026-01-01,music,0.833
U007877,2026-01-01,insurance,0.9113
U007878,2026-01-01,none,0.7749
U007879,2026-01-01,gym,0.6504
U007880,2026-01-01,cloud,0.5185
U007881,2026-01-01,cloud,0.4914
U007882,2026-01-01,streaming,0.9068
U007883,2026-01-01,music,0.6687
U007884,2026-01-01,software,0.5381
U007885,2026-01-01,cloud,0.5503
U007886,2026-01-01,software,0.3123
U007887,2026-01-01,mobile,0.4669
U007888,2026-01-01,software,0.5374
U007889,2026-01-01,music,0.3971
U007890,2026-01-01,gym,0.3197
U007891,2026-01-01,streaming,0.4628
U007892,2026-01-01,mobile,0.6209
U007893,2026-01-01,mobile,0.4445
U007894,2026-01-01,software,0.4625
U007895,2026-01-01,mobile,0.8526
U007896,2026-01-01,none,0.9982
U007897,2026-01-01,gym,0.7268
U007898,2026-01-01,none,0.9856
U007899,2026-01-01,insurance,0.5751
U007900,2026-01-01,gym,0.4994
U007901,2026-01-01,mobile,0.8327
U007902,2026-01-01,streaming,0.3109
U007903,2026-01-01,cloud,0.6902
U007904,2026-01-01,none,0.5881
U007905,2026-01-01,software,0.3993
U007906,2026-01-01,streaming,0.4508
U007907,2026-01-01,music,0.3576
U007908,2026-01-01,cloud,0.4148
U007909,2026-01-01,music,0.4825
U007910,2026-01-01,software,0.3398
U007911,2026-01-01,software,0.8469
U007912,2026-01-01,none,0.9979
U007913,2026-01-01,none,0.9959
U007914,2026-01-01,streaming,0.4236
U007915,2026-01-01,mobile,0.4425
U007916,2026-01-01,insurance,0.4177
U007917,2026-01-01,streaming,0.3653
U007918,2026-01-01,none,0.5896
U007919,2026-01-01,none,0.9673
U007920,2026-01-01,streaming,0.3014
U007921,2026-01-01,none,0.9793
U007922,2026-01-01,software,0.8545
U007923,2026-01-01,cloud,0.6366
U007924,2026-01-01,streaming,0.3903
U007925,2026-01-01,none,0.7926
U007926,2026-01-01,none,0.9999
U007927,2026-01-01,insurance,0.8029
U007928,2026-01-01,streaming,0.5048
U007929,2026-01-01,streaming,0.9474
U007930,2026-01-01,none,0.3701
U007931,2026-01-01,none,0.7826
U007932,2026-01-01,mobile,0.5642
U007933,2026-01-01,software,0.4152
U007934,2026-01-01,insurance,0.509
U007935,2026-01-01,software,0.6381
U007936,2026-01-01,insurance,0.6534
U007937,2026-01-01,cloud,0.5226
U007938,2026-01-01,music,0.5844
U007939,2026-01-01,streaming,0.5778
U007940,2026-01-01,none,0.5217
U007941,2026-01-01,mobile,0.5185
U007942,2026-01-01,none,0.751
U007943,2026-01-01,none,0.9568
U007944,2026-01-01,cloud,0.6664
U007945,2026-01-01,cloud,0.565
U007946,2026-01-01,software,0.4578
U007947,2026-01-01,software,0.6411
U007948,2026-01-01,cloud,0.3914
U007949,2026-01-01,none,0.9061
U007950,2026-01-01,cloud,0.531
U007951,2026-01-01,none,0.9993
U007952,2026-01-01,streaming,0.6112
U007953,2026-01-01,software,0.7534
U007954,2026-01-01,mobile,0.5316
U007955,2026-01-01,none,0.9985
U007956,2026-01-01,none,0.8864
U007957,2026-01-01,none,0.762
U007958,2026-01-01,software,0.482
U007959,2026-01-01,insurance,0.54
U007960,2026-01-01,mobile,0.4878
U007961,2026-01-01,insurance,0.622
U007962,2026-01-01,gym,0.47
U007963,2026-01-01,software,0.8334
U007964,2026-01-01,insurance,0.5638
U007965,2026-01-01,mobile,0.5225
U007966,2026-01-01,software,0.4137
U007967,2026-01-01,streaming,0.6926
U007968,2026-01-01,music,0.5133
U007969,2026-01-01,none,0.9904
U007970,2026-01-01,music,0.403
U007971,2026-01-01,music,0.4803
U007972,2026-01-01,music,0.4984
U007973,2026-01-01,none,0.983
U007974,2026-01-01,none,0.9999
U007975,2026-01-01,software,0.8455
U007976,2026-01-01,cloud,0.4995
U007977,2026-01-01,none,0.9503
U007978,2026-01-01,none,0.7474
U007979,2026-01-01,software,0.4194
U007980,2026-01-01,mobile,0.5422
U007981,2026-01-01,insurance,0.7312
U007982,2026-01-01,streaming,0.6251
U007983,2026-01-01,software,0.3649
U007984,2026-01-01,none,0.9933
U007985,2026-01-01,insurance,0.3737
U007986,2026-01-01,music,0.7175
U007987,2026-01-01,music,0.908
U007988,2026-01-01,cloud,0.5606
U007989,2026-01-01,insurance,0.515
U007990,2026-01-01,gym,0.4518
U007991,2026-01-01,gym,0.4996
U007992,2026-01-01,mobile,0.4574
U007993,2026-01-01,none,0.9912
U007994,2026-01-01,software,0.5052
U007995,2026-01-01,gym,0.4367
U007996,2026-01-01,none,1.0
U007997,2026-01-01,none,0.9991
U007998,2026-01-01,none,0.9986
U007999,2026-01-01,insurance,0.3355
U008000,2026-01-01,streaming,0.494
U008001,2026-01-01,software,0.7028
U008002,2026-01-01,mobile,0.5079
U008003,2026-01-01,none,0.4721
U008004,2026-01-01,none,0.9966
U008005,2026-01-01,none,0.4155
U008006,2026-01-01,none,0.996
U008007,2026-01-01,cloud,0.7762
U008008,2026-01-01,software,0.839
U008009,2026-01-01,streaming,0.5118
U008010,2026-01-01,none,0.9996
U008011,2026-01-01,insurance,0.8672
U008012,2026-01-01,mobile,0.4328
U008013,2026-01-01,cloud,0.5719
U008014,2026-01-01,none,0.9949
U008015,2026-01-01,streaming,0.5463
U008016,2026-01-01,software,0.3249
U008017,2026-01-01,insurance,0.5415
U008018,2026-01-01,software,0.4582
U008019,2026-01-01,none,0.9779
U008020,2026-01-01,cloud,0.4965
U008021,2026-01-01,none,0.9345
U008022,2026-01-01,none,0.7287
U008023,2026-01-01,streaming,0.536
U008024,2026-01-01,mobile,0.397
U008025,2026-01-01,gym,0.6576
U008026,2026-01-01,software,0.8847
U008027,2026-01-01,streaming,0.8096
U008028,2026-01-01,music,0.6262
U008029,2026-01-01,gym,0.5333
U008030,2026-01-01,gym,0.8712
U008031,2026-01-01,streaming,0.743
U008032,2026-01-01,insurance,0.4218
U008033,2026-01-01,cloud,0.5112
U008034,2026-01-01,music,0.4372
U008035,2026-01-01,none,0.5439
U008036,2026-01-01,music,0.5638
U008037,2026-01-01,cloud,0.548
U008038,2026-01-01,none,0.9486
U008039,2026-01-01,mobile,0.6324
U008040,2026-01-01,insurance,0.85
U008041,2026-01-01,music,0.5195
U008042,2026-01-01,streaming,0.4579
U008043,2026-01-01,software,0.6367
U008044,2026-01-01,software,0.6646
U008045,2026-01-01,software,0.4496
U008046,2026-01-01,gym,0.3698
U008047,2026-01-01,gym,0.4478
U008048,2026-01-01,software,0.8177
U008049,2026-01-01,insurance,0.5894
U008050,2026-01-01,none,0.4412
U008051,2026-01-01,music,0.4819
U008052,2026-01-01,software,0.6723
U008053,2026-01-01,software,0.6066
U008054,2026-01-01,music,0.6936
U008055,2026-01-01,mobile,0.91
U008056,2026-01-01,none,0.9916
U008057,2026-01-01,mobile,0.5087
U008058,2026-01-01,insurance,0.5901
U008059,2026-01-01,software,0.5421
U008060,2026-01-01,none,0.9814
U008061,2026-01-01,insurance,0.5155
U008062,2026-01-01,streaming,0.4416
U008063,2026-01-01,software,0.3791
U008064,2026-01-01,insurance,0.3833
U008065,2026-01-01,streaming,0.4747
U008066,2026-01-01,software,0.3941
U008067,2026-01-01,streaming,0.7607
U008068,2026-01-01,cloud,0.8078
U008069,2026-01-01,none,0.8594
U008070,2026-01-01,software,0.8558
U008071,2026-01-01,music,0.4476
U008072,2026-01-01,none,0.8281
U008073,2026-01-01,cloud,0.8106
U008074,2026-01-01,none,0.8985
U008075,2026-01-01,cloud,0.5902
U008076,2026-01-01,none,0.998
U008077,2026-01-01,gym,0.6582
U008078,2026-01-01,insurance,0.5444
U008079,2026-01-01,none,0.9983
U008080,2026-01-01,insurance,0.5791
U008081,2026-01-01,cloud,0.7971
U008082,2026-01-01,software,0.626
U008083,2026-01-01,music,0.467
U008084,2026-01-01,gym,0.6055
U008085,2026-01-01,streaming,0.2932
U008086,2026-01-01,music,0.8638
U008087,2026-01-01,none,0.5759
U008088,2026-01-01,none,0.7547
U008089,2026-01-01,mobile,0.5822
U008090,2026-01-01,mobile,0.7255
U008091,2026-01-01,none,0.9479
U008092,2026-01-01,none,0.9984
U008093,2026-01-01,cloud,0.3676
U008094,2026-01-01,none,0.9117
U008095,2026-01-01,mobile,0.8361
U008096,2026-01-01,software,0.4842
U008097,2026-01-01,none,0.7714
U008098,2026-01-01,none,0.9831
U008099,2026-01-01,gym,0.7193
U008100,2026-01-01,none,0.9999
U008101,2026-01-01,software,0.7761
U008102,2026-01-01,insurance,0.6133
U008103,2026-01-01,software,0.5999
U008104,2026-01-01,streaming,0.6578
U008105,2026-01-01,cloud,0.3485
U008106,2026-01-01,gym,0.8314
U008107,2026-01-01,none,0.9054
U008108,2026-01-01,none,0.9993
U008109,2026-01-01,mobile,0.7037
U008110,2026-01-01,insurance,0.8954
U008111,2026-01-01,gym,0.4754
U008112,2026-01-01,gym,0.7274
U008113,2026-01-01,music,0.6898
U008114,2026-01-01,mobile,0.775
U008115,2026-01-01,cloud,0.8112
U008116,2026-01-01,mobile,0.5512
U008117,2026-01-01,insurance,0.5705
U008118,2026-01-01,streaming,0.3552
U008119,2026-01-01,streaming,0.3764
U008120,2026-01-01,music,0.3969
U008121,2026-01-01,none,0.9903
U008122,2026-01-01,none,0.91
U008123,2026-01-01,cloud,0.8478
U008124,2026-01-01,music,0.595
U008125,2026-01-01,none,0.9908
U008126,2026-01-01,none,0.7483
U008127,2026-01-01,software,0.4002
U008128,2026-01-01,insurance,0.7516
U008129,2026-01-01,mobile,0.3862
U008130,2026-01-01,insurance,0.7862
U008131,2026-01-01,software,0.5945
U008132,2026-01-01,insurance,0.8373
U008133,2026-01-01,insurance,0.3041
U008134,2026-01-01,none,0.9954
U008135,2026-01-01,insurance,0.6533
U008136,2026-01-01,none,0.9805
U008137,2026-01-01,streaming,0.4141
U008138,2026-01-01,cloud,0.4777
U008139,2026-01-01,streaming,0.5405
U008140,2026-01-01,mobile,0.6156
U008141,2026-01-01,mobile,0.3954
U008142,2026-01-01,insurance,0.7815
U008143,2026-01-01,none,0.9813
U008144,2026-01-01,streaming,0.868
U008145,2026-01-01,streaming,0.2863
U008146,2026-01-01,music,0.7519
U008147,2026-01-01,mobile,0.3488
U008148,2026-01-01,none,0.973
U008149,2026-01-01,cloud,0.8367
U008150,2026-01-01,none,0.9999
U008151,2026-01-01,insurance,0.8388
U008152,2026-01-01,streaming,0.6097
U008153,2026-01-01,none,0.7778
U008154,2026-01-01,music,0.7734
U008155,2026-01-01,none,0.9958
U008156,2026-01-01,music,0.5957
U008157,2026-01-01,none,0.3497
U008158,2026-01-01,software,0.5211
U008159,2026-01-01,none,1.0
U008160,2026-01-01,none,0.2784
U008161,2026-01-01,none,0.9986
U008162,2026-01-01,none,0.888
U008163,2026-01-01,software,0.8674
U008164,2026-01-01,gym,0.3645
U008165,2026-01-01,none,0.9859
U008166,2026-01-01,cloud,0.5385
U008167,2026-01-01,none,0.966
U008168,2026-01-01,none,0.9643
U008169,2026-01-01,none,0.9895
U008170,2026-01-01,none,0.6485
U008171,2026-01-01,music,0.5915
U008172,2026-01-01,gym,0.3921
U008173,2026-01-01,none,0.515
U008174,2026-01-01,insurance,0.4069
U008175,2026-01-01,software,0.9102
U008176,2026-01-01,music,0.514
U008177,2026-01-01,none,0.9971
U008178,2026-01-01,mobile,0.5255
U008179,2026-01-01,software,0.6192
U008180,2026-01-01,insurance,0.5114
U008181,2026-01-01,insurance,0.4262
U008182,2026-01-01,music,0.727
U008183,2026-01-01,streaming,0.4475
U008184,2026-01-01,music,0.4049
U008185,2026-01-01,cloud,0.7315
U008186,2026-01-01,insurance,0.5221
U008187,2026-01-01,gym,0.8741
U008188,2026-01-01,streaming,0.7203
U008189,2026-01-01,gym,0.8732
U008190,2026-01-01,cloud,0.5911
U008191,2026-01-01,gym,0.5178
U008192,2026-01-01,insurance,0.7697
U008193,2026-01-01,cloud,0.4826
U008194,2026-01-01,music,0.6973
U008195,2026-01-01,music,0.8098
U008196,2026-01-01,streaming,0.5308
U008197,2026-01-01,none,0.9978
U008198,2026-01-01,gym,0.8231
U008199,2026-01-01,insurance,0.474
U008200,2026-01-01,cloud,0.8878
U008201,2026-01-01,mobile,0.7803
U008202,2026-01-01,software,0.6244
U008203,2026-01-01,none,0.5322
U008204,2026-01-01,music,0.6066
U008205,2026-01-01,insurance,0.5919
U008206,2026-01-01,music,0.4819
U008207,2026-01-01,mobile,0.7007
U008208,2026-01-01,none,1.0
U008209,2026-01-01,insurance,0.8785
U008210,2026-01-01,software,0.4668
U008211,2026-01-01,gym,0.6212
U008212,2026-01-01,mobile,0.8726
U008213,2026-01-01,music,0.4936
U008214,2026-01-01,music,0.5311
U008215,2026-01-01,cloud,0.5103
U008216,2026-01-01,software,0.2988
U008217,2026-01-01,gym,0.5478
U008218,2026-01-01,gym,0.5556
U008219,2026-01-01,software,0.4091
U008220,2026-01-01,cloud,0.7888
U008221,2026-01-01,insurance,0.3666
U008222,2026-01-01,none,0.777
U008223,2026-01-01,software,0.4749
U008224,2026-01-01,insurance,0.5521
U008225,2026-01-01,none,0.9867
U008226,2026-01-01,insurance,0.4864
U008227,2026-01-01,mobile,0.5765
U008228,2026-01-01,software,0.4098
U008229,2026-01-01,music,0.8681
U008230,2026-01-01,music,0.7041
U008231,2026-01-01,cloud,0.6492
U008232,2026-01-01,gym,0.513
U008233,2026-01-01,none,0.9906
U008234,2026-01-01,cloud,0.7816
U008235,2026-01-01,insurance,0.5188
U008236,2026-01-01,insurance,0.4187
U008237,2026-01-01,gym,0.6452
U008238,2026-01-01,streaming,0.4358
U008239,2026-01-01,mobile,0.4994
U008240,2026-01-01,gym,0.5153
U008241,2026-01-01,software,0.5125
U008242,2026-01-01,none,0.8863
U008243,2026-01-01,music,0.6271
U008244,2026-01-01,insurance,0.3978
U008245,2026-01-01,music,0.7157
U008246,2026-01-01,streaming,0.9397
U008247,2026-01-01,software,0.8699
U008248,2026-01-01,none,0.9685
U008249,2026-01-01,gym,0.6559
U008250,2026-01-01,streaming,0.5567
U008251,2026-01-01,mobile,0.807
U008252,2026-01-01,gym,0.8594
U008253,2026-01-01,cloud,0.7104
U008254,2026-01-01,gym,0.5287
U008255,2026-01-01,mobile,0.4608
U008256,2026-01-01,insurance,0.8122
U008257,2026-01-01,mobile,0.7439
U008258,2026-01-01,cloud,0.6959
U008259,2026-01-01,none,0.9939
U008260,2026-01-01,software,0.7318
U008261,2026-01-01,cloud,0.8625
U008262,2026-01-01,insurance,0.5173
U008263,2026-01-01,none,0.5275
U008264,2026-01-01,none,0.8109
U008265,2026-01-01,music,0.3365
U008266,2026-01-01,cloud,0.3985
U008267,2026-01-01,insurance,0.3782
U008268,2026-01-01,cloud,0.6747
U008269,2026-01-01,none,0.9999
U008270,2026-01-01,insurance,0.39
U008271,2026-01-01,mobile,0.5226
U008272,2026-01-01,insurance,0.536
U008273,2026-01-01,insurance,0.6614
U008274,2026-01-01,mobile,0.8645
U008275,2026-01-01,software,0.5473
U008276,2026-01-01,streaming,0.6562
U008277,2026-01-01,insurance,0.2929
U008278,2026-01-01,insurance,0.914
U008279,2026-01-01,cloud,0.5645
U008280,2026-01-01,gym,0.8833
U008281,2026-01-01,mobile,0.6091
U008282,2026-01-01,streaming,0.6441
U008283,2026-01-01,streaming,0.4815
U008284,2026-01-01,none,0.811
U008285,2026-01-01,streaming,0.9136
U008286,2026-01-01,none,0.7865
U008287,2026-01-01,insurance,0.417
U008288,2026-01-01,none,0.2881
U008289,2026-01-01,insurance,0.5222
U008290,2026-01-01,gym,0.5074
U008291,2026-01-01,none,0.9082
U008292,2026-01-01,streaming,0.4535
U008293,2026-01-01,none,0.6795
U008294,2026-01-01,cloud,0.7441
U008295,2026-01-01,music,0.8335
U008296,2026-01-01,none,0.9986
U008297,2026-01-01,none,0.769
U008298,2026-01-01,gym,0.838
U008299,2026-01-01,software,0.4065
U008300,2026-01-01,software,0.3826
U008301,2026-01-01,cloud,0.4137
U008302,2026-01-01,none,0.9629
U008303,2026-01-01,streaming,0.6091
U008304,2026-01-01,insurance,0.5472
U008305,2026-01-01,insurance,0.5106
U008306,2026-01-01,streaming,0.4891
U008307,2026-01-01,music,0.6454
U008308,2026-01-01,none,0.9554
U008309,2026-01-01,music,0.5161
U008310,2026-01-01,none,0.9948
U008311,2026-01-01,none,0.9557
U008312,2026-01-01,gym,0.7663
U008313,2026-01-01,software,0.7613
U008314,2026-01-01,insurance,0.5315
U008315,2026-01-01,none,0.7218
U008316,2026-01-01,mobile,0.809
U008317,2026-01-01,music,0.787
U008318,2026-01-01,none,0.9762
U008319,2026-01-01,none,0.8576
U008320,2026-01-01,none,0.9987
U008321,2026-01-01,cloud,0.5266
U008322,2026-01-01,cloud,0.3326
U008323,2026-01-01,streaming,0.8214
U008324,2026-01-01,none,0.9292
U008325,2026-01-01,none,0.4626
U008326,2026-01-01,mobile,0.9045
U008327,2026-01-01,none,0.9999
U008328,2026-01-01,none,0.4429
U008329,2026-01-01,insurance,0.5988
U008330,2026-01-01,none,0.669
U008331,2026-01-01,music,0.38
U008332,2026-01-01,streaming,0.6291
U008333,2026-01-01,mobile,0.396
U008334,2026-01-01,insurance,0.411
U008335,2026-01-01,software,0.5841
U008336,2026-01-01,insurance,0.5741
U008337,2026-01-01,insurance,0.5376
U008338,2026-01-01,none,0.6608
U008339,2026-01-01,cloud,0.3895
U008340,2026-01-01,none,0.9496
U008341,2026-01-01,none,0.499
U008342,2026-01-01,software,0.4558
U008343,2026-01-01,software,0.8478
U008344,2026-01-01,streaming,0.4215
U008345,2026-01-01,cloud,0.6194
U008346,2026-01-01,software,0.8939
U008347,2026-01-01,insurance,0.8679
U008348,2026-01-01,gym,0.6114
U008349,2026-01-01,insurance,0.8312
U008350,2026-01-01,mobile,0.845
U008351,2026-01-01,software,0.3473
U008352,2026-01-01,insurance,0.318
U008353,2026-01-01,none,0.9968
U008354,2026-01-01,gym,0.5688
U008355,2026-01-01,cloud,0.4948
U008356,2026-01-01,cloud,0.6252
U008357,2026-01-01,cloud,0.4391
U008358,2026-01-01,music,0.4034
U008359,2026-01-01,mobile,0.7253
U008360,2026-01-01,none,0.8961
U008361,2026-01-01,mobile,0.7095
U008362,2026-01-01,music,0.603
U008363,2026-01-01,cloud,0.7502
U008364,2026-01-01,none,0.8328
U008365,2026-01-01,mobile,0.3255
U008366,2026-01-01,none,0.9965
U008367,2026-01-01,cloud,0.549
U008368,2026-01-01,none,0.866
U008369,2026-01-01,insurance,0.6885
U008370,2026-01-01,none,0.8903
U008371,2026-01-01,mobile,0.5109
U008372,2026-01-01,gym,0.4792
U008373,2026-01-01,none,0.986
U008374,2026-01-01,streaming,0.6851
U008375,2026-01-01,none,0.9998
U008376,2026-01-01,cloud,0.8361
U008377,2026-01-01,none,0.8229
U008378,2026-01-01,music,0.5475
U008379,2026-01-01,cloud,0.8596
U008380,2026-01-01,insurance,0.5296
U008381,2026-01-01,none,0.9767
U008382,2026-01-01,music,0.4225
U008383,2026-01-01,insurance,0.66
U008384,2026-01-01,none,0.9989
U008385,2026-01-01,software,0.8363
U008386,2026-01-01,gym,0.47
U008387,2026-01-01,none,0.8913
U008388,2026-01-01,music,0.4024
U008389,2026-01-01,software,0.6172
U008390,2026-01-01,mobile,0.4831
U008391,2026-01-01,none,0.9978
U008392,2026-01-01,streaming,0.4831
U008393,2026-01-01,none,0.3615
U008394,2026-01-01,insurance,0.5104
U008395,2026-01-01,music,0.8533
U008396,2026-01-01,mobile,0.7099
U008397,2026-01-01,streaming,0.5094
U008398,2026-01-01,insurance,0.7151
U008399,2026-01-01,streaming,0.3778
U008400,2026-01-01,mobile,0.6547
U008401,2026-01-01,none,0.3813
U008402,2026-01-01,insurance,0.6254
U008403,2026-01-01,streaming,0.6245
U008404,2026-01-01,gym,0.5591
U008405,2026-01-01,none,0.9956
U008406,2026-01-01,none,0.4558
U008407,2026-01-01,music,0.6087
U008408,2026-01-01,gym,0.5141
U008409,2026-01-01,gym,0.7713
U008410,2026-01-01,none,0.4261
U008411,2026-01-01,music,0.8153
U008412,2026-01-01,gym,0.3621
U008413,2026-01-01,cloud,0.5748
U008414,2026-01-01,music,0.5585
U008415,2026-01-01,software,0.7844
U008416,2026-01-01,insurance,0.4905
U008417,2026-01-01,insurance,0.8655
U008418,2026-01-01,cloud,0.4815
U008419,2026-01-01,insurance,0.7116
U008420,2026-01-01,software,0.3925
U008421,2026-01-01,none,0.4159
U008422,2026-01-01,streaming,0.6511
U008423,2026-01-01,mobile,0.5556
U008424,2026-01-01,insurance,0.5443
U008425,2026-01-01,insurance,0.4725
U008426,2026-01-01,none,0.7867
U008427,2026-01-01,streaming,0.9114
U008428,2026-01-01,music,0.4604
U008429,2026-01-01,gym,0.7432
U008430,2026-01-01,none,0.9516
U008431,2026-01-01,mobile,0.8312
U008432,2026-01-01,music,0.6169
U008433,2026-01-01,mobile,0.6001
U008434,2026-01-01,gym,0.7944
U008435,2026-01-01,cloud,0.4472
U008436,2026-01-01,software,0.5932
U008437,2026-01-01,none,0.5334
U008438,2026-01-01,gym,0.8314
U008439,2026-01-01,insurance,0.8455
U008440,2026-01-01,software,0.5567
U008441,2026-01-01,none,0.9998
U008442,2026-01-01,gym,0.5115
U008443,2026-01-01,software,0.6984
U008444,2026-01-01,streaming,0.4083
U008445,2026-01-01,streaming,0.9098
U008446,2026-01-01,music,0.7589
U008447,2026-01-01,streaming,0.4882
U008448,2026-01-01,music,0.876
U008449,2026-01-01,streaming,0.7664
U008450,2026-01-01,mobile,0.5725
U008451,2026-01-01,mobile,0.5044
U008452,2026-01-01,none,0.9954
U008453,2026-01-01,music,0.5514
U008454,2026-01-01,gym,0.4905
U008455,2026-01-01,insurance,0.6403
U008456,2026-01-01,none,0.998
U008457,2026-01-01,insurance,0.355
U008458,2026-01-01,none,0.9953
U008459,2026-01-01,software,0.5619
U008460,2026-01-01,none,0.9286
U008461,2026-01-01,software,0.4464
U008462,2026-01-01,software,0.6796
U008463,2026-01-01,insurance,0.2978
U008464,2026-01-01,gym,0.5393
U008465,2026-01-01,gym,0.561
U008466,2026-01-01,insurance,0.5641
U008467,2026-01-01,cloud,0.6061
U008468,2026-01-01,mobile,0.8158
U008469,2026-01-01,none,0.9856
U008470,2026-01-01,software,0.8637
U008471,2026-01-01,software,0.545
U008472,2026-01-01,mobile,0.3543
U008473,2026-01-01,gym,0.4055
U008474,2026-01-01,mobile,0.5103
U008475,2026-01-01,gym,0.4985
U008476,2026-01-01,mobile,0.6484
U008477,2026-01-01,music,0.7146
U008478,2026-01-01,gym,0.5977
U008479,2026-01-01,none,0.8854
U008480,2026-01-01,streaming,0.7726
U008481,2026-01-01,insurance,0.3773
U008482,2026-01-01,none,0.9545
U008483,2026-01-01,software,0.6133
U008484,2026-01-01,music,0.5365
U008485,2026-01-01,software,0.4199
U008486,2026-01-01,software,0.8965
U008487,2026-01-01,mobile,0.5975
U008488,2026-01-01,streaming,0.7732
U008489,2026-01-01,none,0.9974
U008490,2026-01-01,gym,0.8128
U008491,2026-01-01,none,0.9735
U008492,2026-01-01,music,0.5336
U008493,2026-01-01,gym,0.7148
U008494,2026-01-01,none,0.9131
U008495,2026-01-01,music,0.5039
U008496,2026-01-01,mobile,0.425
U008497,2026-01-01,none,0.995
U008498,2026-01-01,streaming,0.6596
U008499,2026-01-01,software,0.6553
U008500,2026-01-01,insurance,0.6702
U008501,2026-01-01,none,0.8559
U008502,2026-01-01,none,0.7522
U008503,2026-01-01,none,0.9539
U008504,2026-01-01,insurance,0.8355
U008505,2026-01-01,insurance,0.8539
U008506,2026-01-01,streaming,0.584
U008507,2026-01-01,software,0.8632
U008508,2026-01-01,none,0.9994
U008509,2026-01-01,none,0.9997
U008510,2026-01-01,software,0.3394
U008511,2026-01-01,gym,0.7944
U008512,2026-01-01,gym,0.4741
U008513,2026-01-01,cloud,0.6557
U008514,2026-01-01,none,0.8975
U008515,2026-01-01,insurance,0.5088
U008516,2026-01-01,software,0.5995
U008517,2026-01-01,cloud,0.8454
U008518,2026-01-01,gym,0.4186
U008519,2026-01-01,none,0.9996
U008520,2026-01-01,software,0.9006
U008521,2026-01-01,streaming,0.3122
U008522,2026-01-01,none,0.9959
U008523,2026-01-01,none,0.7433
U008524,2026-01-01,cloud,0.8353
U008525,2026-01-01,none,0.7467
U008526,2026-01-01,none,0.9989
U008527,2026-01-01,none,0.9901
U008528,2026-01-01,none,0.9738
U008529,2026-01-01,insurance,0.4458
U008530,2026-01-01,none,0.9685
U008531,2026-01-01,cloud,0.5938
U008532,2026-01-01,insurance,0.79
U008533,2026-01-01,software,0.8776
U008534,2026-01-01,software,0.688
U008535,2026-01-01,none,0.9352
U008536,2026-01-01,none,0.5395
U008537,2026-01-01,music,0.6933
U008538,2026-01-01,none,0.6181
U008539,2026-01-01,none,0.5449
U008540,2026-01-01,gym,0.592
U008541,2026-01-01,streaming,0.6216
U008542,2026-01-01,software,0.6621
U008543,2026-01-01,none,0.865
U008544,2026-01-01,mobile,0.6193
U008545,2026-01-01,cloud,0.6507
U008546,2026-01-01,none,0.9958
U008547,2026-01-01,gym,0.3507
U008548,2026-01-01,none,0.7228
U008549,2026-01-01,music,0.4195
U008550,2026-01-01,streaming,0.3769
U008551,2026-01-01,insurance,0.5866
U008552,2026-01-01,none,0.987
U008553,2026-01-01,software,0.8182
U008554,2026-01-01,none,0.9113
U008555,2026-01-01,gym,0.424
U008556,2026-01-01,insurance,0.651
U008557,2026-01-01,software,0.288
U008558,2026-01-01,streaming,0.2485
U008559,2026-01-01,cloud,0.5216
U008560,2026-01-01,music,0.617
U008561,2026-01-01,cloud,0.8875
U008562,2026-01-01,insurance,0.6235
U008563,2026-01-01,none,0.9992
U008564,2026-01-01,mobile,0.5411
U008565,2026-01-01,cloud,0.5027
U008566,2026-01-01,none,0.425
U008567,2026-01-01,insurance,0.4534
U008568,2026-01-01,none,0.9591
U008569,2026-01-01,none,0.9993
U008570,2026-01-01,cloud,0.449
U008571,2026-01-01,streaming,0.6301
U008572,2026-01-01,none,0.9519
U008573,2026-01-01,none,0.9996
U008574,2026-01-01,none,0.7911
U008575,2026-01-01,mobile,0.3912
U008576,2026-01-01,music,0.6628
U008577,2026-01-01,mobile,0.5444
U008578,2026-01-01,cloud,0.6265
U008579,2026-01-01,cloud,0.7403
U008580,2026-01-01,insurance,0.4997
U008581,2026-01-01,software,0.4021
U008582,2026-01-01,none,0.9424
U008583,2026-01-01,software,0.6002
U008584,2026-01-01,none,0.9874
U008585,2026-01-01,software,0.4233
U008586,2026-01-01,software,0.3741
U008587,2026-01-01,streaming,0.904
U008588,2026-01-01,music,0.5187
U008589,2026-01-01,streaming,0.8846
U008590,2026-01-01,mobile,0.5034
U008591,2026-01-01,none,0.997
U008592,2026-01-01,none,0.858
U008593,2026-01-01,insurance,0.5918
U008594,2026-01-01,insurance,0.8425
U008595,2026-01-01,music,0.3902
U008596,2026-01-01,cloud,0.4621
U008597,2026-01-01,gym,0.4096
U008598,2026-01-01,none,0.6796
U008599,2026-01-01,music,0.6601
U008600,2026-01-01,cloud,0.8379
U008601,2026-01-01,streaming,0.4883
U008602,2026-01-01,software,0.8166
U008603,2026-01-01,none,0.3273
U008604,2026-01-01,none,0.9611
U008605,2026-01-01,none,0.9997
U008606,2026-01-01,gym,0.3939
U008607,2026-01-01,none,0.7077
U008608,2026-01-01,mobile,0.4364
U008609,2026-01-01,none,0.9722
U008610,2026-01-01,cloud,0.6358
U008611,2026-01-01,cloud,0.3436
U008612,2026-01-01,streaming,0.4096
U008613,2026-01-01,music,0.3056
U008614,2026-01-01,none,0.9736
U008615,2026-01-01,none,0.4061
U008616,2026-01-01,none,0.932
U008617,2026-01-01,none,0.8755
U008618,2026-01-01,mobile,0.5519
U008619,2026-01-01,gym,0.7277
U008620,2026-01-01,music,0.5699
U008621,2026-01-01,cloud,0.8771
U008622,2026-01-01,streaming,0.6598
U008623,2026-01-01,music,0.4268
U008624,2026-01-01,insurance,0.4286
U008625,2026-01-01,streaming,0.8179
U008626,2026-01-01,mobile,0.6324
U008627,2026-01-01,none,0.9223
U008628,2026-01-01,mobile,0.3307
U008629,2026-01-01,insurance,0.3672
U008630,2026-01-01,none,0.9744
U008631,2026-01-01,cloud,0.8695
U008632,2026-01-01,mobile,0.901
U008633,2026-01-01,gym,0.625
U008634,2026-01-01,insurance,0.3889
U008635,2026-01-01,mobile,0.6265
U008636,2026-01-01,none,0.9294
U008637,2026-01-01,gym,0.4917
U008638,2026-01-01,streaming,0.6338
U008639,2026-01-01,mobile,0.4817
U008640,2026-01-01,none,0.9753
U008641,2026-01-01,cloud,0.7473
U008642,2026-01-01,none,0.4093
U008643,2026-01-01,software,0.4727
U008644,2026-01-01,none,0.9743
U008645,2026-01-01,none,0.9995
U008646,2026-01-01,mobile,0.8377
U008647,2026-01-01,gym,0.4717
U008648,2026-01-01,none,0.3094
U008649,2026-01-01,streaming,0.6984
U008650,2026-01-01,cloud,0.9067
U008651,2026-01-01,none,0.9485
U008652,2026-01-01,mobile,0.4327
U008653,2026-01-01,cloud,0.5023
U008654,2026-01-01,gym,0.6874
U008655,2026-01-01,gym,0.8103
U008656,2026-01-01,software,0.3643
U008657,2026-01-01,mobile,0.4245
U008658,2026-01-01,none,0.4207
U008659,2026-01-01,music,0.5728
U008660,2026-01-01,mobile,0.3769
U008661,2026-01-01,none,0.5223
U008662,2026-01-01,software,0.6865
U008663,2026-01-01,none,0.9938
U008664,2026-01-01,music,0.9065
U008665,2026-01-01,none,0.4385
U008666,2026-01-01,streaming,0.7438
U008667,2026-01-01,cloud,0.6589
U008668,2026-01-01,none,0.4497
U008669,2026-01-01,mobile,0.519
U008670,2026-01-01,none,0.9353
U008671,2026-01-01,none,0.3879
U008672,2026-01-01,cloud,0.5558
U008673,2026-01-01,none,0.9412
U008674,2026-01-01,none,0.9759
U008675,2026-01-01,gym,0.3485
U008676,2026-01-01,none,0.9507
U008677,2026-01-01,gym,0.5289
U008678,2026-01-01,none,0.9986
U008679,2026-01-01,none,0.9918
U008680,2026-01-01,none,0.9693
U008681,2026-01-01,none,0.997
U008682,2026-01-01,insurance,0.4067
U008683,2026-01-01,none,0.8438
U008684,2026-01-01,insurance,0.8872
U008685,2026-01-01,software,0.3921
U008686,2026-01-01,cloud,0.6979
U008687,2026-01-01,streaming,0.6983
U008688,2026-01-01,none,0.9426
U008689,2026-01-01,software,0.8519
U008690,2026-01-01,software,0.4153
U008691,2026-01-01,insurance,0.6389
U008692,2026-01-01,software,0.8278
U008693,2026-01-01,music,0.8509
U008694,2026-01-01,insurance,0.5471
U008695,2026-01-01,music,0.8594
U008696,2026-01-01,none,0.9193
U008697,2026-01-01,software,0.639
U008698,2026-01-01,none,0.9982
U008699,2026-01-01,streaming,0.7381
U008700,2026-01-01,insurance,0.4296
U008701,2026-01-01,streaming,0.622
U008702,2026-01-01,cloud,0.7346
U008703,2026-01-01,streaming,0.6909
U008704,2026-01-01,software,0.5119
U008705,2026-01-01,insurance,0.348
U008706,2026-01-01,mobile,0.8426
U008707,2026-01-01,streaming,0.825
U008708,2026-01-01,music,0.4993
U008709,2026-01-01,none,0.9955
U008710,2026-01-01,streaming,0.535
U008711,2026-01-01,gym,0.2999
U008712,2026-01-01,insurance,0.472
U008713,2026-01-01,music,0.5356
U008714,2026-01-01,cloud,0.7676
U008715,2026-01-01,streaming,0.4737
U008716,2026-01-01,gym,0.5176
U008717,2026-01-01,cloud,0.478
U008718,2026-01-01,cloud,0.5668
U008719,2026-01-01,cloud,0.4978
U008720,2026-01-01,none,0.9983
U008721,2026-01-01,music,0.5414
U008722,2026-01-01,streaming,0.6129
U008723,2026-01-01,none,0.8216
U008724,2026-01-01,cloud,0.618
U008725,2026-01-01,streaming,0.555
U008726,2026-01-01,streaming,0.8968
U008727,2026-01-01,none,0.7432
U008728,2026-01-01,none,0.987
U008729,2026-01-01,none,0.3816
U008730,2026-01-01,gym,0.6832
U008731,2026-01-01,none,0.9591
U008732,2026-01-01,streaming,0.5574
U008733,2026-01-01,music,0.4659
U008734,2026-01-01,insurance,0.3973
U008735,2026-01-01,none,0.4196
U008736,2026-01-01,software,0.4132
U008737,2026-01-01,cloud,0.478
U008738,2026-01-01,gym,0.572
U008739,2026-01-01,mobile,0.8912
U008740,2026-01-01,none,0.5136
U008741,2026-01-01,insurance,0.3932
U008742,2026-01-01,insurance,0.4547
U008743,2026-01-01,gym,0.7671
U008744,2026-01-01,music,0.4824
U008745,2026-01-01,insurance,0.5416
U008746,2026-01-01,music,0.6802
U008747,2026-01-01,music,0.5817
U008748,2026-01-01,none,0.6402
U008749,2026-01-01,insurance,0.4289
U008750,2026-01-01,insurance,0.5162
U008751,2026-01-01,mobile,0.8251
U008752,2026-01-01,streaming,0.3135
U008753,2026-01-01,none,0.9929
U008754,2026-01-01,streaming,0.9361
U008755,2026-01-01,music,0.5708
U008756,2026-01-01,insurance,0.4644
U008757,2026-01-01,mobile,0.8664
U008758,2026-01-01,cloud,0.4914
U008759,2026-01-01,none,0.7228
U008760,2026-01-01,gym,0.8382
U008761,2026-01-01,none,0.9856
U008762,2026-01-01,gym,0.813
U008763,2026-01-01,gym,0.5768
U008764,2026-01-01,streaming,0.4104
U008765,2026-01-01,software,0.837
U008766,2026-01-01,none,0.5868
U008767,2026-01-01,mobile,0.5263
U008768,2026-01-01,music,0.7884
U008769,2026-01-01,none,0.9999
U008770,2026-01-01,streaming,0.9089
U008771,2026-01-01,music,0.4464
U008772,2026-01-01,cloud,0.3391
U008773,2026-01-01,none,0.9964
U008774,2026-01-01,none,0.9767
U008775,2026-01-01,mobile,0.6066
U008776,2026-01-01,software,0.4208
U008777,2026-01-01,cloud,0.8575
U008778,2026-01-01,none,0.9545
U008779,2026-01-01,cloud,0.7975
U008780,2026-01-01,music,0.4087
U008781,2026-01-01,none,0.9996
U008782,2026-01-01,streaming,0.607
U008783,2026-01-01,none,0.9916
U008784,2026-01-01,mobile,0.4366
U008785,2026-01-01,none,0.4981
U008786,2026-01-01,none,0.5355
U008787,2026-01-01,software,0.5113
U008788,2026-01-01,none,0.7636
U008789,2026-01-01,software,0.6108
U008790,2026-01-01,software,0.3682
U008791,2026-01-01,cloud,0.6337
U008792,2026-01-01,none,0.9999
U008793,2026-01-01,none,0.9103
U008794,2026-01-01,insurance,0.7635
U008795,2026-01-01,mobile,0.7997
U008796,2026-01-01,cloud,0.5131
U008797,2026-01-01,software,0.5753
U008798,2026-01-01,streaming,0.5484
U008799,2026-01-01,insurance,0.6711
U008800,2026-01-01,insurance,0.7633
U008801,2026-01-01,none,0.4027
U008802,2026-01-01,none,0.9694
U008803,2026-01-01,mobile,0.6754
U008804,2026-01-01,insurance,0.625
U008805,2026-01-01,none,0.6546
U008806,2026-01-01,none,0.9804
U008807,2026-01-01,gym,0.6636
U008808,2026-01-01,none,0.9505
U008809,2026-01-01,none,0.7312
U008810,2026-01-01,none,0.5272
U008811,2026-01-01,gym,0.5929
U008812,2026-01-01,insurance,0.8317
U008813,2026-01-01,streaming,0.916
U008814,2026-01-01,none,0.991
U008815,2026-01-01,none,1.0
U008816,2026-01-01,gym,0.4646
U008817,2026-01-01,gym,0.3863
U008818,2026-01-01,none,0.9267
U008819,2026-01-01,streaming,0.8883
U008820,2026-01-01,gym,0.7968
U008821,2026-01-01,cloud,0.4937
U008822,2026-01-01,none,0.7028
U008823,2026-01-01,insurance,0.4178
U008824,2026-01-01,streaming,0.613
U008825,2026-01-01,streaming,0.6005
U008826,2026-01-01,mobile,0.6744
U008827,2026-01-01,cloud,0.3619
U008828,2026-01-01,insurance,0.8914
U008829,2026-01-01,mobile,0.5684
U008830,2026-01-01,none,0.9023
U008831,2026-01-01,software,0.3615
U008832,2026-01-01,software,0.4607
U008833,2026-01-01,streaming,0.5118
U008834,2026-01-01,software,0.8931
U008835,2026-01-01,mobile,0.8656
U008836,2026-01-01,insurance,0.6009
U008837,2026-01-01,streaming,0.9234
U008838,2026-01-01,software,0.6069
U008839,2026-01-01,streaming,0.376
U008840,2026-01-01,mobile,0.3831
U008841,2026-01-01,streaming,0.5866
U008842,2026-01-01,none,0.5463
U008843,2026-01-01,insurance,0.7995
U008844,2026-01-01,cloud,0.6948
U008845,2026-01-01,gym,0.6914
U008846,2026-01-01,software,0.8827
U008847,2026-01-01,gym,0.5211
U008848,2026-01-01,streaming,0.5587
U008849,2026-01-01,software,0.5325
U008850,2026-01-01,gym,0.4925
U008851,2026-01-01,cloud,0.5121
U008852,2026-01-01,insurance,0.8291
U008853,2026-01-01,streaming,0.6949
U008854,2026-01-01,insurance,0.3951
U008855,2026-01-01,none,0.9982
U008856,2026-01-01,streaming,0.5337
U008857,2026-01-01,insurance,0.4699
U008858,2026-01-01,music,0.4502
U008859,2026-01-01,none,0.9641
U008860,2026-01-01,insurance,0.3928
U008861,2026-01-01,music,0.4861
U008862,2026-01-01,software,0.4992
U008863,2026-01-01,streaming,0.36
U008864,2026-01-01,software,0.5929
U008865,2026-01-01,none,0.9992
U008866,2026-01-01,software,0.7169
U008867,2026-01-01,mobile,0.551
U008868,2026-01-01,none,0.6249
U008869,2026-01-01,none,0.902
U008870,2026-01-01,none,0.4422
U008871,2026-01-01,mobile,0.3922
U008872,2026-01-01,none,0.9662
U008873,2026-01-01,software,0.5835
U008874,2026-01-01,none,0.9785
U008875,2026-01-01,music,0.581
U008876,2026-01-01,cloud,0.5218
U008877,2026-01-01,none,0.9125
U008878,2026-01-01,software,0.4456
U008879,2026-01-01,cloud,0.8503
U008880,2026-01-01,software,0.6424
U008881,2026-01-01,gym,0.5484
U008882,2026-01-01,software,0.4808
U008883,2026-01-01,gym,0.593
U008884,2026-01-01,cloud,0.5226
U008885,2026-01-01,insurance,0.8875
U008886,2026-01-01,none,0.9521
U008887,2026-01-01,gym,0.8399
U008888,2026-01-01,none,0.9989
U008889,2026-01-01,mobile,0.5136
U008890,2026-01-01,cloud,0.6067
U008891,2026-01-01,none,0.9981
U008892,2026-01-01,none,0.475
U008893,2026-01-01,none,0.9234
U008894,2026-01-01,gym,0.4298
U008895,2026-01-01,gym,0.4331
U008896,2026-01-01,none,0.9156
U008897,2026-01-01,gym,0.7282
U008898,2026-01-01,mobile,0.5534
U008899,2026-01-01,gym,0.3818
U008900,2026-01-01,streaming,0.6286
U008901,2026-01-01,mobile,0.5001
U008902,2026-01-01,music,0.3109
U008903,2026-01-01,gym,0.7764
U008904,2026-01-01,none,0.9984
U008905,2026-01-01,mobile,0.7346
U008906,2026-01-01,music,0.3754
U008907,2026-01-01,insurance,0.4211
U008908,2026-01-01,none,0.9941
U008909,2026-01-01,music,0.5583
U008910,2026-01-01,mobile,0.344
U008911,2026-01-01,gym,0.5176
U008912,2026-01-01,software,0.7264
U008913,2026-01-01,gym,0.6114
U008914,2026-01-01,insurance,0.7928
U008915,2026-01-01,cloud,0.5316
U008916,2026-01-01,none,0.9067
U008917,2026-01-01,none,0.4151
U008918,2026-01-01,none,0.7566
U008919,2026-01-01,gym,0.8755
U008920,2026-01-01,none,0.9983
U008921,2026-01-01,cloud,0.8657
U008922,2026-01-01,streaming,0.8749
U008923,2026-01-01,cloud,0.628
U008924,2026-01-01,gym,0.5133
U008925,2026-01-01,none,0.9993
U008926,2026-01-01,streaming,0.7188
U008927,2026-01-01,gym,0.3164
U008928,2026-01-01,software,0.4902
U008929,2026-01-01,gym,0.5199
U008930,2026-01-01,none,0.8176
U008931,2026-01-01,mobile,0.5073
U008932,2026-01-01,cloud,0.4275
U008933,2026-01-01,gym,0.8525
U008934,2026-01-01,none,0.9933
U008935,2026-01-01,music,0.4271
U008936,2026-01-01,cloud,0.5809
U008937,2026-01-01,gym,0.8674
U008938,2026-01-01,none,0.4821
U008939,2026-01-01,cloud,0.3317
U008940,2026-01-01,insurance,0.5149
U008941,2026-01-01,mobile,0.6389
U008942,2026-01-01,software,0.3392
U008943,2026-01-01,software,0.5997
U008944,2026-01-01,gym,0.378
U008945,2026-01-01,software,0.384
U008946,2026-01-01,streaming,0.8241
U008947,2026-01-01,streaming,0.3615
U008948,2026-01-01,mobile,0.848
U008949,2026-01-01,none,0.8221
U008950,2026-01-01,streaming,0.8834
U008951,2026-01-01,software,0.4308
U008952,2026-01-01,streaming,0.5929
U008953,2026-01-01,mobile,0.5491
U008954,2026-01-01,streaming,0.6737
U008955,2026-01-01,none,0.9971
U008956,2026-01-01,gym,0.3788
U008957,2026-01-01,streaming,0.4063
U008958,2026-01-01,insurance,0.6061
U008959,2026-01-01,none,0.7355
U008960,2026-01-01,insurance,0.6863
U008961,2026-01-01,music,0.8533
U008962,2026-01-01,software,0.3962
U008963,2026-01-01,mobile,0.8987
U008964,2026-01-01,mobile,0.8376
U008965,2026-01-01,software,0.7921
U008966,2026-01-01,cloud,0.3778
U008967,2026-01-01,gym,0.6496
U008968,2026-01-01,none,0.993
U008969,2026-01-01,streaming,0.7594
U008970,2026-01-01,insurance,0.6861
U008971,2026-01-01,cloud,0.7645
U008972,2026-01-01,gym,0.7974
U008973,2026-01-01,cloud,0.8245
U008974,2026-01-01,music,0.6952
U008975,2026-01-01,none,0.9914
U008976,2026-01-01,music,0.728
U008977,2026-01-01,music,0.8688
U008978,2026-01-01,streaming,0.7744
U008979,2026-01-01,gym,0.8682
U008980,2026-01-01,none,0.7694
U008981,2026-01-01,none,0.975
U008982,2026-01-01,music,0.6792
U008983,2026-01-01,none,0.9763
U008984,2026-01-01,music,0.4445
U008985,2026-01-01,music,0.6289
U008986,2026-01-01,music,0.5811
U008987,2026-01-01,cloud,0.5469
U008988,2026-01-01,cloud,0.4523
U008989,2026-01-01,none,0.974
U008990,2026-01-01,software,0.4583
U008991,2026-01-01,insurance,0.7651
U008992,2026-01-01,streaming,0.9075
U008993,2026-01-01,streaming,0.5638
U008994,2026-01-01,cloud,0.4994
U008995,2026-01-01,cloud,0.8865
U008996,2026-01-01,mobile,0.6135
U008997,2026-01-01,streaming,0.4773
U008998,2026-01-01,cloud,0.6061
U008999,2026-01-01,none,0.7966
U009000,2026-01-01,mobile,0.508
U009001,2026-01-01,software,0.8725
U009002,2026-01-01,mobile,0.5249
U009003,2026-01-01,cloud,0.8657
U009004,2026-01-01,software,0.7052
U009005,2026-01-01,none,0.8613
U009006,2026-01-01,cloud,0.7054
U009007,2026-01-01,software,0.6431
U009008,2026-01-01,streaming,0.9038
U009009,2026-01-01,insurance,0.8101
U009010,2026-01-01,cloud,0.5485
U009011,2026-01-01,software,0.6301
U009012,2026-01-01,none,0.9702
U009013,2026-01-01,none,0.8603
U009014,2026-01-01,music,0.5923
U009015,2026-01-01,none,0.7389
U009016,2026-01-01,gym,0.8117
U009017,2026-01-01,streaming,0.6709
U009018,2026-01-01,streaming,0.5436
U009019,2026-01-01,software,0.5496
U009020,2026-01-01,none,0.6573
U009021,2026-01-01,software,0.7458
U009022,2026-01-01,cloud,0.7731
U009023,2026-01-01,none,0.7668
U009024,2026-01-01,mobile,0.3623
U009025,2026-01-01,gym,0.6733
U009026,2026-01-01,insurance,0.3932
U009027,2026-01-01,gym,0.563
U009028,2026-01-01,software,0.4848
U009029,2026-01-01,none,0.9579
U009030,2026-01-01,insurance,0.2927
U009031,2026-01-01,mobile,0.5112
U009032,2026-01-01,none,0.8606
U009033,2026-01-01,streaming,0.447
U009034,2026-01-01,streaming,0.6325
U009035,2026-01-01,mobile,0.4736
U009036,2026-01-01,gym,0.7667
U009037,2026-01-01,none,0.887
U009038,2026-01-01,none,0.9722
U009039,2026-01-01,streaming,0.4425
U009040,2026-01-01,none,0.9736
U009041,2026-01-01,software,0.6401
U009042,2026-01-01,mobile,0.712
U009043,2026-01-01,software,0.6205
U009044,2026-01-01,insurance,0.8728
U009045,2026-01-01,cloud,0.8029
U009046,2026-01-01,insurance,0.8243
U009047,2026-01-01,streaming,0.6184
U009048,2026-01-01,cloud,0.6031
U009049,2026-01-01,mobile,0.7352
U009050,2026-01-01,software,0.5197
U009051,2026-01-01,software,0.8653
U009052,2026-01-01,streaming,0.7731
U009053,2026-01-01,none,0.9915
U009054,2026-01-01,none,0.9301
U009055,2026-01-01,software,0.5912
U009056,2026-01-01,insurance,0.6287
U009057,2026-01-01,none,0.7927
U009058,2026-01-01,cloud,0.9024
U009059,2026-01-01,streaming,0.6387
U009060,2026-01-01,none,0.7573
U009061,2026-01-01,none,0.9995
U009062,2026-01-01,gym,0.6351
U009063,2026-01-01,none,0.7253
U009064,2026-01-01,streaming,0.5111
U009065,2026-01-01,none,0.3401
U009066,2026-01-01,none,0.4729
U009067,2026-01-01,music,0.7133
U009068,2026-01-01,streaming,0.8625
U009069,2026-01-01,cloud,0.8177
U009070,2026-01-01,mobile,0.8552
U009071,2026-01-01,mobile,0.292
U009072,2026-01-01,none,0.9245
U009073,2026-01-01,none,0.7919
U009074,2026-01-01,cloud,0.6271
U009075,2026-01-01,mobile,0.6242
U009076,2026-01-01,gym,0.4691
U009077,2026-01-01,none,0.9234
U009078,2026-01-01,insurance,0.335
U009079,2026-01-01,software,0.9152
U009080,2026-01-01,none,0.97
U009081,2026-01-01,insurance,0.3535
U009082,2026-01-01,none,0.9978
U009083,2026-01-01,cloud,0.5075
U009084,2026-01-01,streaming,0.3805
U009085,2026-01-01,none,1.0
U009086,2026-01-01,none,0.9576
U009087,2026-01-01,cloud,0.7067
U009088,2026-01-01,software,0.6634
U009089,2026-01-01,insurance,0.8367
U009090,2026-01-01,gym,0.5075
U009091,2026-01-01,gym,0.5363
U009092,2026-01-01,insurance,0.5726
U009093,2026-01-01,gym,0.777
U009094,2026-01-01,mobile,0.5397
U009095,2026-01-01,none,0.9994
U009096,2026-01-01,software,0.8745
U009097,2026-01-01,none,0.5486
U009098,2026-01-01,software,0.6004
U009099,2026-01-01,mobile,0.546
U009100,2026-01-01,music,0.444
U009101,2026-01-01,streaming,0.3399
U009102,2026-01-01,none,0.931
U009103,2026-01-01,mobile,0.7214
U009104,2026-01-01,software,0.5857
U009105,2026-01-01,none,0.8888
U009106,2026-01-01,insurance,0.5849
U009107,2026-01-01,music,0.4769
U009108,2026-01-01,none,0.9605
U009109,2026-01-01,mobile,0.9075
U009110,2026-01-01,music,0.381
U009111,2026-01-01,none,0.9906
U009112,2026-01-01,music,0.7327
U009113,2026-01-01,cloud,0.3836
U009114,2026-01-01,gym,0.3903
U009115,2026-01-01,none,0.9996
U009116,2026-01-01,none,0.7771
U009117,2026-01-01,music,0.6658
U009118,2026-01-01,gym,0.5529
U009119,2026-01-01,music,0.715
U009120,2026-01-01,cloud,0.4697
U009121,2026-01-01,music,0.4797
U009122,2026-01-01,none,0.9869
U009123,2026-01-01,gym,0.5902
U009124,2026-01-01,gym,0.6438
U009125,2026-01-01,music,0.6485
U009126,2026-01-01,none,0.8048
U009127,2026-01-01,none,0.7004
U009128,2026-01-01,none,0.8345
U009129,2026-01-01,none,0.9174
U009130,2026-01-01,insurance,0.6176
U009131,2026-01-01,none,0.8703
U009132,2026-01-01,insurance,0.8325
U009133,2026-01-01,gym,0.3982
U009134,2026-01-01,streaming,0.9126
U009135,2026-01-01,music,0.4992
U009136,2026-01-01,music,0.693
U009137,2026-01-01,insurance,0.3672
U009138,2026-01-01,music,0.7285
U009139,2026-01-01,none,0.9963
U009140,2026-01-01,insurance,0.4134
U009141,2026-01-01,mobile,0.5728
U009142,2026-01-01,none,0.9723
U009143,2026-01-01,streaming,0.4983
U009144,2026-01-01,none,0.9982
U009145,2026-01-01,streaming,0.2235
U009146,2026-01-01,none,0.756
U009147,2026-01-01,none,0.9998
U009148,2026-01-01,music,0.4517
U009149,2026-01-01,mobile,0.6181
U009150,2026-01-01,none,0.5094
U009151,2026-01-01,cloud,0.4797
U009152,2026-01-01,software,0.531
U009153,2026-01-01,none,0.9954
U009154,2026-01-01,cloud,0.5265
U009155,2026-01-01,streaming,0.3851
U009156,2026-01-01,cloud,0.5312
U009157,2026-01-01,cloud,0.4493
U009158,2026-01-01,cloud,0.8308
U009159,2026-01-01,none,0.9884
U009160,2026-01-01,none,0.4876
U009161,2026-01-01,insurance,0.3214
U009162,2026-01-01,music,0.6213
U009163,2026-01-01,software,0.8765
U009164,2026-01-01,cloud,0.6774
U009165,2026-01-01,gym,0.5763
U009166,2026-01-01,none,0.9956
U009167,2026-01-01,insurance,0.4468
U009168,2026-01-01,software,0.6848
U009169,2026-01-01,music,0.6223
U009170,2026-01-01,none,0.5526
U009171,2026-01-01,streaming,0.9061
U009172,2026-01-01,none,0.9895
U009173,2026-01-01,none,0.764
U009174,2026-01-01,streaming,0.5343
U009175,2026-01-01,gym,0.6484
U009176,2026-01-01,software,0.4159
U009177,2026-01-01,cloud,0.4759
U009178,2026-01-01,streaming,0.7608
U009179,2026-01-01,software,0.616
U009180,2026-01-01,streaming,0.5335
U009181,2026-01-01,cloud,0.5876
U009182,2026-01-01,streaming,0.526
U009183,2026-01-01,software,0.4338
U009184,2026-01-01,none,0.9818
U009185,2026-01-01,music,0.8222
U009186,2026-01-01,mobile,0.5292
U009187,2026-01-01,none,0.947
U009188,2026-01-01,music,0.4606
U009189,2026-01-01,mobile,0.8216
U009190,2026-01-01,none,0.5313
U009191,2026-01-01,none,0.9264
U009192,2026-01-01,insurance,0.6427
U009193,2026-01-01,software,0.5018
U009194,2026-01-01,software,0.4311
U009195,2026-01-01,none,0.5183
U009196,2026-01-01,gym,0.546
U009197,2026-01-01,mobile,0.8804
U009198,2026-01-01,streaming,0.4765
U009199,2026-01-01,mobile,0.6477
U009200,2026-01-01,insurance,0.482
U009201,2026-01-01,none,0.2981
U009202,2026-01-01,streaming,0.784
U009203,2026-01-01,streaming,0.6859
U009204,2026-01-01,none,0.8682
U009205,2026-01-01,insurance,0.61
U009206,2026-01-01,none,0.3519
U009207,2026-01-01,none,0.7984
U009208,2026-01-01,none,0.6462
U009209,2026-01-01,gym,0.5036
U009210,2026-01-01,mobile,0.659
U009211,2026-01-01,cloud,0.7824
U009212,2026-01-01,music,0.4688
U009213,2026-01-01,insurance,0.6626
U009214,2026-01-01,gym,0.392
U009215,2026-01-01,music,0.5919
U009216,2026-01-01,music,0.3531
U009217,2026-01-01,music,0.5906
U009218,2026-01-01,gym,0.7809
U009219,2026-01-01,insurance,0.6927
U009220,2026-01-01,gym,0.5513
U009221,2026-01-01,none,0.8683
U009222,2026-01-01,cloud,0.522
U009223,2026-01-01,none,0.9995
U009224,2026-01-01,streaming,0.6077
U009225,2026-01-01,software,0.8494
U009226,2026-01-01,insurance,0.6025
U009227,2026-01-01,insurance,0.5099
U009228,2026-01-01,software,0.4023
U009229,2026-01-01,cloud,0.5335
U009230,2026-01-01,none,0.9991
U009231,2026-01-01,none,0.9992
U009232,2026-01-01,none,0.9031
U009233,2026-01-01,gym,0.3434
U009234,2026-01-01,none,0.9753
U009235,2026-01-01,music,0.9138
U009236,2026-01-01,gym,0.4871
U009237,2026-01-01,music,0.8458
U009238,2026-01-01,none,0.9661
U009239,2026-01-01,none,0.9478
U009240,2026-01-01,music,0.4647
U009241,2026-01-01,insurance,0.3827
U009242,2026-01-01,none,0.9856
U009243,2026-01-01,insurance,0.8902
U009244,2026-01-01,software,0.5141
U009245,2026-01-01,none,0.9996
U009246,2026-01-01,none,0.3002
U009247,2026-01-01,cloud,0.589
U009248,2026-01-01,streaming,0.6114
U009249,2026-01-01,streaming,0.6022
U009250,2026-01-01,cloud,0.5167
U009251,2026-01-01,none,0.9862
U009252,2026-01-01,gym,0.6554
U009253,2026-01-01,gym,0.4655
U009254,2026-01-01,streaming,0.8922
U009255,2026-01-01,music,0.3919
U009256,2026-01-01,insurance,0.7253
U009257,2026-01-01,cloud,0.4805
U009258,2026-01-01,none,0.8819
U009259,2026-01-01,gym,0.5534
U009260,2026-01-01,music,0.4322
U009261,2026-01-01,streaming,0.4337
U009262,2026-01-01,software,0.5306
U009263,2026-01-01,none,0.9974
U009264,2026-01-01,mobile,0.531
U009265,2026-01-01,software,0.7677
U009266,2026-01-01,gym,0.4795
U009267,2026-01-01,cloud,0.5472
U009268,2026-01-01,none,0.9088
U009269,2026-01-01,none,0.9934
U009270,2026-01-01,gym,0.6083
U009271,2026-01-01,cloud,0.5556
U009272,2026-01-01,none,0.6686
U009273,2026-01-01,streaming,0.4411
U009274,2026-01-01,none,0.9948
U009275,2026-01-01,none,0.9857
U009276,2026-01-01,streaming,0.6685
U009277,2026-01-01,none,0.4844
U009278,2026-01-01,none,0.4791
U009279,2026-01-01,mobile,0.518
U009280,2026-01-01,insurance,0.704
U009281,2026-01-01,mobile,0.5999
U009282,2026-01-01,streaming,0.5405
U009283,2026-01-01,none,0.6973
U009284,2026-01-01,software,0.6185
U009285,2026-01-01,streaming,0.6031
U009286,2026-01-01,mobile,0.868
U009287,2026-01-01,none,0.9999
U009288,2026-01-01,none,0.9797
U009289,2026-01-01,mobile,0.5377
U009290,2026-01-01,streaming,0.5539
U009291,2026-01-01,none,0.6916
U009292,2026-01-01,cloud,0.8056
U009293,2026-01-01,insurance,0.4748
U009294,2026-01-01,gym,0.5704
U009295,2026-01-01,music,0.5362
U009296,2026-01-01,none,0.8794
U009297,2026-01-01,insurance,0.5709
U009298,2026-01-01,insurance,0.8738
U009299,2026-01-01,music,0.4043
U009300,2026-01-01,none,0.8538
U009301,2026-01-01,music,0.7494
U009302,2026-01-01,none,0.9862
U009303,2026-01-01,streaming,0.911
U009304,2026-01-01,none,0.9905
U009305,2026-01-01,streaming,0.6838
U009306,2026-01-01,mobile,0.5185
U009307,2026-01-01,software,0.4657
U009308,2026-01-01,insurance,0.6926
U009309,2026-01-01,gym,0.3927
U009310,2026-01-01,insurance,0.4996
U009311,2026-01-01,software,0.5207
U009312,2026-01-01,streaming,0.5269
U009313,2026-01-01,none,0.9696
U009314,2026-01-01,none,0.9622
U009315,2026-01-01,streaming,0.4755
U009316,2026-01-01,none,0.8909
U009317,2026-01-01,none,0.9997
U009318,2026-01-01,none,0.9875
U009319,2026-01-01,streaming,0.5286
U009320,2026-01-01,insurance,0.3849
U009321,2026-01-01,music,0.3993
U009322,2026-01-01,software,0.8797
U009323,2026-01-01,none,0.9984
U009324,2026-01-01,none,0.9951
U009325,2026-01-01,none,0.9628
U009326,2026-01-01,music,0.6585
U009327,2026-01-01,music,0.7855
U009328,2026-01-01,music,0.8896
U009329,2026-01-01,software,0.9112
U009330,2026-01-01,streaming,0.9101
U009331,2026-01-01,cloud,0.2899
U009332,2026-01-01,cloud,0.8453
U009333,2026-01-01,none,0.9968
U009334,2026-01-01,streaming,0.3629
U009335,2026-01-01,music,0.7041
U009336,2026-01-01,none,0.8544
U009337,2026-01-01,insurance,0.5058
U009338,2026-01-01,gym,0.8811
U009339,2026-01-01,gym,0.3737
U009340,2026-01-01,insurance,0.7598
U009341,2026-01-01,cloud,0.4772
U009342,2026-01-01,none,0.9979
U009343,2026-01-01,insurance,0.4593
U009344,2026-01-01,cloud,0.4157
U009345,2026-01-01,streaming,0.6561
U009346,2026-01-01,none,0.997
U009347,2026-01-01,none,0.9637
U009348,2026-01-01,none,0.8776
U009349,2026-01-01,gym,0.3766
U009350,2026-01-01,streaming,0.8907
U009351,2026-01-01,cloud,0.4874
U009352,2026-01-01,none,0.9987
U009353,2026-01-01,software,0.6664
U009354,2026-01-01,software,0.4597
U009355,2026-01-01,software,0.4339
U009356,2026-01-01,none,0.5755
U009357,2026-01-01,insurance,0.6405
U009358,2026-01-01,streaming,0.8216
U009359,2026-01-01,none,0.9379
U009360,2026-01-01,insurance,0.3505
U009361,2026-01-01,none,0.9997
U009362,2026-01-01,cloud,0.615
U009363,2026-01-01,gym,0.4335
U009364,2026-01-01,mobile,0.435
U009365,2026-01-01,none,0.9999
U009366,2026-01-01,insurance,0.8136
U009367,2026-01-01,insurance,0.6384
U009368,2026-01-01,none,0.5916
U009369,2026-01-01,gym,0.4766
U009370,2026-01-01,streaming,0.5157
U009371,2026-01-01,none,0.4562
U009372,2026-01-01,gym,0.3904
U009373,2026-01-01,streaming,0.4884
U009374,2026-01-01,mobile,0.6099
U009375,2026-01-01,none,0.9968
U009376,2026-01-01,none,0.9993
U009377,2026-01-01,music,0.6826
U009378,2026-01-01,none,0.8463
U009379,2026-01-01,mobile,0.3187
U009380,2026-01-01,music,0.6274
U009381,2026-01-01,software,0.4366
U009382,2026-01-01,gym,0.4034
U009383,2026-01-01,gym,0.4583
U009384,2026-01-01,software,0.4973
U009385,2026-01-01,none,0.8749
U009386,2026-01-01,none,0.9699
U009387,2026-01-01,music,0.605
U009388,2026-01-01,cloud,0.5347
U009389,2026-01-01,streaming,0.9166
U009390,2026-01-01,gym,0.6989
U009391,2026-01-01,music,0.6056
U009392,2026-01-01,cloud,0.3477
U009393,2026-01-01,gym,0.3401
U009394,2026-01-01,streaming,0.6439
U009395,2026-01-01,gym,0.4561
U009396,2026-01-01,mobile,0.5187
U009397,2026-01-01,mobile,0.5594
U009398,2026-01-01,none,0.7221
U009399,2026-01-01,none,0.9696
U009400,2026-01-01,none,0.9375
U009401,2026-01-01,none,0.998
U009402,2026-01-01,gym,0.6037
U009403,2026-01-01,streaming,0.8417
U009404,2026-01-01,music,0.4656
U009405,2026-01-01,gym,0.3603
U009406,2026-01-01,cloud,0.4337
U009407,2026-01-01,none,0.6125
U009408,2026-01-01,none,0.6592
U009409,2026-01-01,insurance,0.6086
U009410,2026-01-01,insurance,0.3667
U009411,2026-01-01,none,0.9983
U009412,2026-01-01,none,0.555
U009413,2026-01-01,cloud,0.4283
U009414,2026-01-01,gym,0.5641
U009415,2026-01-01,music,0.5456
U009416,2026-01-01,software,0.3345
U009417,2026-01-01,software,0.4092
U009418,2026-01-01,streaming,0.9171
U009419,2026-01-01,cloud,0.706
U009420,2026-01-01,gym,0.3179
U009421,2026-01-01,gym,0.7347
U009422,2026-01-01,music,0.5278
U009423,2026-01-01,mobile,0.7488
U009424,2026-01-01,cloud,0.5077
U009425,2026-01-01,cloud,0.8481
U009426,2026-01-01,none,0.3536
U009427,2026-01-01,gym,0.5443
U009428,2026-01-01,none,0.9999
U009429,2026-01-01,insurance,0.7678
U009430,2026-01-01,none,0.997
U009431,2026-01-01,software,0.5616
U009432,2026-01-01,gym,0.6931
U009433,2026-01-01,software,0.4594
U009434,2026-01-01,insurance,0.6227
U009435,2026-01-01,none,0.4947
U009436,2026-01-01,music,0.8943
U009437,2026-01-01,streaming,0.9308
U009438,2026-01-01,none,0.9676
U009439,2026-01-01,none,0.9844
U009440,2026-01-01,cloud,0.7221
U009441,2026-01-01,cloud,0.7839
U009442,2026-01-01,none,0.4361
U009443,2026-01-01,insurance,0.7782
U009444,2026-01-01,none,0.5304
U009445,2026-01-01,cloud,0.8916
U009446,2026-01-01,gym,0.5809
U009447,2026-01-01,mobile,0.5382
U009448,2026-01-01,music,0.3757
U009449,2026-01-01,none,0.496
U009450,2026-01-01,gym,0.4691
U009451,2026-01-01,mobile,0.5714
U009452,2026-01-01,none,0.9907
U009453,2026-01-01,insurance,0.4962
U009454,2026-01-01,cloud,0.7291
U009455,2026-01-01,music,0.8194
U009456,2026-01-01,music,0.5639
U009457,2026-01-01,gym,0.3929
U009458,2026-01-01,software,0.4673
U009459,2026-01-01,gym,0.703
U009460,2026-01-01,streaming,0.5071
U009461,2026-01-01,cloud,0.3946
U009462,2026-01-01,none,0.9548
U009463,2026-01-01,insurance,0.5717
U009464,2026-01-01,streaming,0.2817
U009465,2026-01-01,streaming,0.4515
U009466,2026-01-01,software,0.3743
U009467,2026-01-01,insurance,0.8597
U009468,2026-01-01,cloud,0.5515
U009469,2026-01-01,mobile,0.7719
U009470,2026-01-01,none,0.998
U009471,2026-01-01,none,0.9721
U009472,2026-01-01,none,0.9883
U009473,2026-01-01,none,0.9991
U009474,2026-01-01,cloud,0.7404
U009475,2026-01-01,none,0.9917
U009476,2026-01-01,mobile,0.7044
U009477,2026-01-01,none,0.9589
U009478,2026-01-01,cloud,0.8267
U009479,2026-01-01,none,0.814
U009480,2026-01-01,mobile,0.5857
U009481,2026-01-01,music,0.5394
U009482,2026-01-01,software,0.6158
U009483,2026-01-01,gym,0.6487
U009484,2026-01-01,cloud,0.5022
U009485,2026-01-01,none,0.5572
U009486,2026-01-01,none,0.4564
U009487,2026-01-01,mobile,0.509
U009488,2026-01-01,music,0.5344
U009489,2026-01-01,gym,0.6214
U009490,2026-01-01,mobile,0.3135
U009491,2026-01-01,insurance,0.6726
U009492,2026-01-01,none,0.9519
U009493,2026-01-01,streaming,0.5518
U009494,2026-01-01,none,0.8758
U009495,2026-01-01,insurance,0.6859
U009496,2026-01-01,mobile,0.5504
U009497,2026-01-01,none,0.9501
U009498,2026-01-01,mobile,0.8547
U009499,2026-01-01,none,0.9999
U009500,2026-01-01,cloud,0.6167
U009501,2026-01-01,music,0.4296
U009502,2026-01-01,streaming,0.7339
U009503,2026-01-01,insurance,0.8259
U009504,2026-01-01,none,0.489
U009505,2026-01-01,cloud,0.5125
U009506,2026-01-01,none,0.3929
U009507,2026-01-01,none,0.9998
U009508,2026-01-01,gym,0.725
U009509,2026-01-01,cloud,0.3849
U009510,2026-01-01,cloud,0.4418
U009511,2026-01-01,software,0.4529
U009512,2026-01-01,none,0.6794
U009513,2026-01-01,mobile,0.3373
U009514,2026-01-01,music,0.5076
U009515,2026-01-01,none,0.6503
U009516,2026-01-01,none,0.9957
U009517,2026-01-01,mobile,0.8465
U009518,2026-01-01,insurance,0.4946
U009519,2026-01-01,streaming,0.4468
U009520,2026-01-01,streaming,0.439
U009521,2026-01-01,none,0.657
U009522,2026-01-01,music,0.5825
U009523,2026-01-01,cloud,0.7207
U009524,2026-01-01,cloud,0.3754
U009525,2026-01-01,mobile,0.6611
U009526,2026-01-01,mobile,0.5859
U009527,2026-01-01,none,0.5901
U009528,2026-01-01,mobile,0.5121
U009529,2026-01-01,streaming,0.5939
U009530,2026-01-01,music,0.4339
U009531,2026-01-01,none,0.3462
U009532,2026-01-01,insurance,0.3155
U009533,2026-01-01,cloud,0.8075
U009534,2026-01-01,none,0.7024
U009535,2026-01-01,software,0.3772
U009536,2026-01-01,software,0.4999
U009537,2026-01-01,none,0.542
U009538,2026-01-01,insurance,0.6614
U009539,2026-01-01,streaming,0.6133
U009540,2026-01-01,mobile,0.8976
U009541,2026-01-01,insurance,0.4862
U009542,2026-01-01,none,0.9998
U009543,2026-01-01,none,0.9999
U009544,2026-01-01,software,0.5253
U009545,2026-01-01,software,0.306
U009546,2026-01-01,cloud,0.6761
U009547,2026-01-01,none,0.9989
U009548,2026-01-01,software,0.8636
U009549,2026-01-01,none,0.4707
U009550,2026-01-01,streaming,0.9218
U009551,2026-01-01,none,0.6125
U009552,2026-01-01,streaming,0.6128
U009553,2026-01-01,streaming,0.6635
U009554,2026-01-01,mobile,0.4777
U009555,2026-01-01,mobile,0.5573
U009556,2026-01-01,insurance,0.4742
U009557,2026-01-01,none,0.888
U009558,2026-01-01,cloud,0.4436
U009559,2026-01-01,cloud,0.6144
U009560,2026-01-01,none,0.9919
U009561,2026-01-01,streaming,0.6752
U009562,2026-01-01,streaming,0.5399
U009563,2026-01-01,insurance,0.8272
U009564,2026-01-01,mobile,0.8713
U009565,2026-01-01,none,0.9988
U009566,2026-01-01,none,0.5578
U009567,2026-01-01,streaming,0.5136
U009568,2026-01-01,software,0.8523
U009569,2026-01-01,streaming,0.3095
U009570,2026-01-01,insurance,0.5181
U009571,2026-01-01,none,0.9976
U009572,2026-01-01,insurance,0.8707
U009573,2026-01-01,gym,0.6746
U009574,2026-01-01,mobile,0.6428
U009575,2026-01-01,none,0.8959
U009576,2026-01-01,none,0.6573
U009577,2026-01-01,none,0.9516
U009578,2026-01-01,none,0.8985
U009579,2026-01-01,none,0.9898
U009580,2026-01-01,software,0.7505
U009581,2026-01-01,none,0.4626
U009582,2026-01-01,mobile,0.4498
U009583,2026-01-01,none,0.9955
U009584,2026-01-01,mobile,0.4867
U009585,2026-01-01,gym,0.847
U009586,2026-01-01,mobile,0.7539
U009587,2026-01-01,cloud,0.4373
U009588,2026-01-01,streaming,0.4388
U009589,2026-01-01,music,0.5492
U009590,2026-01-01,none,0.9957
U009591,2026-01-01,streaming,0.6457
U009592,2026-01-01,none,0.8817
U009593,2026-01-01,music,0.8416
U009594,2026-01-01,mobile,0.6231
U009595,2026-01-01,none,0.7039
U009596,2026-01-01,cloud,0.5153
U009597,2026-01-01,software,0.3619
U009598,2026-01-01,cloud,0.5404
U009599,2026-01-01,gym,0.4587
U009600,2026-01-01,software,0.485
U009601,2026-01-01,none,0.8465
U009602,2026-01-01,insurance,0.7476
U009603,2026-01-01,cloud,0.7048
U009604,2026-01-01,streaming,0.6609
U009605,2026-01-01,insurance,0.5106
U009606,2026-01-01,none,0.4888
U009607,2026-01-01,none,0.3254
U009608,2026-01-01,music,0.4979
U009609,2026-01-01,none,0.6568
U009610,2026-01-01,streaming,0.3548
U009611,2026-01-01,none,0.9997
U009612,2026-01-01,insurance,0.8613
U009613,2026-01-01,none,0.9998
U009614,2026-01-01,software,0.6284
U009615,2026-01-01,mobile,0.4744
U009616,2026-01-01,none,0.9774
U009617,2026-01-01,insurance,0.6772
U009618,2026-01-01,insurance,0.7856
U009619,2026-01-01,streaming,0.4238
U009620,2026-01-01,streaming,0.4898
U009621,2026-01-01,streaming,0.7168
U009622,2026-01-01,cloud,0.7931
U009623,2026-01-01,insurance,0.7383
U009624,2026-01-01,mobile,0.5097
U009625,2026-01-01,none,0.822
U009626,2026-01-01,music,0.3292
U009627,2026-01-01,gym,0.4466
U009628,2026-01-01,cloud,0.7739
U009629,2026-01-01,music,0.5775
U009630,2026-01-01,streaming,0.3196
U009631,2026-01-01,cloud,0.3923
U009632,2026-01-01,streaming,0.7296
U009633,2026-01-01,mobile,0.445
U009634,2026-01-01,software,0.6145
U009635,2026-01-01,none,0.9902
U009636,2026-01-01,mobile,0.8729
U009637,2026-01-01,none,0.986
U009638,2026-01-01,none,0.9863
U009639,2026-01-01,none,0.5816
U009640,2026-01-01,insurance,0.5244
U009641,2026-01-01,insurance,0.5887
U009642,2026-01-01,none,0.8978
U009643,2026-01-01,streaming,0.8312
U009644,2026-01-01,none,0.5232
U009645,2026-01-01,none,0.7105
U009646,2026-01-01,none,0.538
U009647,2026-01-01,none,0.8331
U009648,2026-01-01,mobile,0.3096
U009649,2026-01-01,gym,0.5486
U009650,2026-01-01,mobile,0.7728
U009651,2026-01-01,none,0.992
U009652,2026-01-01,streaming,0.5243
U009653,2026-01-01,cloud,0.8478
U009654,2026-01-01,software,0.7094
U009655,2026-01-01,gym,0.5132
U009656,2026-01-01,insurance,0.8725
U009657,2026-01-01,software,0.5961
U009658,2026-01-01,music,0.4641
U009659,2026-01-01,none,0.4596
U009660,2026-01-01,cloud,0.5193
U009661,2026-01-01,insurance,0.489
U009662,2026-01-01,none,0.9554
U009663,2026-01-01,cloud,0.6361
U009664,2026-01-01,insurance,0.7326
U009665,2026-01-01,music,0.8453
U009666,2026-01-01,music,0.5371
U009667,2026-01-01,mobile,0.7423
U009668,2026-01-01,music,0.5197
U009669,2026-01-01,music,0.7925
U009670,2026-01-01,none,0.9878
U009671,2026-01-01,none,0.9825
U009672,2026-01-01,none,0.9444
U009673,2026-01-01,insurance,0.6067
U009674,2026-01-01,none,0.8311
U009675,2026-01-01,none,0.9318
U009676,2026-01-01,cloud,0.7782
U009677,2026-01-01,software,0.6092
U009678,2026-01-01,none,0.7735
U009679,2026-01-01,none,0.8936
U009680,2026-01-01,software,0.5608
U009681,2026-01-01,gym,0.6119
U009682,2026-01-01,gym,0.5499
U009683,2026-01-01,music,0.7746
U009684,2026-01-01,none,0.9997
U009685,2026-01-01,streaming,0.5417
U009686,2026-01-01,mobile,0.4972
U009687,2026-01-01,cloud,0.8561
U009688,2026-01-01,none,0.5304
U009689,2026-01-01,streaming,0.7348
U009690,2026-01-01,cloud,0.7266
U009691,2026-01-01,none,0.9254
U009692,2026-01-01,none,0.922
U009693,2026-01-01,cloud,0.7664
U009694,2026-01-01,none,0.8176
U009695,2026-01-01,none,0.4767
U009696,2026-01-01,none,0.8601
U009697,2026-01-01,music,0.6935
U009698,2026-01-01,software,0.4419
U009699,2026-01-01,cloud,0.8767
U009700,2026-01-01,music,0.5299
U009701,2026-01-01,cloud,0.848
U009702,2026-01-01,streaming,0.5234
U009703,2026-01-01,cloud,0.478
U009704,2026-01-01,cloud,0.3628
U009705,2026-01-01,none,1.0
U009706,2026-01-01,streaming,0.6424
U009707,2026-01-01,streaming,0.7969
U009708,2026-01-01,music,0.622
U009709,2026-01-01,none,0.9998
U009710,2026-01-01,cloud,0.4498
U009711,2026-01-01,insurance,0.5699
U009712,2026-01-01,none,0.9949
U009713,2026-01-01,none,0.991
U009714,2026-01-01,gym,0.8162
U009715,2026-01-01,none,0.9955
U009716,2026-01-01,software,0.8977
U009717,2026-01-01,streaming,0.5636
U009718,2026-01-01,none,0.9961
U009719,2026-01-01,software,0.4997
U009720,2026-01-01,music,0.6396
U009721,2026-01-01,cloud,0.5734
U009722,2026-01-01,none,0.823
U009723,2026-01-01,mobile,0.5048
U009724,2026-01-01,none,0.4513
U009725,2026-01-01,music,0.7134
U009726,2026-01-01,cloud,0.7486
U009727,2026-01-01,software,0.3721
U009728,2026-01-01,none,0.9999
U009729,2026-01-01,streaming,0.3496
U009730,2026-01-01,insurance,0.4704
U009731,2026-01-01,streaming,0.6935
U009732,2026-01-01,software,0.4805
U009733,2026-01-01,none,0.9906
U009734,2026-01-01,mobile,0.4482
U009735,2026-01-01,none,0.9347
U009736,2026-01-01,software,0.4649
U009737,2026-01-01,software,0.533
U009738,2026-01-01,streaming,0.5557
U009739,2026-01-01,mobile,0.4615
U009740,2026-01-01,none,0.8408
U009741,2026-01-01,none,0.9996
U009742,2026-01-01,streaming,0.497
U009743,2026-01-01,none,0.455
U009744,2026-01-01,cloud,0.4902
U009745,2026-01-01,none,0.8349
U009746,2026-01-01,music,0.3387
U009747,2026-01-01,software,0.5682
U009748,2026-01-01,mobile,0.3597
U009749,2026-01-01,software,0.4154
U009750,2026-01-01,music,0.4799
U009751,2026-01-01,none,0.3723
U009752,2026-01-01,software,0.4356
U009753,2026-01-01,gym,0.3831
U009754,2026-01-01,none,0.4898
U009755,2026-01-01,insurance,0.5582
U009756,2026-01-01,insurance,0.8339
U009757,2026-01-01,gym,0.8591
U009758,2026-01-01,none,0.9623
U009759,2026-01-01,cloud,0.5795
U009760,2026-01-01,none,0.9955
U009761,2026-01-01,music,0.5819
U009762,2026-01-01,none,0.9886
U009763,2026-01-01,none,0.9754
U009764,2026-01-01,none,0.997
U009765,2026-01-01,mobile,0.4613
U009766,2026-01-01,mobile,0.6695
U009767,2026-01-01,streaming,0.8081
U009768,2026-01-01,cloud,0.3948
U009769,2026-01-01,none,0.5302
U009770,2026-01-01,none,0.4251
U009771,2026-01-01,insurance,0.4846
U009772,2026-01-01,mobile,0.8466
U009773,2026-01-01,software,0.6498
U009774,2026-01-01,none,0.6228
U009775,2026-01-01,streaming,0.643
U009776,2026-01-01,streaming,0.547
U009777,2026-01-01,streaming,0.7743
U009778,2026-01-01,none,0.5951
U009779,2026-01-01,none,1.0
U009780,2026-01-01,music,0.5312
U009781,2026-01-01,cloud,0.8483
U009782,2026-01-01,streaming,0.6908
U009783,2026-01-01,software,0.8338
U009784,2026-01-01,gym,0.4385
U009785,2026-01-01,cloud,0.4973
U009786,2026-01-01,none,0.9933
U009787,2026-01-01,none,0.9998
U009788,2026-01-01,software,0.8958
U009789,2026-01-01,none,0.9964
U009790,2026-01-01,none,0.9583
U009791,2026-01-01,cloud,0.8793
U009792,2026-01-01,none,0.9998
U009793,2026-01-01,none,0.9907
U009794,2026-01-01,none,0.8907
U009795,2026-01-01,mobile,0.6409
U009796,2026-01-01,gym,0.8477
U009797,2026-01-01,none,0.5672
U009798,2026-01-01,software,0.3182
U009799,2026-01-01,none,0.935
U009800,2026-01-01,software,0.5088
U009801,2026-01-01,mobile,0.445
U009802,2026-01-01,none,0.6404
U009803,2026-01-01,none,0.9549
U009804,2026-01-01,mobile,0.4443
U009805,2026-01-01,insurance,0.5549
U009806,2026-01-01,gym,0.6987
U009807,2026-01-01,mobile,0.5922
U009808,2026-01-01,music,0.3651
U009809,2026-01-01,none,0.9999
U009810,2026-01-01,mobile,0.4326
U009811,2026-01-01,mobile,0.5506
U009812,2026-01-01,cloud,0.699
U009813,2026-01-01,gym,0.4775
U009814,2026-01-01,none,0.997
U009815,2026-01-01,insurance,0.2786
U009816,2026-01-01,streaming,0.9109
U009817,2026-01-01,none,0.5565
U009818,2026-01-01,none,0.9953
U009819,2026-01-01,streaming,0.4869
U009820,2026-01-01,gym,0.9027
U009821,2026-01-01,music,0.4904
U009822,2026-01-01,none,0.9913
U009823,2026-01-01,software,0.7474
U009824,2026-01-01,mobile,0.5753
U009825,2026-01-01,mobile,0.5674
U009826,2026-01-01,software,0.5196
U009827,2026-01-01,software,0.5479
U009828,2026-01-01,gym,0.5229
U009829,2026-01-01,software,0.3609
U009830,2026-01-01,none,0.564
U009831,2026-01-01,none,0.9985
U009832,2026-01-01,none,0.499
U009833,2026-01-01,gym,0.5477
U009834,2026-01-01,none,0.767
U009835,2026-01-01,mobile,0.3168
U009836,2026-01-01,none,0.5426
U009837,2026-01-01,none,0.9964
U009838,2026-01-01,software,0.6022
U009839,2026-01-01,none,0.9995
U009840,2026-01-01,cloud,0.5507
U009841,2026-01-01,cloud,0.4326
U009842,2026-01-01,mobile,0.5574
U009843,2026-01-01,none,0.9981
U009844,2026-01-01,music,0.4665
U009845,2026-01-01,streaming,0.4131
U009846,2026-01-01,none,0.99
U009847,2026-01-01,music,0.6827
U009848,2026-01-01,none,0.4724
U009849,2026-01-01,streaming,0.5746
U009850,2026-01-01,streaming,0.5721
U009851,2026-01-01,none,0.9875
U009852,2026-01-01,insurance,0.5591
U009853,2026-01-01,none,0.6186
U009854,2026-01-01,streaming,0.9429
U009855,2026-01-01,none,0.9993
U009856,2026-01-01,none,0.8706
U009857,2026-01-01,mobile,0.4853
U009858,2026-01-01,none,0.8821
U009859,2026-01-01,none,0.9746
U009860,2026-01-01,streaming,0.447
U009861,2026-01-01,none,0.4747
U009862,2026-01-01,streaming,0.5176
U009863,2026-01-01,gym,0.8165
U009864,2026-01-01,music,0.517
U009865,2026-01-01,none,0.5158
U009866,2026-01-01,software,0.3632
U009867,2026-01-01,streaming,0.6364
U009868,2026-01-01,software,0.7689
U009869,2026-01-01,gym,0.3883
U009870,2026-01-01,none,0.6574
U009871,2026-01-01,none,0.9971
U009872,2026-01-01,none,0.4934
U009873,2026-01-01,cloud,0.8035
U009874,2026-01-01,gym,0.4746
U009875,2026-01-01,music,0.6989
U009876,2026-01-01,music,0.4698
U009877,2026-01-01,none,1.0
U009878,2026-01-01,gym,0.6601
U009879,2026-01-01,mobile,0.5555
U009880,2026-01-01,insurance,0.5215
U009881,2026-01-01,mobile,0.4398
U009882,2026-01-01,none,0.8008
U009883,2026-01-01,none,0.2964
U009884,2026-01-01,music,0.3418
U009885,2026-01-01,software,0.6378
U009886,2026-01-01,software,0.5555
U009887,2026-01-01,none,0.6043
U009888,2026-01-01,none,0.4986
U009889,2026-01-01,cloud,0.6835
U009890,2026-01-01,none,0.4719
U009891,2026-01-01,none,0.5338
U009892,2026-01-01,software,0.4779
U009893,2026-01-01,none,0.9733
U009894,2026-01-01,streaming,0.5392
U009895,2026-01-01,cloud,0.7427
U009896,2026-01-01,mobile,0.8975
U009897,2026-01-01,gym,0.381
U009898,2026-01-01,software,0.4776
U009899,2026-01-01,software,0.7333
U009900,2026-01-01,mobile,0.8858
U009901,2026-01-01,none,0.9978
U009902,2026-01-01,insurance,0.5136
U009903,2026-01-01,none,0.3521
U009904,2026-01-01,none,0.9991
U009905,2026-01-01,streaming,0.7246
U009906,2026-01-01,music,0.8746
U009907,2026-01-01,mobile,0.6863
U009908,2026-01-01,insurance,0.6755
U009909,2026-01-01,none,0.8097
U009910,2026-01-01,none,0.7666
U009911,2026-01-01,software,0.3913
U009912,2026-01-01,insurance,0.611
U009913,2026-01-01,streaming,0.703
U009914,2026-01-01,cloud,0.3536
U009915,2026-01-01,none,0.9316
U009916,2026-01-01,mobile,0.486
U009917,2026-01-01,none,0.3293
U009918,2026-01-01,none,0.9372
U009919,2026-01-01,streaming,0.4467
U009920,2026-01-01,insurance,0.4502
U009921,2026-01-01,none,0.9982
U009922,2026-01-01,cloud,0.4948
U009923,2026-01-01,mobile,0.4671
U009924,2026-01-01,streaming,0.5705
U009925,2026-01-01,streaming,0.9119
U009926,2026-01-01,music,0.4564
U009927,2026-01-01,software,0.5093
U009928,2026-01-01,none,0.9389
U009929,2026-01-01,mobile,0.5707
U009930,2026-01-01,none,0.3555
U009931,2026-01-01,insurance,0.486
U009932,2026-01-01,insurance,0.7274
U009933,2026-01-01,none,0.5528
U009934,2026-01-01,none,0.9998
U009935,2026-01-01,mobile,0.5483
U009936,2026-01-01,music,0.4412
U009937,2026-01-01,none,0.4086
U009938,2026-01-01,none,0.9546
U009939,2026-01-01,none,0.6432
U009940,2026-01-01,cloud,0.4906
U009941,2026-01-01,none,0.9291
U009942,2026-01-01,mobile,0.4836
U009943,2026-01-01,software,0.6988
U009944,2026-01-01,software,0.6541
U009945,2026-01-01,none,0.8201
U009946,2026-01-01,insurance,0.3923
U009947,2026-01-01,none,0.6053
U009948,2026-01-01,streaming,0.622
U009949,2026-01-01,cloud,0.8311
U009950,2026-01-01,music,0.6807
U009951,2026-01-01,none,0.8176
U009952,2026-01-01,none,0.8033
U009953,2026-01-01,music,0.5106
U009954,2026-01-01,none,0.9952
U009955,2026-01-01,none,0.9999
U009956,2026-01-01,music,0.8839
U009957,2026-01-01,none,0.9934
U009958,2026-01-01,software,0.8767
U009959,2026-01-01,none,0.9999
U009960,2026-01-01,streaming,0.6289
U009961,2026-01-01,streaming,0.6772
U009962,2026-01-01,software,0.8164
U009963,2026-01-01,cloud,0.3539
U009964,2026-01-01,gym,0.4175
U009965,2026-01-01,none,0.3768
U009966,2026-01-01,none,0.984
U009967,2026-01-01,software,0.3948
U009968,2026-01-01,mobile,0.4119
U009969,2026-01-01,streaming,0.5183
U009970,2026-01-01,cloud,0.5346
U009971,2026-01-01,insurance,0.8952
U009972,2026-01-01,mobile,0.8975
U009973,2026-01-01,gym,0.6364
U009974,2026-01-01,streaming,0.9399
U009975,2026-01-01,insurance,0.619
U009976,2026-01-01,insurance,0.8125
U009977,2026-01-01,none,0.8956
U009978,2026-01-01,music,0.8472
U009979,2026-01-01,insurance,0.3758
U009980,2026-01-01,music,0.4283
U009981,2026-01-01,none,0.4909
U009982,2026-01-01,streaming,0.8855
U009983,2026-01-01,streaming,0.5714
U009984,2026-01-01,mobile,0.3546
U009985,2026-01-01,software,0.8142
U009986,2026-01-01,software,0.422
U009987,2026-01-01,insurance,0.4605
U009988,2026-01-01,software,0.6219
U009989,2026-01-01,streaming,0.6159
U009990,2026-01-01,streaming,0.5852
U009991,2026-01-01,none,0.2795
U009992,2026-01-01,none,0.9628
U009993,2026-01-01,streaming,0.8924
U009994,2026-01-01,gym,0.2724
U009995,2026-01-01,cloud,0.5534
U009996,2026-01-01,insurance,0.5282
U009997,2026-01-01,none,0.9519
U009998,2026-01-01,software,0.545
U009999,2026-01-01,gym,0.6687
